{"type":"FeatureCollection","features":[{"type":"Feature","id":"TH.MH","properties":{"code":"TH.MH","name_en":"Mae Hong Son"},"geometry":{"type":"Polygon","coordinates":[[[98.4778,19.7057],[98.4761,19.6938],[98.4794,19.6731],[98.4827,19.6642],[98.491,19.6538],[98.4994,19.6449],[98.501,19.6434],[98.5027,19.6419],[98.5126,19.6331],[98.5209,19.6271],[98.545,19.6123],[98.5475,19.6108],[98.55,19.6079],[98.5516,19.6049],[98.5533,19.5797],[98.555,19.5723],[98.5599,19.559],[98.5608,19.556],[98.5633,19.553],[98.5707,19.5471],[98.5732,19.5442],[98.5749,19.5412],[98.5757,19.5382],[98.5765,19.5175],[98.5774,19.5145],[98.579,19.5116],[98.5815,19.5086],[98.5882,19.5056],[98.5931,19.5027],[98.6006,19.4953],[98.6039,19.4893],[98.6073,19.4819],[98.6081,19.479],[98.6081,19.473],[98.6073,19.4671],[98.6023,19.4508],[98.6006,19.439],[98.5998,19.4197],[98.6006,19.4108],[98.6006,19.4049],[98.599,19.4004],[98.5948,19.3945],[98.5931,19.3886],[98.5923,19.3841],[98.5948,19.3738],[98.5973,19.3678],[98.5998,19.3649],[98.6023,19.3619],[98.6039,19.3589],[98.6056,19.3545],[98.6056,19.3486],[98.6056,19.3397],[98.6073,19.3293],[98.6097,19.3219],[98.6106,19.3145],[98.6106,19.2952],[98.6114,19.2863],[98.6097,19.276],[98.5981,19.2315],[98.5898,19.2123],[98.589,19.2078],[98.589,19.2034],[98.5915,19.1989],[98.594,19.1945],[98.5965,19.1915],[98.6172,19.1752],[98.6247,19.1678],[98.6496,19.1278],[98.6504,19.1248],[98.6554,19.1011],[98.6512,19.0834],[98.6446,19.0671],[98.6405,19.0597],[98.6363,19.0552],[98.6222,19.0463],[98.6164,19.0434],[98.6131,19.0419],[98.6048,19.0404],[98.5873,19.0389],[98.5832,19.0389],[98.5732,19.0345],[98.5608,19.0285],[98.5575,19.0271],[98.5533,19.0256],[98.5458,19.0241],[98.5417,19.0241],[98.5334,19.0256],[98.5043,19.0345],[98.4919,19.0374],[98.4869,19.0374],[98.4836,19.0374],[98.4803,19.0359],[98.4778,19.0345],[98.4753,19.0315],[98.4653,19.0108],[98.4612,19.0078],[98.4578,19.0078],[98.4545,19.0093],[98.4446,19.0167],[98.4346,19.0226],[98.4197,19.0271],[98.4039,19.03],[98.3865,19.0315],[98.3549,19.03],[98.3466,19.0315],[98.3433,19.0315],[98.3367,19.0345],[98.3342,19.0359],[98.3284,19.0419],[98.3267,19.0434],[98.3217,19.0522],[98.3184,19.0582],[98.3068,19.07],[98.3035,19.076],[98.2993,19.0819],[98.2943,19.0863],[98.2802,19.0952],[98.2777,19.0982],[98.2752,19.0997],[98.2727,19.1026],[98.2636,19.1248],[98.2611,19.1278],[98.247,19.1411],[98.242,19.1456],[98.2387,19.1471],[98.2354,19.1486],[98.2271,19.15],[98.2229,19.1515],[98.2205,19.153],[98.218,19.156],[98.2138,19.1604],[98.2113,19.1634],[98.208,19.1634],[98.2039,19.1649],[98.1906,19.1649],[98.1864,19.1634],[98.1831,19.1619],[98.1798,19.1604],[98.1731,19.1545],[98.1698,19.1515],[98.1657,19.1515],[98.1624,19.1515],[98.1582,19.15],[98.1557,19.1456],[98.1532,19.1248],[98.1499,19.113],[98.1474,19.11],[98.1449,19.1056],[98.1399,19.1011],[98.1275,19.0937],[98.1217,19.0893],[98.12,19.0863],[98.1184,19.0834],[98.1184,19.0789],[98.1325,19.0508],[98.1325,19.0463],[98.1316,19.0419],[98.1101,19.0019],[98.1092,19.0004],[98.1084,18.9974],[98.1084,18.9915],[98.1101,18.9856],[98.1192,18.9604],[98.1225,18.95],[98.1233,18.9456],[98.1233,18.9382],[98.1209,18.9204],[98.1126,18.8907],[98.0835,18.83],[98.0835,18.8241],[98.0852,18.8137],[98.0959,18.7826],[98.0984,18.7767],[98.1009,18.7752],[98.1051,18.7737],[98.1126,18.7752],[98.1159,18.7752],[98.1192,18.7737],[98.1209,18.7692],[98.1209,18.7648],[98.1192,18.7559],[98.1159,18.747],[98.1134,18.7441],[98.1101,18.7337],[98.1084,18.7263],[98.1084,18.7174],[98.1084,18.7055],[98.1084,18.7011],[98.1084,18.6863],[98.1101,18.67],[98.1101,18.6611],[98.1092,18.6566],[98.1076,18.6537],[98.1034,18.6478],[98.1009,18.6448],[98.1001,18.6418],[98.1001,18.6374],[98.1018,18.6315],[98.1059,18.6226],[98.1142,18.6122],[98.1159,18.6063],[98.1175,18.5989],[98.1184,18.5648],[98.1159,18.5574],[98.1142,18.55],[98.1134,18.5455],[98.1159,18.5396],[98.13,18.5174],[98.1582,18.4848],[98.1607,18.4833],[98.1673,18.4803],[98.1715,18.4788],[98.1748,18.4774],[98.1823,18.4759],[98.1856,18.4744],[98.1964,18.467],[98.2022,18.4625],[98.208,18.4596],[98.2097,18.4551],[98.2097,18.4522],[98.2063,18.4448],[98.203,18.4418],[98.1997,18.4388],[98.1956,18.4374],[98.1922,18.4374],[98.1881,18.4374],[98.1839,18.4388],[98.1781,18.4418],[98.1748,18.4418],[98.1723,18.4403],[98.1698,18.4388],[98.1682,18.4359],[98.1648,18.4285],[98.1624,18.4166],[98.1599,18.4107],[98.1532,18.3988],[98.1491,18.3929],[98.1076,18.3603],[98.1051,18.3573],[98.1034,18.3544],[98.1009,18.3514],[98.1001,18.3485],[98.1001,18.3455],[98.1001,18.341],[98.1009,18.3351],[98.1018,18.3292],[98.1042,18.3248],[98.1092,18.3203],[98.1167,18.3159],[98.1184,18.3129],[98.1192,18.3085],[98.1175,18.3025],[98.1109,18.2922],[98.1051,18.2788],[98.0918,18.2373],[98.0918,18.2329],[98.0943,18.2284],[98.1034,18.2196],[98.1059,18.2136],[98.1084,18.2077],[98.1101,18.1944],[98.1092,18.1707],[98.1092,18.1677],[98.1051,18.1529],[98.1059,18.147],[98.1092,18.1381],[98.1225,18.1188],[98.125,18.1129],[98.1267,18.1069],[98.1275,18.0966],[98.1267,18.0906],[98.125,18.0862],[98.1217,18.0847],[98.1117,18.0803],[98.1059,18.0773],[98.1034,18.0744],[98.0993,18.0699],[98.0959,18.064],[98.0943,18.061],[98.0893,18.0373],[98.0885,18.0343],[98.0852,18.0284],[98.0835,18.0255],[98.0835,18.0195],[98.0835,18.0151],[98.0868,17.9973],[98.0943,17.9795],[98.0976,17.9736],[98.1026,17.9677],[98.1225,17.9499],[98.1532,17.9321],[98.1565,17.9306],[98.1814,17.8995],[98.1864,17.8951],[98.2072,17.8684],[98.2146,17.8625],[98.2196,17.8595],[98.2238,17.858],[98.2271,17.8565],[98.2312,17.8521],[98.2362,17.8462],[98.2404,17.8402],[98.2429,17.8328],[98.2437,17.8254],[98.2412,17.821],[98.2395,17.818],[98.2362,17.8165],[98.2279,17.8106],[98.2263,17.8077],[98.2246,17.8032],[98.2246,17.7988],[98.2254,17.7899],[98.2229,17.7869],[98.2196,17.7854],[98.2163,17.7839],[98.213,17.781],[98.2122,17.778],[98.213,17.7736],[98.2163,17.7647],[98.2271,17.7513],[98.2329,17.738],[98.2337,17.7291],[98.2462,17.7188],[98.3026,17.6965],[98.2487,17.6847],[98.2437,17.6832],[98.2371,17.6802],[98.2263,17.6728],[98.2171,17.6654],[98.2072,17.6521],[98.2022,17.6462],[98.198,17.6447],[98.1931,17.6447],[98.1648,17.6462],[98.1283,17.6462],[98.1192,17.6432],[98.1051,17.6387],[97.9963,17.5884],[97.9814,17.578],[97.9797,17.575],[97.9673,17.5706],[97.9241,17.5691],[97.9084,17.5543],[97.7689,17.6787],[97.759,17.6921],[97.7531,17.7054],[97.7515,17.7188],[97.7515,17.7291],[97.7498,17.7395],[97.7407,17.7499],[97.7166,17.7691],[97.7108,17.781],[97.7067,17.7943],[97.6967,17.8062],[97.6842,17.8165],[97.6759,17.8299],[97.6992,17.8328],[97.6859,17.8803],[97.6917,17.8951],[97.7199,17.9425],[97.7473,17.9603],[97.7507,17.9632],[97.754,17.9692],[97.7515,17.981],[97.7473,17.9929],[97.744,17.9973],[97.7399,18.0032],[97.7249,18.0373],[97.7224,18.0492],[97.7199,18.0536],[97.7067,18.0595],[97.7025,18.0625],[97.6975,18.061],[97.6942,18.061],[97.6925,18.0699],[97.6934,18.0758],[97.6984,18.0847],[97.6992,18.0906],[97.6967,18.101],[97.6876,18.1203],[97.6851,18.1321],[97.6851,18.1395],[97.6842,18.1455],[97.6801,18.1529],[97.6286,18.221],[97.6178,18.2418],[97.6203,18.2507],[97.6361,18.2581],[97.6436,18.2729],[97.6436,18.2907],[97.6378,18.307],[97.6245,18.3129],[97.5739,18.3336],[97.5622,18.3307],[97.5606,18.3277],[97.5423,18.2803],[97.5373,18.2729],[97.5282,18.2655],[97.5083,18.2759],[97.4867,18.2922],[97.4668,18.3114],[97.4527,18.3336],[97.4469,18.3588],[97.4469,18.3811],[97.4427,18.4033],[97.4178,18.4418],[97.3946,18.4877],[97.3904,18.5026],[97.3788,18.5203],[97.3572,18.5396],[97.3514,18.5514],[97.373,18.5485],[97.3805,18.5485],[97.3888,18.5426],[97.4095,18.5114],[97.412,18.5026],[97.417,18.4966],[97.4278,18.4892],[97.4377,18.4877],[97.4626,18.4922],[97.5099,18.4907],[97.5481,18.5085],[97.6178,18.5529],[97.6378,18.5589],[97.6901,18.5574],[97.7382,18.5707],[97.7432,18.5692],[97.7457,18.5707],[97.7515,18.5826],[97.7598,18.6226],[97.7523,18.6641],[97.7415,18.7026],[97.7365,18.7411],[97.7357,18.7633],[97.7324,18.7811],[97.7208,18.8181],[97.7191,18.8256],[97.7233,18.8522],[97.7191,18.8641],[97.7083,18.8759],[97.6842,18.8922],[97.6618,18.9145],[97.6577,18.9263],[97.6685,18.9352],[97.6892,18.95],[97.7033,18.9648],[97.7108,18.9796],[97.7166,19.0182],[97.7274,19.0374],[97.7897,19.0819],[97.8038,19.0982],[97.8104,19.1115],[97.8154,19.19],[97.8129,19.2078],[97.8054,19.2271],[97.7963,19.236],[97.7697,19.2567],[97.7639,19.2671],[97.7681,19.2775],[97.7772,19.2789],[97.7888,19.2775],[97.798,19.2819],[97.8063,19.3012],[97.7971,19.3189],[97.783,19.3367],[97.7764,19.3604],[97.7756,19.3708],[97.7681,19.3901],[97.7673,19.3975],[97.8005,19.4404],[97.8337,19.4686],[97.842,19.479],[97.8486,19.4938],[97.8478,19.4997],[97.8444,19.5042],[97.8411,19.5175],[97.8386,19.5367],[97.8395,19.556],[97.8486,19.5679],[97.8693,19.5708],[97.8859,19.5723],[97.9482,19.6019],[97.9565,19.6094],[97.9706,19.6256],[97.9797,19.6331],[97.9905,19.636],[98.0005,19.636],[98.008,19.639],[98.0138,19.6523],[98.0138,19.6701],[98.0055,19.7057],[98.0046,19.7234],[98.0179,19.7901],[98.0246,19.8034],[98.0453,19.8079],[98.0603,19.7946],[98.0727,19.7768],[98.086,19.7738],[98.1117,19.7768],[98.1325,19.7664],[98.1723,19.7308],[98.2055,19.722],[98.213,19.7175],[98.218,19.7086],[98.2163,19.6879],[98.2188,19.6775],[98.2379,19.6642],[98.2628,19.6701],[98.3076,19.6894],[98.3475,19.6908],[98.3948,19.6864],[98.4396,19.6879],[98.4744,19.7057],[98.4778,19.7057]]]}},{"type":"Feature","id":"TH.CP","properties":{"code":"TH.CP","name_en":"Chumphon"},"geometry":{"type":"Polygon","coordinates":[[[99.5037,10.9965],[99.4987,10.9846],[99.4937,10.9668],[99.4962,10.9446],[99.5112,10.9031],[99.5153,10.8809],[99.5112,10.8661],[99.5029,10.8676],[99.4962,10.8735],[99.4937,10.8779],[99.4755,10.8794],[99.4614,10.8779],[99.4514,10.875],[99.4431,10.8705],[99.4398,10.8616],[99.4398,10.8201],[99.4348,10.8024],[99.375,10.712],[99.3717,10.7031],[99.3734,10.6927],[99.3767,10.6853],[99.3742,10.6809],[99.3609,10.6809],[99.3435,10.6749],[99.3269,10.6631],[99.3128,10.6468],[99.3028,10.6305],[99.2962,10.6112],[99.2879,10.5623],[99.2779,10.546],[99.2671,10.5416],[99.2547,10.5401],[99.2447,10.5357],[99.2406,10.5223],[99.2431,10.5149],[99.2489,10.5105],[99.258,10.5075],[99.268,10.5075],[99.2613,10.4942],[99.2514,10.4838],[99.2439,10.472],[99.2406,10.4571],[99.2464,10.4438],[99.2779,10.4231],[99.2887,10.4127],[99.2904,10.3994],[99.2896,10.3816],[99.2854,10.3638],[99.2779,10.3579],[99.2638,10.3579],[99.2563,10.3564],[99.2339,10.343],[99.2306,10.3564],[99.2231,10.3653],[99.2132,10.3727],[99.1999,10.3786],[99.185,10.3712],[99.1717,10.3697],[99.1609,10.3682],[99.1518,10.3579],[99.1518,10.346],[99.1584,10.303],[99.1692,10.2882],[99.2065,10.2542],[99.2248,10.2319],[99.2364,10.229],[99.2547,10.2349],[99.2414,10.2141],[99.2016,10.2112],[99.1924,10.1964],[99.1866,10.1727],[99.1601,10.1282],[99.1518,10.103],[99.1534,10.0764],[99.1634,10.0571],[99.1742,10.0423],[99.1792,10.026],[99.1758,10.0141],[99.1617,10.0037],[99.1584,9.9904],[99.165,9.946],[99.165,9.8674],[99.1667,9.8645],[99.17,9.8615],[99.1725,9.8571],[99.1725,9.8497],[99.1684,9.8452],[99.1559,9.8348],[99.1518,9.8289],[99.1484,9.8185],[99.146,9.8097],[99.1451,9.7919],[99.1443,9.7919],[99.1285,9.7904],[99.1136,9.7874],[99.1053,9.7874],[99.102,9.7874],[99.0978,9.7845],[99.0862,9.7741],[99.0654,9.7622],[99.0546,9.7578],[99.0463,9.7504],[99.043,9.7459],[99.0389,9.74],[99.0356,9.7341],[99.0314,9.7326],[99.0248,9.7296],[99.0131,9.7296],[99.0065,9.7296],[99.0032,9.7311],[99.0007,9.7326],[98.999,9.7341],[98.9965,9.7341],[98.9617,9.7237],[98.9517,9.7222],[98.9351,9.7208],[98.931,9.7222],[98.9268,9.7222],[98.9235,9.7237],[98.9144,9.7282],[98.9111,9.7296],[98.9069,9.7296],[98.9019,9.7296],[98.8886,9.7252],[98.8704,9.7178],[98.8529,9.7074],[98.838,9.7],[98.8314,9.697],[98.8222,9.6926],[98.8189,9.6911],[98.8073,9.6837],[98.8048,9.6822],[98.8015,9.6822],[98.799,9.6837],[98.7965,9.6852],[98.794,9.6867],[98.7907,9.6867],[98.7865,9.6837],[98.7824,9.6778],[98.7766,9.6422],[98.7708,9.6304],[98.75,9.6007],[98.7276,9.6259],[98.6944,9.6452],[98.6836,9.6511],[98.6662,9.6556],[98.6629,9.6585],[98.6604,9.6615],[98.6612,9.6644],[98.6629,9.6674],[98.6637,9.6719],[98.6637,9.6763],[98.6587,9.6882],[98.6579,9.6926],[98.6579,9.6956],[98.6571,9.7],[98.6554,9.7045],[98.6496,9.7133],[98.6479,9.7178],[98.6479,9.7222],[98.6438,9.7371],[98.6371,9.7548],[98.6355,9.7637],[98.6355,9.7696],[98.6413,9.7859],[98.6429,9.7889],[98.6446,9.7919],[98.6488,9.7963],[98.6595,9.8037],[98.6637,9.8082],[98.6662,9.8111],[98.6778,9.823],[98.6803,9.8245],[98.6836,9.826],[98.6869,9.8274],[98.6911,9.8274],[98.6944,9.8289],[98.6969,9.8304],[98.7002,9.8334],[98.7069,9.8437],[98.7094,9.8467],[98.721,9.8571],[98.7235,9.863],[98.726,9.8704],[98.7293,9.8852],[98.7309,9.8926],[98.7334,9.8986],[98.7376,9.903],[98.7401,9.906],[98.7434,9.9074],[98.7459,9.9089],[98.7533,9.9149],[98.7575,9.9193],[98.7666,9.9341],[98.7708,9.9386],[98.7733,9.94],[98.7824,9.946],[98.7857,9.946],[98.789,9.9474],[98.7915,9.946],[98.7948,9.9445],[98.7982,9.9445],[98.8056,9.9445],[98.8131,9.9415],[98.8173,9.9445],[98.8231,9.9474],[98.8388,9.9726],[98.8463,9.983],[98.8505,9.9875],[98.8521,9.9904],[98.8546,9.9934],[98.8654,10.0008],[98.8662,10.0008],[98.8712,10.0037],[98.8878,10.0052],[98.8911,10.0067],[98.9036,10.0171],[98.9094,10.026],[98.9119,10.0334],[98.9135,10.0423],[98.9144,10.0482],[98.9177,10.0526],[98.9268,10.0645],[98.9301,10.0689],[98.9376,10.1089],[98.9384,10.1193],[98.9384,10.1252],[98.9102,10.1653],[98.9069,10.1712],[98.9011,10.1801],[98.8961,10.1875],[98.8945,10.1919],[98.8936,10.1978],[98.8936,10.2082],[98.8994,10.2275],[98.9019,10.2334],[98.9044,10.2379],[98.9069,10.2408],[98.9127,10.2482],[98.9169,10.2556],[98.9177,10.2616],[98.9169,10.266],[98.9144,10.2749],[98.9135,10.2867],[98.9144,10.2912],[98.9169,10.2956],[98.921,10.2956],[98.9243,10.2971],[98.9268,10.3016],[98.9335,10.3149],[98.9443,10.3297],[98.9509,10.3416],[98.9526,10.3475],[98.9526,10.3534],[98.9517,10.3564],[98.9501,10.3593],[98.9467,10.3668],[98.9459,10.3756],[98.9459,10.3801],[98.9434,10.3831],[98.9418,10.386],[98.9401,10.389],[98.9368,10.3905],[98.926,10.3934],[98.9227,10.3949],[98.9194,10.3964],[98.9169,10.3994],[98.916,10.4038],[98.9144,10.4082],[98.9119,10.4097],[98.9069,10.4142],[98.9052,10.4171],[98.9044,10.4201],[98.9036,10.4245],[98.9036,10.4557],[98.9044,10.4631],[98.9061,10.469],[98.9077,10.472],[98.9119,10.4838],[98.9135,10.4853],[98.9152,10.4868],[98.9227,10.4927],[98.9252,10.4942],[98.931,10.5031],[98.9326,10.506],[98.9351,10.5075],[98.9459,10.5105],[98.9484,10.512],[98.9509,10.5149],[98.9575,10.5268],[98.9667,10.5371],[98.9675,10.5401],[98.9667,10.5431],[98.965,10.546],[98.96,10.552],[98.9575,10.5549],[98.955,10.5609],[98.955,10.5653],[98.9567,10.5683],[98.9592,10.5697],[98.9633,10.5742],[98.9675,10.5801],[98.9741,10.5949],[98.9758,10.6023],[98.975,10.6083],[98.9692,10.6127],[98.9667,10.6157],[98.9633,10.632],[98.9617,10.6364],[98.9575,10.6423],[98.955,10.6438],[98.9484,10.6468],[98.9459,10.6483],[98.9443,10.6512],[98.9426,10.6542],[98.9418,10.6661],[98.9401,10.669],[98.9376,10.672],[98.931,10.6735],[98.9268,10.6735],[98.9235,10.6749],[98.9218,10.6779],[98.921,10.6809],[98.9194,10.6853],[98.9177,10.6868],[98.9111,10.6853],[98.9086,10.6868],[98.9052,10.6927],[98.9052,10.6972],[98.9061,10.7016],[98.9069,10.7061],[98.9086,10.709],[98.9119,10.7149],[98.9243,10.7431],[98.9243,10.7475],[98.9218,10.7505],[98.9119,10.7535],[98.9094,10.7564],[98.9069,10.7579],[98.9052,10.7609],[98.9011,10.7698],[98.8969,10.7757],[98.8795,10.7875],[98.8837,10.7994],[98.892,10.8083],[98.9052,10.8142],[98.9144,10.8127],[98.9235,10.8083],[98.9343,10.8083],[98.97,10.8231],[98.9741,10.8246],[98.9816,10.832],[98.9858,10.8409],[98.9899,10.8601],[98.9899,10.875],[98.9816,10.8957],[98.9799,10.9076],[98.9799,10.9179],[98.9824,10.9283],[98.9866,10.9387],[98.9924,10.9476],[99.0015,10.9579],[99.0057,10.9594],[99.0107,10.9565],[99.0231,10.955],[99.0347,10.9505],[99.0455,10.9461],[99.0555,10.9446],[99.0638,10.9579],[99.0729,10.9876],[99.0771,10.9965],[99.0928,11.0128],[99.1335,11.0335],[99.141,11.0394],[99.1443,11.0305],[99.1476,11.0128],[99.1501,11.0083],[99.1543,11.0039],[99.1684,10.9965],[99.1841,10.992],[99.2265,10.9683],[99.2364,10.9653],[99.2456,10.9624],[99.2522,10.9609],[99.2655,10.9579],[99.2729,10.9579],[99.2779,10.9594],[99.2829,10.9624],[99.2854,10.9639],[99.3103,10.9653],[99.3219,10.9639],[99.3286,10.9624],[99.3352,10.9579],[99.3394,10.9565],[99.3435,10.9565],[99.3468,10.9579],[99.351,10.9594],[99.3576,10.9594],[99.4041,10.955],[99.4116,10.9565],[99.4141,10.9579],[99.4182,10.9639],[99.4232,10.9668],[99.4307,10.9698],[99.434,10.9698],[99.4406,10.9728],[99.4464,10.9757],[99.4489,10.9787],[99.4514,10.9802],[99.4531,10.9831],[99.4556,10.9861],[99.458,10.9876],[99.4605,10.9891],[99.4647,10.9905],[99.4747,10.992],[99.4788,10.9935],[99.5037,10.9965]]]}},{"type":"Feature","id":"TH.NT","properties":{"code":"TH.NT","name_en":"Nakhon Si Thammarat"},"geometry":{"type":"Polygon","coordinates":[[[100.3429,7.9383],[100.3379,7.9383],[100.3155,7.9354],[100.2898,7.9294],[100.279,7.9265],[100.2466,7.9087],[100.2308,7.9028],[100.1984,7.8939],[100.1619,7.8761],[100.1586,7.8761],[100.1553,7.8746],[100.147,7.8598],[100.1296,7.802],[100.1096,7.8079],[100.0607,7.8183],[100.0507,7.8213],[100.0449,7.8242],[100.0366,7.8361],[100.0324,7.839],[100.0208,7.8465],[100.0183,7.8494],[100.0167,7.8509],[100.0158,7.8553],[100.015,7.8583],[100.015,7.8628],[100.0142,7.8672],[100.0133,7.8702],[100.0109,7.8761],[100.0084,7.879],[100.0017,7.885],[99.9943,7.8909],[99.9752,7.8968],[99.9594,7.9042],[99.8282,7.885],[99.8216,7.885],[99.815,7.885],[99.8108,7.8835],[99.8042,7.8761],[99.7984,7.8687],[99.7967,7.8657],[99.7901,7.8642],[99.7511,7.8568],[99.7444,7.8509],[99.7361,7.8628],[99.732,7.8924],[99.732,7.9028],[99.7328,7.9102],[99.7353,7.9176],[99.7394,7.9457],[99.7477,7.9679],[99.7486,7.9724],[99.7477,7.9783],[99.7461,7.9798],[99.7386,7.9872],[99.7361,7.9887],[99.732,7.9902],[99.7278,7.9917],[99.7237,7.9917],[99.7096,7.9872],[99.7054,7.9872],[99.6946,7.9872],[99.673,7.9887],[99.6697,7.9887],[99.6514,7.9842],[99.6423,7.9828],[99.6182,7.9842],[99.6149,7.9842],[99.6116,7.9828],[99.6091,7.9813],[99.6066,7.9798],[99.605,7.9754],[99.6041,7.9724],[99.6033,7.9694],[99.6008,7.9665],[99.5992,7.9635],[99.5942,7.9546],[99.5867,7.9487],[99.5792,7.9428],[99.5767,7.9413],[99.5734,7.9398],[99.5709,7.9368],[99.5693,7.9339],[99.5668,7.9279],[99.5643,7.922],[99.5618,7.9191],[99.5568,7.9146],[99.5543,7.9131],[99.5518,7.9116],[99.5494,7.9087],[99.5469,7.9057],[99.5452,7.9028],[99.5411,7.8939],[99.5411,7.8894],[99.5402,7.882],[99.5394,7.879],[99.5369,7.8776],[99.5336,7.8761],[99.5112,7.8716],[99.5045,7.8716],[99.4996,7.8716],[99.4937,7.8746],[99.4846,7.8805],[99.4705,7.8879],[99.4639,7.8894],[99.4589,7.8894],[99.4182,7.8879],[99.4082,7.8894],[99.4008,7.8894],[99.3983,7.8924],[99.3958,7.8939],[99.3916,7.8998],[99.3867,7.9042],[99.3842,7.9057],[99.3817,7.9116],[99.3775,7.9176],[99.3767,7.9205],[99.3692,7.9294],[99.3377,7.9428],[99.3252,7.9576],[99.3261,7.9605],[99.3277,7.9635],[99.3302,7.965],[99.3335,7.9665],[99.3352,7.9694],[99.3377,7.9739],[99.3443,7.9902],[99.3452,7.9946],[99.3443,7.9976],[99.3418,8.002],[99.3327,8.0287],[99.3311,8.0302],[99.3294,8.0331],[99.3261,8.0361],[99.3211,8.0391],[99.3111,8.048],[99.307,8.0539],[99.2904,8.088],[99.2871,8.0969],[99.2871,8.1028],[99.2929,8.1072],[99.2962,8.1102],[99.297,8.1161],[99.2979,8.1265],[99.2945,8.1398],[99.292,8.1546],[99.2929,8.1576],[99.2945,8.1606],[99.2987,8.1665],[99.3003,8.1695],[99.3028,8.1798],[99.3037,8.1828],[99.3045,8.1843],[99.307,8.1872],[99.3153,8.1976],[99.3178,8.2021],[99.3194,8.2658],[99.3178,8.2821],[99.3161,8.2924],[99.3136,8.2969],[99.3045,8.3043],[99.2813,8.3206],[99.2779,8.3235],[99.2663,8.3413],[99.2456,8.368],[99.2406,8.3799],[99.2406,8.3887],[99.2414,8.3932],[99.2431,8.3976],[99.2464,8.4036],[99.2563,8.4332],[99.2588,8.4376],[99.2646,8.445],[99.2721,8.4525],[99.2763,8.4584],[99.2804,8.4643],[99.2854,8.4747],[99.2871,8.4821],[99.2879,8.4865],[99.2854,8.4954],[99.2813,8.5325],[99.2821,8.5384],[99.2846,8.5428],[99.2879,8.5428],[99.2912,8.5414],[99.2945,8.5399],[99.3003,8.5369],[99.3161,8.5236],[99.3186,8.5221],[99.3219,8.5206],[99.3252,8.5206],[99.3286,8.5206],[99.3319,8.5206],[99.3352,8.5236],[99.3468,8.5339],[99.3692,8.5473],[99.385,8.5547],[99.3991,8.5591],[99.4024,8.5591],[99.4082,8.5636],[99.4282,8.5873],[99.4298,8.5888],[99.4473,8.6006],[99.4497,8.6051],[99.4506,8.6095],[99.4497,8.614],[99.4481,8.6169],[99.4473,8.6214],[99.4473,8.6273],[99.4489,8.6362],[99.4514,8.6406],[99.4547,8.6421],[99.4597,8.6436],[99.4655,8.648],[99.4888,8.6688],[99.4913,8.6717],[99.4929,8.6762],[99.4921,8.6866],[99.4929,8.694],[99.4946,8.6984],[99.4971,8.7014],[99.5162,8.7206],[99.5203,8.7251],[99.522,8.7295],[99.5228,8.734],[99.5278,8.7532],[99.5278,8.7562],[99.5253,8.7666],[99.5236,8.774],[99.5236,8.7903],[99.5269,8.8066],[99.5269,8.811],[99.5253,8.8273],[99.5261,8.8332],[99.5278,8.8421],[99.5303,8.8466],[99.5328,8.8495],[99.5369,8.8495],[99.5411,8.8495],[99.5452,8.8495],[99.5502,8.8495],[99.5593,8.8584],[99.585,8.9103],[99.59,8.9162],[99.5933,8.9177],[99.6008,8.9207],[99.6041,8.9207],[99.6075,8.9207],[99.6099,8.9192],[99.6124,8.9162],[99.6133,8.9132],[99.6149,8.9103],[99.6174,8.9073],[99.6199,8.9058],[99.6241,8.9058],[99.6274,8.9058],[99.6307,8.9073],[99.6332,8.9088],[99.6407,8.9162],[99.644,8.9177],[99.6473,8.9177],[99.6506,8.9177],[99.6539,8.9177],[99.6581,8.9162],[99.6614,8.9177],[99.6647,8.9177],[99.673,8.9236],[99.6863,8.9281],[99.693,8.9325],[99.6963,8.9355],[99.6979,8.9399],[99.6979,8.9429],[99.6963,8.9473],[99.6954,8.9503],[99.693,8.9533],[99.6913,8.9562],[99.6905,8.9607],[99.6921,8.9636],[99.6946,8.9651],[99.6979,8.9666],[99.7021,8.9666],[99.7112,8.9681],[99.717,8.9696],[99.7262,8.9725],[99.7295,8.977],[99.732,8.9814],[99.732,8.9844],[99.732,8.9888],[99.732,8.9918],[99.7353,9.0036],[99.7411,9.014],[99.7436,9.0214],[99.7444,9.0333],[99.7452,9.0392],[99.7469,9.0525],[99.7486,9.0555],[99.7519,9.057],[99.7552,9.057],[99.7585,9.054],[99.7635,9.0496],[99.766,9.0481],[99.7701,9.0481],[99.7751,9.0496],[99.7818,9.0525],[99.7851,9.057],[99.7867,9.0599],[99.7867,9.0659],[99.7851,9.0777],[99.7859,9.0851],[99.7867,9.097],[99.7867,9.1014],[99.7867,9.1059],[99.7851,9.1088],[99.7843,9.1118],[99.7818,9.1148],[99.7793,9.1162],[99.7768,9.1177],[99.7735,9.1192],[99.7618,9.1192],[99.7585,9.1207],[99.7544,9.1222],[99.7511,9.1236],[99.7494,9.1251],[99.7477,9.1281],[99.7444,9.1399],[99.7428,9.1414],[99.7403,9.1429],[99.7336,9.1459],[99.732,9.1488],[99.7311,9.1533],[99.7386,9.1725],[99.7394,9.177],[99.7444,9.1933],[99.7511,9.2111],[99.7535,9.22],[99.7552,9.2274],[99.7502,9.2629],[99.7502,9.2733],[99.7511,9.2837],[99.7527,9.2881],[99.756,9.294],[99.7718,9.3118],[99.7818,9.3089],[99.7867,9.3133],[99.7975,9.3177],[99.8033,9.3222],[99.8158,9.3118],[99.8531,9.294],[99.8548,9.2851],[99.8531,9.2733],[99.8598,9.2585],[99.8781,9.2259],[99.8864,9.2333],[99.8864,9.1577],[99.8913,9.1385],[99.8996,9.1251],[99.9088,9.1148],[99.9162,9.1014],[99.9196,9.0866],[99.9196,9.0377],[99.922,9.0288],[99.9312,9.0125],[99.9328,9.0007],[99.9312,8.9992],[99.9262,8.9947],[99.922,8.9873],[99.9196,8.9799],[99.9196,8.9562],[99.9312,8.8792],[99.9262,8.8629],[99.9395,8.8318],[99.9594,8.6377],[99.9669,8.6051],[99.9843,8.5799],[100.0407,8.5458],[100.0499,8.531],[100.054,8.5132],[100.0756,8.4702],[100.0922,8.4465],[100.0988,8.4258],[100.1047,8.4184],[100.1121,8.4124],[100.1337,8.4036],[100.1387,8.4006],[100.1445,8.3887],[100.1578,8.3858],[100.1735,8.3887],[100.186,8.3976],[100.1769,8.4258],[100.1752,8.4658],[100.1644,8.5013],[100.1312,8.5147],[100.1503,8.5236],[100.181,8.5013],[100.2084,8.4702],[100.2209,8.448],[100.2715,8.3176],[100.303,8.1191],[100.3429,7.9383]]]}},{"type":"Feature","id":"TH.PU","properties":{"code":"TH.PU","name_en":"Phuket"},"geometry":{"type":"Polygon","coordinates":[[[98.4188,7.9042],[98.4222,7.9087],[98.428,7.9131],[98.4313,7.9176],[98.4396,7.9013],[98.4396,7.8865],[98.4321,7.8746],[98.3997,7.8642],[98.3956,7.8509],[98.3981,7.8153],[98.3624,7.8331],[98.3441,7.8331],[98.3358,7.8109],[98.3325,7.7857],[98.3234,7.7709],[98.3093,7.7679],[98.2918,7.7768],[98.2869,7.7916],[98.281,7.8553],[98.2777,7.8628],[98.2727,7.8702],[98.2694,7.879],[98.2678,7.8894],[98.2719,7.8939],[98.2802,7.8968],[98.2852,7.9042],[98.281,7.9176],[98.2761,7.9205],[98.2578,7.9265],[98.2545,7.9279],[98.2586,7.9383],[98.2678,7.9457],[98.2744,7.9531],[98.2711,7.962],[98.2661,7.9739],[98.2703,7.9842],[98.2777,7.9931],[98.281,8.0035],[98.2802,8.0139],[98.2761,8.0331],[98.2744,8.0687],[98.2752,8.0761],[98.2777,8.0835],[98.2852,8.0983],[98.2885,8.1087],[98.2902,8.1295],[98.2885,8.1517],[98.281,8.1917],[98.286,8.1917],[98.2893,8.1902],[98.296,8.1843],[98.3026,8.1887],[98.3118,8.1858],[98.3209,8.1798],[98.33,8.1709],[98.3358,8.1561],[98.3433,8.1087],[98.3499,8.1087],[98.3599,8.1191],[98.374,8.1102],[98.389,8.0954],[98.4056,8.082],[98.413,8.0939],[98.423,8.0998],[98.4321,8.0954],[98.4388,8.082],[98.4388,8.0657],[98.4321,8.0494],[98.4188,8.0272],[98.418,8.0198],[98.4197,8.0005],[98.4188,7.9931],[98.4147,7.9887],[98.408,7.9857],[98.4022,7.9813],[98.3981,7.9724],[98.3973,7.9546],[98.4014,7.9354],[98.4089,7.9176],[98.4188,7.9042]]]}},{"type":"Feature","id":"TH.PG","properties":{"code":"TH.PG","name_en":"Phangnga"},"geometry":{"type":"MultiPolygon","coordinates":[[[[98.5367,8.1146],[98.5409,8.1043],[98.54,8.1057],[98.5873,8.0791],[98.6023,8.0628],[98.6106,8.0346],[98.6122,7.9265],[98.6039,7.9042],[98.5882,7.9042],[98.5774,7.9191],[98.5707,7.9398],[98.5674,7.9635],[98.5624,7.9783],[98.5633,7.9857],[98.5682,7.9931],[98.5749,7.9946],[98.5807,7.9961],[98.5832,8.0065],[98.5824,8.0154],[98.5799,8.0243],[98.5741,8.0317],[98.5658,8.0346],[98.555,8.0376],[98.5508,8.042],[98.55,8.0494],[98.5367,8.0717],[98.5309,8.088],[98.5284,8.1072],[98.5284,8.1235],[98.5334,8.1191],[98.5367,8.1146]]],[[[98.6214,8.1028],[98.6205,8.0894],[98.5873,8.1013],[98.5799,8.1057],[98.5699,8.1191],[98.5749,8.125],[98.5965,8.1309],[98.5923,8.1472],[98.6014,8.162],[98.6156,8.1769],[98.6239,8.1917],[98.6322,8.1902],[98.6355,8.1858],[98.6371,8.1798],[98.6371,8.1709],[98.6214,8.1028]]],[[[98.2943,8.934],[98.2703,8.8777],[98.262,8.8792],[98.2528,8.8984],[98.2512,8.9192],[98.2553,8.9399],[98.2561,8.9666],[98.252,8.9977],[98.2611,9.0125],[98.2794,9.0096],[98.2885,9.0051],[98.2993,8.9977],[98.3109,8.9784],[98.3068,8.9577],[98.2943,8.934]]],[[[98.2943,9.0422],[98.2744,9.0362],[98.2545,9.0362],[98.2404,9.0496],[98.2404,9.0629],[98.2487,9.1429],[98.2478,9.1503],[98.2512,9.1548],[98.2611,9.1577],[98.2736,9.1607],[98.2819,9.1562],[98.296,9.1459],[98.3076,9.1325],[98.3176,9.1177],[98.3226,9.0985],[98.3234,9.0762],[98.3018,9.0555],[98.3093,9.0496],[98.2943,9.0422]]],[[[98.7135,8.6258],[98.7127,8.6006],[98.7094,8.5858],[98.7035,8.5754],[98.7002,8.571],[98.6969,8.568],[98.6911,8.5636],[98.6844,8.5621],[98.6687,8.5591],[98.6654,8.5576],[98.6629,8.5562],[98.6612,8.5458],[98.6604,8.5295],[98.6645,8.4747],[98.667,8.4643],[98.6687,8.4613],[98.6737,8.4569],[98.6753,8.4539],[98.677,8.451],[98.6761,8.445],[98.6728,8.4362],[98.6637,8.4169],[98.6612,8.408],[98.662,8.3976],[98.6654,8.3887],[98.6662,8.3843],[98.6654,8.3813],[98.6554,8.3695],[98.6496,8.3695],[98.6496,8.368],[98.6554,8.3799],[98.6421,8.3858],[98.6205,8.3902],[98.6039,8.3976],[98.599,8.3754],[98.5848,8.3695],[98.5674,8.368],[98.5516,8.3606],[98.5417,8.3487],[98.5259,8.3369],[98.5101,8.331],[98.5002,8.3428],[98.4935,8.3428],[98.4919,8.331],[98.4869,8.325],[98.4794,8.325],[98.4728,8.3354],[98.4661,8.3354],[98.4661,8.3221],[98.4454,8.325],[98.428,8.3176],[98.4222,8.3058],[98.4529,8.2939],[98.457,8.2776],[98.4562,8.2584],[98.4628,8.2435],[98.4628,8.2169],[98.4462,8.1754],[98.4246,8.1487],[98.4114,8.165],[98.4056,8.165],[98.4047,8.1546],[98.4022,8.1487],[98.3914,8.1369],[98.3757,8.1502],[98.3566,8.1843],[98.3309,8.1946],[98.3284,8.2021],[98.3242,8.2095],[98.3126,8.2124],[98.3018,8.2139],[98.2935,8.2154],[98.2869,8.2198],[98.281,8.2258],[98.2777,8.2406],[98.2777,8.2835],[98.2711,8.2984],[98.2628,8.3132],[98.242,8.4065],[98.1997,8.5339],[98.198,8.5562],[98.203,8.5739],[98.2097,8.5814],[98.213,8.5725],[98.2155,8.5532],[98.2229,8.5399],[98.247,8.5147],[98.2528,8.5339],[98.2445,8.5473],[98.2304,8.5562],[98.2196,8.5695],[98.2196,8.5754],[98.2221,8.5814],[98.2254,8.5843],[98.2271,8.5888],[98.2263,8.6051],[98.2271,8.6095],[98.2379,8.6406],[98.2404,8.651],[98.2387,8.6732],[98.2229,8.7117],[98.2196,8.7266],[98.2238,8.7354],[98.2312,8.7414],[98.2395,8.7458],[98.247,8.7532],[98.2503,8.7606],[98.2528,8.7666],[98.2561,8.8288],[98.262,8.851],[98.2835,8.8851],[98.2927,8.9251],[98.3126,8.9518],[98.325,8.9755],[98.3333,8.9799],[98.3367,8.977],[98.3516,8.974],[98.3641,8.974],[98.3607,8.9829],[98.3582,8.9962],[98.3682,9.0096],[98.3914,9.0347],[98.3616,9.0229],[98.3425,9.0184],[98.3325,9.0259],[98.33,9.0525],[98.3416,9.0629],[98.3657,9.0644],[98.3823,9.0718],[98.3707,9.1029],[98.3416,9.1414],[98.3284,9.1636],[98.3234,9.1888],[98.3226,9.2096],[98.3267,9.2037],[98.34,9.1992],[98.3475,9.2022],[98.3558,9.2096],[98.3707,9.2259],[98.3524,9.2362],[98.3516,9.2511],[98.3607,9.2688],[98.3641,9.2822],[98.3757,9.2985],[98.3831,9.3163],[98.3898,9.3444],[98.4022,9.3474],[98.4105,9.3503],[98.4188,9.3548],[98.4238,9.3563],[98.4263,9.3577],[98.4305,9.3577],[98.4363,9.3533],[98.4446,9.3474],[98.4753,9.3163],[98.511,9.3059],[98.5276,9.297],[98.5309,9.2926],[98.5326,9.2851],[98.535,9.2481],[98.5342,9.2437],[98.5326,9.2377],[98.5309,9.2348],[98.5226,9.2244],[98.5151,9.217],[98.5135,9.2155],[98.5118,9.2125],[98.5101,9.2081],[98.5093,9.2051],[98.5085,9.1977],[98.5068,9.1933],[98.5052,9.1903],[98.5043,9.1874],[98.5035,9.1829],[98.5043,9.1755],[98.5035,9.1711],[98.5043,9.1622],[98.5068,9.1577],[98.5052,9.1518],[98.5018,9.1488],[98.4952,9.1459],[98.4927,9.1444],[98.491,9.1414],[98.491,9.1325],[98.4894,9.1251],[98.4894,9.1192],[98.4969,9.0836],[98.4969,9.0762],[98.4952,9.0733],[98.4927,9.0718],[98.4894,9.0688],[98.4861,9.0688],[98.4836,9.0659],[98.4819,9.0629],[98.4819,9.0599],[98.4827,9.0555],[98.5043,8.9977],[98.5068,8.9858],[98.5068,8.9784],[98.5027,8.9784],[98.4994,8.9799],[98.496,8.9784],[98.4935,8.977],[98.4902,8.9755],[98.4852,8.971],[98.4736,8.9651],[98.4645,8.9607],[98.4612,8.9592],[98.4595,8.9577],[98.457,8.9547],[98.4545,8.9473],[98.4537,8.9444],[98.4545,8.9384],[98.4562,8.9295],[98.4612,8.9177],[98.462,8.9103],[98.4612,8.9058],[98.4562,8.8969],[98.4554,8.894],[98.4562,8.891],[98.4587,8.8866],[98.4703,8.8836],[98.491,8.8807],[98.4985,8.8792],[98.5018,8.8777],[98.5392,8.8481],[98.5425,8.8436],[98.5492,8.8318],[98.5624,8.8095],[98.5674,8.8036],[98.5724,8.8006],[98.579,8.7992],[98.5923,8.7992],[98.5965,8.7977],[98.5998,8.7977],[98.6031,8.7947],[98.6048,8.7903],[98.6064,8.7829],[98.6073,8.7769],[98.6031,8.7488],[98.6023,8.7399],[98.6039,8.7192],[98.6031,8.7147],[98.6031,8.7117],[98.6014,8.7088],[98.5998,8.7058],[98.5973,8.7029],[98.5865,8.6954],[98.584,8.694],[98.5824,8.691],[98.5749,8.6747],[98.5724,8.6732],[98.5699,8.6703],[98.5666,8.6688],[98.555,8.6688],[98.5516,8.6673],[98.5492,8.6658],[98.5475,8.6628],[98.5458,8.6599],[98.5467,8.6554],[98.55,8.651],[98.5815,8.6273],[98.584,8.6258],[98.5907,8.6243],[98.599,8.6258],[98.6255,8.6288],[98.6355,8.6317],[98.6421,8.6332],[98.6479,8.6362],[98.6537,8.6406],[98.6554,8.6421],[98.6587,8.6436],[98.662,8.6436],[98.6712,8.6391],[98.6811,8.6362],[98.7002,8.6317],[98.7135,8.6258]]],[[[97.876,9.3903],[97.8718,9.38],[97.8403,9.4037],[97.8353,9.4126],[97.8378,9.42],[97.8436,9.4244],[97.8511,9.4289],[97.8569,9.4289],[97.8685,9.42],[97.8743,9.4052],[97.876,9.3903]]],[[[97.8984,9.4452],[97.8951,9.4392],[97.8868,9.4378],[97.8768,9.4422],[97.8702,9.4407],[97.8702,9.4259],[97.8494,9.4422],[97.8536,9.4615],[97.8718,9.4733],[97.8951,9.4674],[97.8992,9.4615],[97.9001,9.4526],[97.8984,9.4452]]]]}},{"type":"Feature","id":"TH.RN","properties":{"code":"TH.RN","name_en":"Ranong"},"geometry":{"type":"MultiPolygon","coordinates":[[[[98.4163,9.7341],[98.3981,9.7059],[98.3848,9.7282],[98.3898,9.743],[98.4022,9.7563],[98.4114,9.7741],[98.4114,9.7682],[98.418,9.7474],[98.4163,9.7341]]],[[[98.75,9.6007],[98.75,9.5904],[98.7517,9.5815],[98.7533,9.5785],[98.755,9.577],[98.7583,9.5756],[98.765,9.5726],[98.7666,9.5696],[98.7675,9.5667],[98.7666,9.5607],[98.7675,9.5578],[98.7691,9.5548],[98.7716,9.5518],[98.7741,9.5504],[98.7749,9.5474],[98.7741,9.543],[98.7708,9.5385],[98.7575,9.5311],[98.7509,9.5252],[98.7135,9.4822],[98.7011,9.4704],[98.6936,9.4674],[98.6844,9.4659],[98.6811,9.4644],[98.6786,9.4615],[98.677,9.4585],[98.6761,9.4526],[98.6778,9.4496],[98.6803,9.4466],[98.6828,9.4452],[98.6853,9.4422],[98.6861,9.4392],[98.6853,9.4363],[98.6795,9.4229],[98.677,9.4215],[98.672,9.4215],[98.6687,9.4229],[98.662,9.4259],[98.6595,9.4259],[98.6571,9.4229],[98.6554,9.417],[98.6562,9.4126],[98.6571,9.4081],[98.6579,9.4007],[98.6571,9.3889],[98.6579,9.3844],[98.6595,9.3829],[98.6629,9.3815],[98.6662,9.3829],[98.6703,9.3829],[98.6737,9.3829],[98.6761,9.3829],[98.6778,9.38],[98.677,9.3755],[98.6753,9.3637],[98.6728,9.3577],[98.6695,9.3548],[98.6637,9.3533],[98.6413,9.3503],[98.6172,9.3459],[98.6097,9.3459],[98.6048,9.3459],[98.6006,9.3518],[98.5956,9.3607],[98.594,9.3622],[98.5915,9.3637],[98.5857,9.3622],[98.5492,9.3518],[98.5409,9.3474],[98.535,9.3429],[98.5234,9.3281],[98.511,9.3059],[98.4753,9.3163],[98.4446,9.3474],[98.4363,9.3533],[98.4305,9.3577],[98.4263,9.3577],[98.4238,9.3563],[98.4188,9.3548],[98.4105,9.3503],[98.4022,9.3474],[98.3898,9.3444],[98.3973,9.3785],[98.4047,9.3963],[98.4255,9.4318],[98.4429,9.5207],[98.457,9.5489],[98.4869,9.5281],[98.5201,9.5533],[98.5309,9.5667],[98.5284,9.5756],[98.5209,9.577],[98.5018,9.5756],[98.4935,9.5756],[98.4894,9.58],[98.4861,9.5933],[98.4836,9.5963],[98.4637,9.6052],[98.472,9.6215],[98.4902,9.6348],[98.5002,9.6348],[98.5027,9.6378],[98.5118,9.6496],[98.5143,9.6541],[98.5118,9.6615],[98.4935,9.6852],[98.5101,9.6867],[98.5135,9.6956],[98.5068,9.7059],[98.4935,9.7133],[98.5002,9.7193],[98.516,9.7104],[98.5317,9.7045],[98.5442,9.7059],[98.5492,9.7237],[98.5533,9.7252],[98.5616,9.7326],[98.5658,9.743],[98.5591,9.7474],[98.5384,9.7474],[98.5301,9.7489],[98.5209,9.7548],[98.5168,9.7474],[98.5151,9.7445],[98.5143,9.74],[98.5077,9.74],[98.5093,9.7489],[98.5085,9.7711],[98.5077,9.7741],[98.5168,9.783],[98.5243,9.7845],[98.5326,9.7859],[98.5417,9.7889],[98.5558,9.7978],[98.5666,9.8097],[98.5749,9.8245],[98.5832,9.8422],[98.5749,9.8363],[98.5583,9.8156],[98.5492,9.8097],[98.54,9.8111],[98.535,9.8185],[98.5301,9.826],[98.5126,9.8363],[98.5209,9.8541],[98.5367,9.8734],[98.5492,9.8837],[98.5533,9.8763],[98.5599,9.8734],[98.5674,9.8734],[98.5765,9.8778],[98.5707,9.8837],[98.5857,9.8956],[98.5898,9.906],[98.5865,9.9089],[98.579,9.9119],[98.5716,9.9149],[98.5732,9.9208],[98.584,9.9297],[98.5923,9.943],[98.5998,9.9474],[98.6222,9.9474],[98.6305,9.9534],[98.633,9.9623],[98.6239,9.9667],[98.6122,9.9667],[98.6106,9.9608],[98.5998,9.9741],[98.5998,9.98],[98.6039,9.9934],[98.6479,10.0689],[98.662,10.0852],[98.6894,10.1623],[98.7127,10.2053],[98.7201,10.2275],[98.7251,10.2512],[98.7268,10.2719],[98.7309,10.2912],[98.7459,10.3297],[98.7475,10.3505],[98.7666,10.4112],[98.7766,10.4616],[98.7907,10.5001],[98.7915,10.5208],[98.7774,10.5831],[98.7708,10.5935],[98.7517,10.6097],[98.7475,10.6231],[98.7567,10.6661],[98.7666,10.6883],[98.8106,10.7461],[98.8297,10.7638],[98.8397,10.7668],[98.8612,10.7683],[98.8679,10.7698],[98.8754,10.7787],[98.8795,10.7875],[98.8969,10.7757],[98.9011,10.7698],[98.9052,10.7609],[98.9069,10.7579],[98.9094,10.7564],[98.9119,10.7535],[98.9218,10.7505],[98.9243,10.7475],[98.9243,10.7431],[98.9119,10.7149],[98.9086,10.709],[98.9069,10.7061],[98.9061,10.7016],[98.9052,10.6972],[98.9052,10.6927],[98.9086,10.6868],[98.9111,10.6853],[98.9177,10.6868],[98.9194,10.6853],[98.921,10.6809],[98.9218,10.6779],[98.9235,10.6749],[98.9268,10.6735],[98.931,10.6735],[98.9376,10.672],[98.9401,10.669],[98.9418,10.6661],[98.9426,10.6542],[98.9443,10.6512],[98.9459,10.6483],[98.9484,10.6468],[98.955,10.6438],[98.9575,10.6423],[98.9617,10.6364],[98.9633,10.632],[98.9667,10.6157],[98.9692,10.6127],[98.975,10.6083],[98.9758,10.6023],[98.9741,10.5949],[98.9675,10.5801],[98.9633,10.5742],[98.9592,10.5697],[98.9567,10.5683],[98.955,10.5653],[98.955,10.5609],[98.9575,10.5549],[98.96,10.552],[98.965,10.546],[98.9667,10.5431],[98.9675,10.5401],[98.9667,10.5371],[98.9575,10.5268],[98.9509,10.5149],[98.9484,10.512],[98.9459,10.5105],[98.9351,10.5075],[98.9326,10.506],[98.931,10.5031],[98.9252,10.4942],[98.9227,10.4927],[98.9152,10.4868],[98.9135,10.4853],[98.9119,10.4838],[98.9077,10.472],[98.9061,10.469],[98.9044,10.4631],[98.9036,10.4557],[98.9036,10.4245],[98.9044,10.4201],[98.9052,10.4171],[98.9069,10.4142],[98.9119,10.4097],[98.9144,10.4082],[98.916,10.4038],[98.9169,10.3994],[98.9194,10.3964],[98.9227,10.3949],[98.926,10.3934],[98.9368,10.3905],[98.9401,10.389],[98.9418,10.386],[98.9434,10.3831],[98.9459,10.3801],[98.9459,10.3756],[98.9467,10.3668],[98.9501,10.3593],[98.9517,10.3564],[98.9526,10.3534],[98.9526,10.3475],[98.9509,10.3416],[98.9443,10.3297],[98.9335,10.3149],[98.9268,10.3016],[98.9243,10.2971],[98.921,10.2956],[98.9169,10.2956],[98.9144,10.2912],[98.9135,10.2867],[98.9144,10.2749],[98.9169,10.266],[98.9177,10.2616],[98.9169,10.2556],[98.9127,10.2482],[98.9069,10.2408],[98.9044,10.2379],[98.9019,10.2334],[98.8994,10.2275],[98.8936,10.2082],[98.8936,10.1978],[98.8945,10.1919],[98.8961,10.1875],[98.9011,10.1801],[98.9069,10.1712],[98.9102,10.1653],[98.9384,10.1252],[98.9384,10.1193],[98.9376,10.1089],[98.9301,10.0689],[98.9268,10.0645],[98.9177,10.0526],[98.9144,10.0482],[98.9135,10.0423],[98.9119,10.0334],[98.9094,10.026],[98.9036,10.0171],[98.8911,10.0067],[98.8878,10.0052],[98.8712,10.0037],[98.8662,10.0008],[98.8654,10.0008],[98.8546,9.9934],[98.8521,9.9904],[98.8505,9.9875],[98.8463,9.983],[98.8388,9.9726],[98.8231,9.9474],[98.8173,9.9445],[98.8131,9.9415],[98.8056,9.9445],[98.7982,9.9445],[98.7948,9.9445],[98.7915,9.946],[98.789,9.9474],[98.7857,9.946],[98.7824,9.946],[98.7733,9.94],[98.7708,9.9386],[98.7666,9.9341],[98.7575,9.9193],[98.7533,9.9149],[98.7459,9.9089],[98.7434,9.9074],[98.7401,9.906],[98.7376,9.903],[98.7334,9.8986],[98.7309,9.8926],[98.7293,9.8852],[98.726,9.8704],[98.7235,9.863],[98.721,9.8571],[98.7094,9.8467],[98.7069,9.8437],[98.7002,9.8334],[98.6969,9.8304],[98.6944,9.8289],[98.6911,9.8274],[98.6869,9.8274],[98.6836,9.826],[98.6803,9.8245],[98.6778,9.823],[98.6662,9.8111],[98.6637,9.8082],[98.6595,9.8037],[98.6488,9.7963],[98.6446,9.7919],[98.6429,9.7889],[98.6413,9.7859],[98.6355,9.7696],[98.6355,9.7637],[98.6371,9.7548],[98.6438,9.7371],[98.6479,9.7222],[98.6479,9.7178],[98.6496,9.7133],[98.6554,9.7045],[98.6571,9.7],[98.6579,9.6956],[98.6579,9.6926],[98.6587,9.6882],[98.6637,9.6763],[98.6637,9.6719],[98.6629,9.6674],[98.6612,9.6644],[98.6604,9.6615],[98.6629,9.6585],[98.6662,9.6556],[98.6836,9.6511],[98.6944,9.6452],[98.7276,9.6259],[98.75,9.6007]]]]}},{"type":"Feature","id":"TH.ST","properties":{"code":"TH.ST","name_en":"Surat Thani"},"geometry":{"type":"MultiPolygon","coordinates":[[[[99.7037,9.5207],[99.6813,9.5133],[99.6681,9.5192],[99.6988,9.543],[99.7037,9.5207]]],[[[100.0856,9.5741],[100.0905,9.5607],[100.0798,9.5504],[100.0715,9.5222],[100.069,9.4896],[100.0607,9.4644],[100.0316,9.4496],[100.0299,9.4437],[100.0291,9.4363],[100.0258,9.4289],[100.0192,9.4259],[100.0117,9.4259],[100.0034,9.4259],[99.9561,9.4215],[99.9469,9.4185],[99.9411,9.4378],[99.937,9.4748],[99.9262,9.4941],[99.9411,9.5118],[99.9395,9.5296],[99.9312,9.5489],[99.9262,9.5667],[99.9362,9.577],[99.9594,9.5815],[99.9851,9.5785],[100.0441,9.5637],[100.0623,9.5667],[100.0698,9.5859],[100.0756,9.5844],[100.0856,9.5741]]],[[[99.6805,9.6126],[99.678,9.6111],[99.6772,9.6141],[99.6755,9.6244],[99.678,9.6244],[99.6805,9.623],[99.6822,9.6215],[99.6847,9.62],[99.6805,9.6126]]],[[[99.7718,9.3118],[99.756,9.294],[99.7527,9.2881],[99.7511,9.2837],[99.7502,9.2733],[99.7502,9.2629],[99.7552,9.2274],[99.7535,9.22],[99.7511,9.2111],[99.7444,9.1933],[99.7394,9.177],[99.7386,9.1725],[99.7311,9.1533],[99.732,9.1488],[99.7336,9.1459],[99.7403,9.1429],[99.7428,9.1414],[99.7444,9.1399],[99.7477,9.1281],[99.7494,9.1251],[99.7511,9.1236],[99.7544,9.1222],[99.7585,9.1207],[99.7618,9.1192],[99.7735,9.1192],[99.7768,9.1177],[99.7793,9.1162],[99.7818,9.1148],[99.7843,9.1118],[99.7851,9.1088],[99.7867,9.1059],[99.7867,9.1014],[99.7867,9.097],[99.7859,9.0851],[99.7851,9.0777],[99.7867,9.0659],[99.7867,9.0599],[99.7851,9.057],[99.7818,9.0525],[99.7751,9.0496],[99.7701,9.0481],[99.766,9.0481],[99.7635,9.0496],[99.7585,9.054],[99.7552,9.057],[99.7519,9.057],[99.7486,9.0555],[99.7469,9.0525],[99.7452,9.0392],[99.7444,9.0333],[99.7436,9.0214],[99.7411,9.014],[99.7353,9.0036],[99.732,8.9918],[99.732,8.9888],[99.732,8.9844],[99.732,8.9814],[99.7295,8.977],[99.7262,8.9725],[99.717,8.9696],[99.7112,8.9681],[99.7021,8.9666],[99.6979,8.9666],[99.6946,8.9651],[99.6921,8.9636],[99.6905,8.9607],[99.6913,8.9562],[99.693,8.9533],[99.6954,8.9503],[99.6963,8.9473],[99.6979,8.9429],[99.6979,8.9399],[99.6963,8.9355],[99.693,8.9325],[99.6863,8.9281],[99.673,8.9236],[99.6647,8.9177],[99.6614,8.9177],[99.6581,8.9162],[99.6539,8.9177],[99.6506,8.9177],[99.6473,8.9177],[99.644,8.9177],[99.6407,8.9162],[99.6332,8.9088],[99.6307,8.9073],[99.6274,8.9058],[99.6241,8.9058],[99.6199,8.9058],[99.6174,8.9073],[99.6149,8.9103],[99.6133,8.9132],[99.6124,8.9162],[99.6099,8.9192],[99.6075,8.9207],[99.6041,8.9207],[99.6008,8.9207],[99.5933,8.9177],[99.59,8.9162],[99.585,8.9103],[99.5593,8.8584],[99.5502,8.8495],[99.5452,8.8495],[99.5411,8.8495],[99.5369,8.8495],[99.5328,8.8495],[99.5303,8.8466],[99.5278,8.8421],[99.5261,8.8332],[99.5253,8.8273],[99.5269,8.811],[99.5269,8.8066],[99.5236,8.7903],[99.5236,8.774],[99.5253,8.7666],[99.5278,8.7562],[99.5278,8.7532],[99.5228,8.734],[99.522,8.7295],[99.5203,8.7251],[99.5162,8.7206],[99.4971,8.7014],[99.4946,8.6984],[99.4929,8.694],[99.4921,8.6866],[99.4929,8.6762],[99.4913,8.6717],[99.4888,8.6688],[99.4655,8.648],[99.4597,8.6436],[99.4547,8.6421],[99.4514,8.6406],[99.4489,8.6362],[99.4473,8.6273],[99.4473,8.6214],[99.4481,8.6169],[99.4497,8.614],[99.4506,8.6095],[99.4497,8.6051],[99.4473,8.6006],[99.4298,8.5888],[99.4282,8.5873],[99.4082,8.5636],[99.4024,8.5591],[99.3991,8.5591],[99.385,8.5547],[99.3692,8.5473],[99.3468,8.5339],[99.3352,8.5236],[99.3319,8.5206],[99.3286,8.5206],[99.3252,8.5206],[99.3219,8.5206],[99.3186,8.5221],[99.3161,8.5236],[99.3003,8.5369],[99.2945,8.5399],[99.2912,8.5414],[99.2879,8.5428],[99.2846,8.5428],[99.2821,8.5384],[99.2813,8.5325],[99.2854,8.4954],[99.2879,8.4865],[99.2871,8.4821],[99.2854,8.4747],[99.2804,8.4643],[99.2763,8.4584],[99.2721,8.4525],[99.2646,8.445],[99.2588,8.4376],[99.2563,8.4332],[99.2464,8.4036],[99.2431,8.3976],[99.2414,8.3932],[99.2406,8.3887],[99.2406,8.3799],[99.2456,8.368],[99.2663,8.3413],[99.2364,8.3324],[99.2231,8.3265],[99.2115,8.3235],[99.2016,8.3221],[99.1808,8.3221],[99.1758,8.3235],[99.1401,8.3339],[99.1377,8.3354],[99.1335,8.3398],[99.1252,8.3428],[99.082,8.3517],[99.0696,8.3517],[99.0605,8.3517],[99.048,8.3413],[99.0455,8.3398],[99.038,8.328],[99.0347,8.3265],[99.0289,8.3235],[99.0015,8.3147],[98.9982,8.3147],[98.9882,8.3176],[98.9783,8.3206],[98.9426,8.3235],[98.9351,8.3235],[98.9318,8.3221],[98.9169,8.3132],[98.9127,8.3132],[98.9102,8.3161],[98.9069,8.3221],[98.9044,8.328],[98.9003,8.3413],[98.8978,8.3576],[98.8978,8.3739],[98.8986,8.3902],[98.8969,8.3976],[98.8961,8.4006],[98.892,8.4065],[98.8911,8.4095],[98.8903,8.4139],[98.8903,8.4169],[98.892,8.4287],[98.8936,8.4317],[98.8953,8.4347],[98.8994,8.4391],[98.9028,8.445],[98.9077,8.4599],[98.9086,8.4628],[98.9086,8.4673],[98.9086,8.4717],[98.9069,8.4747],[98.9052,8.4791],[98.9028,8.4821],[98.8969,8.488],[98.892,8.4954],[98.8853,8.5073],[98.8845,8.5102],[98.8845,8.5147],[98.8861,8.5176],[98.8986,8.5354],[98.9111,8.5473],[98.916,8.5517],[98.921,8.5547],[98.9243,8.5576],[98.926,8.5591],[98.9285,8.5606],[98.9285,8.5636],[98.9268,8.5665],[98.9252,8.5695],[98.9185,8.5843],[98.8986,8.6051],[98.8936,8.608],[98.8886,8.611],[98.8745,8.6154],[98.8704,8.6184],[98.8671,8.6214],[98.8621,8.6303],[98.8563,8.6377],[98.8521,8.6406],[98.8471,8.6421],[98.8106,8.6436],[98.8031,8.6451],[98.7982,8.6465],[98.7948,8.648],[98.7924,8.651],[98.7791,8.6673],[98.7741,8.6703],[98.7699,8.6732],[98.7666,8.6747],[98.7625,8.6747],[98.7592,8.6747],[98.7558,8.6732],[98.7525,8.6717],[98.7509,8.6688],[98.7467,8.6628],[98.7367,8.6362],[98.7359,8.6332],[98.7343,8.6303],[98.7318,8.6288],[98.7243,8.6258],[98.7135,8.6258],[98.7002,8.6317],[98.6811,8.6362],[98.6712,8.6391],[98.662,8.6436],[98.6587,8.6436],[98.6554,8.6421],[98.6537,8.6406],[98.6479,8.6362],[98.6421,8.6332],[98.6355,8.6317],[98.6255,8.6288],[98.599,8.6258],[98.5907,8.6243],[98.584,8.6258],[98.5815,8.6273],[98.55,8.651],[98.5467,8.6554],[98.5458,8.6599],[98.5475,8.6628],[98.5492,8.6658],[98.5516,8.6673],[98.555,8.6688],[98.5666,8.6688],[98.5699,8.6703],[98.5724,8.6732],[98.5749,8.6747],[98.5824,8.691],[98.584,8.694],[98.5865,8.6954],[98.5973,8.7029],[98.5998,8.7058],[98.6014,8.7088],[98.6031,8.7117],[98.6031,8.7147],[98.6039,8.7192],[98.6023,8.7399],[98.6031,8.7488],[98.6073,8.7769],[98.6064,8.7829],[98.6048,8.7903],[98.6031,8.7947],[98.5998,8.7977],[98.5965,8.7977],[98.5923,8.7992],[98.579,8.7992],[98.5724,8.8006],[98.5674,8.8036],[98.5624,8.8095],[98.5492,8.8318],[98.5425,8.8436],[98.5392,8.8481],[98.5018,8.8777],[98.4985,8.8792],[98.491,8.8807],[98.4703,8.8836],[98.4587,8.8866],[98.4562,8.891],[98.4554,8.894],[98.4562,8.8969],[98.4612,8.9058],[98.462,8.9103],[98.4612,8.9177],[98.4562,8.9295],[98.4545,8.9384],[98.4537,8.9444],[98.4545,8.9473],[98.457,8.9547],[98.4595,8.9577],[98.4612,8.9592],[98.4645,8.9607],[98.4736,8.9651],[98.4852,8.971],[98.4902,8.9755],[98.4935,8.977],[98.496,8.9784],[98.4994,8.9799],[98.5027,8.9784],[98.5068,8.9784],[98.5068,8.9858],[98.5043,8.9977],[98.4827,9.0555],[98.4819,9.0599],[98.4819,9.0629],[98.4836,9.0659],[98.4861,9.0688],[98.4894,9.0688],[98.4927,9.0718],[98.4952,9.0733],[98.4969,9.0762],[98.4969,9.0836],[98.4894,9.1192],[98.4894,9.1251],[98.491,9.1325],[98.491,9.1414],[98.4927,9.1444],[98.4952,9.1459],[98.5018,9.1488],[98.5052,9.1518],[98.5068,9.1577],[98.5043,9.1622],[98.5035,9.1711],[98.5043,9.1755],[98.5035,9.1829],[98.5043,9.1874],[98.5052,9.1903],[98.5068,9.1933],[98.5085,9.1977],[98.5093,9.2051],[98.5101,9.2081],[98.5118,9.2125],[98.5135,9.2155],[98.5151,9.217],[98.5226,9.2244],[98.5309,9.2348],[98.5326,9.2377],[98.5342,9.2437],[98.535,9.2481],[98.5326,9.2851],[98.5309,9.2926],[98.5276,9.297],[98.511,9.3059],[98.5234,9.3281],[98.535,9.3429],[98.5409,9.3474],[98.5492,9.3518],[98.5857,9.3622],[98.5915,9.3637],[98.594,9.3622],[98.5956,9.3607],[98.6006,9.3518],[98.6048,9.3459],[98.6097,9.3459],[98.6172,9.3459],[98.6413,9.3503],[98.6637,9.3533],[98.6695,9.3548],[98.6728,9.3577],[98.6753,9.3637],[98.677,9.3755],[98.6778,9.38],[98.6761,9.3829],[98.6737,9.3829],[98.6703,9.3829],[98.6662,9.3829],[98.6629,9.3815],[98.6595,9.3829],[98.6579,9.3844],[98.6571,9.3889],[98.6579,9.4007],[98.6571,9.4081],[98.6562,9.4126],[98.6554,9.417],[98.6571,9.4229],[98.6595,9.4259],[98.662,9.4259],[98.6687,9.4229],[98.672,9.4215],[98.677,9.4215],[98.6795,9.4229],[98.6853,9.4363],[98.6861,9.4392],[98.6853,9.4422],[98.6828,9.4452],[98.6803,9.4466],[98.6778,9.4496],[98.6761,9.4526],[98.677,9.4585],[98.6786,9.4615],[98.6811,9.4644],[98.6844,9.4659],[98.6936,9.4674],[98.7011,9.4704],[98.7135,9.4822],[98.7509,9.5252],[98.7575,9.5311],[98.7708,9.5385],[98.7741,9.543],[98.7749,9.5474],[98.7741,9.5504],[98.7716,9.5518],[98.7691,9.5548],[98.7675,9.5578],[98.7666,9.5607],[98.7675,9.5667],[98.7666,9.5696],[98.765,9.5726],[98.7583,9.5756],[98.755,9.577],[98.7533,9.5785],[98.7517,9.5815],[98.75,9.5904],[98.75,9.6007],[98.7708,9.6304],[98.7766,9.6422],[98.7824,9.6778],[98.7865,9.6837],[98.7907,9.6867],[98.794,9.6867],[98.7965,9.6852],[98.799,9.6837],[98.8015,9.6822],[98.8048,9.6822],[98.8073,9.6837],[98.8189,9.6911],[98.8222,9.6926],[98.8314,9.697],[98.838,9.7],[98.8529,9.7074],[98.8704,9.7178],[98.8886,9.7252],[98.9019,9.7296],[98.9069,9.7296],[98.9111,9.7296],[98.9144,9.7282],[98.9235,9.7237],[98.9268,9.7222],[98.931,9.7222],[98.9351,9.7208],[98.9517,9.7222],[98.9617,9.7237],[98.9965,9.7341],[98.999,9.7341],[99.0007,9.7326],[99.0032,9.7311],[99.0065,9.7296],[99.0131,9.7296],[99.0248,9.7296],[99.0314,9.7326],[99.0356,9.7341],[99.0389,9.74],[99.043,9.7459],[99.0463,9.7504],[99.0546,9.7578],[99.0654,9.7622],[99.0862,9.7741],[99.0978,9.7845],[99.102,9.7874],[99.1053,9.7874],[99.1136,9.7874],[99.1285,9.7904],[99.1443,9.7919],[99.1451,9.7919],[99.1451,9.7889],[99.1476,9.7667],[99.1617,9.7267],[99.1675,9.6882],[99.1725,9.6659],[99.1816,9.6437],[99.2124,9.5978],[99.2182,9.5815],[99.2198,9.5593],[99.2231,9.543],[99.2655,9.4659],[99.3236,9.3918],[99.3153,9.3889],[99.3111,9.3903],[99.3062,9.3903],[99.2987,9.3918],[99.2904,9.3903],[99.2904,9.3859],[99.2912,9.3815],[99.2887,9.377],[99.2638,9.3637],[99.2547,9.3563],[99.2356,9.337],[99.2306,9.3192],[99.2339,9.2777],[99.2547,9.2318],[99.302,9.2229],[99.351,9.2185],[99.3784,9.1933],[99.4107,9.1962],[99.4439,9.1962],[99.4747,9.2007],[99.502,9.22],[99.5095,9.2348],[99.5145,9.2525],[99.5211,9.2703],[99.5361,9.2822],[99.5485,9.2837],[99.5933,9.2748],[99.6099,9.2777],[99.6232,9.2851],[99.634,9.2911],[99.6415,9.294],[99.6722,9.3029],[99.6888,9.3133],[99.6896,9.3163],[99.727,9.3133],[99.7336,9.3118],[99.7394,9.3207],[99.7527,9.3192],[99.7718,9.3118]]],[[[99.9976,9.7978],[100.0075,9.7963],[100.0258,9.7978],[100.0358,9.7963],[100.0673,9.7756],[100.0789,9.743],[100.0897,9.6659],[100.0789,9.6733],[100.054,9.6882],[99.9992,9.7104],[99.9876,9.7193],[99.9934,9.7311],[99.9901,9.743],[99.9702,9.7652],[99.971,9.7711],[99.9835,9.7919],[99.9876,9.8022],[99.9976,9.7978]]]]}},{"type":"Feature","id":"TH.KR","properties":{"code":"TH.KR","name_en":"Krabi"},"geometry":{"type":"MultiPolygon","coordinates":[[[[99.1177,7.479],[99.1003,7.4671],[99.0771,7.4805],[99.0571,7.5042],[99.0314,7.562],[99.0281,7.5723],[99.0289,7.6064],[99.0273,7.6227],[99.0206,7.6375],[99.0231,7.639],[99.0248,7.6405],[99.0256,7.6405],[99.0281,7.6449],[99.0347,7.6449],[99.0654,7.6153],[99.0762,7.6094],[99.0762,7.5738],[99.0862,7.5368],[99.1011,7.5042],[99.1177,7.479]]],[[[99.1177,7.5961],[99.1086,7.5946],[99.0995,7.5961],[99.0928,7.602],[99.0903,7.6064],[99.0879,7.6124],[99.082,7.6153],[99.0754,7.6198],[99.0696,7.6227],[99.0447,7.6627],[99.0671,7.6746],[99.1045,7.6687],[99.1244,7.6568],[99.1277,7.6449],[99.1277,7.6257],[99.1244,7.6064],[99.1177,7.5961]]],[[[99.2663,8.3413],[99.2779,8.3235],[99.2813,8.3206],[99.3045,8.3043],[99.3136,8.2969],[99.3161,8.2924],[99.3178,8.2821],[99.3194,8.2658],[99.3178,8.2021],[99.3153,8.1976],[99.307,8.1872],[99.3045,8.1843],[99.3037,8.1828],[99.3028,8.1798],[99.3003,8.1695],[99.2987,8.1665],[99.2945,8.1606],[99.2929,8.1576],[99.292,8.1546],[99.2945,8.1398],[99.2979,8.1265],[99.297,8.1161],[99.2962,8.1102],[99.2929,8.1072],[99.2871,8.1028],[99.2871,8.0969],[99.2904,8.088],[99.307,8.0539],[99.3111,8.048],[99.3211,8.0391],[99.3261,8.0361],[99.3294,8.0331],[99.3311,8.0302],[99.3327,8.0287],[99.3418,8.002],[99.3443,7.9976],[99.3452,7.9946],[99.3443,7.9902],[99.3377,7.9739],[99.3352,7.9694],[99.3335,7.9665],[99.3302,7.965],[99.3277,7.9635],[99.3261,7.9605],[99.3252,7.9576],[99.3377,7.9428],[99.3427,7.9309],[99.346,7.9191],[99.3443,7.9131],[99.3427,7.9072],[99.3319,7.8879],[99.3277,7.8835],[99.3136,7.8716],[99.2954,7.8524],[99.2945,7.8479],[99.2945,7.8435],[99.297,7.8361],[99.2995,7.8331],[99.302,7.8302],[99.3045,7.8272],[99.307,7.8257],[99.3086,7.8227],[99.312,7.8168],[99.3128,7.8139],[99.3136,7.8094],[99.3153,7.7931],[99.3178,7.7872],[99.3402,7.7501],[99.341,7.7472],[99.3394,7.7413],[99.336,7.7324],[99.312,7.6938],[99.3003,7.685],[99.2597,7.6553],[99.2572,7.6553],[99.2555,7.6568],[99.2439,7.6716],[99.2306,7.6775],[99.214,7.6805],[99.2065,7.6864],[99.1924,7.7057],[99.1725,7.719],[99.1534,7.7309],[99.1377,7.7442],[99.1302,7.7679],[99.1244,7.7679],[99.1219,7.7324],[99.1119,7.7057],[99.0912,7.6924],[99.0563,7.6983],[99.0331,7.7235],[99.0281,7.7887],[99.0148,7.8153],[99.0563,7.8479],[99.0621,7.8598],[99.0638,7.8776],[99.0704,7.9072],[99.0696,7.925],[99.0505,7.9057],[99.0405,7.9013],[99.0281,7.9042],[99.0231,7.9102],[99.0073,7.9354],[98.9999,7.9428],[98.9841,7.9472],[98.9675,7.9561],[98.9609,7.9768],[98.9617,7.9872],[98.9633,7.9931],[98.9642,7.9976],[98.9609,8.0065],[98.9534,8.0154],[98.9376,8.0243],[98.9293,8.0317],[98.9235,8.042],[98.9218,8.048],[98.9177,8.0509],[98.9052,8.048],[98.8986,8.042],[98.892,8.0243],[98.8878,8.0213],[98.8729,8.0168],[98.8579,8.008],[98.8438,8.0035],[98.8297,8.0065],[98.8247,8.0139],[98.8181,8.0361],[98.8131,8.045],[98.8007,8.0524],[98.7948,8.048],[98.7924,8.0406],[98.7882,8.0346],[98.7758,8.0228],[98.7699,8.0243],[98.7683,8.0376],[98.7658,8.0465],[98.7525,8.0598],[98.7475,8.0687],[98.745,8.088],[98.7475,8.1369],[98.7442,8.1502],[98.7475,8.1813],[98.7475,8.1991],[98.7442,8.2154],[98.7268,8.2539],[98.7127,8.2258],[98.7069,8.2258],[98.7035,8.2984],[98.6961,8.3087],[98.677,8.3028],[98.6479,8.285],[98.6371,8.288],[98.6305,8.288],[98.6305,8.2806],[98.6239,8.2806],[98.6222,8.2924],[98.6263,8.3458],[98.6313,8.3547],[98.6479,8.3665],[98.6496,8.368],[98.6496,8.3695],[98.6554,8.3695],[98.6654,8.3813],[98.6662,8.3843],[98.6654,8.3887],[98.662,8.3976],[98.6612,8.408],[98.6637,8.4169],[98.6728,8.4362],[98.6761,8.445],[98.677,8.451],[98.6753,8.4539],[98.6737,8.4569],[98.6687,8.4613],[98.667,8.4643],[98.6645,8.4747],[98.6604,8.5295],[98.6612,8.5458],[98.6629,8.5562],[98.6654,8.5576],[98.6687,8.5591],[98.6844,8.5621],[98.6911,8.5636],[98.6969,8.568],[98.7002,8.571],[98.7035,8.5754],[98.7094,8.5858],[98.7127,8.6006],[98.7135,8.6258],[98.7243,8.6258],[98.7318,8.6288],[98.7343,8.6303],[98.7359,8.6332],[98.7367,8.6362],[98.7467,8.6628],[98.7509,8.6688],[98.7525,8.6717],[98.7558,8.6732],[98.7592,8.6747],[98.7625,8.6747],[98.7666,8.6747],[98.7699,8.6732],[98.7741,8.6703],[98.7791,8.6673],[98.7924,8.651],[98.7948,8.648],[98.7982,8.6465],[98.8031,8.6451],[98.8106,8.6436],[98.8471,8.6421],[98.8521,8.6406],[98.8563,8.6377],[98.8621,8.6303],[98.8671,8.6214],[98.8704,8.6184],[98.8745,8.6154],[98.8886,8.611],[98.8936,8.608],[98.8986,8.6051],[98.9185,8.5843],[98.9252,8.5695],[98.9268,8.5665],[98.9285,8.5636],[98.9285,8.5606],[98.926,8.5591],[98.9243,8.5576],[98.921,8.5547],[98.916,8.5517],[98.9111,8.5473],[98.8986,8.5354],[98.8861,8.5176],[98.8845,8.5147],[98.8845,8.5102],[98.8853,8.5073],[98.892,8.4954],[98.8969,8.488],[98.9028,8.4821],[98.9052,8.4791],[98.9069,8.4747],[98.9086,8.4717],[98.9086,8.4673],[98.9086,8.4628],[98.9077,8.4599],[98.9028,8.445],[98.8994,8.4391],[98.8953,8.4347],[98.8936,8.4317],[98.892,8.4287],[98.8903,8.4169],[98.8903,8.4139],[98.8911,8.4095],[98.892,8.4065],[98.8961,8.4006],[98.8969,8.3976],[98.8986,8.3902],[98.8978,8.3739],[98.8978,8.3576],[98.9003,8.3413],[98.9044,8.328],[98.9069,8.3221],[98.9102,8.3161],[98.9127,8.3132],[98.9169,8.3132],[98.9318,8.3221],[98.9351,8.3235],[98.9426,8.3235],[98.9783,8.3206],[98.9882,8.3176],[98.9982,8.3147],[99.0015,8.3147],[99.0289,8.3235],[99.0347,8.3265],[99.038,8.328],[99.0455,8.3398],[99.048,8.3413],[99.0605,8.3517],[99.0696,8.3517],[99.082,8.3517],[99.1252,8.3428],[99.1335,8.3398],[99.1377,8.3354],[99.1401,8.3339],[99.1758,8.3235],[99.1808,8.3221],[99.2016,8.3221],[99.2115,8.3235],[99.2231,8.3265],[99.2364,8.3324],[99.2663,8.3413]]]]}},{"type":"Feature","id":"TH.PL","properties":{"code":"TH.PL","name_en":"Phatthalung"},"geometry":{"type":"Polygon","coordinates":[[[100.1296,7.802],[100.1619,7.7961],[100.1661,7.7946],[100.1702,7.7916],[100.176,7.7842],[100.1843,7.7783],[100.2009,7.7724],[100.1561,7.7338],[100.1445,7.719],[100.1428,7.6998],[100.1545,7.6153],[100.1727,7.5679],[100.1794,7.5309],[100.1852,7.5146],[100.1968,7.5072],[100.1993,7.5042],[100.2209,7.4864],[100.225,7.479],[100.2275,7.4746],[100.2607,7.3931],[100.279,7.362],[100.303,7.3427],[100.3246,7.3397],[100.3495,7.3397],[100.3703,7.3323],[100.3786,7.3116],[100.3786,7.3101],[100.3769,7.3086],[100.3595,7.2879],[100.3537,7.2834],[100.3503,7.279],[100.3487,7.276],[100.3479,7.2731],[100.3437,7.2538],[100.342,7.2508],[100.3379,7.2464],[100.3313,7.2434],[100.303,7.2345],[100.2981,7.233],[100.2931,7.2271],[100.2906,7.2227],[100.2864,7.2108],[100.2839,7.2079],[100.2798,7.2064],[100.2607,7.2019],[100.2574,7.2034],[100.2408,7.2004],[100.2325,7.199],[100.1935,7.1856],[100.1818,7.1827],[100.1735,7.1812],[100.1702,7.1812],[100.1661,7.1812],[100.1545,7.1797],[100.0789,7.1382],[100.0723,7.1367],[100.0615,7.1278],[100.0308,7.0923],[99.9768,7.1575],[99.9652,7.1767],[99.9528,7.2093],[99.9478,7.2256],[99.9403,7.2434],[99.9395,7.2479],[99.9395,7.2508],[99.9403,7.2538],[99.942,7.2568],[99.9461,7.2612],[99.9478,7.2671],[99.9478,7.2745],[99.9445,7.2893],[99.9428,7.2968],[99.9395,7.3012],[99.9337,7.3056],[99.9303,7.3086],[99.9129,7.3323],[99.9104,7.3368],[99.9079,7.3427],[99.9063,7.359],[99.9046,7.3634],[99.9021,7.3664],[99.8947,7.3738],[99.8872,7.3797],[99.8847,7.3842],[99.883,7.3886],[99.883,7.3931],[99.8565,7.4671],[99.854,7.4775],[99.8556,7.482],[99.8548,7.4849],[99.8531,7.4879],[99.8316,7.5101],[99.8282,7.5146],[99.8266,7.5205],[99.8282,7.5294],[99.8282,7.5442],[99.8274,7.5486],[99.8258,7.5531],[99.8009,7.5901],[99.7975,7.5975],[99.7959,7.6035],[99.7975,7.6109],[99.7984,7.6153],[99.7967,7.6316],[99.7975,7.6346],[99.7975,7.639],[99.8,7.642],[99.8025,7.6435],[99.8125,7.6479],[99.815,7.6494],[99.8175,7.6509],[99.8191,7.6553],[99.8208,7.6598],[99.8216,7.6687],[99.8208,7.6731],[99.8191,7.6775],[99.8175,7.679],[99.7984,7.6983],[99.7959,7.7027],[99.7942,7.7072],[99.7892,7.7413],[99.7843,7.7605],[99.7444,7.8509],[99.7511,7.8568],[99.7901,7.8642],[99.7967,7.8657],[99.7984,7.8687],[99.8042,7.8761],[99.8108,7.8835],[99.815,7.885],[99.8216,7.885],[99.8282,7.885],[99.9594,7.9042],[99.9752,7.8968],[99.9943,7.8909],[100.0017,7.885],[100.0084,7.879],[100.0109,7.8761],[100.0133,7.8702],[100.0142,7.8672],[100.015,7.8628],[100.015,7.8583],[100.0158,7.8553],[100.0167,7.8509],[100.0183,7.8494],[100.0208,7.8465],[100.0324,7.839],[100.0366,7.8361],[100.0449,7.8242],[100.0507,7.8213],[100.0607,7.8183],[100.1096,7.8079],[100.1296,7.802]]]}},{"type":"Feature","id":"TH.SA","properties":{"code":"TH.SA","name_en":"Satun"},"geometry":{"type":"MultiPolygon","coordinates":[[[[99.248,6.5752],[99.2605,6.5663],[99.2572,6.5604],[99.2472,6.5574],[99.2173,6.5367],[99.1949,6.5337],[99.1742,6.5396],[99.1584,6.5544],[99.1767,6.55],[99.1858,6.5589],[99.1958,6.5707],[99.214,6.5752],[99.2065,6.5752],[99.2389,6.5767],[99.248,6.5752]]],[[[99.6664,6.4967],[99.6589,6.4922],[99.6465,6.51],[99.634,6.5515],[99.6,6.5841],[99.6033,6.5974],[99.6141,6.6093],[99.6241,6.6226],[99.6257,6.633],[99.6232,6.6508],[99.6241,6.6582],[99.629,6.6641],[99.6365,6.6671],[99.6423,6.6715],[99.6448,6.6804],[99.6465,6.6996],[99.6506,6.7174],[99.6573,6.7234],[99.6805,6.673],[99.6805,6.6241],[99.6963,6.587],[99.7046,6.5589],[99.7029,6.5441],[99.6996,6.5337],[99.693,6.5278],[99.6838,6.5263],[99.6755,6.5248],[99.6722,6.5159],[99.6722,6.507],[99.6705,6.5011],[99.6664,6.4967]]],[[[100.0465,7.0641],[100.0557,7.0552],[100.0648,7.0449],[100.0665,7.0404],[100.069,7.033],[100.0706,7.0182],[100.0715,7.0049],[100.0706,7.0004],[100.0706,6.9989],[100.0731,6.993],[100.0764,6.9871],[100.0864,6.9723],[100.0964,6.9619],[100.1005,6.9589],[100.1047,6.953],[100.1204,6.9323],[100.1221,6.9293],[100.1246,6.9278],[100.1304,6.9249],[100.1337,6.9234],[100.1462,6.9219],[100.1495,6.9219],[100.1528,6.9204],[100.1619,6.916],[100.1652,6.9145],[100.181,6.9115],[100.1843,6.91],[100.1901,6.9071],[100.196,6.9041],[100.2117,6.8878],[100.2134,6.8849],[100.2142,6.8789],[100.2142,6.8686],[100.2101,6.8463],[100.2067,6.8374],[100.2043,6.8315],[100.2026,6.8286],[100.2009,6.8241],[100.1984,6.8123],[100.1951,6.8034],[100.1943,6.7989],[100.1943,6.793],[100.2026,6.7648],[100.2043,6.7619],[100.2084,6.756],[100.2101,6.7441],[100.2043,6.71],[100.1993,6.6996],[100.1968,6.7026],[100.1877,6.7085],[100.1735,6.7041],[100.1669,6.6952],[100.1644,6.6834],[100.1628,6.6611],[100.1561,6.6211],[100.1569,6.6033],[100.1652,6.5796],[100.1669,6.5663],[100.1611,6.5574],[100.1528,6.55],[100.1453,6.5396],[100.1445,6.5307],[100.1478,6.513],[100.1486,6.5041],[100.1445,6.4789],[100.1354,6.4581],[100.1271,6.4418],[100.1196,6.4626],[100.108,6.4789],[100.0897,6.4848],[100.1022,6.5174],[100.1038,6.5337],[100.0939,6.5396],[100.0806,6.5367],[100.0731,6.5293],[100.0632,6.507],[100.0299,6.5352],[100.0017,6.5678],[99.9976,6.5767],[99.9951,6.587],[99.9909,6.5974],[99.9843,6.6019],[99.9718,6.5959],[99.9644,6.5945],[99.9611,6.5989],[99.9635,6.6063],[99.9718,6.6182],[99.9743,6.6226],[99.9718,6.633],[99.9627,6.6493],[99.9611,6.6611],[99.9569,6.6641],[99.9469,6.6641],[99.937,6.6641],[99.9328,6.6745],[99.9287,6.6922],[99.9179,6.7056],[99.8913,6.7248],[99.8673,6.7619],[99.8515,6.7767],[99.8341,6.7708],[99.8249,6.7693],[99.8175,6.7826],[99.81,6.8078],[99.8025,6.8182],[99.7975,6.8211],[99.7104,6.8537],[99.6855,6.8774],[99.6863,6.9175],[99.6905,6.9352],[99.6954,6.9382],[99.7104,6.9382],[99.7137,6.9426],[99.7129,6.9515],[99.7071,6.9604],[99.6963,6.9649],[99.6813,6.9738],[99.6822,6.993],[99.6863,7.0138],[99.6788,7.0271],[99.6954,7.0597],[99.7054,7.076],[99.717,7.0819],[99.7203,7.0878],[99.7477,7.1264],[99.7452,7.1293],[99.7461,7.1293],[99.7701,7.1278],[99.7826,7.1293],[99.7884,7.1323],[99.7942,7.1353],[99.8141,7.1427],[99.8199,7.1427],[99.8241,7.1427],[99.8249,7.1382],[99.8249,7.1353],[99.8233,7.1278],[99.8224,7.1249],[99.8233,7.1204],[99.8241,7.1175],[99.8282,7.1071],[99.8316,7.1012],[99.8374,7.0938],[99.8424,7.0893],[99.8689,7.073],[99.8781,7.0701],[99.8839,7.0686],[99.8864,7.0701],[99.8913,7.0745],[99.8955,7.079],[99.8988,7.0849],[99.9113,7.1101],[99.9129,7.116],[99.9154,7.1249],[99.9162,7.1293],[99.9187,7.1323],[99.9245,7.1367],[99.9279,7.1382],[99.9312,7.1367],[99.9337,7.1353],[99.9378,7.1293],[99.9619,7.0953],[99.9702,7.0849],[99.9884,7.0686],[100.0059,7.0597],[100.0125,7.0567],[100.0175,7.0552],[100.0465,7.0641]]]]}},{"type":"Feature","id":"TH.SG","properties":{"code":"TH.SG","name_en":"Songkhla"},"geometry":{"type":"MultiPolygon","coordinates":[[[[101.0683,6.8582],[101.0675,6.8463],[101.0492,6.8182],[101.0443,6.8063],[101.0409,6.7989],[101.0376,6.7485],[101.0376,6.7397],[101.0385,6.7322],[101.0526,6.71],[101.0609,6.6611],[101.0625,6.6537],[101.065,6.6522],[101.0675,6.6493],[101.0741,6.6463],[101.1015,6.6374],[101.1057,6.5959],[101.1032,6.5841],[101.0982,6.5782],[101.0941,6.5737],[101.0824,6.5515],[101.08,6.5485],[101.0775,6.547],[101.0617,6.5278],[101.0343,6.4833],[101.0293,6.4774],[101.0202,6.4744],[100.9745,6.4641],[100.9447,6.4522],[100.9314,6.4433],[100.9247,6.4344],[100.9222,6.4241],[100.9189,6.4048],[100.9173,6.3811],[100.9206,6.3485],[100.9206,6.3396],[100.9173,6.3263],[100.9115,6.3189],[100.9048,6.3129],[100.889,6.304],[100.8832,6.3011],[100.8774,6.2996],[100.8724,6.2996],[100.8617,6.2981],[100.8484,6.2981],[100.8235,6.2981],[100.8268,6.307],[100.8293,6.3159],[100.8268,6.3248],[100.8152,6.3455],[100.811,6.3559],[100.8085,6.3678],[100.8052,6.4152],[100.7961,6.4344],[100.7737,6.4478],[100.762,6.4492],[100.7513,6.4492],[100.7421,6.4507],[100.7338,6.4567],[100.7313,6.4641],[100.7313,6.4863],[100.7297,6.4937],[100.7131,6.4937],[100.6483,6.4478],[100.6309,6.4448],[100.6126,6.4492],[100.5786,6.4641],[100.5172,6.4818],[100.4989,6.4907],[100.4674,6.513],[100.4524,6.5174],[100.4267,6.5144],[100.4093,6.5159],[100.3877,6.5218],[100.3777,6.5263],[100.3487,6.5411],[100.3296,6.5574],[100.318,6.5767],[100.2806,6.6893],[100.274,6.6967],[100.2632,6.6996],[100.2516,6.7011],[100.2424,6.6996],[100.2275,6.6908],[100.2275,6.6893],[100.2126,6.6893],[100.2034,6.6937],[100.1993,6.6996],[100.2043,6.71],[100.2101,6.7441],[100.2084,6.756],[100.2043,6.7619],[100.2026,6.7648],[100.1943,6.793],[100.1943,6.7989],[100.1951,6.8034],[100.1984,6.8123],[100.2009,6.8241],[100.2026,6.8286],[100.2043,6.8315],[100.2067,6.8374],[100.2101,6.8463],[100.2142,6.8686],[100.2142,6.8789],[100.2134,6.8849],[100.2117,6.8878],[100.196,6.9041],[100.1901,6.9071],[100.1843,6.91],[100.181,6.9115],[100.1652,6.9145],[100.1619,6.916],[100.1528,6.9204],[100.1495,6.9219],[100.1462,6.9219],[100.1337,6.9234],[100.1304,6.9249],[100.1246,6.9278],[100.1221,6.9293],[100.1204,6.9323],[100.1047,6.953],[100.1005,6.9589],[100.0964,6.9619],[100.0864,6.9723],[100.0764,6.9871],[100.0731,6.993],[100.0706,6.9989],[100.0706,7.0004],[100.0715,7.0049],[100.0706,7.0182],[100.069,7.033],[100.0665,7.0404],[100.0648,7.0449],[100.0557,7.0552],[100.0465,7.0641],[100.0308,7.0923],[100.0615,7.1278],[100.0723,7.1367],[100.0789,7.1382],[100.1545,7.1797],[100.1661,7.1812],[100.1702,7.1812],[100.1735,7.1812],[100.1818,7.1827],[100.1935,7.1856],[100.2325,7.199],[100.2408,7.2004],[100.2574,7.2034],[100.2607,7.2019],[100.2798,7.2064],[100.2839,7.2079],[100.2864,7.2108],[100.2906,7.2227],[100.2931,7.2271],[100.2981,7.233],[100.303,7.2345],[100.3313,7.2434],[100.3379,7.2464],[100.342,7.2508],[100.3437,7.2538],[100.3479,7.2731],[100.3487,7.276],[100.3503,7.279],[100.3537,7.2834],[100.3595,7.2879],[100.3769,7.3086],[100.3786,7.3101],[100.3794,7.2879],[100.3811,7.276],[100.3852,7.2656],[100.3935,7.2582],[100.4076,7.2582],[100.4176,7.2538],[100.4267,7.2449],[100.4109,7.2375],[100.4018,7.233],[100.3952,7.2286],[100.3927,7.2227],[100.3952,7.2108],[100.4026,7.2034],[100.4109,7.199],[100.4242,7.1708],[100.4367,7.1604],[100.4508,7.156],[100.4666,7.1575],[100.4782,7.1456],[100.4856,7.1397],[100.4948,7.1367],[100.5197,7.1353],[100.5313,7.1382],[100.5562,7.1441],[100.5811,7.1679],[100.5886,7.1797],[100.5861,7.2079],[100.5852,7.2242],[100.611,7.193],[100.7654,6.9826],[100.7845,6.9678],[100.811,6.9575],[100.8276,6.9515],[100.85,6.9619],[100.8666,6.9471],[100.8965,6.9189],[100.948,6.8804],[100.9978,6.8567],[101.0268,6.8567],[101.0683,6.8582]]],[[[100.2009,7.7724],[100.1843,7.7783],[100.176,7.7842],[100.1702,7.7916],[100.1661,7.7946],[100.1619,7.7961],[100.1296,7.802],[100.147,7.8598],[100.1553,7.8746],[100.1586,7.8761],[100.1619,7.8761],[100.1984,7.8939],[100.2308,7.9028],[100.2466,7.9087],[100.279,7.9265],[100.2898,7.9294],[100.3155,7.9354],[100.3379,7.9383],[100.3429,7.9383],[100.3678,7.8257],[100.44,7.4775],[100.5006,7.3338],[100.5545,7.2493],[100.567,7.2301],[100.5745,7.2093],[100.5736,7.1945],[100.5479,7.1975],[100.5354,7.2093],[100.4998,7.2419],[100.4798,7.2538],[100.4724,7.2582],[100.4441,7.2582],[100.4259,7.2671],[100.4392,7.2938],[100.4292,7.3264],[100.4226,7.3694],[100.4084,7.3782],[100.4101,7.4583],[100.406,7.5279],[100.3894,7.5664],[100.3586,7.5783],[100.3254,7.5738],[100.303,7.5412],[100.2956,7.5235],[100.2898,7.5175],[100.279,7.5235],[100.2723,7.5309],[100.2698,7.5368],[100.269,7.5457],[100.269,7.5575],[100.2756,7.5768],[100.3097,7.5975],[100.3238,7.6168],[100.3271,7.6553],[100.3205,7.7087],[100.3072,7.7576],[100.2889,7.7887],[100.2698,7.7961],[100.2507,7.7916],[100.2308,7.7842],[100.2109,7.7813],[100.2009,7.7724]]]]}},{"type":"Feature","id":"TH.TG","properties":{"code":"TH.TG","name_en":"Trang"},"geometry":{"type":"MultiPolygon","coordinates":[[[[99.4456,7.2508],[99.4539,7.239],[99.4406,7.2405],[99.4282,7.239],[99.4174,7.236],[99.4091,7.2301],[99.3941,7.2049],[99.3833,7.1945],[99.3784,7.2019],[99.3775,7.2523],[99.3858,7.276],[99.4058,7.2656],[99.419,7.2568],[99.4456,7.2508]]],[[[99.7444,7.8509],[99.7843,7.7605],[99.7892,7.7413],[99.7942,7.7072],[99.7959,7.7027],[99.7984,7.6983],[99.8175,7.679],[99.8191,7.6775],[99.8208,7.6731],[99.8216,7.6687],[99.8208,7.6598],[99.8191,7.6553],[99.8175,7.6509],[99.815,7.6494],[99.8125,7.6479],[99.8025,7.6435],[99.8,7.642],[99.7975,7.639],[99.7975,7.6346],[99.7967,7.6316],[99.7984,7.6153],[99.7975,7.6109],[99.7959,7.6035],[99.7975,7.5975],[99.8009,7.5901],[99.8258,7.5531],[99.8274,7.5486],[99.8282,7.5442],[99.8282,7.5294],[99.8266,7.5205],[99.8282,7.5146],[99.8316,7.5101],[99.8531,7.4879],[99.8548,7.4849],[99.8556,7.482],[99.854,7.4775],[99.8565,7.4671],[99.883,7.3931],[99.883,7.3886],[99.8847,7.3842],[99.8872,7.3797],[99.8947,7.3738],[99.9021,7.3664],[99.9046,7.3634],[99.9063,7.359],[99.9079,7.3427],[99.9104,7.3368],[99.9129,7.3323],[99.9303,7.3086],[99.9337,7.3056],[99.9395,7.3012],[99.9428,7.2968],[99.9445,7.2893],[99.9478,7.2745],[99.9478,7.2671],[99.9461,7.2612],[99.942,7.2568],[99.9403,7.2538],[99.9395,7.2508],[99.9395,7.2479],[99.9403,7.2434],[99.9478,7.2256],[99.9528,7.2093],[99.9652,7.1767],[99.9768,7.1575],[100.0308,7.0923],[100.0465,7.0641],[100.0175,7.0552],[100.0125,7.0567],[100.0059,7.0597],[99.9884,7.0686],[99.9702,7.0849],[99.9619,7.0953],[99.9378,7.1293],[99.9337,7.1353],[99.9312,7.1367],[99.9279,7.1382],[99.9245,7.1367],[99.9187,7.1323],[99.9162,7.1293],[99.9154,7.1249],[99.9129,7.116],[99.9113,7.1101],[99.8988,7.0849],[99.8955,7.079],[99.8913,7.0745],[99.8864,7.0701],[99.8839,7.0686],[99.8781,7.0701],[99.8689,7.073],[99.8424,7.0893],[99.8374,7.0938],[99.8316,7.1012],[99.8282,7.1071],[99.8241,7.1175],[99.8233,7.1204],[99.8224,7.1249],[99.8233,7.1278],[99.8249,7.1353],[99.8249,7.1382],[99.8241,7.1427],[99.8199,7.1427],[99.8141,7.1427],[99.7942,7.1353],[99.7884,7.1323],[99.7826,7.1293],[99.7701,7.1278],[99.7461,7.1293],[99.7452,7.1293],[99.7403,7.1367],[99.7237,7.1323],[99.7046,7.1219],[99.693,7.116],[99.6772,7.1234],[99.6722,7.1353],[99.6722,7.1708],[99.6373,7.1516],[99.6207,7.1367],[99.6141,7.1367],[99.6108,7.1516],[99.6033,7.1516],[99.5842,7.156],[99.5577,7.1975],[99.5402,7.2434],[99.5452,7.2656],[99.5668,7.2775],[99.585,7.3071],[99.5983,7.3427],[99.6033,7.3768],[99.5975,7.3768],[99.5693,7.3219],[99.5494,7.3012],[99.5245,7.3116],[99.5203,7.3264],[99.5253,7.3694],[99.5211,7.3842],[99.5079,7.3857],[99.4979,7.3708],[99.4913,7.3516],[99.4879,7.3353],[99.4921,7.2997],[99.4879,7.2864],[99.4705,7.2805],[99.4605,7.2834],[99.4448,7.2893],[99.4315,7.2982],[99.4257,7.3042],[99.4207,7.3071],[99.3925,7.3116],[99.3784,7.3205],[99.3659,7.3368],[99.3369,7.3842],[99.346,7.4005],[99.3477,7.4242],[99.3443,7.4686],[99.3418,7.476],[99.3319,7.4923],[99.3302,7.5027],[99.3252,7.5042],[99.3037,7.5042],[99.2954,7.5072],[99.3086,7.5279],[99.307,7.5501],[99.3003,7.5753],[99.2929,7.6212],[99.2862,7.6212],[99.2771,7.6168],[99.268,7.6168],[99.2597,7.6212],[99.2497,7.6272],[99.2464,7.6346],[99.258,7.6375],[99.2622,7.6435],[99.2572,7.6553],[99.2597,7.6553],[99.3003,7.685],[99.312,7.6938],[99.336,7.7324],[99.3394,7.7413],[99.341,7.7472],[99.3402,7.7501],[99.3178,7.7872],[99.3153,7.7931],[99.3136,7.8094],[99.3128,7.8139],[99.312,7.8168],[99.3086,7.8227],[99.307,7.8257],[99.3045,7.8272],[99.302,7.8302],[99.2995,7.8331],[99.297,7.8361],[99.2945,7.8435],[99.2945,7.8479],[99.2954,7.8524],[99.3136,7.8716],[99.3277,7.8835],[99.3319,7.8879],[99.3427,7.9072],[99.3443,7.9131],[99.346,7.9191],[99.3427,7.9309],[99.3377,7.9428],[99.3692,7.9294],[99.3767,7.9205],[99.3775,7.9176],[99.3817,7.9116],[99.3842,7.9057],[99.3867,7.9042],[99.3916,7.8998],[99.3958,7.8939],[99.3983,7.8924],[99.4008,7.8894],[99.4082,7.8894],[99.4182,7.8879],[99.4589,7.8894],[99.4639,7.8894],[99.4705,7.8879],[99.4846,7.8805],[99.4937,7.8746],[99.4996,7.8716],[99.5045,7.8716],[99.5112,7.8716],[99.5336,7.8761],[99.5369,7.8776],[99.5394,7.879],[99.5402,7.882],[99.5411,7.8894],[99.5411,7.8939],[99.5452,7.9028],[99.5469,7.9057],[99.5494,7.9087],[99.5518,7.9116],[99.5543,7.9131],[99.5568,7.9146],[99.5618,7.9191],[99.5643,7.922],[99.5668,7.9279],[99.5693,7.9339],[99.5709,7.9368],[99.5734,7.9398],[99.5767,7.9413],[99.5792,7.9428],[99.5867,7.9487],[99.5942,7.9546],[99.5992,7.9635],[99.6008,7.9665],[99.6033,7.9694],[99.6041,7.9724],[99.605,7.9754],[99.6066,7.9798],[99.6091,7.9813],[99.6116,7.9828],[99.6149,7.9842],[99.6182,7.9842],[99.6423,7.9828],[99.6514,7.9842],[99.6697,7.9887],[99.673,7.9887],[99.6946,7.9872],[99.7054,7.9872],[99.7096,7.9872],[99.7237,7.9917],[99.7278,7.9917],[99.732,7.9902],[99.7361,7.9887],[99.7386,7.9872],[99.7461,7.9798],[99.7477,7.9783],[99.7486,7.9724],[99.7477,7.9679],[99.7394,7.9457],[99.7353,7.9176],[99.7328,7.9102],[99.732,7.9028],[99.732,7.8924],[99.7361,7.8628],[99.7444,7.8509]]]]}},{"type":"Feature","id":"TH.YL","properties":{"code":"TH.YL","name_en":"Yala"},"geometry":{"type":"Polygon","coordinates":[[[101.602,6.5559],[101.6137,6.5411],[101.6128,6.5337],[101.6112,6.5307],[101.602,6.5218],[101.5954,6.5144],[101.5871,6.5026],[101.5697,6.4833],[101.5514,6.4581],[101.5431,6.4478],[101.5365,6.4433],[101.5033,6.4389],[101.485,6.4359],[101.4443,6.4226],[101.4402,6.4196],[101.4369,6.4152],[101.436,6.4122],[101.407,6.264],[101.4053,6.2374],[101.4037,6.2255],[101.402,6.2211],[101.3995,6.2181],[101.3912,6.2122],[101.3837,6.2048],[101.3821,6.2003],[101.3821,6.1959],[101.3887,6.184],[101.3954,6.1648],[101.3987,6.1588],[101.4003,6.1559],[101.402,6.1544],[101.4311,6.1366],[101.4352,6.1322],[101.4427,6.1203],[101.4435,6.1188],[101.446,6.1114],[101.4485,6.0922],[101.4493,6.0877],[101.451,6.0848],[101.4576,6.0788],[101.4634,6.0744],[101.4734,6.0714],[101.4759,6.0685],[101.4784,6.067],[101.4825,6.0611],[101.4867,6.0522],[101.4883,6.0448],[101.4842,5.984],[101.485,5.9751],[101.4858,5.9722],[101.4917,5.9603],[101.4958,5.9559],[101.4966,5.9499],[101.4975,5.9425],[101.495,5.9084],[101.495,5.9055],[101.4958,5.901],[101.5,5.8936],[101.5,5.8921],[101.3929,5.8507],[101.3572,5.8284],[101.319,5.8107],[101.28,5.8032],[101.2493,5.7869],[101.2368,5.741],[101.2335,5.7188],[101.2252,5.6995],[101.2119,5.6817],[101.197,5.6669],[101.1497,5.6388],[101.1223,5.6299],[101.1057,5.6373],[101.0941,5.6625],[101.0791,5.6877],[101.06,5.7099],[101.0376,5.7247],[101.0277,5.7262],[101.0086,5.7262],[100.9986,5.7292],[100.992,5.7381],[100.9803,5.7603],[100.972,5.7721],[100.9671,5.781],[100.9654,5.7929],[100.9679,5.8047],[100.9745,5.8151],[101.0152,5.8981],[101.0318,5.9084],[101.0526,5.9129],[101.0708,5.9203],[101.0791,5.9381],[101.0808,5.9573],[101.0874,5.9899],[101.0891,6.0462],[101.0941,6.0862],[101.0874,6.1055],[101.0683,6.1188],[101.0526,6.1351],[101.0534,6.1574],[101.0667,6.1737],[101.08,6.1811],[101.0891,6.1885],[101.0907,6.2137],[101.0883,6.2329],[101.0816,6.2463],[101.0692,6.2507],[101.0227,6.2403],[101.0061,6.2463],[100.9745,6.2729],[100.9554,6.2685],[100.9289,6.2403],[100.9098,6.2359],[100.8683,6.2463],[100.855,6.2477],[100.8426,6.2433],[100.8376,6.2374],[100.8326,6.2374],[100.8243,6.2522],[100.8218,6.2596],[100.8218,6.2892],[100.8235,6.2981],[100.8484,6.2981],[100.8617,6.2981],[100.8724,6.2996],[100.8774,6.2996],[100.8832,6.3011],[100.889,6.304],[100.9048,6.3129],[100.9115,6.3189],[100.9173,6.3263],[100.9206,6.3396],[100.9206,6.3485],[100.9173,6.3811],[100.9189,6.4048],[100.9222,6.4241],[100.9247,6.4344],[100.9314,6.4433],[100.9447,6.4522],[100.9745,6.4641],[101.0202,6.4744],[101.0293,6.4774],[101.0343,6.4833],[101.0617,6.5278],[101.0775,6.547],[101.08,6.5485],[101.0824,6.5515],[101.0941,6.5737],[101.0982,6.5782],[101.1032,6.5841],[101.1057,6.5959],[101.1015,6.6374],[101.1215,6.627],[101.1447,6.6078],[101.1522,6.6019],[101.1588,6.6004],[101.1663,6.6004],[101.1713,6.6019],[101.1771,6.6004],[101.1912,6.5959],[101.1978,6.5945],[101.2078,6.5945],[101.2177,6.5959],[101.2343,6.6019],[101.2451,6.6107],[101.2617,6.6256],[101.2634,6.627],[101.2659,6.63],[101.2675,6.633],[101.2717,6.6374],[101.285,6.6671],[101.2883,6.67],[101.2941,6.6759],[101.2983,6.6759],[101.2999,6.6745],[101.3007,6.67],[101.2999,6.6582],[101.3007,6.6508],[101.3074,6.6256],[101.3074,6.6226],[101.3074,6.6182],[101.3074,6.6152],[101.3049,6.6078],[101.3041,6.6048],[101.3041,6.6004],[101.3041,6.5974],[101.3049,6.5959],[101.3057,6.593],[101.309,6.587],[101.3124,6.5841],[101.3149,6.5796],[101.3248,6.5604],[101.3273,6.5574],[101.3331,6.5515],[101.3381,6.55],[101.3422,6.55],[101.3456,6.55],[101.3572,6.5559],[101.3746,6.5619],[101.3912,6.5633],[101.4244,6.5722],[101.4419,6.5722],[101.4526,6.5693],[101.4585,6.5693],[101.4626,6.5693],[101.4701,6.5752],[101.4767,6.5782],[101.4842,6.5841],[101.5008,6.593],[101.5091,6.5959],[101.5141,6.5959],[101.5182,6.5959],[101.5207,6.593],[101.5224,6.5915],[101.5373,6.5693],[101.5439,6.5574],[101.5464,6.5544],[101.5498,6.55],[101.5581,6.5456],[101.563,6.5441],[101.568,6.5426],[101.5788,6.5456],[101.602,6.5559]]]}},{"type":"Feature","id":"TH.CR","properties":{"code":"TH.CR","name_en":"Chiang Rai"},"geometry":{"type":"Polygon","coordinates":[[[100.3902,19.7249],[100.3827,19.719],[100.3454,19.676],[100.3371,19.6701],[100.3329,19.6686],[100.3254,19.6657],[100.2981,19.6627],[100.2931,19.6612],[100.2873,19.6582],[100.2798,19.6523],[100.2765,19.6494],[100.2748,19.6464],[100.274,19.6434],[100.2723,19.6405],[100.269,19.6375],[100.264,19.636],[100.2541,19.636],[100.2292,19.6375],[100.2258,19.6375],[100.2192,19.6345],[100.2117,19.6316],[100.186,19.6153],[100.1835,19.6123],[100.1818,19.6094],[100.1769,19.6019],[100.1686,19.5827],[100.1661,19.5768],[100.1644,19.5708],[100.1644,19.5679],[100.1652,19.5634],[100.1677,19.5575],[100.1677,19.5545],[100.1669,19.5516],[100.1661,19.5486],[100.1644,19.5471],[100.1619,19.5442],[100.1578,19.5412],[100.1553,19.5397],[100.1545,19.5367],[100.1545,19.5338],[100.1553,19.5293],[100.1561,19.5264],[100.1569,19.5234],[100.1561,19.5205],[100.1545,19.519],[100.147,19.5101],[100.1412,19.5042],[100.1395,19.5012],[100.1387,19.4997],[100.1403,19.4864],[100.1395,19.4819],[100.1395,19.479],[100.1387,19.476],[100.137,19.473],[100.132,19.4701],[100.0922,19.4553],[100.0897,19.4538],[100.0872,19.4523],[100.0856,19.4508],[100.0847,19.4478],[100.0847,19.4419],[100.0847,19.4375],[100.0839,19.4345],[100.0831,19.4316],[100.0814,19.4301],[100.0773,19.4286],[100.0715,19.4286],[100.0598,19.433],[100.0499,19.4375],[100.0465,19.4375],[100.0407,19.4375],[100.0324,19.4375],[100.0167,19.433],[100.0092,19.4316],[100.0042,19.4286],[99.9702,19.3975],[99.9594,19.3901],[99.9528,19.3871],[99.9461,19.3841],[99.9403,19.3841],[99.9337,19.3856],[99.9212,19.3915],[99.9154,19.3945],[99.9121,19.399],[99.9104,19.4064],[99.9104,19.4153],[99.9113,19.4227],[99.922,19.4582],[99.922,19.4627],[99.922,19.4671],[99.9212,19.4701],[99.9196,19.4745],[99.9179,19.476],[99.9154,19.479],[99.9096,19.4819],[99.7461,19.4553],[99.7403,19.4538],[99.7328,19.4493],[99.7203,19.4404],[99.7062,19.4316],[99.6871,19.4301],[99.6838,19.4493],[99.6739,19.4612],[99.6548,19.4701],[99.6481,19.479],[99.6456,19.4864],[99.644,19.4938],[99.6415,19.5012],[99.6357,19.5056],[99.6307,19.5086],[99.6265,19.5086],[99.6224,19.5071],[99.6191,19.5071],[99.6166,19.5042],[99.6141,19.5027],[99.6108,19.4997],[99.5958,19.479],[99.59,19.4716],[99.5875,19.4686],[99.5867,19.4641],[99.5875,19.4612],[99.5884,19.4567],[99.5884,19.4538],[99.5875,19.4493],[99.5867,19.4464],[99.5751,19.4301],[99.5734,19.4271],[99.5726,19.4227],[99.5701,19.4064],[99.5701,19.4034],[99.5709,19.3945],[99.5743,19.3886],[99.5801,19.3812],[99.5817,19.3767],[99.5826,19.3738],[99.5834,19.3664],[99.5842,19.3545],[99.5826,19.3382],[99.5817,19.3234],[99.5809,19.3175],[99.5801,19.3115],[99.5809,19.3071],[99.5817,19.3041],[99.5809,19.2982],[99.5801,19.2938],[99.5593,19.2523],[99.556,19.2434],[99.5543,19.236],[99.5552,19.2286],[99.5543,19.2226],[99.5485,19.1989],[99.5485,19.1826],[99.5435,19.1649],[99.5435,19.1604],[99.5444,19.1574],[99.5469,19.156],[99.551,19.1545],[99.5543,19.1545],[99.5585,19.1545],[99.561,19.153],[99.5635,19.1515],[99.5643,19.1456],[99.5643,19.1397],[99.5635,19.1293],[99.5618,19.1248],[99.5585,19.1204],[99.5535,19.116],[99.5469,19.1071],[99.5435,19.0982],[99.5394,19.0834],[99.5369,19.0774],[99.5336,19.073],[99.5303,19.0715],[99.5261,19.0715],[99.5128,19.0715],[99.5054,19.07],[99.4996,19.0685],[99.4971,19.0685],[99.4913,19.0641],[99.4879,19.0611],[99.4423,19.0108],[99.4373,19.0063],[99.434,19.0048],[99.4307,19.0034],[99.4273,19.0019],[99.3999,18.9989],[99.3892,19.0434],[99.3842,19.0552],[99.3759,19.0641],[99.3294,19.116],[99.3261,19.1234],[99.3103,19.1782],[99.3095,19.1856],[99.3194,19.2271],[99.3211,19.23],[99.3236,19.233],[99.3377,19.2463],[99.3394,19.2508],[99.341,19.2567],[99.3427,19.2686],[99.3418,19.2745],[99.3236,19.3367],[99.3219,19.3456],[99.3236,19.3486],[99.3302,19.3589],[99.3327,19.3649],[99.3327,19.3693],[99.3261,19.3975],[99.3128,19.4271],[99.3111,19.433],[99.3111,19.439],[99.3145,19.4523],[99.3145,19.4582],[99.3136,19.4627],[99.3111,19.473],[99.3095,19.476],[99.3078,19.4804],[99.2962,19.4923],[99.2945,19.4967],[99.2945,19.4997],[99.2954,19.5012],[99.302,19.5086],[99.3161,19.5234],[99.3186,19.5264],[99.3211,19.5308],[99.3236,19.5382],[99.3236,19.5427],[99.3219,19.5471],[99.3169,19.5516],[99.3136,19.553],[99.312,19.556],[99.3086,19.5605],[99.3062,19.5664],[99.2995,19.5871],[99.2979,19.5931],[99.2954,19.596],[99.292,19.5975],[99.2837,19.5975],[99.2796,19.5975],[99.2754,19.6019],[99.2713,19.6094],[99.2638,19.6256],[99.2622,19.6345],[99.2613,19.6419],[99.2622,19.6449],[99.263,19.6494],[99.2646,19.6523],[99.2663,19.6553],[99.2705,19.6612],[99.2804,19.6686],[99.302,19.6805],[99.3053,19.682],[99.307,19.6849],[99.3095,19.6879],[99.312,19.6938],[99.3136,19.6968],[99.3161,19.6997],[99.3186,19.7012],[99.3244,19.7057],[99.3277,19.7071],[99.3319,19.7071],[99.336,19.7071],[99.3394,19.7057],[99.3427,19.7071],[99.346,19.7086],[99.3485,19.7145],[99.3518,19.7175],[99.3584,19.7294],[99.3659,19.7649],[99.3676,19.7709],[99.3701,19.7738],[99.3767,19.7812],[99.3784,19.7857],[99.3817,19.7946],[99.3825,19.799],[99.385,19.8005],[99.3875,19.8034],[99.39,19.8049],[99.3933,19.8079],[99.3966,19.8079],[99.4091,19.8094],[99.4132,19.8109],[99.4174,19.8138],[99.4182,19.8168],[99.4165,19.8212],[99.4149,19.8272],[99.4132,19.836],[99.4116,19.842],[99.4091,19.8449],[99.3999,19.8494],[99.3966,19.8523],[99.3925,19.8568],[99.39,19.8612],[99.3858,19.8835],[99.3858,19.8894],[99.3875,19.8938],[99.3916,19.8998],[99.3933,19.9027],[99.3958,19.9042],[99.3991,19.9057],[99.4024,19.9072],[99.4058,19.9131],[99.4099,19.9205],[99.4174,19.9516],[99.4199,19.9575],[99.4224,19.959],[99.4315,19.9649],[99.439,19.9709],[99.4423,19.9724],[99.4456,19.9738],[99.4489,19.9753],[99.4531,19.9753],[99.4572,19.9753],[99.4713,19.9709],[99.4796,19.9694],[99.4987,19.9738],[99.5004,19.9738],[99.5037,19.9724],[99.5087,19.9694],[99.512,19.9664],[99.5228,19.9635],[99.5253,19.962],[99.5278,19.959],[99.5311,19.9531],[99.5328,19.9457],[99.5328,19.9412],[99.5328,19.9383],[99.5344,19.9338],[99.5377,19.9294],[99.5402,19.9264],[99.5502,19.9175],[99.5535,19.9161],[99.5568,19.9175],[99.5618,19.922],[99.5701,19.9442],[99.5726,19.9487],[99.5801,19.9561],[99.5875,19.9753],[99.59,20.0079],[99.5892,20.0138],[99.5867,20.0168],[99.5834,20.0183],[99.5801,20.0198],[99.556,20.0227],[99.5518,20.0242],[99.546,20.0272],[99.5411,20.0316],[99.5352,20.0405],[99.5328,20.042],[99.5162,20.0494],[99.5103,20.0538],[99.507,20.0568],[99.5045,20.0627],[99.5029,20.0716],[99.5029,20.0761],[99.5045,20.0805],[99.507,20.0835],[99.5103,20.085],[99.5328,20.0909],[99.5352,20.0924],[99.556,20.1057],[99.5601,20.1102],[99.5643,20.1161],[99.5651,20.1205],[99.5643,20.1235],[99.5618,20.1264],[99.5552,20.1279],[99.5394,20.1324],[99.5319,20.1353],[99.5261,20.1383],[99.5162,20.1457],[99.5087,20.1531],[99.5103,20.1531],[99.5203,20.1709],[99.5261,20.1961],[99.5186,20.2124],[99.4863,20.245],[99.4747,20.3042],[99.4663,20.322],[99.4298,20.3591],[99.4207,20.3754],[99.4398,20.3828],[99.4539,20.3769],[99.5029,20.3457],[99.5801,20.3205],[99.5892,20.3205],[99.6075,20.3235],[99.6182,20.322],[99.6274,20.3191],[99.6423,20.3087],[99.6523,20.3072],[99.6714,20.3102],[99.7087,20.325],[99.7295,20.328],[99.7693,20.328],[99.7876,20.3339],[99.8042,20.3487],[99.8133,20.365],[99.8266,20.402],[99.8374,20.4169],[99.8556,20.4287],[99.8781,20.4346],[99.9328,20.442],[99.937,20.445],[99.942,20.4435],[99.9528,20.4361],[99.9586,20.4272],[99.9611,20.4183],[99.9644,20.408],[99.9743,20.4006],[99.986,20.3872],[99.9967,20.3843],[100.0084,20.3843],[100.0233,20.3813],[100.0358,20.3724],[100.0424,20.365],[100.0474,20.3546],[100.0557,20.3443],[100.0997,20.3176],[100.0972,20.2835],[100.103,20.2642],[100.1163,20.2479],[100.1345,20.2391],[100.1528,20.2391],[100.1677,20.2539],[100.1669,20.2924],[100.176,20.3013],[100.1794,20.3028],[100.2018,20.3102],[100.2076,20.3117],[100.2092,20.3131],[100.2209,20.3487],[100.2408,20.3724],[100.2698,20.3917],[100.3064,20.3991],[100.3445,20.3902],[100.3645,20.3694],[100.4217,20.2509],[100.4475,20.2183],[100.4524,20.2109],[100.4574,20.1961],[100.4607,20.1902],[100.469,20.1857],[100.4856,20.1783],[100.489,20.1739],[100.4964,20.165],[100.513,20.1546],[100.5296,20.1502],[100.5363,20.1531],[100.5421,20.1665],[100.5462,20.1679],[100.5487,20.1576],[100.5504,20.1072],[100.5437,20.0672],[100.5188,19.9961],[100.4923,19.9324],[100.4881,19.8968],[100.484,19.8805],[100.474,19.8657],[100.4657,19.8598],[100.4466,19.8523],[100.4383,19.8479],[100.4317,19.839],[100.4209,19.8109],[100.4076,19.7946],[100.3835,19.7634],[100.3794,19.7457],[100.3835,19.7323],[100.3902,19.7249]]]}},{"type":"Feature","id":"TH.CM","properties":{"code":"TH.CM","name_en":"Chiang Mai"},"geometry":{"type":"Polygon","coordinates":[[[99.3999,18.9989],[99.3767,18.9841],[99.3717,18.9752],[99.3717,18.9722],[99.3767,18.9589],[99.3792,18.9515],[99.3792,18.9441],[99.3742,18.913],[99.3717,18.9041],[99.3684,18.8967],[99.3659,18.8952],[99.3593,18.8922],[99.3468,18.8878],[99.3418,18.8848],[99.336,18.8789],[99.3269,18.8685],[99.3244,18.8626],[99.3236,18.8581],[99.3252,18.8552],[99.3277,18.8537],[99.3311,18.8522],[99.3352,18.8522],[99.3418,18.8552],[99.3443,18.8552],[99.3477,18.8507],[99.3485,18.83],[99.351,18.8226],[99.3543,18.8078],[99.3568,18.8004],[99.3601,18.7944],[99.3626,18.793],[99.3634,18.787],[99.3651,18.7796],[99.3651,18.7648],[99.3643,18.7574],[99.3626,18.753],[99.3609,18.75],[99.3518,18.7396],[99.3477,18.7337],[99.3344,18.6966],[99.3319,18.6863],[99.3311,18.6789],[99.3385,18.6641],[99.3402,18.6596],[99.3394,18.6552],[99.3369,18.6537],[99.3327,18.6507],[99.3294,18.6463],[99.3244,18.6359],[99.3228,18.6285],[99.3236,18.6255],[99.3261,18.6226],[99.3327,18.6196],[99.336,18.6181],[99.3394,18.6181],[99.3443,18.6166],[99.3485,18.6166],[99.3518,18.6137],[99.3543,18.6063],[99.3526,18.5989],[99.3501,18.587],[99.3477,18.5811],[99.3443,18.5781],[99.3369,18.5752],[99.3327,18.5722],[99.3286,18.5663],[99.3269,18.5589],[99.3269,18.5485],[99.3261,18.5426],[99.3236,18.5366],[99.3219,18.5351],[99.3145,18.5292],[99.3095,18.5337],[99.2954,18.5396],[99.2896,18.5426],[99.2613,18.5663],[99.2456,18.5752],[99.2198,18.5914],[99.2173,18.5944],[99.2157,18.5959],[99.214,18.6003],[99.214,18.6033],[99.2148,18.6077],[99.2173,18.6107],[99.2215,18.6122],[99.2248,18.6152],[99.2273,18.6181],[99.229,18.6226],[99.2281,18.63],[99.2273,18.6344],[99.2223,18.6492],[99.2207,18.6522],[99.2182,18.6537],[99.2148,18.6552],[99.2082,18.6581],[99.2049,18.6596],[99.2024,18.6626],[99.2007,18.6655],[99.1991,18.6685],[99.1858,18.6833],[99.1841,18.6863],[99.1841,18.6892],[99.1858,18.6952],[99.1866,18.6981],[99.185,18.7011],[99.1833,18.7041],[99.18,18.7055],[99.1767,18.707],[99.1659,18.7041],[99.1435,18.7041],[99.136,18.7026],[99.1327,18.7011],[99.1285,18.6966],[99.1161,18.6848],[99.1111,18.6803],[99.1069,18.6789],[99.102,18.6789],[99.0845,18.6789],[99.0812,18.6774],[99.0771,18.6774],[99.0729,18.6759],[99.0696,18.6729],[99.0522,18.6566],[99.048,18.6552],[99.0447,18.6537],[99.043,18.6552],[99.0414,18.6566],[99.0389,18.6596],[99.0347,18.6641],[99.0322,18.667],[99.0297,18.6685],[99.0264,18.67],[99.0239,18.67],[99.0214,18.67],[99.0173,18.67],[99.014,18.67],[99.0107,18.667],[99.0057,18.6611],[98.9783,18.6077],[98.9667,18.6018],[98.9584,18.5826],[98.9326,18.5455],[98.9268,18.5292],[98.8347,18.4848],[98.794,18.4537],[98.7749,18.4433],[98.716,18.4314],[98.7002,18.4225],[98.7077,18.4122],[98.7085,18.4018],[98.7044,18.3899],[98.6969,18.3781],[98.6911,18.3662],[98.6961,18.3559],[98.7027,18.347],[98.7069,18.3366],[98.7027,18.3336],[98.6836,18.3114],[98.6811,18.301],[98.6911,18.2966],[98.716,18.2892],[98.7807,18.2536],[98.7865,18.2492],[98.7907,18.2433],[98.7932,18.2373],[98.794,18.2344],[98.7957,18.2225],[98.7982,18.181],[98.7998,18.1721],[98.8015,18.1677],[98.809,18.1603],[98.8114,18.1573],[98.8131,18.1544],[98.8156,18.1484],[98.8164,18.144],[98.8173,18.0981],[98.8189,18.0906],[98.8181,18.0788],[98.804,18.0003],[98.809,17.981],[98.8114,17.9736],[98.8131,17.9706],[98.8156,17.9692],[98.8189,17.9677],[98.8231,17.9677],[98.8264,17.9677],[98.8397,17.9706],[98.8455,17.9706],[98.8496,17.9692],[98.8529,17.9677],[98.8554,17.9647],[98.8571,17.9617],[98.8646,17.9336],[98.8745,17.9069],[98.8762,17.9025],[98.8787,17.8921],[98.8812,17.8847],[98.887,17.8728],[98.8878,17.8684],[98.8911,17.8536],[98.8936,17.8477],[98.8953,17.8447],[98.8969,17.8417],[98.9044,17.8343],[98.9069,17.8328],[98.9086,17.8299],[98.9102,17.8269],[98.9102,17.8225],[98.9102,17.818],[98.9028,17.7854],[98.9019,17.7825],[98.8994,17.7751],[98.8978,17.7632],[98.8978,17.7454],[98.8961,17.7425],[98.8945,17.741],[98.8886,17.7365],[98.8861,17.7351],[98.8845,17.7321],[98.8812,17.7291],[98.8754,17.7262],[98.8629,17.7247],[98.8571,17.7232],[98.8529,17.7202],[98.8496,17.7188],[98.8471,17.7173],[98.843,17.7158],[98.8388,17.7158],[98.8339,17.7173],[98.8272,17.7188],[98.8056,17.7336],[98.7666,17.7513],[98.7509,17.7573],[98.7102,17.7558],[98.6994,17.7499],[98.6886,17.7454],[98.6637,17.7365],[98.6612,17.7351],[98.6579,17.7336],[98.6554,17.7306],[98.6537,17.7291],[98.6504,17.7217],[98.6488,17.7188],[98.6479,17.7158],[98.6488,17.7113],[98.6504,17.7054],[98.6504,17.701],[98.6488,17.698],[98.6471,17.695],[98.6421,17.6906],[98.6388,17.6891],[98.6338,17.6847],[98.6313,17.6832],[98.6205,17.6743],[98.6189,17.6728],[98.6164,17.6699],[98.6114,17.6654],[98.6097,17.6624],[98.6089,17.658],[98.6097,17.655],[98.6106,17.6521],[98.6122,17.6491],[98.6131,17.6447],[98.6139,17.6417],[98.6139,17.6328],[98.6147,17.6299],[98.6156,17.6269],[98.6222,17.6195],[98.6239,17.6165],[98.6255,17.6136],[98.6272,17.6061],[98.6263,17.6017],[98.6255,17.5973],[98.6247,17.5943],[98.6205,17.5884],[98.6172,17.5824],[98.6122,17.5735],[98.6089,17.5721],[98.6048,17.5691],[98.5815,17.5661],[98.5782,17.5661],[98.5608,17.5587],[98.5583,17.5573],[98.5558,17.5558],[98.5533,17.5528],[98.5508,17.5498],[98.5458,17.541],[98.5359,17.5143],[98.5334,17.4995],[98.5317,17.4861],[98.5334,17.4684],[98.535,17.4609],[98.5359,17.458],[98.5384,17.455],[98.54,17.4535],[98.5583,17.4387],[98.5624,17.4328],[98.5649,17.4269],[98.5666,17.4224],[98.5674,17.415],[98.5674,17.4106],[98.5658,17.4017],[98.5641,17.3943],[98.5591,17.3809],[98.5516,17.3706],[98.5508,17.3661],[98.55,17.3632],[98.55,17.3602],[98.5516,17.3572],[98.5541,17.3543],[98.5575,17.3528],[98.5649,17.3513],[98.5682,17.3498],[98.5699,17.3469],[98.5716,17.3439],[98.5716,17.3409],[98.5716,17.3365],[98.5707,17.3335],[98.5707,17.3291],[98.5724,17.3187],[98.5732,17.3143],[98.5691,17.2965],[98.5674,17.2935],[98.5658,17.2906],[98.5624,17.2876],[98.555,17.2846],[98.5417,17.2817],[98.5309,17.2772],[98.5052,17.2713],[98.4927,17.2698],[98.4744,17.2713],[98.4703,17.2698],[98.467,17.2683],[98.4363,17.252],[98.4329,17.2505],[98.428,17.2505],[98.4222,17.2491],[98.4155,17.2505],[98.4105,17.252],[98.4072,17.2535],[98.4022,17.258],[98.3981,17.2624],[98.3956,17.2639],[98.3923,17.2668],[98.3823,17.2698],[98.379,17.2728],[98.3765,17.2743],[98.3699,17.2817],[98.3674,17.2831],[98.3641,17.2861],[98.3475,17.292],[98.3416,17.2965],[98.3392,17.298],[98.3375,17.3009],[98.3358,17.3039],[98.335,17.3083],[98.335,17.3128],[98.3367,17.3202],[98.3392,17.3261],[98.3392,17.3335],[98.3392,17.3409],[98.33,17.375],[98.3284,17.378],[98.3267,17.3809],[98.3151,17.3928],[98.3143,17.3958],[98.3143,17.4002],[98.3176,17.4061],[98.3217,17.4091],[98.3309,17.415],[98.3333,17.4165],[98.335,17.4195],[98.335,17.4239],[98.3342,17.4283],[98.3309,17.4328],[98.3267,17.4358],[98.3192,17.4387],[98.3159,17.4402],[98.3143,17.4446],[98.3143,17.4506],[98.3226,17.4847],[98.325,17.5069],[98.3242,17.5143],[98.3226,17.5232],[98.3076,17.5647],[98.306,17.5676],[98.3035,17.5706],[98.3001,17.5721],[98.2893,17.575],[98.286,17.5765],[98.2827,17.5765],[98.2786,17.575],[98.2752,17.5735],[98.2719,17.5735],[98.2678,17.5721],[98.2644,17.5735],[98.2611,17.5765],[98.2595,17.581],[98.2578,17.5943],[98.2578,17.6328],[98.2586,17.6402],[98.2603,17.6491],[98.2636,17.6536],[98.2686,17.6595],[98.286,17.6713],[98.2943,17.6787],[98.3026,17.6965],[98.2462,17.7188],[98.2337,17.7291],[98.2329,17.738],[98.2271,17.7513],[98.2163,17.7647],[98.213,17.7736],[98.2122,17.778],[98.213,17.781],[98.2163,17.7839],[98.2196,17.7854],[98.2229,17.7869],[98.2254,17.7899],[98.2246,17.7988],[98.2246,17.8032],[98.2263,17.8077],[98.2279,17.8106],[98.2362,17.8165],[98.2395,17.818],[98.2412,17.821],[98.2437,17.8254],[98.2429,17.8328],[98.2404,17.8402],[98.2362,17.8462],[98.2312,17.8521],[98.2271,17.8565],[98.2238,17.858],[98.2196,17.8595],[98.2146,17.8625],[98.2072,17.8684],[98.1864,17.8951],[98.1814,17.8995],[98.1565,17.9306],[98.1532,17.9321],[98.1225,17.9499],[98.1026,17.9677],[98.0976,17.9736],[98.0943,17.9795],[98.0868,17.9973],[98.0835,18.0151],[98.0835,18.0195],[98.0835,18.0255],[98.0852,18.0284],[98.0885,18.0343],[98.0893,18.0373],[98.0943,18.061],[98.0959,18.064],[98.0993,18.0699],[98.1034,18.0744],[98.1059,18.0773],[98.1117,18.0803],[98.1217,18.0847],[98.125,18.0862],[98.1267,18.0906],[98.1275,18.0966],[98.1267,18.1069],[98.125,18.1129],[98.1225,18.1188],[98.1092,18.1381],[98.1059,18.147],[98.1051,18.1529],[98.1092,18.1677],[98.1092,18.1707],[98.1101,18.1944],[98.1084,18.2077],[98.1059,18.2136],[98.1034,18.2196],[98.0943,18.2284],[98.0918,18.2329],[98.0918,18.2373],[98.1051,18.2788],[98.1109,18.2922],[98.1175,18.3025],[98.1192,18.3085],[98.1184,18.3129],[98.1167,18.3159],[98.1092,18.3203],[98.1042,18.3248],[98.1018,18.3292],[98.1009,18.3351],[98.1001,18.341],[98.1001,18.3455],[98.1001,18.3485],[98.1009,18.3514],[98.1034,18.3544],[98.1051,18.3573],[98.1076,18.3603],[98.1491,18.3929],[98.1532,18.3988],[98.1599,18.4107],[98.1624,18.4166],[98.1648,18.4285],[98.1682,18.4359],[98.1698,18.4388],[98.1723,18.4403],[98.1748,18.4418],[98.1781,18.4418],[98.1839,18.4388],[98.1881,18.4374],[98.1922,18.4374],[98.1956,18.4374],[98.1997,18.4388],[98.203,18.4418],[98.2063,18.4448],[98.2097,18.4522],[98.2097,18.4551],[98.208,18.4596],[98.2022,18.4625],[98.1964,18.467],[98.1856,18.4744],[98.1823,18.4759],[98.1748,18.4774],[98.1715,18.4788],[98.1673,18.4803],[98.1607,18.4833],[98.1582,18.4848],[98.13,18.5174],[98.1159,18.5396],[98.1134,18.5455],[98.1142,18.55],[98.1159,18.5574],[98.1184,18.5648],[98.1175,18.5989],[98.1159,18.6063],[98.1142,18.6122],[98.1059,18.6226],[98.1018,18.6315],[98.1001,18.6374],[98.1001,18.6418],[98.1009,18.6448],[98.1034,18.6478],[98.1076,18.6537],[98.1092,18.6566],[98.1101,18.6611],[98.1101,18.67],[98.1084,18.6863],[98.1084,18.7011],[98.1084,18.7055],[98.1084,18.7174],[98.1084,18.7263],[98.1101,18.7337],[98.1134,18.7441],[98.1159,18.747],[98.1192,18.7559],[98.1209,18.7648],[98.1209,18.7692],[98.1192,18.7737],[98.1159,18.7752],[98.1126,18.7752],[98.1051,18.7737],[98.1009,18.7752],[98.0984,18.7767],[98.0959,18.7826],[98.0852,18.8137],[98.0835,18.8241],[98.0835,18.83],[98.1126,18.8907],[98.1209,18.9204],[98.1233,18.9382],[98.1233,18.9456],[98.1225,18.95],[98.1192,18.9604],[98.1101,18.9856],[98.1084,18.9915],[98.1084,18.9974],[98.1092,19.0004],[98.1101,19.0019],[98.1316,19.0419],[98.1325,19.0463],[98.1325,19.0508],[98.1184,19.0789],[98.1184,19.0834],[98.12,19.0863],[98.1217,19.0893],[98.1275,19.0937],[98.1399,19.1011],[98.1449,19.1056],[98.1474,19.11],[98.1499,19.113],[98.1532,19.1248],[98.1557,19.1456],[98.1582,19.15],[98.1624,19.1515],[98.1657,19.1515],[98.1698,19.1515],[98.1731,19.1545],[98.1798,19.1604],[98.1831,19.1619],[98.1864,19.1634],[98.1906,19.1649],[98.2039,19.1649],[98.208,19.1634],[98.2113,19.1634],[98.2138,19.1604],[98.218,19.156],[98.2205,19.153],[98.2229,19.1515],[98.2271,19.15],[98.2354,19.1486],[98.2387,19.1471],[98.242,19.1456],[98.247,19.1411],[98.2611,19.1278],[98.2636,19.1248],[98.2727,19.1026],[98.2752,19.0997],[98.2777,19.0982],[98.2802,19.0952],[98.2943,19.0863],[98.2993,19.0819],[98.3035,19.076],[98.3068,19.07],[98.3184,19.0582],[98.3217,19.0522],[98.3267,19.0434],[98.3284,19.0419],[98.3342,19.0359],[98.3367,19.0345],[98.3433,19.0315],[98.3466,19.0315],[98.3549,19.03],[98.3865,19.0315],[98.4039,19.03],[98.4197,19.0271],[98.4346,19.0226],[98.4446,19.0167],[98.4545,19.0093],[98.4578,19.0078],[98.4612,19.0078],[98.4653,19.0108],[98.4753,19.0315],[98.4778,19.0345],[98.4803,19.0359],[98.4836,19.0374],[98.4869,19.0374],[98.4919,19.0374],[98.5043,19.0345],[98.5334,19.0256],[98.5417,19.0241],[98.5458,19.0241],[98.5533,19.0256],[98.5575,19.0271],[98.5608,19.0285],[98.5732,19.0345],[98.5832,19.0389],[98.5873,19.0389],[98.6048,19.0404],[98.6131,19.0419],[98.6164,19.0434],[98.6222,19.0463],[98.6363,19.0552],[98.6405,19.0597],[98.6446,19.0671],[98.6512,19.0834],[98.6554,19.1011],[98.6504,19.1248],[98.6496,19.1278],[98.6247,19.1678],[98.6172,19.1752],[98.5965,19.1915],[98.594,19.1945],[98.5915,19.1989],[98.589,19.2034],[98.589,19.2078],[98.5898,19.2123],[98.5981,19.2315],[98.6097,19.276],[98.6114,19.2863],[98.6106,19.2952],[98.6106,19.3145],[98.6097,19.3219],[98.6073,19.3293],[98.6056,19.3397],[98.6056,19.3486],[98.6056,19.3545],[98.6039,19.3589],[98.6023,19.3619],[98.5998,19.3649],[98.5973,19.3678],[98.5948,19.3738],[98.5923,19.3841],[98.5931,19.3886],[98.5948,19.3945],[98.599,19.4004],[98.6006,19.4049],[98.6006,19.4108],[98.5998,19.4197],[98.6006,19.439],[98.6023,19.4508],[98.6073,19.4671],[98.6081,19.473],[98.6081,19.479],[98.6073,19.4819],[98.6039,19.4893],[98.6006,19.4953],[98.5931,19.5027],[98.5882,19.5056],[98.5815,19.5086],[98.579,19.5116],[98.5774,19.5145],[98.5765,19.5175],[98.5757,19.5382],[98.5749,19.5412],[98.5732,19.5442],[98.5707,19.5471],[98.5633,19.553],[98.5608,19.556],[98.5599,19.559],[98.555,19.5723],[98.5533,19.5797],[98.5516,19.6049],[98.55,19.6079],[98.5475,19.6108],[98.545,19.6123],[98.5209,19.6271],[98.5126,19.6331],[98.5027,19.6419],[98.501,19.6434],[98.4994,19.6449],[98.491,19.6538],[98.4827,19.6642],[98.4794,19.6731],[98.4761,19.6938],[98.4778,19.7057],[98.4886,19.7071],[98.4977,19.7012],[98.5052,19.6908],[98.5151,19.6834],[98.5326,19.676],[98.5367,19.6775],[98.5384,19.6834],[98.5483,19.6923],[98.5682,19.6997],[98.5907,19.7042],[98.5981,19.7086],[98.6156,19.7294],[98.6239,19.7368],[98.6413,19.7457],[98.7301,19.7575],[98.7492,19.7634],[98.8081,19.8064],[98.838,19.7931],[98.8521,19.7842],[98.8646,19.7738],[98.8837,19.7457],[98.8994,19.7486],[98.9351,19.7738],[98.9741,19.7886],[98.9874,19.799],[99.0007,19.8212],[99.009,19.8464],[99.0073,19.8642],[99.0024,19.8835],[98.999,19.9072],[99.0015,19.9175],[99.0065,19.9249],[99.0107,19.9309],[99.0131,19.9353],[99.0131,19.9442],[99.0073,19.962],[99.0057,19.9724],[99.0165,20.0405],[99.0364,20.0746],[99.0737,20.1013],[99.1177,20.1176],[99.1584,20.1235],[99.1775,20.122],[99.219,20.1102],[99.2364,20.1027],[99.2754,20.0716],[99.2954,20.0627],[99.3211,20.0657],[99.4414,20.1013],[99.4747,20.1279],[99.4871,20.1413],[99.4996,20.1472],[99.5087,20.1531],[99.5162,20.1457],[99.5261,20.1383],[99.5319,20.1353],[99.5394,20.1324],[99.5552,20.1279],[99.5618,20.1264],[99.5643,20.1235],[99.5651,20.1205],[99.5643,20.1161],[99.5601,20.1102],[99.556,20.1057],[99.5352,20.0924],[99.5328,20.0909],[99.5103,20.085],[99.507,20.0835],[99.5045,20.0805],[99.5029,20.0761],[99.5029,20.0716],[99.5045,20.0627],[99.507,20.0568],[99.5103,20.0538],[99.5162,20.0494],[99.5328,20.042],[99.5352,20.0405],[99.5411,20.0316],[99.546,20.0272],[99.5518,20.0242],[99.556,20.0227],[99.5801,20.0198],[99.5834,20.0183],[99.5867,20.0168],[99.5892,20.0138],[99.59,20.0079],[99.5875,19.9753],[99.5801,19.9561],[99.5726,19.9487],[99.5701,19.9442],[99.5618,19.922],[99.5568,19.9175],[99.5535,19.9161],[99.5502,19.9175],[99.5402,19.9264],[99.5377,19.9294],[99.5344,19.9338],[99.5328,19.9383],[99.5328,19.9412],[99.5328,19.9457],[99.5311,19.9531],[99.5278,19.959],[99.5253,19.962],[99.5228,19.9635],[99.512,19.9664],[99.5087,19.9694],[99.5037,19.9724],[99.5004,19.9738],[99.4987,19.9738],[99.4796,19.9694],[99.4713,19.9709],[99.4572,19.9753],[99.4531,19.9753],[99.4489,19.9753],[99.4456,19.9738],[99.4423,19.9724],[99.439,19.9709],[99.4315,19.9649],[99.4224,19.959],[99.4199,19.9575],[99.4174,19.9516],[99.4099,19.9205],[99.4058,19.9131],[99.4024,19.9072],[99.3991,19.9057],[99.3958,19.9042],[99.3933,19.9027],[99.3916,19.8998],[99.3875,19.8938],[99.3858,19.8894],[99.3858,19.8835],[99.39,19.8612],[99.3925,19.8568],[99.3966,19.8523],[99.3999,19.8494],[99.4091,19.8449],[99.4116,19.842],[99.4132,19.836],[99.4149,19.8272],[99.4165,19.8212],[99.4182,19.8168],[99.4174,19.8138],[99.4132,19.8109],[99.4091,19.8094],[99.3966,19.8079],[99.3933,19.8079],[99.39,19.8049],[99.3875,19.8034],[99.385,19.8005],[99.3825,19.799],[99.3817,19.7946],[99.3784,19.7857],[99.3767,19.7812],[99.3701,19.7738],[99.3676,19.7709],[99.3659,19.7649],[99.3584,19.7294],[99.3518,19.7175],[99.3485,19.7145],[99.346,19.7086],[99.3427,19.7071],[99.3394,19.7057],[99.336,19.7071],[99.3319,19.7071],[99.3277,19.7071],[99.3244,19.7057],[99.3186,19.7012],[99.3161,19.6997],[99.3136,19.6968],[99.312,19.6938],[99.3095,19.6879],[99.307,19.6849],[99.3053,19.682],[99.302,19.6805],[99.2804,19.6686],[99.2705,19.6612],[99.2663,19.6553],[99.2646,19.6523],[99.263,19.6494],[99.2622,19.6449],[99.2613,19.6419],[99.2622,19.6345],[99.2638,19.6256],[99.2713,19.6094],[99.2754,19.6019],[99.2796,19.5975],[99.2837,19.5975],[99.292,19.5975],[99.2954,19.596],[99.2979,19.5931],[99.2995,19.5871],[99.3062,19.5664],[99.3086,19.5605],[99.312,19.556],[99.3136,19.553],[99.3169,19.5516],[99.3219,19.5471],[99.3236,19.5427],[99.3236,19.5382],[99.3211,19.5308],[99.3186,19.5264],[99.3161,19.5234],[99.302,19.5086],[99.2954,19.5012],[99.2945,19.4997],[99.2945,19.4967],[99.2962,19.4923],[99.3078,19.4804],[99.3095,19.476],[99.3111,19.473],[99.3136,19.4627],[99.3145,19.4582],[99.3145,19.4523],[99.3111,19.439],[99.3111,19.433],[99.3128,19.4271],[99.3261,19.3975],[99.3327,19.3693],[99.3327,19.3649],[99.3302,19.3589],[99.3236,19.3486],[99.3219,19.3456],[99.3236,19.3367],[99.3418,19.2745],[99.3427,19.2686],[99.341,19.2567],[99.3394,19.2508],[99.3377,19.2463],[99.3236,19.233],[99.3211,19.23],[99.3194,19.2271],[99.3095,19.1856],[99.3103,19.1782],[99.3261,19.1234],[99.3294,19.116],[99.3759,19.0641],[99.3842,19.0552],[99.3892,19.0434],[99.3999,18.9989]]]}},{"type":"Feature","id":"TH.LG","properties":{"code":"TH.LG","name_en":"Lampang"},"geometry":{"type":"Polygon","coordinates":[[[99.6871,19.4301],[99.6888,19.4049],[99.6979,19.3723],[99.6988,19.3693],[99.6971,19.3575],[99.6979,19.3515],[99.7013,19.3441],[99.7087,19.3308],[99.7104,19.3234],[99.7104,19.3175],[99.7054,19.3101],[99.7037,19.3056],[99.7029,19.3026],[99.7021,19.2938],[99.7046,19.2597],[99.7054,19.2552],[99.7054,19.2523],[99.7062,19.2478],[99.7062,19.2434],[99.7096,19.2286],[99.712,19.2226],[99.7179,19.2108],[99.722,19.2004],[99.7286,19.1841],[99.7303,19.1812],[99.7311,19.1767],[99.7311,19.1723],[99.7328,19.1678],[99.7361,19.1604],[99.761,19.1234],[99.7643,19.116],[99.766,19.11],[99.7668,19.1071],[99.7726,19.0848],[99.7784,19.0715],[99.7818,19.0656],[99.7851,19.0626],[99.7901,19.0597],[99.8017,19.0552],[99.8083,19.0537],[99.8141,19.0537],[99.8183,19.0522],[99.8224,19.0508],[99.839,19.0271],[99.8415,19.0226],[99.8415,19.0182],[99.8415,19.0152],[99.8399,19.0078],[99.8407,19.0048],[99.8415,19.0019],[99.8432,19.0004],[99.8457,18.9989],[99.849,18.9974],[99.859,18.9959],[99.8656,18.9945],[99.8706,18.9945],[99.8781,18.9959],[99.8822,18.9974],[99.8864,18.9959],[99.9013,18.9885],[99.9079,18.9871],[99.9129,18.9871],[99.9212,18.9871],[99.927,18.9856],[99.9312,18.9856],[99.9378,18.9826],[99.9411,18.9796],[99.9453,18.9752],[99.9519,18.9663],[99.9544,18.9604],[99.9577,18.9515],[99.9619,18.9426],[99.9644,18.9396],[99.9785,18.9293],[100.0275,18.9011],[100.0358,18.8967],[100.0457,18.8907],[100.0607,18.8789],[100.0698,18.8641],[100.0731,18.8567],[100.0731,18.8507],[100.0715,18.8433],[100.0706,18.8389],[100.0706,18.8359],[100.0715,18.8315],[100.0723,18.8285],[100.0739,18.8256],[100.0764,18.8226],[100.0798,18.8211],[100.0864,18.8226],[100.0972,18.8241],[100.1213,18.8122],[100.1312,18.7915],[100.1304,18.7767],[100.1279,18.7692],[100.1262,18.7663],[100.1213,18.7574],[100.1154,18.7515],[100.1146,18.75],[100.1096,18.7396],[100.1088,18.7352],[100.108,18.7307],[100.1105,18.7233],[100.1113,18.7204],[100.1138,18.7129],[100.1179,18.6863],[100.1188,18.67],[100.1163,18.6596],[100.1113,18.6418],[100.1105,18.6344],[100.1105,18.63],[100.1121,18.6255],[100.1146,18.6196],[100.1221,18.6107],[100.1246,18.6033],[100.1237,18.5944],[100.1204,18.5781],[100.1171,18.5707],[100.1146,18.5663],[100.1121,18.5648],[100.108,18.5633],[100.1047,18.5648],[100.098,18.5663],[100.0947,18.5663],[100.0922,18.5648],[100.0864,18.5618],[100.0822,18.5603],[100.0748,18.5589],[100.0698,18.5574],[100.0656,18.5544],[100.0607,18.5455],[100.0582,18.5396],[100.0573,18.5337],[100.059,18.5159],[100.0582,18.51],[100.0573,18.504],[100.0524,18.4907],[100.0366,18.467],[100.0034,18.4048],[100.0001,18.4003],[99.9951,18.3974],[99.9884,18.3929],[99.9752,18.3885],[99.9718,18.387],[99.9694,18.384],[99.9669,18.3825],[99.9536,18.3559],[99.9503,18.3514],[99.9453,18.347],[99.9428,18.344],[99.9137,18.2936],[99.9096,18.2892],[99.9046,18.2847],[99.8988,18.2818],[99.8913,18.2788],[99.8747,18.2773],[99.8673,18.2744],[99.8648,18.2729],[99.8615,18.2684],[99.849,18.2507],[99.8407,18.2403],[99.8183,18.2255],[99.8166,18.2225],[99.8133,18.2196],[99.7984,18.1944],[99.7668,18.1529],[99.7618,18.1455],[99.7594,18.1395],[99.761,18.1262],[99.7602,18.1188],[99.7585,18.1158],[99.7237,18.0714],[99.7179,18.0655],[99.7137,18.0655],[99.7087,18.064],[99.7037,18.061],[99.688,18.0492],[99.6813,18.0462],[99.678,18.0447],[99.6705,18.0418],[99.6664,18.0403],[99.6622,18.0373],[99.6514,18.0269],[99.6473,18.024],[99.644,18.0225],[99.6398,18.0225],[99.6365,18.024],[99.6332,18.0255],[99.629,18.0299],[99.6265,18.0314],[99.6232,18.0329],[99.6158,18.0358],[99.6124,18.0358],[99.6083,18.0358],[99.6033,18.0343],[99.5967,18.0299],[99.5933,18.0255],[99.5917,18.021],[99.5917,18.0151],[99.5892,18.0062],[99.5875,18.0017],[99.5867,18.0003],[99.585,17.9988],[99.5626,17.9751],[99.5153,17.941],[99.4066,17.8225],[99.3983,17.8106],[99.3875,17.7914],[99.3842,17.7884],[99.375,17.7795],[99.3717,17.7765],[99.3692,17.7751],[99.3659,17.7736],[99.3618,17.7736],[99.3501,17.7751],[99.3468,17.7751],[99.3352,17.7721],[99.3211,17.7721],[99.3153,17.7691],[99.312,17.7662],[99.3111,17.7632],[99.3103,17.7543],[99.3111,17.7469],[99.3128,17.7395],[99.3153,17.7321],[99.3286,17.7128],[99.3435,17.695],[99.351,17.6832],[99.3526,17.6817],[99.356,17.6802],[99.3593,17.6787],[99.3634,17.6773],[99.3717,17.6773],[99.3809,17.6773],[99.3875,17.6787],[99.3999,17.6862],[99.4149,17.6995],[99.4182,17.701],[99.4215,17.7025],[99.4248,17.7039],[99.429,17.7039],[99.4406,17.701],[99.4456,17.7025],[99.4506,17.7069],[99.4647,17.7247],[99.473,17.7291],[99.4796,17.7128],[99.4796,17.7084],[99.4755,17.6891],[99.4755,17.6832],[99.4763,17.6787],[99.4763,17.6728],[99.4738,17.6684],[99.4672,17.6595],[99.4639,17.655],[99.4572,17.6491],[99.4547,17.6447],[99.4531,17.6387],[99.4514,17.6254],[99.4514,17.6195],[99.4522,17.6136],[99.4547,17.6076],[99.4547,17.6032],[99.4531,17.6002],[99.4481,17.5987],[99.4439,17.5987],[99.4398,17.6002],[99.4365,17.6017],[99.4323,17.6017],[99.429,17.6017],[99.4257,17.6002],[99.4232,17.5973],[99.4215,17.5928],[99.4207,17.5884],[99.419,17.5647],[99.4207,17.5617],[99.4232,17.5602],[99.4298,17.5573],[99.4323,17.5558],[99.434,17.5528],[99.4348,17.5439],[99.4348,17.541],[99.439,17.5306],[99.439,17.5261],[99.4373,17.5232],[99.4323,17.5187],[99.424,17.5143],[99.4215,17.5128],[99.4199,17.5098],[99.4182,17.5054],[99.4182,17.4876],[99.4141,17.4624],[99.4157,17.458],[99.4174,17.4535],[99.419,17.4521],[99.4257,17.4402],[99.4282,17.4372],[99.4307,17.4358],[99.4373,17.4328],[99.4398,17.4298],[99.4406,17.4254],[99.439,17.418],[99.4331,17.4046],[99.4323,17.3972],[99.4323,17.3928],[99.434,17.3898],[99.4373,17.3869],[99.4439,17.3839],[99.4456,17.3824],[99.4514,17.375],[99.4547,17.372],[99.4572,17.3706],[99.468,17.3676],[99.4713,17.3661],[99.4738,17.3632],[99.4763,17.3602],[99.4771,17.3572],[99.4805,17.3439],[99.4813,17.338],[99.4796,17.3276],[99.4771,17.3217],[99.4747,17.3187],[99.4722,17.3157],[99.4688,17.3143],[99.4639,17.3098],[99.4597,17.3039],[99.458,17.3009],[99.4572,17.298],[99.4547,17.2906],[99.4547,17.2817],[99.458,17.2624],[99.4572,17.258],[99.4564,17.2535],[99.4539,17.2505],[99.4514,17.2476],[99.4481,17.2461],[99.4456,17.2431],[99.4448,17.2402],[99.4439,17.2328],[99.4423,17.2283],[99.4398,17.2268],[99.429,17.2239],[99.4265,17.2224],[99.4215,17.218],[99.4149,17.215],[99.4066,17.2135],[99.4033,17.212],[99.4008,17.2105],[99.3991,17.2076],[99.3958,17.2061],[99.3908,17.2046],[99.3825,17.2076],[99.3767,17.2105],[99.3726,17.218],[99.3676,17.2313],[99.3634,17.2372],[99.3485,17.2535],[99.3435,17.2565],[99.3402,17.258],[99.3178,17.2609],[99.2804,17.3172],[99.2779,17.3246],[99.2738,17.3409],[99.2713,17.3469],[99.2696,17.3572],[99.2729,17.3735],[99.2729,17.3809],[99.2721,17.3854],[99.2696,17.3928],[99.2671,17.3958],[99.263,17.3972],[99.2547,17.4002],[99.2314,17.4017],[99.2281,17.4002],[99.224,17.3987],[99.2182,17.3958],[99.2132,17.3913],[99.2115,17.3898],[99.2074,17.3839],[99.2057,17.3809],[99.2041,17.3765],[99.2016,17.3661],[99.2007,17.3632],[99.1982,17.3602],[99.1833,17.3469],[99.175,17.3365],[99.1725,17.335],[99.17,17.335],[99.1667,17.3365],[99.1443,17.3483],[99.1401,17.3513],[99.1368,17.3528],[99.1302,17.3557],[99.126,17.3557],[99.1211,17.3557],[99.1128,17.3557],[99.1086,17.3557],[99.1036,17.3587],[99.0978,17.3632],[99.0937,17.3661],[99.0895,17.3691],[99.0854,17.3691],[99.0812,17.3691],[99.0762,17.3691],[99.0679,17.3706],[99.0646,17.372],[99.0613,17.3735],[99.0522,17.3795],[99.0455,17.3809],[99.0414,17.3839],[99.038,17.3883],[99.0331,17.3958],[99.0297,17.4002],[99.0264,17.4046],[99.0165,17.4076],[99.014,17.4135],[99.0123,17.4224],[99.0165,17.4535],[99.0273,17.4891],[99.0322,17.4995],[99.0331,17.5024],[99.0331,17.5113],[99.0281,17.5498],[99.0248,17.5647],[99.019,17.578],[99.0123,17.5869],[99.0107,17.5958],[99.0123,17.6106],[99.0206,17.6106],[99.0289,17.6091],[99.0372,17.6091],[99.0405,17.6091],[99.0472,17.6136],[99.0497,17.615],[99.0522,17.618],[99.0538,17.621],[99.0571,17.6343],[99.0613,17.6699],[99.0613,17.6743],[99.0613,17.6787],[99.0629,17.6832],[99.0688,17.6891],[99.0721,17.6906],[99.0771,17.6936],[99.0795,17.698],[99.0812,17.7025],[99.0812,17.7202],[99.082,17.7262],[99.087,17.7336],[99.0903,17.7365],[99.0945,17.738],[99.1003,17.7425],[99.1028,17.7439],[99.1053,17.7469],[99.1136,17.7632],[99.1177,17.7662],[99.1202,17.7691],[99.1219,17.7721],[99.1202,17.778],[99.1186,17.7825],[99.1078,17.7988],[99.1069,17.8032],[99.1086,17.8077],[99.1128,17.8106],[99.1169,17.8136],[99.1211,17.8151],[99.1252,17.8151],[99.1335,17.8165],[99.141,17.8151],[99.1526,17.8136],[99.1609,17.8121],[99.165,17.8121],[99.1675,17.8151],[99.1675,17.818],[99.1642,17.8284],[99.1626,17.8314],[99.1609,17.8358],[99.1601,17.8388],[99.1601,17.8417],[99.1617,17.8447],[99.1659,17.8447],[99.1733,17.8447],[99.1767,17.8462],[99.1792,17.8491],[99.18,17.8521],[99.1783,17.858],[99.1758,17.8625],[99.1626,17.8773],[99.1567,17.8862],[99.1551,17.8877],[99.1501,17.8921],[99.1468,17.8951],[99.1443,17.8966],[99.1418,17.8995],[99.1401,17.9025],[99.1377,17.904],[99.1352,17.9069],[99.1327,17.9084],[99.1169,17.9114],[99.1136,17.9128],[99.1111,17.9158],[99.1103,17.9188],[99.1103,17.9351],[99.1094,17.938],[99.1078,17.941],[99.1053,17.944],[99.0962,17.9484],[99.0945,17.9514],[99.0928,17.9543],[99.092,17.9573],[99.0945,17.9855],[99.0945,17.9899],[99.0937,17.9943],[99.0912,18.0032],[99.0862,18.0151],[99.0837,18.018],[99.082,18.0195],[99.0787,18.0255],[99.0746,18.0343],[99.0654,18.0492],[99.0638,18.0536],[99.0629,18.0566],[99.0605,18.0892],[99.0621,18.104],[99.0613,18.1129],[99.0596,18.1203],[99.0588,18.1277],[99.0571,18.1351],[99.0538,18.141],[99.048,18.1484],[99.0463,18.1529],[99.0455,18.1558],[99.0455,18.1677],[99.0455,18.1721],[99.0447,18.1751],[99.0414,18.181],[99.0273,18.2003],[99.0264,18.2033],[99.0206,18.221],[99.0198,18.2284],[99.0156,18.2418],[99.0165,18.2477],[99.0214,18.2521],[99.0339,18.2596],[99.053,18.267],[99.0563,18.2684],[99.0605,18.2684],[99.0646,18.267],[99.0679,18.267],[99.0721,18.2684],[99.0845,18.2729],[99.0887,18.2744],[99.092,18.2729],[99.0953,18.2714],[99.0986,18.2699],[99.102,18.2699],[99.1045,18.2729],[99.1069,18.2818],[99.1086,18.2877],[99.1094,18.2907],[99.1111,18.2951],[99.1169,18.301],[99.1202,18.3055],[99.1244,18.3085],[99.1385,18.3129],[99.1435,18.3159],[99.1468,18.3203],[99.1534,18.3366],[99.1592,18.3455],[99.1617,18.3514],[99.1634,18.3544],[99.1634,18.3588],[99.1634,18.3633],[99.1634,18.3662],[99.1667,18.3722],[99.1816,18.3929],[99.1899,18.4062],[99.2215,18.4477],[99.2323,18.4655],[99.2339,18.47],[99.2364,18.4759],[99.2406,18.4803],[99.2472,18.4848],[99.263,18.4907],[99.2713,18.4922],[99.2779,18.4922],[99.2896,18.4907],[99.2937,18.4907],[99.2979,18.4922],[99.3028,18.4937],[99.3095,18.4996],[99.3111,18.5011],[99.3128,18.507],[99.3145,18.5292],[99.3219,18.5351],[99.3236,18.5366],[99.3261,18.5426],[99.3269,18.5485],[99.3269,18.5589],[99.3286,18.5663],[99.3327,18.5722],[99.3369,18.5752],[99.3443,18.5781],[99.3477,18.5811],[99.3501,18.587],[99.3526,18.5989],[99.3543,18.6063],[99.3518,18.6137],[99.3485,18.6166],[99.3443,18.6166],[99.3394,18.6181],[99.336,18.6181],[99.3327,18.6196],[99.3261,18.6226],[99.3236,18.6255],[99.3228,18.6285],[99.3244,18.6359],[99.3294,18.6463],[99.3327,18.6507],[99.3369,18.6537],[99.3394,18.6552],[99.3402,18.6596],[99.3385,18.6641],[99.3311,18.6789],[99.3319,18.6863],[99.3344,18.6966],[99.3477,18.7337],[99.3518,18.7396],[99.3609,18.75],[99.3626,18.753],[99.3643,18.7574],[99.3651,18.7648],[99.3651,18.7796],[99.3634,18.787],[99.3626,18.793],[99.3601,18.7944],[99.3568,18.8004],[99.3543,18.8078],[99.351,18.8226],[99.3485,18.83],[99.3477,18.8507],[99.3443,18.8552],[99.3418,18.8552],[99.3352,18.8522],[99.3311,18.8522],[99.3277,18.8537],[99.3252,18.8552],[99.3236,18.8581],[99.3244,18.8626],[99.3269,18.8685],[99.336,18.8789],[99.3418,18.8848],[99.3468,18.8878],[99.3593,18.8922],[99.3659,18.8952],[99.3684,18.8967],[99.3717,18.9041],[99.3742,18.913],[99.3792,18.9441],[99.3792,18.9515],[99.3767,18.9589],[99.3717,18.9722],[99.3717,18.9752],[99.3767,18.9841],[99.3999,18.9989],[99.4273,19.0019],[99.4307,19.0034],[99.434,19.0048],[99.4373,19.0063],[99.4423,19.0108],[99.4879,19.0611],[99.4913,19.0641],[99.4971,19.0685],[99.4996,19.0685],[99.5054,19.07],[99.5128,19.0715],[99.5261,19.0715],[99.5303,19.0715],[99.5336,19.073],[99.5369,19.0774],[99.5394,19.0834],[99.5435,19.0982],[99.5469,19.1071],[99.5535,19.116],[99.5585,19.1204],[99.5618,19.1248],[99.5635,19.1293],[99.5643,19.1397],[99.5643,19.1456],[99.5635,19.1515],[99.561,19.153],[99.5585,19.1545],[99.5543,19.1545],[99.551,19.1545],[99.5469,19.156],[99.5444,19.1574],[99.5435,19.1604],[99.5435,19.1649],[99.5485,19.1826],[99.5485,19.1989],[99.5543,19.2226],[99.5552,19.2286],[99.5543,19.236],[99.556,19.2434],[99.5593,19.2523],[99.5801,19.2938],[99.5809,19.2982],[99.5817,19.3041],[99.5809,19.3071],[99.5801,19.3115],[99.5809,19.3175],[99.5817,19.3234],[99.5826,19.3382],[99.5842,19.3545],[99.5834,19.3664],[99.5826,19.3738],[99.5817,19.3767],[99.5801,19.3812],[99.5743,19.3886],[99.5709,19.3945],[99.5701,19.4034],[99.5701,19.4064],[99.5726,19.4227],[99.5734,19.4271],[99.5751,19.4301],[99.5867,19.4464],[99.5875,19.4493],[99.5884,19.4538],[99.5884,19.4567],[99.5875,19.4612],[99.5867,19.4641],[99.5875,19.4686],[99.59,19.4716],[99.5958,19.479],[99.6108,19.4997],[99.6141,19.5027],[99.6166,19.5042],[99.6191,19.5071],[99.6224,19.5071],[99.6265,19.5086],[99.6307,19.5086],[99.6357,19.5056],[99.6415,19.5012],[99.644,19.4938],[99.6456,19.4864],[99.6481,19.479],[99.6548,19.4701],[99.6739,19.4612],[99.6838,19.4493],[99.6871,19.4301]]]}},{"type":"Feature","id":"TH.LN","properties":{"code":"TH.LN","name_en":"Lamphun"},"geometry":{"type":"Polygon","coordinates":[[[99.3145,18.5292],[99.3128,18.507],[99.3111,18.5011],[99.3095,18.4996],[99.3028,18.4937],[99.2979,18.4922],[99.2937,18.4907],[99.2896,18.4907],[99.2779,18.4922],[99.2713,18.4922],[99.263,18.4907],[99.2472,18.4848],[99.2406,18.4803],[99.2364,18.4759],[99.2339,18.47],[99.2323,18.4655],[99.2215,18.4477],[99.1899,18.4062],[99.1816,18.3929],[99.1667,18.3722],[99.1634,18.3662],[99.1634,18.3633],[99.1634,18.3588],[99.1634,18.3544],[99.1617,18.3514],[99.1592,18.3455],[99.1534,18.3366],[99.1468,18.3203],[99.1435,18.3159],[99.1385,18.3129],[99.1244,18.3085],[99.1202,18.3055],[99.1169,18.301],[99.1111,18.2951],[99.1094,18.2907],[99.1086,18.2877],[99.1069,18.2818],[99.1045,18.2729],[99.102,18.2699],[99.0986,18.2699],[99.0953,18.2714],[99.092,18.2729],[99.0887,18.2744],[99.0845,18.2729],[99.0721,18.2684],[99.0679,18.267],[99.0646,18.267],[99.0605,18.2684],[99.0563,18.2684],[99.053,18.267],[99.0339,18.2596],[99.0214,18.2521],[99.0165,18.2477],[99.0156,18.2418],[99.0198,18.2284],[99.0206,18.221],[99.0264,18.2033],[99.0273,18.2003],[99.0414,18.181],[99.0447,18.1751],[99.0455,18.1721],[99.0455,18.1677],[99.0455,18.1558],[99.0463,18.1529],[99.048,18.1484],[99.0538,18.141],[99.0571,18.1351],[99.0588,18.1277],[99.0596,18.1203],[99.0613,18.1129],[99.0621,18.104],[99.0605,18.0892],[99.0629,18.0566],[99.0638,18.0536],[99.0654,18.0492],[99.0746,18.0343],[99.0787,18.0255],[99.082,18.0195],[99.0837,18.018],[99.0862,18.0151],[99.0912,18.0032],[99.0937,17.9943],[99.0945,17.9899],[99.0945,17.9855],[99.092,17.9573],[99.0928,17.9543],[99.0945,17.9514],[99.0962,17.9484],[99.1053,17.944],[99.1078,17.941],[99.1094,17.938],[99.1103,17.9351],[99.1103,17.9188],[99.1111,17.9158],[99.1136,17.9128],[99.1169,17.9114],[99.1327,17.9084],[99.1352,17.9069],[99.1377,17.904],[99.1401,17.9025],[99.1418,17.8995],[99.1443,17.8966],[99.1468,17.8951],[99.1501,17.8921],[99.1551,17.8877],[99.1567,17.8862],[99.1626,17.8773],[99.1758,17.8625],[99.1783,17.858],[99.18,17.8521],[99.1792,17.8491],[99.1767,17.8462],[99.1733,17.8447],[99.1659,17.8447],[99.1617,17.8447],[99.1601,17.8417],[99.1601,17.8388],[99.1609,17.8358],[99.1626,17.8314],[99.1642,17.8284],[99.1675,17.818],[99.1675,17.8151],[99.165,17.8121],[99.1609,17.8121],[99.1526,17.8136],[99.141,17.8151],[99.1335,17.8165],[99.1252,17.8151],[99.1211,17.8151],[99.1169,17.8136],[99.1128,17.8106],[99.1086,17.8077],[99.1069,17.8032],[99.1078,17.7988],[99.1186,17.7825],[99.1202,17.778],[99.1219,17.7721],[99.1202,17.7691],[99.1177,17.7662],[99.1136,17.7632],[99.1053,17.7469],[99.1028,17.7439],[99.1003,17.7425],[99.0945,17.738],[99.0903,17.7365],[99.087,17.7336],[99.082,17.7262],[99.0812,17.7202],[99.0812,17.7025],[99.0795,17.698],[99.0771,17.6936],[99.0721,17.6906],[99.0688,17.6891],[99.0629,17.6832],[99.0613,17.6787],[99.0613,17.6743],[99.0613,17.6699],[99.0571,17.6343],[99.0538,17.621],[99.0522,17.618],[99.0497,17.615],[99.0472,17.6136],[99.0405,17.6091],[99.0372,17.6091],[99.0289,17.6091],[99.0206,17.6106],[99.0123,17.6106],[98.9791,17.6358],[98.9658,17.6417],[98.9617,17.6417],[98.9526,17.6417],[98.9476,17.6417],[98.9368,17.6432],[98.9326,17.6447],[98.9277,17.6432],[98.9218,17.6417],[98.9152,17.6402],[98.9069,17.6358],[98.9028,17.6313],[98.8936,17.618],[98.892,17.615],[98.8911,17.6106],[98.8895,17.6032],[98.8886,17.5943],[98.8895,17.5824],[98.8886,17.578],[98.8861,17.575],[98.8795,17.5691],[98.877,17.5661],[98.8754,17.5632],[98.8695,17.541],[98.8662,17.535],[98.8646,17.5321],[98.828,17.5039],[98.8222,17.5009],[98.8214,17.5009],[98.8139,17.498],[98.7724,17.4847],[98.7641,17.4832],[98.7459,17.4832],[98.721,17.4847],[98.7127,17.5009],[98.7127,17.5632],[98.7094,17.5795],[98.7027,17.5943],[98.7002,17.6091],[98.7069,17.6269],[98.6994,17.6387],[98.6994,17.6521],[98.7052,17.6639],[98.7168,17.6699],[98.7376,17.6728],[98.7459,17.6847],[98.7459,17.698],[98.7409,17.7113],[98.7102,17.7558],[98.7509,17.7573],[98.7666,17.7513],[98.8056,17.7336],[98.8272,17.7188],[98.8339,17.7173],[98.8388,17.7158],[98.843,17.7158],[98.8471,17.7173],[98.8496,17.7188],[98.8529,17.7202],[98.8571,17.7232],[98.8629,17.7247],[98.8754,17.7262],[98.8812,17.7291],[98.8845,17.7321],[98.8861,17.7351],[98.8886,17.7365],[98.8945,17.741],[98.8961,17.7425],[98.8978,17.7454],[98.8978,17.7632],[98.8994,17.7751],[98.9019,17.7825],[98.9028,17.7854],[98.9102,17.818],[98.9102,17.8225],[98.9102,17.8269],[98.9086,17.8299],[98.9069,17.8328],[98.9044,17.8343],[98.8969,17.8417],[98.8953,17.8447],[98.8936,17.8477],[98.8911,17.8536],[98.8878,17.8684],[98.887,17.8728],[98.8812,17.8847],[98.8787,17.8921],[98.8762,17.9025],[98.8745,17.9069],[98.8646,17.9336],[98.8571,17.9617],[98.8554,17.9647],[98.8529,17.9677],[98.8496,17.9692],[98.8455,17.9706],[98.8397,17.9706],[98.8264,17.9677],[98.8231,17.9677],[98.8189,17.9677],[98.8156,17.9692],[98.8131,17.9706],[98.8114,17.9736],[98.809,17.981],[98.804,18.0003],[98.8181,18.0788],[98.8189,18.0906],[98.8173,18.0981],[98.8164,18.144],[98.8156,18.1484],[98.8131,18.1544],[98.8114,18.1573],[98.809,18.1603],[98.8015,18.1677],[98.7998,18.1721],[98.7982,18.181],[98.7957,18.2225],[98.794,18.2344],[98.7932,18.2373],[98.7907,18.2433],[98.7865,18.2492],[98.7807,18.2536],[98.716,18.2892],[98.6911,18.2966],[98.6811,18.301],[98.6836,18.3114],[98.7027,18.3336],[98.7069,18.3366],[98.7027,18.347],[98.6961,18.3559],[98.6911,18.3662],[98.6969,18.3781],[98.7044,18.3899],[98.7085,18.4018],[98.7077,18.4122],[98.7002,18.4225],[98.716,18.4314],[98.7749,18.4433],[98.794,18.4537],[98.8347,18.4848],[98.9268,18.5292],[98.9326,18.5455],[98.9584,18.5826],[98.9667,18.6018],[98.9783,18.6077],[99.0057,18.6611],[99.0107,18.667],[99.014,18.67],[99.0173,18.67],[99.0214,18.67],[99.0239,18.67],[99.0264,18.67],[99.0297,18.6685],[99.0322,18.667],[99.0347,18.6641],[99.0389,18.6596],[99.0414,18.6566],[99.043,18.6552],[99.0447,18.6537],[99.048,18.6552],[99.0522,18.6566],[99.0696,18.6729],[99.0729,18.6759],[99.0771,18.6774],[99.0812,18.6774],[99.0845,18.6789],[99.102,18.6789],[99.1069,18.6789],[99.1111,18.6803],[99.1161,18.6848],[99.1285,18.6966],[99.1327,18.7011],[99.136,18.7026],[99.1435,18.7041],[99.1659,18.7041],[99.1767,18.707],[99.18,18.7055],[99.1833,18.7041],[99.185,18.7011],[99.1866,18.6981],[99.1858,18.6952],[99.1841,18.6892],[99.1841,18.6863],[99.1858,18.6833],[99.1991,18.6685],[99.2007,18.6655],[99.2024,18.6626],[99.2049,18.6596],[99.2082,18.6581],[99.2148,18.6552],[99.2182,18.6537],[99.2207,18.6522],[99.2223,18.6492],[99.2273,18.6344],[99.2281,18.63],[99.229,18.6226],[99.2273,18.6181],[99.2248,18.6152],[99.2215,18.6122],[99.2173,18.6107],[99.2148,18.6077],[99.214,18.6033],[99.214,18.6003],[99.2157,18.5959],[99.2173,18.5944],[99.2198,18.5914],[99.2456,18.5752],[99.2613,18.5663],[99.2896,18.5426],[99.2954,18.5396],[99.3095,18.5337],[99.3145,18.5292]]]}},{"type":"Feature","id":"TH.NA","properties":{"code":"TH.NA","name_en":"Nan"},"geometry":{"type":"Polygon","coordinates":[[[101.0741,18.3722],[101.0675,18.3633],[101.0044,18.3144],[100.9671,18.2922],[100.9198,18.2507],[100.9065,18.2299],[100.9056,18.227],[100.9048,18.224],[100.9065,18.221],[100.909,18.2196],[100.9115,18.2166],[100.9131,18.2121],[100.9106,18.2033],[100.9073,18.1988],[100.9023,18.1944],[100.8849,18.1825],[100.8807,18.1781],[100.8799,18.1736],[100.8824,18.1721],[100.889,18.1677],[100.8915,18.1662],[100.8932,18.1618],[100.8932,18.1558],[100.8915,18.1529],[100.889,18.1499],[100.8708,18.1395],[100.8666,18.1366],[100.8641,18.1321],[100.86,18.1218],[100.8484,18.0981],[100.8451,18.0906],[100.8426,18.0862],[100.8392,18.0832],[100.8351,18.0832],[100.8318,18.0818],[100.8094,18.0669],[100.7687,18.0314],[100.7604,18.0255],[100.7562,18.0255],[100.7388,18.0255],[100.7222,18.0284],[100.7181,18.0284],[100.6973,18.0269],[100.689,18.0269],[100.6849,18.0284],[100.6799,18.0329],[100.6774,18.0343],[100.6741,18.0358],[100.6707,18.0373],[100.655,18.0373],[100.6475,18.0388],[100.6442,18.0388],[100.6292,18.0388],[100.6251,18.0403],[100.6135,18.0388],[100.5852,18.0506],[100.5769,18.0506],[100.572,18.0492],[100.5637,18.0403],[100.5504,18.0299],[100.5454,18.0284],[100.5396,18.0284],[100.5271,18.0299],[100.5222,18.0284],[100.5188,18.0255],[100.5155,18.018],[100.4923,18.0166],[100.4807,18.0151],[100.4765,18.0151],[100.4607,18.018],[100.4566,18.0166],[100.4508,18.0166],[100.445,18.0136],[100.44,18.0121],[100.435,18.0106],[100.4309,18.0121],[100.4275,18.0121],[100.4217,18.0166],[100.4242,18.0269],[100.406,18.1203],[100.4051,18.1307],[100.4084,18.1336],[100.4118,18.1351],[100.4184,18.1381],[100.4242,18.141],[100.4325,18.147],[100.4358,18.1484],[100.4475,18.1499],[100.4524,18.1558],[100.4574,18.1633],[100.4657,18.1855],[100.469,18.1988],[100.4724,18.221],[100.474,18.227],[100.4823,18.2462],[100.4856,18.2507],[100.4956,18.264],[100.5031,18.2759],[100.5047,18.2818],[100.5047,18.2862],[100.5031,18.2892],[100.4973,18.2966],[100.4956,18.3025],[100.4956,18.3085],[100.4973,18.3307],[100.4964,18.3396],[100.4981,18.3425],[100.4989,18.3455],[100.5006,18.347],[100.5056,18.3499],[100.5139,18.3559],[100.5164,18.3588],[100.518,18.3618],[100.5371,18.4062],[100.5404,18.4181],[100.5421,18.427],[100.5413,18.4344],[100.5413,18.4492],[100.5404,18.4551],[100.5396,18.4611],[100.5354,18.4714],[100.533,18.4729],[100.5305,18.4759],[100.5263,18.4759],[100.5097,18.4759],[100.5064,18.4759],[100.5047,18.4774],[100.5022,18.4774],[100.5006,18.4788],[100.4989,18.4803],[100.4956,18.4863],[100.4939,18.4892],[100.4915,18.4907],[100.489,18.4937],[100.4856,18.4937],[100.4815,18.4951],[100.4724,18.4937],[100.4607,18.4922],[100.4566,18.4922],[100.4441,18.4951],[100.4408,18.4951],[100.4367,18.4937],[100.4333,18.4922],[100.4234,18.4877],[100.4201,18.4863],[100.4167,18.4877],[100.4134,18.4892],[100.4118,18.4907],[100.4101,18.4937],[100.4084,18.4966],[100.4001,18.55],[100.3993,18.5529],[100.3977,18.5559],[100.3877,18.5692],[100.3869,18.5752],[100.386,18.5796],[100.391,18.6137],[100.3927,18.6166],[100.3943,18.6196],[100.396,18.6226],[100.4026,18.627],[100.4051,18.63],[100.406,18.6329],[100.4043,18.6359],[100.4018,18.6374],[100.3985,18.6389],[100.3943,18.6403],[100.3819,18.6418],[100.3786,18.6433],[100.3752,18.6463],[100.3719,18.6522],[100.3678,18.6641],[100.3669,18.6729],[100.3669,18.6789],[100.3669,18.6833],[100.3694,18.6922],[100.3711,18.6981],[100.3744,18.7041],[100.3786,18.71],[100.3852,18.7174],[100.3885,18.7189],[100.3943,18.7263],[100.3977,18.7352],[100.3977,18.7396],[100.3952,18.7426],[100.391,18.7441],[100.3827,18.7441],[100.3777,18.747],[100.3744,18.75],[100.3694,18.7589],[100.3678,18.7663],[100.3686,18.7767],[100.3686,18.7811],[100.3661,18.7855],[100.3586,18.787],[100.3545,18.79],[100.3487,18.7959],[100.3479,18.8004],[100.3487,18.8048],[100.3528,18.8152],[100.3611,18.8404],[100.4192,18.9352],[100.425,18.9396],[100.4284,18.9411],[100.4317,18.9426],[100.4358,18.9426],[100.4583,18.9426],[100.4657,18.9441],[100.474,18.9485],[100.4898,18.9589],[100.4964,18.9648],[100.4998,18.9693],[100.5014,18.9752],[100.5014,18.9782],[100.5006,18.9826],[100.4998,18.9856],[100.4981,18.9885],[100.4956,18.99],[100.4881,18.993],[100.484,18.9945],[100.4757,18.9945],[100.4624,18.9945],[100.4599,19.0004],[100.4599,19.0093],[100.469,19.0345],[100.474,19.0448],[100.4782,19.0508],[100.4815,19.0522],[100.4856,19.0522],[100.4948,19.0522],[100.5006,19.0522],[100.5081,19.0508],[100.5155,19.0493],[100.5222,19.0463],[100.5404,19.0359],[100.5487,19.03],[100.552,19.0285],[100.5562,19.0271],[100.5603,19.0271],[100.5645,19.0271],[100.5703,19.0285],[100.572,19.0315],[100.572,19.0345],[100.5562,19.0522],[100.5545,19.0552],[100.5529,19.0582],[100.552,19.0611],[100.552,19.0641],[100.5537,19.07],[100.5562,19.0774],[100.5628,19.0908],[100.5678,19.0937],[100.572,19.0967],[100.5761,19.0967],[100.5794,19.0967],[100.5911,19.1011],[100.5944,19.1011],[100.5977,19.1026],[100.6043,19.1056],[100.6118,19.11],[100.6259,19.1234],[100.6309,19.1308],[100.6326,19.1352],[100.6301,19.1382],[100.6276,19.1397],[100.6243,19.1411],[100.6218,19.1441],[100.6201,19.1456],[100.6184,19.153],[100.6168,19.1649],[100.616,19.1693],[100.6143,19.1723],[100.6126,19.1752],[100.6118,19.1782],[100.611,19.1826],[100.611,19.1856],[100.6118,19.1989],[100.6118,19.2063],[100.611,19.2108],[100.6101,19.2152],[100.6093,19.2182],[100.6018,19.2286],[100.5985,19.2389],[100.596,19.2463],[100.5952,19.2508],[100.6043,19.2878],[100.606,19.3041],[100.6085,19.316],[100.6085,19.3204],[100.6077,19.3234],[100.6052,19.3293],[100.6027,19.3323],[100.5994,19.3338],[100.5952,19.3338],[100.5877,19.3338],[100.5844,19.3352],[100.5811,19.3367],[100.5769,19.3456],[100.5745,19.3486],[100.5711,19.3486],[100.567,19.3486],[100.5637,19.3486],[100.5612,19.3456],[100.5595,19.3427],[100.557,19.3397],[100.5537,19.3397],[100.5496,19.3397],[100.5421,19.3412],[100.5354,19.3441],[100.5296,19.3471],[100.5271,19.3501],[100.5197,19.3604],[100.5147,19.3693],[100.5139,19.3738],[100.5122,19.3886],[100.513,19.3945],[100.5147,19.399],[100.5188,19.4034],[100.5462,19.4241],[100.5529,19.436],[100.5595,19.4508],[100.5637,19.4582],[100.567,19.4627],[100.572,19.4671],[100.5786,19.4701],[100.5828,19.4716],[100.5861,19.473],[100.5902,19.476],[100.5919,19.479],[100.5911,19.4834],[100.5902,19.4864],[100.5852,19.4938],[100.5745,19.5086],[100.5861,19.5264],[100.6068,19.5412],[100.6334,19.5427],[100.7147,19.513],[100.7288,19.5042],[100.738,19.4953],[100.7454,19.4849],[100.7529,19.4819],[100.7629,19.4953],[100.8085,19.5367],[100.8492,19.5827],[100.8608,19.6019],[100.865,19.6079],[100.8749,19.6123],[100.8799,19.6138],[100.8857,19.6123],[100.9745,19.6138],[101.0028,19.6108],[101.0243,19.6034],[101.0683,19.5768],[101.0957,19.5679],[101.1248,19.5649],[101.153,19.5679],[101.1771,19.5753],[101.1887,19.5812],[101.197,19.5871],[101.2078,19.5901],[101.2252,19.5856],[101.2385,19.5782],[101.246,19.5708],[101.2509,19.5605],[101.2551,19.5471],[101.2568,19.5234],[101.2518,19.4938],[101.2385,19.473],[101.2152,19.4656],[101.1928,19.4523],[101.1779,19.4167],[101.1721,19.3767],[101.1787,19.3471],[101.1854,19.3427],[101.202,19.3382],[101.2078,19.3352],[101.2111,19.3264],[101.2111,19.3204],[101.2094,19.316],[101.2094,19.3101],[101.2302,19.2256],[101.2269,19.1678],[101.2294,19.1441],[101.236,19.1278],[101.2476,19.116],[101.2908,19.0789],[101.3182,19.0508],[101.3265,19.0211],[101.2841,18.9811],[101.2767,18.9678],[101.2675,18.9352],[101.2576,18.9189],[101.2327,18.8922],[101.2252,18.8744],[101.2236,18.8552],[101.2285,18.7959],[101.2244,18.7781],[101.2094,18.747],[101.2061,18.7307],[101.2111,18.7115],[101.2352,18.6892],[101.2402,18.6729],[101.2343,18.6581],[101.2219,18.6418],[101.1945,18.6166],[101.1854,18.6122],[101.1679,18.6063],[101.1613,18.6003],[101.158,18.59],[101.1588,18.5677],[101.1555,18.5574],[101.1422,18.544],[101.0783,18.51],[101.0741,18.5055],[101.0717,18.4951],[101.065,18.4759],[101.036,18.4477],[101.0302,18.4285],[101.0368,18.4107],[101.0509,18.3929],[101.0741,18.3722]]]}},{"type":"Feature","id":"TH.PY","properties":{"code":"TH.PY","name_en":"Phayao"},"geometry":{"type":"Polygon","coordinates":[[[100.5745,19.5086],[100.5852,19.4938],[100.5902,19.4864],[100.5911,19.4834],[100.5919,19.479],[100.5902,19.476],[100.5861,19.473],[100.5828,19.4716],[100.5786,19.4701],[100.572,19.4671],[100.567,19.4627],[100.5637,19.4582],[100.5595,19.4508],[100.5529,19.436],[100.5462,19.4241],[100.5188,19.4034],[100.5147,19.399],[100.513,19.3945],[100.5122,19.3886],[100.5139,19.3738],[100.5147,19.3693],[100.5197,19.3604],[100.5271,19.3501],[100.5296,19.3471],[100.5354,19.3441],[100.5421,19.3412],[100.5496,19.3397],[100.5537,19.3397],[100.557,19.3397],[100.5595,19.3427],[100.5612,19.3456],[100.5637,19.3486],[100.567,19.3486],[100.5711,19.3486],[100.5745,19.3486],[100.5769,19.3456],[100.5811,19.3367],[100.5844,19.3352],[100.5877,19.3338],[100.5952,19.3338],[100.5994,19.3338],[100.6027,19.3323],[100.6052,19.3293],[100.6077,19.3234],[100.6085,19.3204],[100.6085,19.316],[100.606,19.3041],[100.6043,19.2878],[100.5952,19.2508],[100.596,19.2463],[100.5985,19.2389],[100.6018,19.2286],[100.6093,19.2182],[100.6101,19.2152],[100.611,19.2108],[100.6118,19.2063],[100.6118,19.1989],[100.611,19.1856],[100.611,19.1826],[100.6118,19.1782],[100.6126,19.1752],[100.6143,19.1723],[100.616,19.1693],[100.6168,19.1649],[100.6184,19.153],[100.6201,19.1456],[100.6218,19.1441],[100.6243,19.1411],[100.6276,19.1397],[100.6301,19.1382],[100.6326,19.1352],[100.6309,19.1308],[100.6259,19.1234],[100.6118,19.11],[100.6043,19.1056],[100.5977,19.1026],[100.5944,19.1011],[100.5911,19.1011],[100.5794,19.0967],[100.5761,19.0967],[100.572,19.0967],[100.5678,19.0937],[100.5628,19.0908],[100.5562,19.0774],[100.5537,19.07],[100.552,19.0641],[100.552,19.0611],[100.5529,19.0582],[100.5545,19.0552],[100.5562,19.0522],[100.572,19.0345],[100.572,19.0315],[100.5703,19.0285],[100.5645,19.0271],[100.5603,19.0271],[100.5562,19.0271],[100.552,19.0285],[100.5487,19.03],[100.5404,19.0359],[100.5222,19.0463],[100.5155,19.0493],[100.5081,19.0508],[100.5006,19.0522],[100.4948,19.0522],[100.4856,19.0522],[100.4815,19.0522],[100.4782,19.0508],[100.474,19.0448],[100.469,19.0345],[100.4599,19.0093],[100.4599,19.0004],[100.4624,18.9945],[100.4757,18.9945],[100.484,18.9945],[100.4881,18.993],[100.4956,18.99],[100.4981,18.9885],[100.4998,18.9856],[100.5006,18.9826],[100.5014,18.9782],[100.5014,18.9752],[100.4998,18.9693],[100.4964,18.9648],[100.4898,18.9589],[100.474,18.9485],[100.4657,18.9441],[100.4583,18.9426],[100.4358,18.9426],[100.4317,18.9426],[100.4284,18.9411],[100.425,18.9396],[100.4192,18.9352],[100.3611,18.8404],[100.3528,18.8152],[100.2416,18.8226],[100.215,18.8181],[100.2051,18.8181],[100.1984,18.8196],[100.191,18.8226],[100.1694,18.83],[100.1628,18.8315],[100.1586,18.83],[100.152,18.827],[100.1379,18.8226],[100.1345,18.8211],[100.1213,18.8122],[100.0972,18.8241],[100.0864,18.8226],[100.0798,18.8211],[100.0764,18.8226],[100.0739,18.8256],[100.0723,18.8285],[100.0715,18.8315],[100.0706,18.8359],[100.0706,18.8389],[100.0715,18.8433],[100.0731,18.8507],[100.0731,18.8567],[100.0698,18.8641],[100.0607,18.8789],[100.0457,18.8907],[100.0358,18.8967],[100.0275,18.9011],[99.9785,18.9293],[99.9644,18.9396],[99.9619,18.9426],[99.9577,18.9515],[99.9544,18.9604],[99.9519,18.9663],[99.9453,18.9752],[99.9411,18.9796],[99.9378,18.9826],[99.9312,18.9856],[99.927,18.9856],[99.9212,18.9871],[99.9129,18.9871],[99.9079,18.9871],[99.9013,18.9885],[99.8864,18.9959],[99.8822,18.9974],[99.8781,18.9959],[99.8706,18.9945],[99.8656,18.9945],[99.859,18.9959],[99.849,18.9974],[99.8457,18.9989],[99.8432,19.0004],[99.8415,19.0019],[99.8407,19.0048],[99.8399,19.0078],[99.8415,19.0152],[99.8415,19.0182],[99.8415,19.0226],[99.839,19.0271],[99.8224,19.0508],[99.8183,19.0522],[99.8141,19.0537],[99.8083,19.0537],[99.8017,19.0552],[99.7901,19.0597],[99.7851,19.0626],[99.7818,19.0656],[99.7784,19.0715],[99.7726,19.0848],[99.7668,19.1071],[99.766,19.11],[99.7643,19.116],[99.761,19.1234],[99.7361,19.1604],[99.7328,19.1678],[99.7311,19.1723],[99.7311,19.1767],[99.7303,19.1812],[99.7286,19.1841],[99.722,19.2004],[99.7179,19.2108],[99.712,19.2226],[99.7096,19.2286],[99.7062,19.2434],[99.7062,19.2478],[99.7054,19.2523],[99.7054,19.2552],[99.7046,19.2597],[99.7021,19.2938],[99.7029,19.3026],[99.7037,19.3056],[99.7054,19.3101],[99.7104,19.3175],[99.7104,19.3234],[99.7087,19.3308],[99.7013,19.3441],[99.6979,19.3515],[99.6971,19.3575],[99.6988,19.3693],[99.6979,19.3723],[99.6888,19.4049],[99.6871,19.4301],[99.7062,19.4316],[99.7203,19.4404],[99.7328,19.4493],[99.7403,19.4538],[99.7461,19.4553],[99.9096,19.4819],[99.9154,19.479],[99.9179,19.476],[99.9196,19.4745],[99.9212,19.4701],[99.922,19.4671],[99.922,19.4627],[99.922,19.4582],[99.9113,19.4227],[99.9104,19.4153],[99.9104,19.4064],[99.9121,19.399],[99.9154,19.3945],[99.9212,19.3915],[99.9337,19.3856],[99.9403,19.3841],[99.9461,19.3841],[99.9528,19.3871],[99.9594,19.3901],[99.9702,19.3975],[100.0042,19.4286],[100.0092,19.4316],[100.0167,19.433],[100.0324,19.4375],[100.0407,19.4375],[100.0465,19.4375],[100.0499,19.4375],[100.0598,19.433],[100.0715,19.4286],[100.0773,19.4286],[100.0814,19.4301],[100.0831,19.4316],[100.0839,19.4345],[100.0847,19.4375],[100.0847,19.4419],[100.0847,19.4478],[100.0856,19.4508],[100.0872,19.4523],[100.0897,19.4538],[100.0922,19.4553],[100.132,19.4701],[100.137,19.473],[100.1387,19.476],[100.1395,19.479],[100.1395,19.4819],[100.1403,19.4864],[100.1387,19.4997],[100.1395,19.5012],[100.1412,19.5042],[100.147,19.5101],[100.1545,19.519],[100.1561,19.5205],[100.1569,19.5234],[100.1561,19.5264],[100.1553,19.5293],[100.1545,19.5338],[100.1545,19.5367],[100.1553,19.5397],[100.1578,19.5412],[100.1619,19.5442],[100.1644,19.5471],[100.1661,19.5486],[100.1669,19.5516],[100.1677,19.5545],[100.1677,19.5575],[100.1652,19.5634],[100.1644,19.5679],[100.1644,19.5708],[100.1661,19.5768],[100.1686,19.5827],[100.1769,19.6019],[100.1818,19.6094],[100.1835,19.6123],[100.186,19.6153],[100.2117,19.6316],[100.2192,19.6345],[100.2258,19.6375],[100.2292,19.6375],[100.2541,19.636],[100.264,19.636],[100.269,19.6375],[100.2723,19.6405],[100.274,19.6434],[100.2748,19.6464],[100.2765,19.6494],[100.2798,19.6523],[100.2873,19.6582],[100.2931,19.6612],[100.2981,19.6627],[100.3254,19.6657],[100.3329,19.6686],[100.3371,19.6701],[100.3454,19.676],[100.3827,19.719],[100.3902,19.7249],[100.4001,19.7116],[100.4076,19.6997],[100.4101,19.6849],[100.4126,19.6508],[100.4192,19.6345],[100.4267,19.6212],[100.4475,19.5975],[100.4558,19.5842],[100.4591,19.5679],[100.4591,19.5516],[100.4616,19.5367],[100.474,19.5249],[100.4915,19.5145],[100.5205,19.5027],[100.5496,19.4953],[100.567,19.4953],[100.5745,19.5086]]]}},{"type":"Feature","id":"TH.PR","properties":{"code":"TH.PR","name_en":"Phrae"},"geometry":{"type":"Polygon","coordinates":[[[100.3528,18.8152],[100.3487,18.8048],[100.3479,18.8004],[100.3487,18.7959],[100.3545,18.79],[100.3586,18.787],[100.3661,18.7855],[100.3686,18.7811],[100.3686,18.7767],[100.3678,18.7663],[100.3694,18.7589],[100.3744,18.75],[100.3777,18.747],[100.3827,18.7441],[100.391,18.7441],[100.3952,18.7426],[100.3977,18.7396],[100.3977,18.7352],[100.3943,18.7263],[100.3885,18.7189],[100.3852,18.7174],[100.3786,18.71],[100.3744,18.7041],[100.3711,18.6981],[100.3694,18.6922],[100.3669,18.6833],[100.3669,18.6789],[100.3669,18.6729],[100.3678,18.6641],[100.3719,18.6522],[100.3752,18.6463],[100.3786,18.6433],[100.3819,18.6418],[100.3943,18.6403],[100.3985,18.6389],[100.4018,18.6374],[100.4043,18.6359],[100.406,18.6329],[100.4051,18.63],[100.4026,18.627],[100.396,18.6226],[100.3943,18.6196],[100.3927,18.6166],[100.391,18.6137],[100.386,18.5796],[100.3869,18.5752],[100.3877,18.5692],[100.3977,18.5559],[100.3993,18.5529],[100.4001,18.55],[100.4084,18.4966],[100.4101,18.4937],[100.4118,18.4907],[100.4134,18.4892],[100.4167,18.4877],[100.4201,18.4863],[100.4234,18.4877],[100.4333,18.4922],[100.4367,18.4937],[100.4408,18.4951],[100.4441,18.4951],[100.4566,18.4922],[100.4607,18.4922],[100.4724,18.4937],[100.4815,18.4951],[100.4856,18.4937],[100.489,18.4937],[100.4915,18.4907],[100.4939,18.4892],[100.4956,18.4863],[100.4989,18.4803],[100.5006,18.4788],[100.5022,18.4774],[100.5047,18.4774],[100.5064,18.4759],[100.5097,18.4759],[100.5263,18.4759],[100.5305,18.4759],[100.533,18.4729],[100.5354,18.4714],[100.5396,18.4611],[100.5404,18.4551],[100.5413,18.4492],[100.5413,18.4344],[100.5421,18.427],[100.5404,18.4181],[100.5371,18.4062],[100.518,18.3618],[100.5164,18.3588],[100.5139,18.3559],[100.5056,18.3499],[100.5006,18.347],[100.4989,18.3455],[100.4981,18.3425],[100.4964,18.3396],[100.4973,18.3307],[100.4956,18.3085],[100.4956,18.3025],[100.4973,18.2966],[100.5031,18.2892],[100.5047,18.2862],[100.5047,18.2818],[100.5031,18.2759],[100.4956,18.264],[100.4856,18.2507],[100.4823,18.2462],[100.474,18.227],[100.4724,18.221],[100.469,18.1988],[100.4657,18.1855],[100.4574,18.1633],[100.4524,18.1558],[100.4475,18.1499],[100.4358,18.1484],[100.4325,18.147],[100.4242,18.141],[100.4184,18.1381],[100.4118,18.1351],[100.4084,18.1336],[100.4051,18.1307],[100.406,18.1203],[100.4242,18.0269],[100.4217,18.0166],[100.3993,18.0077],[100.3877,18.0017],[100.386,18.0003],[100.3694,17.984],[100.3661,17.978],[100.3645,17.9736],[100.3628,17.9558],[100.3636,17.9529],[100.3645,17.9484],[100.3636,17.941],[100.3603,17.9306],[100.3487,17.9069],[100.342,17.898],[100.3362,17.8951],[100.3346,17.898],[100.3313,17.904],[100.3296,17.9069],[100.3171,17.9232],[100.3122,17.9306],[100.3105,17.9336],[100.3022,17.9395],[100.3005,17.9425],[100.2981,17.9454],[100.2956,17.9514],[100.2931,17.9543],[100.2914,17.9573],[100.2881,17.9588],[100.2823,17.9603],[100.2732,17.9588],[100.2466,17.9529],[100.2408,17.9514],[100.2383,17.9484],[100.2341,17.9425],[100.2275,17.9306],[100.2225,17.9262],[100.2018,17.9084],[100.1686,17.8877],[100.1445,17.8654],[100.137,17.861],[100.1296,17.8565],[100.0764,17.8373],[100.069,17.8358],[100.0648,17.8358],[100.0607,17.8358],[100.0573,17.8373],[100.0549,17.8388],[100.0499,17.8402],[100.0441,17.8402],[100.0266,17.8343],[100.0208,17.8328],[100.0009,17.8314],[99.9976,17.8284],[99.9959,17.8254],[99.9967,17.8225],[99.9951,17.8165],[99.9901,17.8121],[99.9718,17.8002],[99.9677,17.7958],[99.9602,17.7854],[99.9552,17.7825],[99.9511,17.7825],[99.9445,17.7854],[99.9295,17.7973],[99.9229,17.8017],[99.9146,17.8047],[99.8963,17.8032],[99.8199,17.7988],[99.815,17.7973],[99.8092,17.7958],[99.7967,17.7884],[99.7851,17.7839],[99.7809,17.781],[99.7784,17.7795],[99.7735,17.7706],[99.7627,17.7573],[99.761,17.7543],[99.756,17.741],[99.7544,17.738],[99.7428,17.7247],[99.7403,17.7232],[99.7369,17.7217],[99.732,17.7217],[99.7245,17.7262],[99.7212,17.7291],[99.7179,17.7321],[99.7162,17.7351],[99.7145,17.738],[99.7129,17.741],[99.7104,17.7469],[99.7087,17.7499],[99.7062,17.7528],[99.6979,17.7588],[99.673,17.7854],[99.6672,17.7928],[99.6647,17.7958],[99.6622,17.7973],[99.6199,17.8121],[99.6083,17.8151],[99.6008,17.8165],[99.595,17.8165],[99.59,17.8151],[99.5751,17.8121],[99.5651,17.8106],[99.5618,17.8106],[99.5577,17.8091],[99.5535,17.8077],[99.5502,17.8062],[99.5294,17.7943],[99.5145,17.781],[99.473,17.7291],[99.4647,17.7247],[99.4506,17.7069],[99.4456,17.7025],[99.4406,17.701],[99.429,17.7039],[99.4248,17.7039],[99.4215,17.7025],[99.4182,17.701],[99.4149,17.6995],[99.3999,17.6862],[99.3875,17.6787],[99.3809,17.6773],[99.3717,17.6773],[99.3634,17.6773],[99.3593,17.6787],[99.356,17.6802],[99.3526,17.6817],[99.351,17.6832],[99.3435,17.695],[99.3286,17.7128],[99.3153,17.7321],[99.3128,17.7395],[99.3111,17.7469],[99.3103,17.7543],[99.3111,17.7632],[99.312,17.7662],[99.3153,17.7691],[99.3211,17.7721],[99.3352,17.7721],[99.3468,17.7751],[99.3501,17.7751],[99.3618,17.7736],[99.3659,17.7736],[99.3692,17.7751],[99.3717,17.7765],[99.375,17.7795],[99.3842,17.7884],[99.3875,17.7914],[99.3983,17.8106],[99.4066,17.8225],[99.5153,17.941],[99.5626,17.9751],[99.585,17.9988],[99.5867,18.0003],[99.5875,18.0017],[99.5892,18.0062],[99.5917,18.0151],[99.5917,18.021],[99.5933,18.0255],[99.5967,18.0299],[99.6033,18.0343],[99.6083,18.0358],[99.6124,18.0358],[99.6158,18.0358],[99.6232,18.0329],[99.6265,18.0314],[99.629,18.0299],[99.6332,18.0255],[99.6365,18.024],[99.6398,18.0225],[99.644,18.0225],[99.6473,18.024],[99.6514,18.0269],[99.6622,18.0373],[99.6664,18.0403],[99.6705,18.0418],[99.678,18.0447],[99.6813,18.0462],[99.688,18.0492],[99.7037,18.061],[99.7087,18.064],[99.7137,18.0655],[99.7179,18.0655],[99.7237,18.0714],[99.7585,18.1158],[99.7602,18.1188],[99.761,18.1262],[99.7594,18.1395],[99.7618,18.1455],[99.7668,18.1529],[99.7984,18.1944],[99.8133,18.2196],[99.8166,18.2225],[99.8183,18.2255],[99.8407,18.2403],[99.849,18.2507],[99.8615,18.2684],[99.8648,18.2729],[99.8673,18.2744],[99.8747,18.2773],[99.8913,18.2788],[99.8988,18.2818],[99.9046,18.2847],[99.9096,18.2892],[99.9137,18.2936],[99.9428,18.344],[99.9453,18.347],[99.9503,18.3514],[99.9536,18.3559],[99.9669,18.3825],[99.9694,18.384],[99.9718,18.387],[99.9752,18.3885],[99.9884,18.3929],[99.9951,18.3974],[100.0001,18.4003],[100.0034,18.4048],[100.0366,18.467],[100.0524,18.4907],[100.0573,18.504],[100.0582,18.51],[100.059,18.5159],[100.0573,18.5337],[100.0582,18.5396],[100.0607,18.5455],[100.0656,18.5544],[100.0698,18.5574],[100.0748,18.5589],[100.0822,18.5603],[100.0864,18.5618],[100.0922,18.5648],[100.0947,18.5663],[100.098,18.5663],[100.1047,18.5648],[100.108,18.5633],[100.1121,18.5648],[100.1146,18.5663],[100.1171,18.5707],[100.1204,18.5781],[100.1237,18.5944],[100.1246,18.6033],[100.1221,18.6107],[100.1146,18.6196],[100.1121,18.6255],[100.1105,18.63],[100.1105,18.6344],[100.1113,18.6418],[100.1163,18.6596],[100.1188,18.67],[100.1179,18.6863],[100.1138,18.7129],[100.1113,18.7204],[100.1105,18.7233],[100.108,18.7307],[100.1088,18.7352],[100.1096,18.7396],[100.1146,18.75],[100.1154,18.7515],[100.1213,18.7574],[100.1262,18.7663],[100.1279,18.7692],[100.1304,18.7767],[100.1312,18.7915],[100.1213,18.8122],[100.1345,18.8211],[100.1379,18.8226],[100.152,18.827],[100.1586,18.83],[100.1628,18.8315],[100.1694,18.83],[100.191,18.8226],[100.1984,18.8196],[100.2051,18.8181],[100.215,18.8181],[100.2416,18.8226],[100.3528,18.8152]]]}},{"type":"Feature","id":"TH.PS","properties":{"code":"TH.PS","name_en":"Phitsanulok"},"geometry":{"type":"Polygon","coordinates":[[[100.9563,17.7069],[100.9538,17.6995],[100.933,17.655],[100.8998,17.6165],[100.8857,17.5958],[100.8857,17.5735],[100.9023,17.5617],[100.938,17.5558],[100.933,17.5439],[100.9297,17.538],[100.9272,17.5365],[100.9247,17.5335],[100.9222,17.5321],[100.9131,17.5276],[100.9081,17.5232],[100.9056,17.5202],[100.904,17.5172],[100.9032,17.5128],[100.9032,17.4965],[100.9015,17.4906],[100.8998,17.4861],[100.8866,17.4728],[100.8841,17.4698],[100.8824,17.4669],[100.8832,17.4624],[100.8849,17.4565],[100.8907,17.4491],[100.8957,17.4461],[100.899,17.4417],[100.9015,17.4343],[100.909,17.3928],[100.909,17.3869],[100.904,17.3735],[100.9023,17.3661],[100.9015,17.3572],[100.9015,17.3483],[100.9032,17.3424],[100.9056,17.3365],[100.9131,17.3306],[100.9189,17.3291],[100.9231,17.3291],[100.9264,17.3306],[100.933,17.332],[100.9372,17.332],[100.9405,17.3306],[100.948,17.3291],[100.9513,17.3276],[100.9554,17.3276],[100.9596,17.3276],[100.9762,17.3291],[100.9803,17.3291],[100.9845,17.3291],[100.9878,17.3276],[100.9911,17.3246],[100.9945,17.3217],[101.0036,17.3054],[101.0086,17.3024],[101.0135,17.2994],[101.0169,17.2994],[101.0202,17.298],[101.0227,17.2965],[101.0252,17.2935],[101.0326,17.2787],[101.0351,17.2757],[101.0376,17.2743],[101.0409,17.2713],[101.0443,17.2713],[101.0492,17.2713],[101.0584,17.2698],[101.0625,17.2698],[101.0658,17.2683],[101.0683,17.2668],[101.0717,17.2639],[101.0741,17.2594],[101.0783,17.2491],[101.0916,17.2298],[101.0932,17.2268],[101.0932,17.2224],[101.0932,17.215],[101.0874,17.1987],[101.0849,17.1928],[101.0741,17.1809],[101.0708,17.175],[101.0667,17.1646],[101.0575,17.1098],[101.0484,17.0816],[101.0434,17.0727],[101.0426,17.0653],[101.0418,17.0327],[101.0401,17.0239],[101.0385,17.0164],[101.031,17.0046],[101.0293,17.0031],[101.0268,17.0016],[101.0243,17.0001],[101.0252,16.9972],[101.0268,16.9927],[101.0335,16.9838],[101.0368,16.9779],[101.0393,16.972],[101.0385,16.9616],[101.036,16.9572],[101.0326,16.9542],[101.0293,16.9527],[101.0277,16.9498],[101.0277,16.9453],[101.031,16.9409],[101.0418,16.935],[101.0542,16.929],[101.0575,16.9275],[101.0634,16.9231],[101.0658,16.9068],[101.0418,16.9068],[101.0385,16.9068],[101.0351,16.9053],[101.0052,16.8683],[100.9969,16.8609],[100.9911,16.8549],[100.9803,16.852],[100.9762,16.849],[100.9637,16.8342],[100.9546,16.8283],[100.953,16.8268],[100.9505,16.8253],[100.9297,16.8031],[100.9231,16.8001],[100.9189,16.7986],[100.9148,16.8001],[100.9115,16.8001],[100.9073,16.8001],[100.9023,16.7986],[100.8982,16.7942],[100.8957,16.7883],[100.8932,16.7764],[100.894,16.7705],[100.8957,16.766],[100.9023,16.7586],[100.9048,16.7557],[100.9065,16.7542],[100.9073,16.7497],[100.9073,16.7453],[100.9073,16.7409],[100.9081,16.7379],[100.9098,16.7349],[100.9123,16.732],[100.9139,16.729],[100.9148,16.726],[100.9156,16.7231],[100.9139,16.7112],[100.9148,16.7068],[100.9156,16.7038],[100.9173,16.7009],[100.9247,16.6934],[100.9264,16.6905],[100.9264,16.6875],[100.9239,16.6831],[100.9073,16.6697],[100.9015,16.6668],[100.8965,16.6668],[100.8882,16.6668],[100.8799,16.6653],[100.8741,16.6623],[100.8592,16.6475],[100.8558,16.6431],[100.8525,16.6371],[100.8392,16.6031],[100.8376,16.5957],[100.8376,16.5912],[100.8401,16.5794],[100.8434,16.566],[100.8451,16.5586],[100.8451,16.5542],[100.8442,16.5497],[100.8434,16.5453],[100.8376,16.5334],[100.8044,16.4845],[100.7977,16.4712],[100.7944,16.4623],[100.7961,16.4593],[100.7944,16.4564],[100.7911,16.4534],[100.7778,16.4505],[100.7703,16.4475],[100.7421,16.4282],[100.7255,16.4193],[100.7064,16.4149],[100.7023,16.4119],[100.6998,16.4075],[100.6981,16.3956],[100.6932,16.3793],[100.6683,16.3467],[100.5977,16.4104],[100.5819,16.4282],[100.5811,16.4534],[100.5761,16.4667],[100.5645,16.489],[100.5628,16.4949],[100.562,16.4993],[100.562,16.5008],[100.557,16.5112],[100.5487,16.526],[100.5404,16.5334],[100.533,16.5379],[100.5271,16.5379],[100.518,16.5379],[100.5022,16.5364],[100.4832,16.5319],[100.4657,16.529],[100.4616,16.529],[100.4566,16.529],[100.4325,16.5364],[100.4242,16.5379],[100.4201,16.5379],[100.3603,16.5245],[100.3371,16.5186],[100.3329,16.5216],[100.323,16.5245],[100.3138,16.526],[100.3055,16.5156],[100.2964,16.5112],[100.2873,16.5097],[100.2831,16.5142],[100.2815,16.5334],[100.2798,16.5394],[100.2756,16.5453],[100.2715,16.5423],[100.2624,16.5379],[100.2624,16.5512],[100.2566,16.5719],[100.2549,16.5838],[100.2408,16.5927],[100.2375,16.5942],[100.2341,16.5942],[100.1951,16.5808],[100.1719,16.5675],[100.1603,16.5601],[100.1188,16.5171],[100.1171,16.5142],[100.1146,16.5142],[100.1113,16.5127],[100.1071,16.5112],[100.0939,16.5112],[100.0897,16.5112],[100.0582,16.5008],[100.0532,16.4993],[100.049,16.4979],[100.0324,16.4964],[100.025,16.5171],[100.0233,16.5275],[100.0208,16.5334],[100.0142,16.5408],[100.0001,16.5556],[99.9918,16.5616],[99.9851,16.5645],[99.9694,16.5675],[99.9652,16.569],[99.9586,16.5719],[99.9503,16.5764],[99.9445,16.5808],[99.9411,16.5808],[99.937,16.5823],[99.9295,16.5808],[99.9254,16.5808],[99.9212,16.5838],[99.9171,16.5868],[99.9013,16.612],[99.8955,16.6253],[99.893,16.6312],[99.893,16.646],[99.9046,16.6875],[99.9337,16.7009],[99.937,16.7053],[99.9403,16.7127],[99.9386,16.7157],[99.9378,16.7201],[99.9353,16.7216],[99.932,16.7246],[99.8971,16.732],[99.893,16.7334],[99.888,16.7394],[99.8872,16.7453],[99.8888,16.7527],[99.8905,16.7557],[99.8922,16.7601],[99.8971,16.7646],[99.903,16.7675],[99.9129,16.772],[99.9187,16.7809],[99.9494,16.8564],[99.9561,16.8653],[99.9594,16.8653],[99.9793,16.8609],[99.9835,16.8609],[99.9943,16.8624],[99.9984,16.8624],[100.0001,16.8624],[100.0084,16.8579],[100.0125,16.8579],[100.0167,16.8564],[100.0216,16.8564],[100.0241,16.8594],[100.025,16.8624],[100.025,16.8742],[100.0275,16.8831],[100.0299,16.8875],[100.0333,16.8905],[100.0482,16.8949],[100.0648,16.8979],[100.1005,16.8964],[100.1088,16.8949],[100.1138,16.8949],[100.1188,16.8964],[100.1271,16.9009],[100.1296,16.9053],[100.1304,16.9083],[100.1296,16.9127],[100.1279,16.9142],[100.1229,16.9201],[100.1229,16.9246],[100.1237,16.932],[100.1287,16.9453],[100.132,16.9572],[100.1312,16.9601],[100.1287,16.9661],[100.1271,16.969],[100.1254,16.972],[100.0856,17.0001],[100.0515,17.0164],[100.0109,17.0416],[99.9652,17.0802],[99.9627,17.0831],[99.9611,17.0861],[99.9544,17.1024],[99.9503,17.1068],[99.9445,17.1113],[99.9411,17.1128],[99.9345,17.1157],[99.9312,17.1172],[99.9295,17.1202],[99.927,17.1216],[99.9179,17.1409],[99.9137,17.1542],[99.9146,17.1602],[99.9162,17.1631],[99.9196,17.1646],[99.9362,17.1661],[99.9494,17.1661],[99.9536,17.1646],[99.9577,17.1646],[99.9611,17.1631],[99.9685,17.1602],[99.9727,17.1616],[99.976,17.1616],[99.9826,17.1661],[100.01,17.1779],[100.0183,17.175],[100.0208,17.172],[100.0241,17.1691],[100.0308,17.1646],[100.0349,17.1646],[100.1511,17.1987],[100.1652,17.2002],[100.1735,17.2002],[100.1769,17.1972],[100.181,17.1942],[100.191,17.1928],[100.2001,17.1942],[100.2051,17.1972],[100.2507,17.2313],[100.2532,17.2342],[100.2574,17.2387],[100.259,17.2417],[100.2599,17.2446],[100.2607,17.2491],[100.2607,17.2505],[100.2607,17.252],[100.2474,17.3039],[100.2474,17.3083],[100.2474,17.3113],[100.2516,17.3217],[100.2516,17.3261],[100.2566,17.332],[100.2632,17.3409],[100.2939,17.3661],[100.3022,17.3706],[100.3055,17.372],[100.3138,17.3735],[100.318,17.372],[100.3254,17.3691],[100.3296,17.3691],[100.3362,17.3691],[100.3404,17.3735],[100.3454,17.3795],[100.3495,17.3824],[100.4383,17.415],[100.4466,17.4165],[100.4549,17.4165],[100.4856,17.4165],[100.489,17.4165],[100.4923,17.415],[100.4948,17.412],[100.4964,17.4106],[100.4989,17.4046],[100.5006,17.4032],[100.5031,17.4017],[100.5081,17.4017],[100.5271,17.4076],[100.5496,17.4106],[100.572,17.4165],[100.5811,17.4209],[100.5869,17.4239],[100.5977,17.4417],[100.601,17.4491],[100.6093,17.458],[100.6608,17.495],[100.6641,17.4995],[100.6641,17.5009],[100.6674,17.5039],[100.6774,17.5113],[100.7197,17.5306],[100.7488,17.5573],[100.7778,17.6032],[100.7936,17.6165],[100.8276,17.6402],[100.8343,17.6462],[100.8376,17.6521],[100.8426,17.6669],[100.8492,17.6787],[100.8575,17.6906],[100.8666,17.6995],[100.8716,17.7039],[100.8766,17.7069],[100.8799,17.7069],[100.8841,17.7084],[100.8882,17.7069],[100.8915,17.7054],[100.8932,17.7025],[100.8973,17.6936],[100.8998,17.6906],[100.9023,17.6891],[100.9065,17.6891],[100.9106,17.6876],[100.9247,17.6906],[100.938,17.695],[100.9447,17.698],[100.9496,17.701],[100.9538,17.7054],[100.9554,17.7069],[100.9563,17.7069]]]}},{"type":"Feature","id":"TH.SO","properties":{"code":"TH.SO","name_en":"Sukhothai"},"geometry":{"type":"Polygon","coordinates":[[[99.8963,17.8032],[99.903,17.7988],[99.9088,17.7914],[99.9113,17.7899],[99.9146,17.7884],[99.9179,17.7854],[99.9204,17.7839],[99.922,17.781],[99.9245,17.778],[99.9254,17.7751],[99.9254,17.7706],[99.9229,17.7632],[99.922,17.7588],[99.9229,17.7528],[99.927,17.7454],[99.9303,17.7425],[99.9337,17.7395],[99.9469,17.7291],[99.9694,17.7054],[99.971,17.701],[99.9768,17.6758],[99.9777,17.6699],[99.9777,17.6595],[99.9694,17.6165],[99.9677,17.6121],[99.9652,17.6091],[99.9586,17.6017],[99.9569,17.5987],[99.9544,17.5973],[99.9386,17.5884],[99.9337,17.5854],[99.9312,17.5824],[99.9295,17.5795],[99.9295,17.575],[99.9303,17.5691],[99.9345,17.5632],[99.9453,17.5513],[99.9494,17.5424],[99.9519,17.5395],[99.9552,17.538],[99.9586,17.5365],[99.9619,17.5365],[99.9652,17.535],[99.9677,17.5321],[99.9694,17.5261],[99.9718,17.5187],[99.9743,17.5143],[99.9777,17.5113],[99.9843,17.5084],[99.9976,17.498],[100.02,17.4743],[100.0216,17.4713],[100.025,17.4624],[100.0266,17.455],[100.0283,17.4506],[100.0308,17.4476],[100.0349,17.4417],[100.0349,17.4387],[100.0341,17.4328],[100.0283,17.4239],[100.0241,17.4195],[100.0192,17.4165],[100.0109,17.4165],[100.0075,17.415],[100.0042,17.4135],[100.0017,17.412],[100.0001,17.4106],[100.0001,17.4076],[100.0001,17.4032],[100.0026,17.3958],[100.0059,17.3928],[100.0084,17.3898],[100.0117,17.3883],[100.0142,17.3854],[100.0158,17.3795],[100.0158,17.3439],[100.0167,17.3335],[100.0158,17.3261],[100.0142,17.3157],[100.0075,17.2994],[100.0042,17.292],[100.0009,17.2876],[99.9909,17.2831],[99.9884,17.2802],[99.981,17.2728],[99.9777,17.2683],[99.971,17.255],[99.971,17.252],[99.9718,17.2476],[99.9768,17.2417],[99.9793,17.2342],[99.9843,17.2105],[99.9826,17.1661],[99.976,17.1616],[99.9727,17.1616],[99.9685,17.1602],[99.9611,17.1631],[99.9577,17.1646],[99.9536,17.1646],[99.9494,17.1661],[99.9362,17.1661],[99.9196,17.1646],[99.9162,17.1631],[99.9146,17.1602],[99.9137,17.1542],[99.9179,17.1409],[99.927,17.1216],[99.9295,17.1202],[99.9312,17.1172],[99.9345,17.1157],[99.9411,17.1128],[99.9445,17.1113],[99.9503,17.1068],[99.9544,17.1024],[99.9611,17.0861],[99.9627,17.0831],[99.9652,17.0802],[100.0109,17.0416],[100.0515,17.0164],[100.0856,17.0001],[100.1254,16.972],[100.1271,16.969],[100.1287,16.9661],[100.1312,16.9601],[100.132,16.9572],[100.1287,16.9453],[100.1237,16.932],[100.1229,16.9246],[100.1229,16.9201],[100.1279,16.9142],[100.1296,16.9127],[100.1304,16.9083],[100.1296,16.9053],[100.1271,16.9009],[100.1188,16.8964],[100.1138,16.8949],[100.1088,16.8949],[100.1005,16.8964],[100.0648,16.8979],[100.0482,16.8949],[100.0333,16.8905],[100.0299,16.8875],[100.0275,16.8831],[100.025,16.8742],[100.025,16.8624],[100.0241,16.8594],[100.0216,16.8564],[100.0167,16.8564],[100.0125,16.8579],[100.0084,16.8579],[100.0001,16.8624],[99.9984,16.8624],[99.9943,16.8624],[99.9835,16.8609],[99.9793,16.8609],[99.9594,16.8653],[99.9561,16.8653],[99.9494,16.8564],[99.9187,16.7809],[99.9129,16.772],[99.903,16.7675],[99.8971,16.7646],[99.8922,16.7601],[99.8905,16.7557],[99.8888,16.7527],[99.8872,16.7453],[99.888,16.7394],[99.893,16.7334],[99.8971,16.732],[99.932,16.7246],[99.9353,16.7216],[99.9378,16.7201],[99.9386,16.7157],[99.9403,16.7127],[99.937,16.7053],[99.9337,16.7009],[99.9046,16.6875],[99.8872,16.7023],[99.8789,16.7127],[99.8714,16.7201],[99.8598,16.732],[99.8565,16.7349],[99.8507,16.7364],[99.8332,16.7364],[99.8141,16.7349],[99.7436,16.7349],[99.7112,16.7305],[99.7071,16.7305],[99.6988,16.7305],[99.693,16.732],[99.556,16.8149],[99.5535,16.8179],[99.551,16.8194],[99.5485,16.8268],[99.5477,16.8298],[99.5477,16.8431],[99.546,16.8505],[99.5452,16.8549],[99.5427,16.8609],[99.5402,16.8638],[99.5344,16.8712],[99.5294,16.8757],[99.5228,16.8787],[99.5186,16.8816],[99.507,16.8831],[99.4946,16.8846],[99.4398,16.8801],[99.3875,16.8668],[99.375,16.8683],[99.346,16.8875],[99.3385,16.8905],[99.3327,16.8935],[99.3286,16.8979],[99.3186,16.9098],[99.3111,16.9187],[99.3078,16.9201],[99.3053,16.9216],[99.302,16.9231],[99.2821,16.9275],[99.2788,16.929],[99.2771,16.9335],[99.2729,16.9468],[99.2705,16.9513],[99.2696,16.9572],[99.2705,16.9631],[99.2796,16.9883],[99.2813,16.9942],[99.2829,17.0135],[99.2813,17.0402],[99.2788,17.049],[99.2788,17.0535],[99.2796,17.0594],[99.2979,17.092],[99.3003,17.0935],[99.3136,17.1039],[99.3186,17.1083],[99.3211,17.1113],[99.3228,17.1157],[99.3236,17.1216],[99.3236,17.1261],[99.3203,17.132],[99.3169,17.135],[99.3145,17.1379],[99.3136,17.1513],[99.3178,17.2609],[99.3402,17.258],[99.3435,17.2565],[99.3485,17.2535],[99.3634,17.2372],[99.3676,17.2313],[99.3726,17.218],[99.3767,17.2105],[99.3825,17.2076],[99.3908,17.2046],[99.3958,17.2061],[99.3991,17.2076],[99.4008,17.2105],[99.4033,17.212],[99.4066,17.2135],[99.4149,17.215],[99.4215,17.218],[99.4265,17.2224],[99.429,17.2239],[99.4398,17.2268],[99.4423,17.2283],[99.4439,17.2328],[99.4448,17.2402],[99.4456,17.2431],[99.4481,17.2461],[99.4514,17.2476],[99.4539,17.2505],[99.4564,17.2535],[99.4572,17.258],[99.458,17.2624],[99.4547,17.2817],[99.4547,17.2906],[99.4572,17.298],[99.458,17.3009],[99.4597,17.3039],[99.4639,17.3098],[99.4688,17.3143],[99.4722,17.3157],[99.4747,17.3187],[99.4771,17.3217],[99.4796,17.3276],[99.4813,17.338],[99.4805,17.3439],[99.4771,17.3572],[99.4763,17.3602],[99.4738,17.3632],[99.4713,17.3661],[99.468,17.3676],[99.4572,17.3706],[99.4547,17.372],[99.4514,17.375],[99.4456,17.3824],[99.4439,17.3839],[99.4373,17.3869],[99.434,17.3898],[99.4323,17.3928],[99.4323,17.3972],[99.4331,17.4046],[99.439,17.418],[99.4406,17.4254],[99.4398,17.4298],[99.4373,17.4328],[99.4307,17.4358],[99.4282,17.4372],[99.4257,17.4402],[99.419,17.4521],[99.4174,17.4535],[99.4157,17.458],[99.4141,17.4624],[99.4182,17.4876],[99.4182,17.5054],[99.4199,17.5098],[99.4215,17.5128],[99.424,17.5143],[99.4323,17.5187],[99.4373,17.5232],[99.439,17.5261],[99.439,17.5306],[99.4348,17.541],[99.4348,17.5439],[99.434,17.5528],[99.4323,17.5558],[99.4298,17.5573],[99.4232,17.5602],[99.4207,17.5617],[99.419,17.5647],[99.4207,17.5884],[99.4215,17.5928],[99.4232,17.5973],[99.4257,17.6002],[99.429,17.6017],[99.4323,17.6017],[99.4365,17.6017],[99.4398,17.6002],[99.4439,17.5987],[99.4481,17.5987],[99.4531,17.6002],[99.4547,17.6032],[99.4547,17.6076],[99.4522,17.6136],[99.4514,17.6195],[99.4514,17.6254],[99.4531,17.6387],[99.4547,17.6447],[99.4572,17.6491],[99.4639,17.655],[99.4672,17.6595],[99.4738,17.6684],[99.4763,17.6728],[99.4763,17.6787],[99.4755,17.6832],[99.4755,17.6891],[99.4796,17.7084],[99.4796,17.7128],[99.473,17.7291],[99.5145,17.781],[99.5294,17.7943],[99.5502,17.8062],[99.5535,17.8077],[99.5577,17.8091],[99.5618,17.8106],[99.5651,17.8106],[99.5751,17.8121],[99.59,17.8151],[99.595,17.8165],[99.6008,17.8165],[99.6083,17.8151],[99.6199,17.8121],[99.6622,17.7973],[99.6647,17.7958],[99.6672,17.7928],[99.673,17.7854],[99.6979,17.7588],[99.7062,17.7528],[99.7087,17.7499],[99.7104,17.7469],[99.7129,17.741],[99.7145,17.738],[99.7162,17.7351],[99.7179,17.7321],[99.7212,17.7291],[99.7245,17.7262],[99.732,17.7217],[99.7369,17.7217],[99.7403,17.7232],[99.7428,17.7247],[99.7544,17.738],[99.756,17.741],[99.761,17.7543],[99.7627,17.7573],[99.7735,17.7706],[99.7784,17.7795],[99.7809,17.781],[99.7851,17.7839],[99.7967,17.7884],[99.8092,17.7958],[99.815,17.7973],[99.8199,17.7988],[99.8963,17.8032]]]}},{"type":"Feature","id":"TH.UD","properties":{"code":"TH.UD","name_en":"Uttaradit"},"geometry":{"type":"Polygon","coordinates":[[[100.9563,17.7069],[100.9554,17.7069],[100.9538,17.7054],[100.9496,17.701],[100.9447,17.698],[100.938,17.695],[100.9247,17.6906],[100.9106,17.6876],[100.9065,17.6891],[100.9023,17.6891],[100.8998,17.6906],[100.8973,17.6936],[100.8932,17.7025],[100.8915,17.7054],[100.8882,17.7069],[100.8841,17.7084],[100.8799,17.7069],[100.8766,17.7069],[100.8716,17.7039],[100.8666,17.6995],[100.8575,17.6906],[100.8492,17.6787],[100.8426,17.6669],[100.8376,17.6521],[100.8343,17.6462],[100.8276,17.6402],[100.7936,17.6165],[100.7778,17.6032],[100.7488,17.5573],[100.7197,17.5306],[100.6774,17.5113],[100.6674,17.5039],[100.6641,17.5009],[100.6641,17.4995],[100.6608,17.495],[100.6093,17.458],[100.601,17.4491],[100.5977,17.4417],[100.5869,17.4239],[100.5811,17.4209],[100.572,17.4165],[100.5496,17.4106],[100.5271,17.4076],[100.5081,17.4017],[100.5031,17.4017],[100.5006,17.4032],[100.4989,17.4046],[100.4964,17.4106],[100.4948,17.412],[100.4923,17.415],[100.489,17.4165],[100.4856,17.4165],[100.4549,17.4165],[100.4466,17.4165],[100.4383,17.415],[100.3495,17.3824],[100.3454,17.3795],[100.3404,17.3735],[100.3362,17.3691],[100.3296,17.3691],[100.3254,17.3691],[100.318,17.372],[100.3138,17.3735],[100.3055,17.372],[100.3022,17.3706],[100.2939,17.3661],[100.2632,17.3409],[100.2566,17.332],[100.2516,17.3261],[100.2516,17.3217],[100.2474,17.3113],[100.2474,17.3083],[100.2474,17.3039],[100.2607,17.252],[100.2607,17.2505],[100.2607,17.2491],[100.2599,17.2446],[100.259,17.2417],[100.2574,17.2387],[100.2532,17.2342],[100.2507,17.2313],[100.2051,17.1972],[100.2001,17.1942],[100.191,17.1928],[100.181,17.1942],[100.1769,17.1972],[100.1735,17.2002],[100.1652,17.2002],[100.1511,17.1987],[100.0349,17.1646],[100.0308,17.1646],[100.0241,17.1691],[100.0208,17.172],[100.0183,17.175],[100.01,17.1779],[99.9826,17.1661],[99.9843,17.2105],[99.9793,17.2342],[99.9768,17.2417],[99.9718,17.2476],[99.971,17.252],[99.971,17.255],[99.9777,17.2683],[99.981,17.2728],[99.9884,17.2802],[99.9909,17.2831],[100.0009,17.2876],[100.0042,17.292],[100.0075,17.2994],[100.0142,17.3157],[100.0158,17.3261],[100.0167,17.3335],[100.0158,17.3439],[100.0158,17.3795],[100.0142,17.3854],[100.0117,17.3883],[100.0084,17.3898],[100.0059,17.3928],[100.0026,17.3958],[100.0001,17.4032],[100.0001,17.4076],[100.0001,17.4106],[100.0017,17.412],[100.0042,17.4135],[100.0075,17.415],[100.0109,17.4165],[100.0192,17.4165],[100.0241,17.4195],[100.0283,17.4239],[100.0341,17.4328],[100.0349,17.4387],[100.0349,17.4417],[100.0308,17.4476],[100.0283,17.4506],[100.0266,17.455],[100.025,17.4624],[100.0216,17.4713],[100.02,17.4743],[99.9976,17.498],[99.9843,17.5084],[99.9777,17.5113],[99.9743,17.5143],[99.9718,17.5187],[99.9694,17.5261],[99.9677,17.5321],[99.9652,17.535],[99.9619,17.5365],[99.9586,17.5365],[99.9552,17.538],[99.9519,17.5395],[99.9494,17.5424],[99.9453,17.5513],[99.9345,17.5632],[99.9303,17.5691],[99.9295,17.575],[99.9295,17.5795],[99.9312,17.5824],[99.9337,17.5854],[99.9386,17.5884],[99.9544,17.5973],[99.9569,17.5987],[99.9586,17.6017],[99.9652,17.6091],[99.9677,17.6121],[99.9694,17.6165],[99.9777,17.6595],[99.9777,17.6699],[99.9768,17.6758],[99.971,17.701],[99.9694,17.7054],[99.9469,17.7291],[99.9337,17.7395],[99.9303,17.7425],[99.927,17.7454],[99.9229,17.7528],[99.922,17.7588],[99.9229,17.7632],[99.9254,17.7706],[99.9254,17.7751],[99.9245,17.778],[99.922,17.781],[99.9204,17.7839],[99.9179,17.7854],[99.9146,17.7884],[99.9113,17.7899],[99.9088,17.7914],[99.903,17.7988],[99.8963,17.8032],[99.9146,17.8047],[99.9229,17.8017],[99.9295,17.7973],[99.9445,17.7854],[99.9511,17.7825],[99.9552,17.7825],[99.9602,17.7854],[99.9677,17.7958],[99.9718,17.8002],[99.9901,17.8121],[99.9951,17.8165],[99.9967,17.8225],[99.9959,17.8254],[99.9976,17.8284],[100.0009,17.8314],[100.0208,17.8328],[100.0266,17.8343],[100.0441,17.8402],[100.0499,17.8402],[100.0549,17.8388],[100.0573,17.8373],[100.0607,17.8358],[100.0648,17.8358],[100.069,17.8358],[100.0764,17.8373],[100.1296,17.8565],[100.137,17.861],[100.1445,17.8654],[100.1686,17.8877],[100.2018,17.9084],[100.2225,17.9262],[100.2275,17.9306],[100.2341,17.9425],[100.2383,17.9484],[100.2408,17.9514],[100.2466,17.9529],[100.2732,17.9588],[100.2823,17.9603],[100.2881,17.9588],[100.2914,17.9573],[100.2931,17.9543],[100.2956,17.9514],[100.2981,17.9454],[100.3005,17.9425],[100.3022,17.9395],[100.3105,17.9336],[100.3122,17.9306],[100.3171,17.9232],[100.3296,17.9069],[100.3313,17.904],[100.3346,17.898],[100.3362,17.8951],[100.342,17.898],[100.3487,17.9069],[100.3603,17.9306],[100.3636,17.941],[100.3645,17.9484],[100.3636,17.9529],[100.3628,17.9558],[100.3645,17.9736],[100.3661,17.978],[100.3694,17.984],[100.386,18.0003],[100.3877,18.0017],[100.3993,18.0077],[100.4217,18.0166],[100.4275,18.0121],[100.4309,18.0121],[100.435,18.0106],[100.44,18.0121],[100.445,18.0136],[100.4508,18.0166],[100.4566,18.0166],[100.4607,18.018],[100.4765,18.0151],[100.4807,18.0151],[100.4923,18.0166],[100.5155,18.018],[100.5188,18.0255],[100.5222,18.0284],[100.5271,18.0299],[100.5396,18.0284],[100.5454,18.0284],[100.5504,18.0299],[100.5637,18.0403],[100.572,18.0492],[100.5769,18.0506],[100.5852,18.0506],[100.6135,18.0388],[100.6251,18.0403],[100.6292,18.0388],[100.6442,18.0388],[100.6475,18.0388],[100.655,18.0373],[100.6707,18.0373],[100.6741,18.0358],[100.6774,18.0343],[100.6799,18.0329],[100.6849,18.0284],[100.689,18.0269],[100.6973,18.0269],[100.7181,18.0284],[100.7222,18.0284],[100.7388,18.0255],[100.7562,18.0255],[100.7604,18.0255],[100.7687,18.0314],[100.8094,18.0669],[100.8318,18.0818],[100.8351,18.0832],[100.8392,18.0832],[100.8426,18.0862],[100.8451,18.0906],[100.8484,18.0981],[100.86,18.1218],[100.8641,18.1321],[100.8666,18.1366],[100.8708,18.1395],[100.889,18.1499],[100.8915,18.1529],[100.8932,18.1558],[100.8932,18.1618],[100.8915,18.1662],[100.889,18.1677],[100.8824,18.1721],[100.8799,18.1736],[100.8807,18.1781],[100.8849,18.1825],[100.9023,18.1944],[100.9073,18.1988],[100.9106,18.2033],[100.9131,18.2121],[100.9115,18.2166],[100.909,18.2196],[100.9065,18.221],[100.9048,18.224],[100.9056,18.227],[100.9065,18.2299],[100.9198,18.2507],[100.9671,18.2922],[101.0044,18.3144],[101.0675,18.3633],[101.0741,18.3722],[101.0824,18.3648],[101.1455,18.3366],[101.1555,18.3233],[101.1522,18.3159],[101.1356,18.2981],[101.1298,18.2907],[101.1281,18.2803],[101.1281,18.2462],[101.1314,18.2388],[101.1397,18.2181],[101.1455,18.2136],[101.153,18.2092],[101.1596,18.2047],[101.163,18.1958],[101.1605,18.1795],[101.1455,18.1425],[101.1414,18.1232],[101.1447,18.1055],[101.1621,18.0669],[101.1654,18.0536],[101.1571,18.0403],[101.1256,18.021],[101.1123,18.0106],[101.0949,17.984],[101.0816,17.9588],[101.0658,17.9336],[101.0401,17.9114],[101.0086,17.8951],[101.0011,17.8847],[100.9969,17.864],[101.0003,17.8299],[100.9945,17.818],[100.9745,17.8091],[100.9671,17.8032],[100.9654,17.7973],[100.9679,17.7914],[100.9745,17.7839],[100.9754,17.7825],[100.9754,17.7795],[100.9754,17.778],[100.9745,17.7751],[100.9646,17.7706],[100.9588,17.7647],[100.9563,17.7558],[100.9588,17.7454],[100.9604,17.7262],[100.9563,17.7069]]]}},{"type":"Feature","id":"TH.KN","properties":{"code":"TH.KN","name_en":"Kanchanaburi"},"geometry":{"type":"Polygon","coordinates":[[[98.9808,15.2207],[98.9858,15.1925],[98.9874,15.1762],[98.9866,15.1644],[98.9874,15.1599],[98.9882,15.157],[98.9899,15.154],[98.9924,15.1466],[98.9932,15.1392],[98.9924,15.1347],[98.9899,15.1229],[98.9907,15.1021],[98.9924,15.0947],[98.9982,15.0814],[98.9999,15.0784],[99.0007,15.077],[99.0563,15.034],[99.0596,15.0295],[99.0654,15.0221],[99.0671,15.0177],[99.0688,15.0132],[99.0729,15.0118],[99.0804,15.0118],[99.097,15.0147],[99.1269,15.0206],[99.1302,15.0221],[99.1343,15.0221],[99.1401,15.0206],[99.1584,15.0118],[99.1617,15.0103],[99.1667,15.0103],[99.175,15.0118],[99.1808,15.0132],[99.1866,15.0118],[99.1941,15.0088],[99.2082,15.0044],[99.2256,14.9999],[99.2298,14.9984],[99.2323,14.9969],[99.2373,14.994],[99.2489,14.9925],[99.2796,14.9999],[99.2788,14.9969],[99.2879,14.991],[99.2904,14.9881],[99.2937,14.9821],[99.297,14.9747],[99.3053,14.951],[99.3062,14.9436],[99.3062,14.9362],[99.3095,14.9125],[99.3095,14.9036],[99.3086,14.8962],[99.307,14.8917],[99.3045,14.8903],[99.302,14.8873],[99.297,14.8843],[99.2945,14.8814],[99.2929,14.8784],[99.2887,14.874],[99.2837,14.868],[99.2829,14.8651],[99.2821,14.8621],[99.2829,14.8547],[99.2854,14.8473],[99.2871,14.8429],[99.2896,14.8384],[99.292,14.834],[99.2979,14.8325],[99.302,14.8325],[99.3086,14.8354],[99.312,14.8369],[99.3161,14.8369],[99.3203,14.8354],[99.3236,14.834],[99.3634,14.7821],[99.375,14.7717],[99.3825,14.7658],[99.3908,14.7688],[99.4066,14.7747],[99.4107,14.7762],[99.4141,14.7762],[99.4182,14.7747],[99.4257,14.7732],[99.4323,14.7702],[99.4381,14.7658],[99.4406,14.7614],[99.4431,14.754],[99.4448,14.7436],[99.4439,14.7377],[99.4423,14.7347],[99.4356,14.7273],[99.4356,14.7228],[99.4398,14.7154],[99.4589,14.6902],[99.4614,14.6902],[99.4647,14.6902],[99.4821,14.6962],[99.4987,14.6976],[99.502,14.6991],[99.5045,14.7006],[99.507,14.7021],[99.5095,14.7051],[99.512,14.7125],[99.5162,14.7169],[99.5186,14.7199],[99.5245,14.7228],[99.5269,14.7258],[99.5294,14.7273],[99.5319,14.7332],[99.5336,14.7377],[99.5344,14.7406],[99.5352,14.754],[99.5361,14.7569],[99.5394,14.7673],[99.5402,14.7717],[99.5394,14.7865],[99.5402,14.791],[99.5419,14.794],[99.5444,14.7954],[99.5477,14.7969],[99.551,14.7954],[99.5543,14.794],[99.5601,14.7895],[99.5626,14.7895],[99.566,14.7895],[99.5734,14.791],[99.5809,14.7895],[99.5884,14.7865],[99.5958,14.7851],[99.6,14.7851],[99.6033,14.7851],[99.6075,14.7865],[99.6099,14.788],[99.6133,14.7895],[99.6182,14.794],[99.6232,14.7984],[99.6257,14.7999],[99.629,14.8028],[99.6365,14.8028],[99.6581,14.8028],[99.6622,14.8014],[99.6697,14.7999],[99.6755,14.7969],[99.678,14.794],[99.7361,14.7273],[99.7668,14.7021],[99.7693,14.6991],[99.7818,14.6813],[99.7843,14.6784],[99.7876,14.6754],[99.8199,14.6621],[99.8241,14.6606],[99.8365,14.6591],[99.844,14.6576],[99.8498,14.6532],[99.8673,14.6384],[99.8681,14.6354],[99.8681,14.631],[99.8639,14.6236],[99.8606,14.6191],[99.8565,14.6162],[99.8507,14.6132],[99.8482,14.6117],[99.8465,14.6087],[99.8465,14.6058],[99.849,14.5999],[99.8507,14.5969],[99.854,14.5939],[99.8714,14.5821],[99.8814,14.5747],[99.888,14.5673],[99.8897,14.5643],[99.8905,14.5613],[99.8897,14.5569],[99.8847,14.551],[99.8805,14.548],[99.8498,14.5317],[99.8324,14.5258],[99.8291,14.5228],[99.8266,14.5213],[99.8249,14.5184],[99.8183,14.3376],[99.8241,14.2976],[99.8241,14.2606],[99.8224,14.2487],[99.8166,14.2265],[99.8133,14.2161],[99.81,14.2102],[99.7668,14.1702],[99.7652,14.1657],[99.7652,14.1598],[99.7726,14.1035],[99.7743,14.0991],[99.7768,14.0976],[99.7818,14.0976],[99.7851,14.0976],[99.7901,14.0961],[99.8033,14.0828],[99.8116,14.062],[99.8083,14.0487],[99.8075,14.0353],[99.81,14.0294],[99.8125,14.022],[99.8208,14.0087],[99.8266,14.0027],[99.8374,13.9968],[99.8432,13.9953],[99.849,13.9924],[99.8523,13.9879],[99.8573,13.9702],[99.8615,13.9642],[99.8772,13.9568],[99.8797,13.945],[99.8698,13.939],[99.8656,13.9316],[99.8473,13.8842],[99.8382,13.8679],[99.8374,13.8664],[99.8316,13.865],[99.8241,13.8605],[99.8208,13.8575],[99.8183,13.8546],[99.8067,13.8235],[99.8017,13.8175],[99.7967,13.8146],[99.7784,13.8146],[99.7635,13.8131],[99.7594,13.8146],[99.7436,13.8175],[99.7137,13.819],[99.6896,13.822],[99.6847,13.822],[99.6739,13.8205],[99.6174,13.7968],[99.5967,13.7953],[99.5859,13.7924],[99.5809,13.7909],[99.5767,13.7879],[99.5718,13.7835],[99.566,13.7761],[99.5477,13.7598],[99.5419,13.7568],[99.5369,13.7553],[99.5328,13.7568],[99.5145,13.7612],[99.5079,13.7642],[99.4996,13.7701],[99.4946,13.7746],[99.4904,13.779],[99.4888,13.782],[99.4838,13.7909],[99.4813,13.7938],[99.4788,13.7968],[99.473,13.7983],[99.4697,13.7983],[99.4481,13.782],[99.3543,13.7523],[99.3418,13.7494],[99.3377,13.7494],[99.3302,13.7509],[99.3236,13.7538],[99.3169,13.7568],[99.3111,13.7612],[99.3086,13.7627],[99.302,13.7672],[99.2979,13.7686],[99.2929,13.7672],[99.2879,13.7657],[99.2813,13.7612],[99.2763,13.7598],[99.2721,13.7598],[99.2613,13.7657],[99.2555,13.7672],[99.2514,13.7672],[99.248,13.7657],[99.2431,13.7612],[99.2389,13.7553],[99.2348,13.7509],[99.2323,13.7479],[99.2207,13.742],[99.2032,13.7301],[99.1966,13.7286],[99.1916,13.7272],[99.1742,13.7272],[99.1468,13.7242],[99.141,13.7316],[99.1086,13.7627],[99.1011,13.779],[99.0895,13.8264],[99.0895,13.8442],[99.092,13.8561],[99.092,13.8635],[99.0903,13.8694],[99.0845,13.8783],[99.0804,13.8813],[99.0663,13.8857],[99.0613,13.8887],[99.0571,13.8946],[99.0522,13.9094],[99.048,13.9153],[99.0165,13.9376],[99.0073,13.9494],[98.9974,13.9716],[98.9849,13.9909],[98.9526,14.0279],[98.9476,14.0457],[98.9451,14.0694],[98.9351,14.0857],[98.9177,14.0961],[98.8936,14.1035],[98.872,14.1124],[98.7533,14.1998],[98.7309,14.2235],[98.7069,14.2694],[98.6977,14.2709],[98.6853,14.268],[98.6703,14.268],[98.6637,14.2724],[98.6504,14.2887],[98.6446,14.2961],[98.6371,14.2991],[98.6214,14.302],[98.6147,14.305],[98.6014,14.3139],[98.5931,14.3213],[98.5475,14.3776],[98.4778,14.5169],[98.4653,14.5228],[98.4529,14.5287],[98.4454,14.5421],[98.4404,14.5658],[98.4313,14.588],[98.418,14.6073],[98.2976,14.7214],[98.2437,14.8058],[98.2354,14.8251],[98.2387,14.8384],[98.2387,14.8443],[98.2362,14.8503],[98.2254,14.8591],[98.2221,14.8636],[98.2205,14.8858],[98.2213,14.9214],[98.2146,14.9436],[98.1947,14.9777],[98.1914,14.9881],[98.1914,14.9925],[98.1914,15.0014],[98.1956,15.0103],[98.2014,15.0192],[98.2047,15.0295],[98.1989,15.0518],[98.1682,15.0829],[98.1607,15.1066],[98.1648,15.1258],[98.1856,15.1614],[98.1906,15.1792],[98.1848,15.1925],[98.1781,15.2088],[98.1773,15.2207],[98.208,15.2192],[98.2155,15.2192],[98.2329,15.2266],[98.2478,15.2414],[98.2827,15.2903],[98.2952,15.2933],[98.3176,15.2888],[98.3358,15.2829],[98.3699,15.2622],[98.3856,15.2562],[98.3923,15.2577],[98.3948,15.2651],[98.3948,15.2799],[98.3923,15.2859],[98.3865,15.2903],[98.3798,15.2933],[98.3773,15.2962],[98.379,15.3022],[98.3815,15.3066],[98.384,15.3096],[98.3848,15.3111],[98.3939,15.317],[98.3989,15.3214],[98.4006,15.3303],[98.3964,15.3481],[98.3973,15.3555],[98.4031,15.3599],[98.4396,15.3674],[98.4554,15.3733],[98.4744,15.3837],[98.4952,15.3748],[98.5151,15.3629],[98.5301,15.3481],[98.5334,15.3259],[98.5599,15.3555],[98.5691,15.4014],[98.5674,15.4518],[98.5433,15.6015],[98.5458,15.6592],[98.5442,15.6755],[98.5757,15.6622],[98.5848,15.6592],[98.6081,15.64],[98.6147,15.637],[98.6205,15.6355],[98.6239,15.637],[98.6288,15.6341],[98.6413,15.6252],[98.6463,15.6252],[98.6504,15.6252],[98.6546,15.6252],[98.6579,15.6237],[98.6637,15.6178],[98.7301,15.5155],[98.7326,15.5096],[98.7318,15.5052],[98.7293,15.5037],[98.7235,15.5007],[98.7218,15.5007],[98.7218,15.4992],[98.7226,15.4977],[98.7251,15.4933],[98.7616,15.4696],[98.765,15.4666],[98.7675,15.4637],[98.7699,15.4548],[98.7741,15.437],[98.7758,15.4326],[98.7782,15.4296],[98.7832,15.4251],[98.7932,15.4192],[98.799,15.4148],[98.8048,15.4088],[98.8339,15.3614],[98.8745,15.3125],[98.8837,15.2962],[98.8903,15.2799],[98.8936,15.2755],[98.8994,15.2711],[98.9218,15.2622],[98.9376,15.2533],[98.9808,15.2207]]]}},{"type":"Feature","id":"TH.KP","properties":{"code":"TH.KP","name_en":"Kamphaeng Phet"},"geometry":{"type":"Polygon","coordinates":[[[99.9046,16.6875],[99.893,16.646],[99.893,16.6312],[99.8955,16.6253],[99.9013,16.612],[99.9171,16.5868],[99.9212,16.5838],[99.9254,16.5808],[99.9295,16.5808],[99.937,16.5823],[99.9411,16.5808],[99.9445,16.5808],[99.9503,16.5764],[99.9586,16.5719],[99.9652,16.569],[99.9694,16.5675],[99.9851,16.5645],[99.9918,16.5616],[100.0001,16.5556],[100.0142,16.5408],[100.0208,16.5334],[100.0233,16.5275],[100.025,16.5171],[100.0324,16.4964],[99.9934,16.3941],[99.981,16.3749],[99.9785,16.3675],[99.9777,16.3616],[99.9793,16.3586],[99.981,16.3556],[99.9835,16.3541],[99.986,16.3512],[99.9909,16.3467],[99.9943,16.3378],[99.9536,16.2919],[99.9436,16.2771],[99.9411,16.2608],[99.9411,16.2534],[99.9436,16.2356],[99.9328,16.1971],[99.8963,16.1186],[99.8955,16.1097],[99.8938,16.0815],[99.8922,16.0756],[99.8897,16.0726],[99.8282,16.0223],[99.8216,16.0148],[99.8033,15.9882],[99.7867,15.9541],[99.7743,15.9363],[99.7668,15.9259],[99.7635,15.9215],[99.7618,15.9171],[99.7627,15.9126],[99.7618,15.9067],[99.7577,15.8933],[99.7295,15.8282],[99.7253,15.8222],[99.717,15.8207],[99.7104,15.8178],[99.7079,15.8163],[99.6755,15.7881],[99.6697,15.7852],[99.6647,15.7852],[99.6589,15.7881],[99.6564,15.7896],[99.6473,15.8],[99.6398,15.8119],[99.6373,15.8178],[99.6332,15.8326],[99.629,15.8548],[99.6232,15.8682],[99.6199,15.8741],[99.6158,15.8785],[99.6141,15.8815],[99.6083,15.8859],[99.6058,15.8874],[99.5992,15.8904],[99.5651,15.9008],[99.556,15.9067],[99.5452,15.9141],[99.5419,15.9156],[99.5386,15.9171],[99.5344,15.9171],[99.5294,15.9156],[99.5253,15.9156],[99.5211,15.9171],[99.5137,15.9185],[99.5095,15.9185],[99.5004,15.9185],[99.4896,15.9185],[99.4805,15.9156],[99.4755,15.9126],[99.4722,15.9067],[99.4688,15.9008],[99.4647,15.8963],[99.4614,15.8948],[99.4572,15.8948],[99.4315,15.9037],[99.419,15.9082],[99.4141,15.9082],[99.4058,15.9067],[99.4016,15.9067],[99.3684,15.9111],[99.3576,15.9156],[99.3518,15.9156],[99.3452,15.9141],[99.3261,15.9067],[99.3211,15.9067],[99.3178,15.9082],[99.3136,15.9096],[99.307,15.9082],[99.302,15.9052],[99.2979,15.9008],[99.2904,15.8978],[99.2862,15.8933],[99.2813,15.8889],[99.2779,15.8874],[99.2746,15.8889],[99.2721,15.8904],[99.2705,15.8933],[99.2671,15.8993],[99.2646,15.9008],[99.2622,15.9037],[99.2588,15.9052],[99.2522,15.9082],[99.2464,15.9111],[99.219,15.9319],[99.2165,15.9334],[99.2124,15.9334],[99.2082,15.9348],[99.2041,15.9348],[99.1833,15.9304],[99.1783,15.9274],[99.1733,15.9274],[99.1684,15.9274],[99.1626,15.9274],[99.1584,15.9259],[99.1559,15.9245],[99.1509,15.9185],[99.1385,15.9067],[99.1335,15.9037],[99.1277,15.9022],[99.1152,15.9022],[99.1111,15.9008],[99.1078,15.8993],[99.0937,15.8859],[99.0787,15.8696],[99.0754,15.9037],[99.0795,15.9215],[99.0795,15.9259],[99.0787,15.9304],[99.0754,15.9363],[99.0654,15.9497],[99.0638,15.9541],[99.0654,15.96],[99.0671,15.9674],[99.0696,15.9837],[99.0696,15.9911],[99.0688,15.9971],[99.0679,15.9985],[99.0654,16.003],[99.0605,16.0074],[99.058,16.0089],[99.0538,16.0104],[99.0455,16.0104],[99.0405,16.0119],[99.0356,16.0148],[99.0289,16.0237],[99.0264,16.0297],[99.0098,16.1215],[99.0098,16.126],[99.0107,16.1349],[99.0115,16.1378],[99.0165,16.1512],[99.0206,16.1571],[99.0223,16.163],[99.0248,16.1704],[99.0248,16.1867],[99.0239,16.1956],[99.0223,16.2015],[99.0156,16.2045],[99.0107,16.2089],[99.0048,16.2193],[99.0015,16.2312],[98.9974,16.2682],[98.9974,16.2815],[99.0065,16.3186],[99.0073,16.323],[99.0082,16.3393],[99.009,16.3482],[99.0115,16.3556],[99.0131,16.3704],[99.014,16.3882],[99.0131,16.3971],[99.0115,16.403],[99.0098,16.406],[99.0082,16.409],[99.0032,16.4134],[98.9999,16.4149],[98.9965,16.4208],[98.9882,16.4445],[98.9874,16.4549],[98.9882,16.4608],[98.9907,16.4682],[98.9949,16.4742],[98.999,16.4771],[99.0007,16.4786],[99.0032,16.4801],[99.0065,16.4801],[99.014,16.4786],[99.0173,16.4771],[99.0256,16.4756],[99.0297,16.4756],[99.0339,16.4756],[99.0488,16.4801],[99.053,16.4801],[99.0571,16.4786],[99.0646,16.4771],[99.0787,16.4712],[99.082,16.4712],[99.0903,16.4712],[99.1028,16.4727],[99.1136,16.4756],[99.1377,16.489],[99.1451,16.4949],[99.1543,16.5008],[99.1584,16.5023],[99.1609,16.5038],[99.1642,16.5053],[99.1659,16.5068],[99.1684,16.5097],[99.1725,16.5201],[99.1742,16.5231],[99.1767,16.5245],[99.1792,16.5275],[99.1833,16.5275],[99.1866,16.529],[99.2173,16.5305],[99.2256,16.5319],[99.2281,16.5334],[99.2397,16.5408],[99.2431,16.5453],[99.2472,16.5512],[99.253,16.5631],[99.2547,16.5705],[99.2555,16.5749],[99.2539,16.5912],[99.2522,16.5942],[99.2489,16.6045],[99.248,16.609],[99.2472,16.6238],[99.2472,16.6401],[99.248,16.6475],[99.2497,16.6534],[99.253,16.6594],[99.2555,16.6608],[99.258,16.6638],[99.2622,16.6638],[99.2663,16.6683],[99.2696,16.6742],[99.2821,16.7038],[99.297,16.7231],[99.3003,16.7364],[99.3003,16.7438],[99.2987,16.7512],[99.2962,16.7646],[99.297,16.7779],[99.2987,16.7853],[99.3012,16.7898],[99.3136,16.7957],[99.3178,16.7986],[99.3211,16.8031],[99.3269,16.8135],[99.3294,16.8194],[99.3302,16.8253],[99.3294,16.849],[99.3335,16.8638],[99.346,16.8875],[99.375,16.8683],[99.3875,16.8668],[99.4398,16.8801],[99.4946,16.8846],[99.507,16.8831],[99.5186,16.8816],[99.5228,16.8787],[99.5294,16.8757],[99.5344,16.8712],[99.5402,16.8638],[99.5427,16.8609],[99.5452,16.8549],[99.546,16.8505],[99.5477,16.8431],[99.5477,16.8298],[99.5485,16.8268],[99.551,16.8194],[99.5535,16.8179],[99.556,16.8149],[99.693,16.732],[99.6988,16.7305],[99.7071,16.7305],[99.7112,16.7305],[99.7436,16.7349],[99.8141,16.7349],[99.8332,16.7364],[99.8507,16.7364],[99.8565,16.7349],[99.8598,16.732],[99.8714,16.7201],[99.8789,16.7127],[99.8872,16.7023],[99.9046,16.6875]]]}},{"type":"Feature","id":"TH.PC","properties":{"code":"TH.PC","name_en":"Phichit"},"geometry":{"type":"Polygon","coordinates":[[[100.6683,16.3467],[100.6865,16.3008],[100.6973,16.2623],[100.6981,16.2564],[100.6981,16.2519],[100.6965,16.243],[100.6948,16.2371],[100.6932,16.2326],[100.6865,16.2208],[100.6442,16.1689],[100.6375,16.1586],[100.6342,16.1482],[100.6334,16.1423],[100.6334,16.1378],[100.6375,16.1037],[100.6375,16.0978],[100.6342,16.0667],[100.6301,16.0578],[100.6301,16.0548],[100.6326,16.0504],[100.7006,16.0326],[100.7064,16.0297],[100.7297,16.0148],[100.7396,16.0104],[100.7513,16.003],[100.767,15.9897],[100.7703,15.9867],[100.7695,15.9719],[100.7554,15.9304],[100.7471,15.9289],[100.733,15.9319],[100.7297,15.9319],[100.7214,15.9304],[100.7172,15.9319],[100.7131,15.9319],[100.7023,15.9363],[100.6973,15.9363],[100.6923,15.9363],[100.6873,15.9378],[100.6716,15.9452],[100.6649,15.9452],[100.6284,15.9467],[100.616,15.9497],[100.6068,15.9526],[100.6027,15.9526],[100.5919,15.9497],[100.5819,15.9452],[100.5786,15.9437],[100.5653,15.9422],[100.562,15.9422],[100.5587,15.9408],[100.5562,15.9393],[100.5471,15.9334],[100.5437,15.9319],[100.5379,15.9319],[100.5305,15.9348],[100.5255,15.9348],[100.5213,15.9334],[100.513,15.9274],[100.5097,15.9259],[100.5064,15.9259],[100.4973,15.9274],[100.4898,15.9274],[100.4815,15.9259],[100.4765,15.9259],[100.4599,15.9274],[100.4475,15.9274],[100.4433,15.9274],[100.4392,15.9259],[100.4242,15.923],[100.4201,15.923],[100.4151,15.923],[100.4109,15.9245],[100.3835,15.9348],[100.3761,15.9363],[100.3719,15.9378],[100.357,15.9348],[100.3528,15.9348],[100.3487,15.9348],[100.3462,15.9363],[100.3279,15.9437],[100.3163,15.9452],[100.313,15.9452],[100.3105,15.9437],[100.3072,15.9437],[100.3005,15.9408],[100.2997,15.9378],[100.2981,15.9126],[100.2848,15.9096],[100.2806,15.9096],[100.2682,15.9096],[100.2624,15.9111],[100.2557,15.9156],[100.2441,15.9259],[100.2383,15.9289],[100.2333,15.9289],[100.2308,15.9274],[100.2275,15.9259],[100.2242,15.9245],[100.22,15.9245],[100.2159,15.9274],[100.2092,15.9319],[100.1976,15.9422],[100.1951,15.9437],[100.1918,15.9452],[100.1711,15.9541],[100.1686,15.9571],[100.1652,15.963],[100.1619,15.9719],[100.1486,15.9911],[100.1387,16.0134],[100.1237,16.0578],[100.1204,16.0711],[100.1188,16.0756],[100.1154,16.0815],[100.1005,16.0993],[100.0922,16.1141],[100.0905,16.12],[100.0914,16.126],[100.093,16.1304],[100.0939,16.1363],[100.0914,16.1408],[100.0831,16.1497],[100.0781,16.1541],[100.0739,16.1586],[100.0499,16.1719],[100.0449,16.1763],[100.0416,16.1852],[100.0308,16.2297],[100.0283,16.2489],[100.0308,16.2519],[100.0324,16.2549],[100.0333,16.2578],[100.0241,16.3038],[100.0216,16.3082],[100.0109,16.326],[99.9943,16.3378],[99.9909,16.3467],[99.986,16.3512],[99.9835,16.3541],[99.981,16.3556],[99.9793,16.3586],[99.9777,16.3616],[99.9785,16.3675],[99.981,16.3749],[99.9934,16.3941],[100.0324,16.4964],[100.049,16.4979],[100.0532,16.4993],[100.0582,16.5008],[100.0897,16.5112],[100.0939,16.5112],[100.1071,16.5112],[100.1113,16.5127],[100.1146,16.5142],[100.1171,16.5142],[100.1188,16.5171],[100.1603,16.5601],[100.1719,16.5675],[100.1951,16.5808],[100.2341,16.5942],[100.2375,16.5942],[100.2408,16.5927],[100.2549,16.5838],[100.2566,16.5719],[100.2624,16.5512],[100.2624,16.5379],[100.2715,16.5423],[100.2756,16.5453],[100.2798,16.5394],[100.2815,16.5334],[100.2831,16.5142],[100.2873,16.5097],[100.2964,16.5112],[100.3055,16.5156],[100.3138,16.526],[100.323,16.5245],[100.3329,16.5216],[100.3371,16.5186],[100.3603,16.5245],[100.4201,16.5379],[100.4242,16.5379],[100.4325,16.5364],[100.4566,16.529],[100.4616,16.529],[100.4657,16.529],[100.4832,16.5319],[100.5022,16.5364],[100.518,16.5379],[100.5271,16.5379],[100.533,16.5379],[100.5404,16.5334],[100.5487,16.526],[100.557,16.5112],[100.562,16.5008],[100.562,16.4993],[100.5628,16.4949],[100.5645,16.489],[100.5761,16.4667],[100.5811,16.4534],[100.5819,16.4282],[100.5977,16.4104],[100.6683,16.3467]]]}},{"type":"Feature","id":"TH.PH","properties":{"code":"TH.PH","name_en":"Phetchabun"},"geometry":{"type":"Polygon","coordinates":[[[101.7905,16.766],[101.7871,16.7423],[101.788,16.7379],[101.788,16.732],[101.7871,16.7246],[101.7739,16.7009],[101.7564,16.6816],[101.7515,16.6697],[101.7432,16.6683],[101.7373,16.6638],[101.734,16.6594],[101.7315,16.6564],[101.7282,16.6549],[101.7249,16.6549],[101.7191,16.6594],[101.7133,16.6623],[101.6975,16.6801],[101.695,16.6816],[101.6925,16.6831],[101.6851,16.686],[101.6734,16.689],[101.6602,16.689],[101.6485,16.686],[101.6369,16.6846],[101.6336,16.6831],[101.6294,16.6831],[101.6253,16.6846],[101.622,16.686],[101.6187,16.6875],[101.6162,16.6905],[101.6137,16.692],[101.6103,16.6979],[101.6079,16.6994],[101.6054,16.7023],[101.602,16.7038],[101.5987,16.7038],[101.5954,16.7038],[101.5929,16.7023],[101.5846,16.6949],[101.5755,16.6905],[101.573,16.689],[101.5705,16.686],[101.5622,16.6757],[101.5597,16.6742],[101.5572,16.6727],[101.5531,16.6712],[101.5498,16.6712],[101.5423,16.6742],[101.5332,16.6786],[101.5298,16.6801],[101.5265,16.6816],[101.5224,16.6816],[101.519,16.6816],[101.5157,16.6801],[101.5132,16.6771],[101.5107,16.6757],[101.5091,16.6712],[101.5083,16.6653],[101.5091,16.6549],[101.5107,16.649],[101.5124,16.6445],[101.5166,16.6401],[101.5174,16.6357],[101.5166,16.6297],[101.5124,16.6223],[101.5083,16.6194],[101.5008,16.6164],[101.5,16.6149],[101.4983,16.609],[101.4966,16.6001],[101.4966,16.5808],[101.4975,16.5719],[101.4991,16.5675],[101.5008,16.566],[101.5099,16.5571],[101.5124,16.5556],[101.5124,16.5527],[101.5124,16.5482],[101.5083,16.5438],[101.5049,16.5408],[101.4917,16.5334],[101.4809,16.526],[101.4692,16.5186],[101.4668,16.5171],[101.4651,16.5142],[101.4634,16.5112],[101.4634,16.5053],[101.4676,16.4919],[101.4676,16.486],[101.4676,16.4816],[101.4643,16.4742],[101.4609,16.4697],[101.4568,16.4638],[101.4518,16.4593],[101.4502,16.4564],[101.4452,16.446],[101.4427,16.4416],[101.4402,16.4386],[101.4311,16.4342],[101.4128,16.4149],[101.407,16.4104],[101.4028,16.406],[101.4012,16.403],[101.4003,16.4001],[101.4028,16.3941],[101.4028,16.3882],[101.402,16.3838],[101.3987,16.3779],[101.3962,16.3749],[101.3929,16.3719],[101.3846,16.366],[101.3804,16.3616],[101.3788,16.3571],[101.3622,16.2815],[101.3588,16.2756],[101.3547,16.2697],[101.3505,16.2652],[101.3489,16.2623],[101.3481,16.2593],[101.3505,16.2549],[101.3522,16.2519],[101.3547,16.2489],[101.358,16.246],[101.3647,16.243],[101.3663,16.2401],[101.3655,16.2341],[101.3622,16.2252],[101.3588,16.2208],[101.3564,16.2178],[101.3514,16.2134],[101.3489,16.2104],[101.3447,16.2045],[101.3439,16.2015],[101.3439,16.1956],[101.3456,16.1867],[101.3456,16.1763],[101.324,16.0756],[101.324,16.0667],[101.329,16.0148],[101.3331,15.9985],[101.3381,15.9867],[101.3414,15.9808],[101.3431,15.9793],[101.3464,15.9763],[101.3489,15.9748],[101.3522,15.9734],[101.3597,15.9719],[101.368,15.9704],[101.3763,15.9689],[101.3796,15.9674],[101.3821,15.9659],[101.3846,15.963],[101.3846,15.9585],[101.3837,15.9526],[101.3738,15.9319],[101.3655,15.8963],[101.3613,15.8874],[101.3588,15.883],[101.353,15.8785],[101.3481,15.8741],[101.3398,15.8682],[101.3348,15.8637],[101.3306,15.8593],[101.329,15.8563],[101.3273,15.8519],[101.3265,15.8415],[101.3298,15.7541],[101.3306,15.7481],[101.3323,15.7452],[101.3331,15.7422],[101.3348,15.7393],[101.3572,15.72],[101.3605,15.7185],[101.3638,15.717],[101.3763,15.717],[101.3804,15.717],[101.3846,15.7155],[101.3871,15.7141],[101.3896,15.7126],[101.392,15.7096],[101.3937,15.7067],[101.3945,15.7022],[101.3962,15.6993],[101.3945,15.6918],[101.3929,15.68],[101.3771,15.6355],[101.3696,15.6],[101.3655,15.557],[101.3655,15.5496],[101.3688,15.5348],[101.3705,15.5185],[101.3738,15.5007],[101.3754,15.4607],[101.373,15.437],[101.373,15.4148],[101.3705,15.4059],[101.3422,15.3481],[101.3331,15.3362],[101.3007,15.3022],[101.2634,15.3318],[101.2551,15.3437],[101.2534,15.357],[101.2526,15.3644],[101.2501,15.3733],[101.2418,15.3896],[101.2368,15.3955],[101.2319,15.3985],[101.2219,15.4],[101.1962,15.4044],[101.1928,15.4044],[101.1895,15.4044],[101.1646,15.3955],[101.1538,15.3925],[101.1405,15.3925],[101.1281,15.3955],[101.1223,15.3985],[101.1173,15.4014],[101.0941,15.4207],[101.0883,15.4251],[101.0833,15.4266],[101.0758,15.4266],[101.0617,15.4251],[101.0542,15.4251],[101.0492,15.4266],[101.0459,15.4281],[101.0418,15.434],[101.0335,15.4444],[100.9853,15.4785],[100.977,15.4814],[100.9737,15.4829],[100.9554,15.4829],[100.9281,15.4785],[100.8841,15.4666],[100.8799,15.4651],[100.8758,15.4651],[100.8716,15.4666],[100.8276,15.48],[100.7396,15.4977],[100.7471,15.5155],[100.7546,15.5229],[100.7712,15.5289],[100.7745,15.5303],[100.777,15.5318],[100.7795,15.5333],[100.7894,15.5437],[100.7911,15.5466],[100.7944,15.5511],[100.7961,15.5555],[100.8002,15.5748],[100.8027,15.5881],[100.8035,15.5926],[100.806,15.5955],[100.8309,15.6222],[100.8326,15.6252],[100.8326,15.6311],[100.8309,15.637],[100.821,15.6563],[100.8201,15.6622],[100.8226,15.6681],[100.8293,15.677],[100.8301,15.68],[100.8301,15.6844],[100.8284,15.6904],[100.8177,15.7126],[100.8077,15.7422],[100.7961,15.803],[100.7936,15.8311],[100.7952,15.8356],[100.7977,15.8459],[100.7986,15.8548],[100.7986,15.8622],[100.7969,15.8682],[100.7928,15.8741],[100.7836,15.883],[100.7778,15.8859],[100.7728,15.8889],[100.762,15.8919],[100.7596,15.8963],[100.7579,15.9008],[100.7554,15.9304],[100.7695,15.9719],[100.7703,15.9867],[100.767,15.9897],[100.7513,16.003],[100.7396,16.0104],[100.7297,16.0148],[100.7064,16.0297],[100.7006,16.0326],[100.6326,16.0504],[100.6301,16.0548],[100.6301,16.0578],[100.6342,16.0667],[100.6375,16.0978],[100.6375,16.1037],[100.6334,16.1378],[100.6334,16.1423],[100.6342,16.1482],[100.6375,16.1586],[100.6442,16.1689],[100.6865,16.2208],[100.6932,16.2326],[100.6948,16.2371],[100.6965,16.243],[100.6981,16.2519],[100.6981,16.2564],[100.6973,16.2623],[100.6865,16.3008],[100.6683,16.3467],[100.6932,16.3793],[100.6981,16.3956],[100.6998,16.4075],[100.7023,16.4119],[100.7064,16.4149],[100.7255,16.4193],[100.7421,16.4282],[100.7703,16.4475],[100.7778,16.4505],[100.7911,16.4534],[100.7944,16.4564],[100.7961,16.4593],[100.7944,16.4623],[100.7977,16.4712],[100.8044,16.4845],[100.8376,16.5334],[100.8434,16.5453],[100.8442,16.5497],[100.8451,16.5542],[100.8451,16.5586],[100.8434,16.566],[100.8401,16.5794],[100.8376,16.5912],[100.8376,16.5957],[100.8392,16.6031],[100.8525,16.6371],[100.8558,16.6431],[100.8592,16.6475],[100.8741,16.6623],[100.8799,16.6653],[100.8882,16.6668],[100.8965,16.6668],[100.9015,16.6668],[100.9073,16.6697],[100.9239,16.6831],[100.9264,16.6875],[100.9264,16.6905],[100.9247,16.6934],[100.9173,16.7009],[100.9156,16.7038],[100.9148,16.7068],[100.9139,16.7112],[100.9156,16.7231],[100.9148,16.726],[100.9139,16.729],[100.9123,16.732],[100.9098,16.7349],[100.9081,16.7379],[100.9073,16.7409],[100.9073,16.7453],[100.9073,16.7497],[100.9065,16.7542],[100.9048,16.7557],[100.9023,16.7586],[100.8957,16.766],[100.894,16.7705],[100.8932,16.7764],[100.8957,16.7883],[100.8982,16.7942],[100.9023,16.7986],[100.9073,16.8001],[100.9115,16.8001],[100.9148,16.8001],[100.9189,16.7986],[100.9231,16.8001],[100.9297,16.8031],[100.9505,16.8253],[100.953,16.8268],[100.9546,16.8283],[100.9637,16.8342],[100.9762,16.849],[100.9803,16.852],[100.9911,16.8549],[100.9969,16.8609],[101.0052,16.8683],[101.0351,16.9053],[101.0385,16.9068],[101.0418,16.9068],[101.0658,16.9068],[101.099,16.9083],[101.1007,16.9112],[101.1049,16.9157],[101.1057,16.9187],[101.1073,16.9216],[101.1098,16.9231],[101.1165,16.9261],[101.1198,16.9275],[101.1223,16.9305],[101.1231,16.9335],[101.1231,16.9364],[101.1223,16.9527],[101.1223,16.9572],[101.1239,16.9646],[101.1281,16.975],[101.1314,16.9913],[101.1314,16.9942],[101.1306,16.9972],[101.1298,16.9987],[101.1248,17.0105],[101.1239,17.015],[101.1239,17.0194],[101.1239,17.0224],[101.1264,17.0313],[101.1281,17.0327],[101.1306,17.0357],[101.1339,17.0372],[101.1381,17.0387],[101.1422,17.0387],[101.1488,17.0387],[101.1571,17.0387],[101.1646,17.0416],[101.1671,17.0431],[101.1696,17.0461],[101.1737,17.0505],[101.1746,17.0535],[101.1812,17.0639],[101.1887,17.0727],[101.1903,17.0757],[101.1928,17.0831],[101.1945,17.0905],[101.1945,17.0935],[101.1928,17.1009],[101.1928,17.1053],[101.1937,17.1083],[101.1962,17.1113],[101.1986,17.1128],[101.2094,17.1157],[101.236,17.1068],[101.2734,17.089],[101.3041,17.0802],[101.3082,17.0772],[101.3124,17.0698],[101.3165,17.0668],[101.3207,17.0653],[101.3265,17.0668],[101.3381,17.0713],[101.3447,17.0742],[101.353,17.0742],[101.3572,17.0742],[101.3613,17.0742],[101.3779,17.0698],[101.3862,17.0698],[101.3896,17.0713],[101.3929,17.0727],[101.3945,17.0742],[101.3979,17.0757],[101.4028,17.0757],[101.4095,17.0742],[101.4194,17.0683],[101.4261,17.0668],[101.4311,17.0668],[101.4344,17.0683],[101.4502,17.0772],[101.4535,17.0772],[101.4601,17.0772],[101.4684,17.0727],[101.4975,17.055],[101.5024,17.0535],[101.5166,17.049],[101.5207,17.0461],[101.5232,17.0431],[101.5415,17.0016],[101.5431,17.0001],[101.5556,16.9942],[101.5614,16.9927],[101.5672,16.9927],[101.5755,16.9942],[101.5821,16.9957],[101.5863,16.9972],[101.5996,17.0031],[101.602,17.0046],[101.6045,17.0061],[101.607,17.009],[101.6087,17.012],[101.6103,17.015],[101.6128,17.0224],[101.6153,17.0283],[101.6236,17.0387],[101.6261,17.0416],[101.6294,17.0431],[101.6353,17.0461],[101.6386,17.0476],[101.6427,17.0461],[101.6477,17.0431],[101.6535,17.0209],[101.6826,16.9601],[101.6867,16.9557],[101.705,16.9364],[101.7083,16.932],[101.7133,16.9201],[101.7174,16.9038],[101.7191,16.889],[101.7149,16.8327],[101.7149,16.8298],[101.7232,16.8105],[101.7241,16.8046],[101.7241,16.8001],[101.7191,16.7853],[101.7183,16.7779],[101.7191,16.7735],[101.7199,16.769],[101.7216,16.766],[101.7249,16.7616],[101.7282,16.7601],[101.7324,16.7586],[101.7473,16.7601],[101.7905,16.766]]]}},{"type":"Feature","id":"TH.SH","properties":{"code":"TH.SH","name_en":"Suphan Buri"},"geometry":{"type":"Polygon","coordinates":[[[99.7262,14.9614],[99.7975,14.951],[99.8714,14.9214],[99.9478,14.9155],[99.9586,14.9125],[99.966,14.9095],[99.9702,14.9095],[99.9801,14.911],[99.9943,14.914],[100.0275,14.9243],[100.0391,14.9318],[100.0449,14.9377],[100.0441,14.9406],[100.0416,14.951],[100.0407,14.9555],[100.0416,14.9584],[100.0432,14.9614],[100.0449,14.9629],[100.0482,14.9629],[100.0524,14.9629],[100.0715,14.9555],[100.0781,14.954],[100.103,14.951],[100.1113,14.948],[100.1163,14.9466],[100.1354,14.9273],[100.1403,14.9243],[100.1561,14.9273],[100.2117,14.9555],[100.2067,14.9436],[100.2051,14.9406],[100.2026,14.9362],[100.196,14.9288],[100.1943,14.9258],[100.1935,14.9229],[100.1951,14.9169],[100.2001,14.9095],[100.2051,14.9066],[100.2092,14.9066],[100.2225,14.9095],[100.225,14.9036],[100.2267,14.8917],[100.2233,14.8473],[100.2217,14.8399],[100.2126,14.828],[100.2117,14.8251],[100.2126,14.8191],[100.2142,14.8147],[100.2325,14.7895],[100.22,14.7777],[100.2159,14.7732],[100.2126,14.7658],[100.2117,14.7628],[100.2101,14.754],[100.2126,14.7377],[100.2192,14.7169],[100.22,14.711],[100.22,14.7051],[100.2184,14.6962],[100.2167,14.6917],[100.2159,14.6858],[100.2167,14.6799],[100.2233,14.6621],[100.225,14.6547],[100.2233,14.6443],[100.2217,14.6384],[100.22,14.6339],[100.2184,14.631],[100.2167,14.628],[100.2059,14.6162],[100.2051,14.6117],[100.2059,14.6073],[100.2126,14.6013],[100.215,14.5954],[100.2167,14.591],[100.215,14.5865],[100.2126,14.5821],[100.2092,14.5806],[100.2059,14.5776],[100.2009,14.5747],[100.1984,14.5717],[100.1968,14.5687],[100.1968,14.5628],[100.1993,14.5554],[100.2084,14.5317],[100.2109,14.5228],[100.2142,14.5169],[100.2167,14.5124],[100.2316,14.4961],[100.2424,14.4887],[100.2541,14.4858],[100.2566,14.4547],[100.2582,14.4443],[100.2698,14.4235],[100.2765,14.4161],[100.2798,14.4087],[100.2823,14.4028],[100.2815,14.3835],[100.2748,14.3272],[100.2541,14.2502],[100.2549,14.2265],[100.2482,14.2131],[100.2209,14.1776],[100.1752,14.1568],[100.1711,14.1539],[100.1686,14.1524],[100.1661,14.1494],[100.1644,14.1465],[100.1628,14.1435],[100.1586,14.1405],[100.152,14.1405],[100.1395,14.1405],[100.1287,14.1435],[100.0225,14.1405],[100.0175,14.142],[100.0026,14.145],[99.9893,14.1465],[99.986,14.145],[99.9793,14.142],[99.927,14.1094],[99.8789,14.065],[99.8639,14.062],[99.8116,14.062],[99.8033,14.0828],[99.7901,14.0961],[99.7851,14.0976],[99.7818,14.0976],[99.7768,14.0976],[99.7743,14.0991],[99.7726,14.1035],[99.7652,14.1598],[99.7652,14.1657],[99.7668,14.1702],[99.81,14.2102],[99.8133,14.2161],[99.8166,14.2265],[99.8224,14.2487],[99.8241,14.2606],[99.8241,14.2976],[99.8183,14.3376],[99.8249,14.5184],[99.8266,14.5213],[99.8291,14.5228],[99.8324,14.5258],[99.8498,14.5317],[99.8805,14.548],[99.8847,14.551],[99.8897,14.5569],[99.8905,14.5613],[99.8897,14.5643],[99.888,14.5673],[99.8814,14.5747],[99.8714,14.5821],[99.854,14.5939],[99.8507,14.5969],[99.849,14.5999],[99.8465,14.6058],[99.8465,14.6087],[99.8482,14.6117],[99.8507,14.6132],[99.8565,14.6162],[99.8606,14.6191],[99.8639,14.6236],[99.8681,14.631],[99.8681,14.6354],[99.8673,14.6384],[99.8498,14.6532],[99.844,14.6576],[99.8365,14.6591],[99.8241,14.6606],[99.8199,14.6621],[99.7876,14.6754],[99.7843,14.6784],[99.7818,14.6813],[99.7693,14.6991],[99.7668,14.7021],[99.7361,14.7273],[99.678,14.794],[99.6755,14.7969],[99.6697,14.7999],[99.6622,14.8014],[99.6581,14.8028],[99.6365,14.8028],[99.629,14.8028],[99.6257,14.7999],[99.6232,14.7984],[99.6182,14.794],[99.6133,14.7895],[99.6099,14.788],[99.6075,14.7865],[99.6033,14.7851],[99.6,14.7851],[99.5958,14.7851],[99.5884,14.7865],[99.5809,14.7895],[99.5734,14.791],[99.566,14.7895],[99.5626,14.7895],[99.5601,14.7895],[99.5543,14.794],[99.551,14.7954],[99.5477,14.7969],[99.5444,14.7954],[99.5419,14.794],[99.5402,14.791],[99.5394,14.7865],[99.5402,14.7717],[99.5394,14.7673],[99.5361,14.7569],[99.5352,14.754],[99.5344,14.7406],[99.5336,14.7377],[99.5319,14.7332],[99.5294,14.7273],[99.5269,14.7258],[99.5245,14.7228],[99.5186,14.7199],[99.5162,14.7169],[99.512,14.7125],[99.5095,14.7051],[99.507,14.7021],[99.5045,14.7006],[99.502,14.6991],[99.4987,14.6976],[99.4821,14.6962],[99.4647,14.6902],[99.4614,14.6902],[99.4589,14.6902],[99.4398,14.7154],[99.4356,14.7228],[99.4356,14.7273],[99.4423,14.7347],[99.4439,14.7377],[99.4448,14.7436],[99.4431,14.754],[99.4406,14.7614],[99.4381,14.7658],[99.4323,14.7702],[99.4257,14.7732],[99.4182,14.7747],[99.4141,14.7762],[99.4107,14.7762],[99.4066,14.7747],[99.3908,14.7688],[99.3825,14.7658],[99.375,14.7717],[99.3634,14.7821],[99.3236,14.834],[99.3203,14.8354],[99.3161,14.8369],[99.312,14.8369],[99.3086,14.8354],[99.302,14.8325],[99.2979,14.8325],[99.292,14.834],[99.2896,14.8384],[99.2871,14.8429],[99.2854,14.8473],[99.2829,14.8547],[99.2821,14.8621],[99.2829,14.8651],[99.2837,14.868],[99.2887,14.874],[99.2929,14.8784],[99.2945,14.8814],[99.297,14.8843],[99.302,14.8873],[99.3045,14.8903],[99.307,14.8917],[99.3086,14.8962],[99.3095,14.9036],[99.3095,14.9125],[99.3062,14.9362],[99.3062,14.9436],[99.3053,14.951],[99.297,14.9747],[99.2937,14.9821],[99.2904,14.9881],[99.2879,14.991],[99.2788,14.9969],[99.2796,14.9999],[99.2896,15.0236],[99.2912,15.0384],[99.2954,15.0518],[99.312,15.0681],[99.3153,15.0695],[99.3186,15.071],[99.3236,15.0725],[99.3269,15.071],[99.3302,15.0695],[99.346,15.0532],[99.3501,15.0503],[99.3543,15.0488],[99.3701,15.0444],[99.3767,15.0414],[99.3875,15.0384],[99.3983,15.0384],[99.4041,15.0369],[99.4074,15.034],[99.4091,15.031],[99.4107,15.0281],[99.4182,15.0014],[99.517,14.9806],[99.5278,14.9732],[99.5394,14.9658],[99.5427,14.9643],[99.561,14.9584],[99.5643,14.9569],[99.6158,14.9436],[99.6274,14.9451],[99.634,14.9466],[99.634,14.9555],[99.6324,14.9658],[99.6274,14.9806],[99.6274,14.9836],[99.6274,14.9851],[99.6307,14.9866],[99.6448,14.9925],[99.6514,14.9925],[99.6564,14.9925],[99.6697,14.9881],[99.7062,14.9688],[99.7262,14.9614]]]}},{"type":"Feature","id":"TH.TK","properties":{"code":"TH.TK","name_en":"Tak"},"geometry":{"type":"Polygon","coordinates":[[[99.0123,17.6106],[99.0107,17.5958],[99.0123,17.5869],[99.019,17.578],[99.0248,17.5647],[99.0281,17.5498],[99.0331,17.5113],[99.0331,17.5024],[99.0322,17.4995],[99.0273,17.4891],[99.0165,17.4535],[99.0123,17.4224],[99.014,17.4135],[99.0165,17.4076],[99.0264,17.4046],[99.0297,17.4002],[99.0331,17.3958],[99.038,17.3883],[99.0414,17.3839],[99.0455,17.3809],[99.0522,17.3795],[99.0613,17.3735],[99.0646,17.372],[99.0679,17.3706],[99.0762,17.3691],[99.0812,17.3691],[99.0854,17.3691],[99.0895,17.3691],[99.0937,17.3661],[99.0978,17.3632],[99.1036,17.3587],[99.1086,17.3557],[99.1128,17.3557],[99.1211,17.3557],[99.126,17.3557],[99.1302,17.3557],[99.1368,17.3528],[99.1401,17.3513],[99.1443,17.3483],[99.1667,17.3365],[99.17,17.335],[99.1725,17.335],[99.175,17.3365],[99.1833,17.3469],[99.1982,17.3602],[99.2007,17.3632],[99.2016,17.3661],[99.2041,17.3765],[99.2057,17.3809],[99.2074,17.3839],[99.2115,17.3898],[99.2132,17.3913],[99.2182,17.3958],[99.224,17.3987],[99.2281,17.4002],[99.2314,17.4017],[99.2547,17.4002],[99.263,17.3972],[99.2671,17.3958],[99.2696,17.3928],[99.2721,17.3854],[99.2729,17.3809],[99.2729,17.3735],[99.2696,17.3572],[99.2713,17.3469],[99.2738,17.3409],[99.2779,17.3246],[99.2804,17.3172],[99.3178,17.2609],[99.3136,17.1513],[99.3145,17.1379],[99.3169,17.135],[99.3203,17.132],[99.3236,17.1261],[99.3236,17.1216],[99.3228,17.1157],[99.3211,17.1113],[99.3186,17.1083],[99.3136,17.1039],[99.3003,17.0935],[99.2979,17.092],[99.2796,17.0594],[99.2788,17.0535],[99.2788,17.049],[99.2813,17.0402],[99.2829,17.0135],[99.2813,16.9942],[99.2796,16.9883],[99.2705,16.9631],[99.2696,16.9572],[99.2705,16.9513],[99.2729,16.9468],[99.2771,16.9335],[99.2788,16.929],[99.2821,16.9275],[99.302,16.9231],[99.3053,16.9216],[99.3078,16.9201],[99.3111,16.9187],[99.3186,16.9098],[99.3286,16.8979],[99.3327,16.8935],[99.3385,16.8905],[99.346,16.8875],[99.3335,16.8638],[99.3294,16.849],[99.3302,16.8253],[99.3294,16.8194],[99.3269,16.8135],[99.3211,16.8031],[99.3178,16.7986],[99.3136,16.7957],[99.3012,16.7898],[99.2987,16.7853],[99.297,16.7779],[99.2962,16.7646],[99.2987,16.7512],[99.3003,16.7438],[99.3003,16.7364],[99.297,16.7231],[99.2821,16.7038],[99.2696,16.6742],[99.2663,16.6683],[99.2622,16.6638],[99.258,16.6638],[99.2555,16.6608],[99.253,16.6594],[99.2497,16.6534],[99.248,16.6475],[99.2472,16.6401],[99.2472,16.6238],[99.248,16.609],[99.2489,16.6045],[99.2522,16.5942],[99.2539,16.5912],[99.2555,16.5749],[99.2547,16.5705],[99.253,16.5631],[99.2472,16.5512],[99.2431,16.5453],[99.2397,16.5408],[99.2281,16.5334],[99.2256,16.5319],[99.2173,16.5305],[99.1866,16.529],[99.1833,16.5275],[99.1792,16.5275],[99.1767,16.5245],[99.1742,16.5231],[99.1725,16.5201],[99.1684,16.5097],[99.1659,16.5068],[99.1642,16.5053],[99.1609,16.5038],[99.1584,16.5023],[99.1543,16.5008],[99.1451,16.4949],[99.1377,16.489],[99.1136,16.4756],[99.1028,16.4727],[99.0903,16.4712],[99.082,16.4712],[99.0787,16.4712],[99.0646,16.4771],[99.0571,16.4786],[99.053,16.4801],[99.0488,16.4801],[99.0339,16.4756],[99.0297,16.4756],[99.0256,16.4756],[99.0173,16.4771],[99.014,16.4786],[99.0065,16.4801],[99.0032,16.4801],[99.0007,16.4786],[98.999,16.4771],[98.9949,16.4742],[98.9907,16.4682],[98.9882,16.4608],[98.9874,16.4549],[98.9882,16.4445],[98.9965,16.4208],[98.9999,16.4149],[99.0032,16.4134],[99.0082,16.409],[99.0098,16.406],[99.0115,16.403],[99.0131,16.3971],[99.014,16.3882],[99.0131,16.3704],[99.0115,16.3556],[99.009,16.3482],[99.0082,16.3393],[99.0073,16.323],[99.0065,16.3186],[98.9974,16.2815],[98.9974,16.2682],[99.0015,16.2312],[99.0048,16.2193],[99.0107,16.2089],[99.0156,16.2045],[99.0223,16.2015],[99.0239,16.1956],[99.0248,16.1867],[99.0248,16.1704],[99.0223,16.163],[99.0206,16.1571],[99.0165,16.1512],[99.0115,16.1378],[99.0107,16.1349],[99.0098,16.126],[99.0098,16.1215],[99.0264,16.0297],[99.0289,16.0237],[99.0356,16.0148],[99.0405,16.0119],[99.0455,16.0104],[99.0538,16.0104],[99.058,16.0089],[99.0605,16.0074],[99.0654,16.003],[99.0679,15.9985],[99.0688,15.9971],[99.0696,15.9911],[99.0696,15.9837],[99.0671,15.9674],[99.0654,15.96],[99.0638,15.9541],[99.0654,15.9497],[99.0754,15.9363],[99.0787,15.9304],[99.0795,15.9259],[99.0795,15.9215],[99.0754,15.9037],[99.0787,15.8696],[99.0837,15.843],[99.0837,15.8385],[99.0854,15.8311],[99.0879,15.8267],[99.0995,15.8163],[99.1119,15.8089],[99.1177,15.8044],[99.1194,15.8015],[99.1219,15.7926],[99.1211,15.7704],[99.1211,15.7452],[99.1219,15.7333],[99.1244,15.7274],[99.1252,15.723],[99.1235,15.7185],[99.1186,15.7096],[99.1152,15.7007],[99.1094,15.683],[99.1069,15.6711],[99.1045,15.6429],[99.1053,15.6385],[99.1045,15.6326],[99.1028,15.6266],[99.0962,15.6133],[99.0887,15.6029],[99.0862,15.6015],[99.0837,15.597],[99.0762,15.5778],[99.0721,15.5718],[99.0688,15.5689],[99.0555,15.5629],[99.0455,15.554],[99.043,15.5496],[99.0414,15.5437],[99.043,15.5155],[99.0439,15.5126],[99.0455,15.5096],[99.0472,15.5081],[99.0497,15.5052],[99.0621,15.4977],[99.0638,15.4963],[99.0654,15.4933],[99.0663,15.4889],[99.0663,15.4844],[99.0638,15.4785],[99.058,15.4666],[99.0546,15.4563],[99.0513,15.4133],[99.0522,15.4103],[99.0538,15.4074],[99.0563,15.4014],[99.0571,15.397],[99.0563,15.3925],[99.0538,15.3866],[99.0472,15.3777],[99.043,15.3718],[99.0405,15.3659],[99.0389,15.3555],[99.0239,15.3096],[99.0206,15.2903],[99.0214,15.2829],[99.0198,15.2755],[99.0156,15.2666],[99.0057,15.2488],[98.9965,15.234],[98.9808,15.2207],[98.9376,15.2533],[98.9218,15.2622],[98.8994,15.2711],[98.8936,15.2755],[98.8903,15.2799],[98.8837,15.2962],[98.8745,15.3125],[98.8339,15.3614],[98.8048,15.4088],[98.799,15.4148],[98.7932,15.4192],[98.7832,15.4251],[98.7782,15.4296],[98.7758,15.4326],[98.7741,15.437],[98.7699,15.4548],[98.7675,15.4637],[98.765,15.4666],[98.7616,15.4696],[98.7251,15.4933],[98.7226,15.4977],[98.7218,15.4992],[98.7218,15.5007],[98.7235,15.5007],[98.7293,15.5037],[98.7318,15.5052],[98.7326,15.5096],[98.7301,15.5155],[98.6637,15.6178],[98.6579,15.6237],[98.6546,15.6252],[98.6504,15.6252],[98.6463,15.6252],[98.6413,15.6252],[98.6288,15.6341],[98.6239,15.637],[98.6205,15.6355],[98.6147,15.637],[98.6081,15.64],[98.5848,15.6592],[98.5757,15.6622],[98.5442,15.6755],[98.54,15.7126],[98.5433,15.7348],[98.5741,15.8356],[98.5765,15.8548],[98.5691,15.8963],[98.5682,15.92],[98.5807,15.9585],[98.584,15.9763],[98.5774,15.9971],[98.55,16.0341],[98.5467,16.0474],[98.5558,16.0548],[98.5674,16.0534],[98.5799,16.0489],[98.5898,16.046],[98.6031,16.046],[98.6114,16.0474],[98.6189,16.0504],[98.6305,16.0593],[98.6438,16.08],[98.6504,16.0993],[98.6587,16.1156],[98.6795,16.126],[98.6969,16.1274],[98.7583,16.1186],[98.7699,16.1141],[98.7758,16.1067],[98.7832,16.1023],[98.7982,16.1037],[98.8073,16.1112],[98.8305,16.1363],[98.8355,16.1452],[98.8347,16.1675],[98.8363,16.1897],[98.843,16.2089],[98.8554,16.2267],[98.8837,16.2593],[98.8886,16.2741],[98.8936,16.3201],[98.9036,16.363],[98.9028,16.3823],[98.8853,16.406],[98.8621,16.4208],[98.8438,16.4386],[98.8397,16.4727],[98.8189,16.4564],[98.8106,16.4401],[98.8023,16.3986],[98.789,16.3749],[98.7284,16.329],[98.6986,16.2845],[98.6828,16.2741],[98.6629,16.286],[98.6571,16.3023],[98.6421,16.3734],[98.6297,16.403],[98.628,16.4134],[98.638,16.4342],[98.6396,16.4445],[98.6313,16.4638],[98.5707,16.5423],[98.5641,16.5527],[98.5641,16.5631],[98.5674,16.5734],[98.5674,16.5823],[98.5658,16.5912],[98.5616,16.6016],[98.5475,16.6208],[98.5126,16.6431],[98.4985,16.6623],[98.491,16.689],[98.4861,16.7009],[98.457,16.7231],[98.4545,16.7409],[98.4628,16.7601],[98.4744,16.7764],[98.4894,16.7809],[98.5052,16.7912],[98.5176,16.8031],[98.5209,16.8135],[98.5135,16.8223],[98.5035,16.8253],[98.4944,16.8312],[98.4902,16.8431],[98.4927,16.8579],[98.5002,16.8624],[98.5118,16.8594],[98.5243,16.8505],[98.516,16.8787],[98.5093,16.892],[98.5002,16.8994],[98.4844,16.9053],[98.4811,16.9201],[98.4803,16.9379],[98.4744,16.9498],[98.4637,16.9631],[98.4471,16.9957],[98.4363,17.012],[98.418,17.0298],[98.3997,17.0402],[98.3798,17.0461],[98.3309,17.0476],[98.3134,17.052],[98.2993,17.0653],[98.286,17.0876],[98.2902,17.0905],[98.2952,17.0994],[98.2943,17.1083],[98.2686,17.1083],[98.2661,17.1157],[98.2711,17.1276],[98.2794,17.1365],[98.2561,17.1513],[98.2213,17.2002],[98.2022,17.215],[98.1864,17.2239],[98.1009,17.3024],[98.0926,17.3128],[98.0901,17.3246],[98.0943,17.3469],[98.0951,17.3587],[98.0885,17.3735],[98.0769,17.3795],[98.0619,17.3854],[98.0486,17.3913],[98.0354,17.4046],[98.0287,17.4195],[98.0179,17.4476],[97.9963,17.4802],[97.9914,17.495],[97.9831,17.5054],[97.9723,17.5113],[97.9482,17.5217],[97.9341,17.5321],[97.9084,17.5543],[97.9241,17.5691],[97.9673,17.5706],[97.9797,17.575],[97.9814,17.578],[97.9963,17.5884],[98.1051,17.6387],[98.1192,17.6432],[98.1283,17.6462],[98.1648,17.6462],[98.1931,17.6447],[98.198,17.6447],[98.2022,17.6462],[98.2072,17.6521],[98.2171,17.6654],[98.2263,17.6728],[98.2371,17.6802],[98.2437,17.6832],[98.2487,17.6847],[98.3026,17.6965],[98.2943,17.6787],[98.286,17.6713],[98.2686,17.6595],[98.2636,17.6536],[98.2603,17.6491],[98.2586,17.6402],[98.2578,17.6328],[98.2578,17.5943],[98.2595,17.581],[98.2611,17.5765],[98.2644,17.5735],[98.2678,17.5721],[98.2719,17.5735],[98.2752,17.5735],[98.2786,17.575],[98.2827,17.5765],[98.286,17.5765],[98.2893,17.575],[98.3001,17.5721],[98.3035,17.5706],[98.306,17.5676],[98.3076,17.5647],[98.3226,17.5232],[98.3242,17.5143],[98.325,17.5069],[98.3226,17.4847],[98.3143,17.4506],[98.3143,17.4446],[98.3159,17.4402],[98.3192,17.4387],[98.3267,17.4358],[98.3309,17.4328],[98.3342,17.4283],[98.335,17.4239],[98.335,17.4195],[98.3333,17.4165],[98.3309,17.415],[98.3217,17.4091],[98.3176,17.4061],[98.3143,17.4002],[98.3143,17.3958],[98.3151,17.3928],[98.3267,17.3809],[98.3284,17.378],[98.33,17.375],[98.3392,17.3409],[98.3392,17.3335],[98.3392,17.3261],[98.3367,17.3202],[98.335,17.3128],[98.335,17.3083],[98.3358,17.3039],[98.3375,17.3009],[98.3392,17.298],[98.3416,17.2965],[98.3475,17.292],[98.3641,17.2861],[98.3674,17.2831],[98.3699,17.2817],[98.3765,17.2743],[98.379,17.2728],[98.3823,17.2698],[98.3923,17.2668],[98.3956,17.2639],[98.3981,17.2624],[98.4022,17.258],[98.4072,17.2535],[98.4105,17.252],[98.4155,17.2505],[98.4222,17.2491],[98.428,17.2505],[98.4329,17.2505],[98.4363,17.252],[98.467,17.2683],[98.4703,17.2698],[98.4744,17.2713],[98.4927,17.2698],[98.5052,17.2713],[98.5309,17.2772],[98.5417,17.2817],[98.555,17.2846],[98.5624,17.2876],[98.5658,17.2906],[98.5674,17.2935],[98.5691,17.2965],[98.5732,17.3143],[98.5724,17.3187],[98.5707,17.3291],[98.5707,17.3335],[98.5716,17.3365],[98.5716,17.3409],[98.5716,17.3439],[98.5699,17.3469],[98.5682,17.3498],[98.5649,17.3513],[98.5575,17.3528],[98.5541,17.3543],[98.5516,17.3572],[98.55,17.3602],[98.55,17.3632],[98.5508,17.3661],[98.5516,17.3706],[98.5591,17.3809],[98.5641,17.3943],[98.5658,17.4017],[98.5674,17.4106],[98.5674,17.415],[98.5666,17.4224],[98.5649,17.4269],[98.5624,17.4328],[98.5583,17.4387],[98.54,17.4535],[98.5384,17.455],[98.5359,17.458],[98.535,17.4609],[98.5334,17.4684],[98.5317,17.4861],[98.5334,17.4995],[98.5359,17.5143],[98.5458,17.541],[98.5508,17.5498],[98.5533,17.5528],[98.5558,17.5558],[98.5583,17.5573],[98.5608,17.5587],[98.5782,17.5661],[98.5815,17.5661],[98.6048,17.5691],[98.6089,17.5721],[98.6122,17.5735],[98.6172,17.5824],[98.6205,17.5884],[98.6247,17.5943],[98.6255,17.5973],[98.6263,17.6017],[98.6272,17.6061],[98.6255,17.6136],[98.6239,17.6165],[98.6222,17.6195],[98.6156,17.6269],[98.6147,17.6299],[98.6139,17.6328],[98.6139,17.6417],[98.6131,17.6447],[98.6122,17.6491],[98.6106,17.6521],[98.6097,17.655],[98.6089,17.658],[98.6097,17.6624],[98.6114,17.6654],[98.6164,17.6699],[98.6189,17.6728],[98.6205,17.6743],[98.6313,17.6832],[98.6338,17.6847],[98.6388,17.6891],[98.6421,17.6906],[98.6471,17.695],[98.6488,17.698],[98.6504,17.701],[98.6504,17.7054],[98.6488,17.7113],[98.6479,17.7158],[98.6488,17.7188],[98.6504,17.7217],[98.6537,17.7291],[98.6554,17.7306],[98.6579,17.7336],[98.6612,17.7351],[98.6637,17.7365],[98.6886,17.7454],[98.6994,17.7499],[98.7102,17.7558],[98.7409,17.7113],[98.7459,17.698],[98.7459,17.6847],[98.7376,17.6728],[98.7168,17.6699],[98.7052,17.6639],[98.6994,17.6521],[98.6994,17.6387],[98.7069,17.6269],[98.7002,17.6091],[98.7027,17.5943],[98.7094,17.5795],[98.7127,17.5632],[98.7127,17.5009],[98.721,17.4847],[98.7459,17.4832],[98.7641,17.4832],[98.7724,17.4847],[98.8139,17.498],[98.8214,17.5009],[98.8222,17.5009],[98.828,17.5039],[98.8646,17.5321],[98.8662,17.535],[98.8695,17.541],[98.8754,17.5632],[98.877,17.5661],[98.8795,17.5691],[98.8861,17.575],[98.8886,17.578],[98.8895,17.5824],[98.8886,17.5943],[98.8895,17.6032],[98.8911,17.6106],[98.892,17.615],[98.8936,17.618],[98.9028,17.6313],[98.9069,17.6358],[98.9152,17.6402],[98.9218,17.6417],[98.9277,17.6432],[98.9326,17.6447],[98.9368,17.6432],[98.9476,17.6417],[98.9526,17.6417],[98.9617,17.6417],[98.9658,17.6417],[98.9791,17.6358],[99.0123,17.6106]]]}},{"type":"Feature","id":"TH.UT","properties":{"code":"TH.UT","name_en":"Uthai Thani"},"geometry":{"type":"Polygon","coordinates":[[[100.0573,15.4192],[100.0573,15.4014],[100.0557,15.4],[100.0515,15.4],[100.0416,15.4014],[100.0374,15.4014],[100.0341,15.4],[100.0316,15.3985],[100.0299,15.3955],[100.0299,15.3896],[100.0316,15.3866],[100.0333,15.3837],[100.0349,15.3822],[100.0499,15.3718],[100.054,15.3674],[100.059,15.3614],[100.0698,15.3437],[100.0715,15.3407],[100.0715,15.3377],[100.0715,15.317],[100.0681,15.3066],[100.059,15.2873],[100.0598,15.2711],[100.0748,15.2711],[100.0582,15.2636],[100.054,15.2636],[100.0507,15.2651],[100.049,15.2666],[100.0465,15.274],[100.0457,15.277],[100.0432,15.2799],[100.0416,15.2814],[100.0366,15.2829],[100.0158,15.2903],[100.0001,15.2933],[99.9959,15.2933],[99.9868,15.2933],[99.9752,15.2918],[99.971,15.2918],[99.9594,15.2933],[99.9511,15.2948],[99.9337,15.2933],[99.9104,15.2903],[99.8955,15.2859],[99.8913,15.2844],[99.888,15.2844],[99.8839,15.2859],[99.8814,15.2873],[99.8722,15.2977],[99.8689,15.2992],[99.8656,15.3007],[99.8623,15.3022],[99.7959,15.3111],[99.7776,15.3125],[99.7743,15.3125],[99.7643,15.317],[99.761,15.317],[99.7577,15.3155],[99.7535,15.3125],[99.7494,15.3081],[99.7461,15.3051],[99.7428,15.3036],[99.7295,15.2977],[99.727,15.2948],[99.7245,15.2933],[99.722,15.2888],[99.7187,15.2829],[99.7179,15.277],[99.7179,15.2711],[99.7212,15.2607],[99.7295,15.2459],[99.7311,15.2399],[99.7336,15.2147],[99.7361,15.1999],[99.7428,15.1925],[99.7452,15.1866],[99.7477,15.1792],[99.7486,15.1762],[99.7544,15.1629],[99.7967,15.0992],[99.8067,15.0903],[99.8092,15.0888],[99.8092,15.0844],[99.8075,15.0784],[99.7992,15.0681],[99.7967,15.0592],[99.7934,15.0518],[99.7892,15.0473],[99.7718,15.0369],[99.7693,15.0355],[99.7569,15.0236],[99.7527,15.0206],[99.7494,15.0192],[99.7411,15.0162],[99.7378,15.0162],[99.7353,15.0132],[99.7253,14.9984],[99.7237,14.994],[99.7237,14.9895],[99.7278,14.9821],[99.7303,14.9732],[99.7262,14.9614],[99.7062,14.9688],[99.6697,14.9881],[99.6564,14.9925],[99.6514,14.9925],[99.6448,14.9925],[99.6307,14.9866],[99.6274,14.9851],[99.6274,14.9836],[99.6274,14.9806],[99.6324,14.9658],[99.634,14.9555],[99.634,14.9466],[99.6274,14.9451],[99.6158,14.9436],[99.5643,14.9569],[99.561,14.9584],[99.5427,14.9643],[99.5394,14.9658],[99.5278,14.9732],[99.517,14.9806],[99.4182,15.0014],[99.4107,15.0281],[99.4091,15.031],[99.4074,15.034],[99.4041,15.0369],[99.3983,15.0384],[99.3875,15.0384],[99.3767,15.0414],[99.3701,15.0444],[99.3543,15.0488],[99.3501,15.0503],[99.346,15.0532],[99.3302,15.0695],[99.3269,15.071],[99.3236,15.0725],[99.3186,15.071],[99.3153,15.0695],[99.312,15.0681],[99.2954,15.0518],[99.2912,15.0384],[99.2896,15.0236],[99.2796,14.9999],[99.2489,14.9925],[99.2373,14.994],[99.2323,14.9969],[99.2298,14.9984],[99.2256,14.9999],[99.2082,15.0044],[99.1941,15.0088],[99.1866,15.0118],[99.1808,15.0132],[99.175,15.0118],[99.1667,15.0103],[99.1617,15.0103],[99.1584,15.0118],[99.1401,15.0206],[99.1343,15.0221],[99.1302,15.0221],[99.1269,15.0206],[99.097,15.0147],[99.0804,15.0118],[99.0729,15.0118],[99.0688,15.0132],[99.0671,15.0177],[99.0654,15.0221],[99.0596,15.0295],[99.0563,15.034],[99.0007,15.077],[98.9999,15.0784],[98.9982,15.0814],[98.9924,15.0947],[98.9907,15.1021],[98.9899,15.1229],[98.9924,15.1347],[98.9932,15.1392],[98.9924,15.1466],[98.9899,15.154],[98.9882,15.157],[98.9874,15.1599],[98.9866,15.1644],[98.9874,15.1762],[98.9858,15.1925],[98.9808,15.2207],[98.9965,15.234],[99.0057,15.2488],[99.0156,15.2666],[99.0198,15.2755],[99.0214,15.2829],[99.0206,15.2903],[99.0239,15.3096],[99.0389,15.3555],[99.0405,15.3659],[99.043,15.3718],[99.0472,15.3777],[99.0538,15.3866],[99.0563,15.3925],[99.0571,15.397],[99.0563,15.4014],[99.0538,15.4074],[99.0522,15.4103],[99.0513,15.4133],[99.0546,15.4563],[99.058,15.4666],[99.0638,15.4785],[99.0663,15.4844],[99.0663,15.4889],[99.0654,15.4933],[99.0638,15.4963],[99.0621,15.4977],[99.0497,15.5052],[99.0472,15.5081],[99.0455,15.5096],[99.0439,15.5126],[99.043,15.5155],[99.0414,15.5437],[99.043,15.5496],[99.0455,15.554],[99.0555,15.5629],[99.0688,15.5689],[99.0721,15.5718],[99.0762,15.5778],[99.0837,15.597],[99.0862,15.6015],[99.0887,15.6029],[99.0962,15.6133],[99.1028,15.6266],[99.1045,15.6326],[99.1053,15.6385],[99.1045,15.6429],[99.1069,15.6711],[99.1094,15.683],[99.1152,15.7007],[99.1186,15.7096],[99.1235,15.7185],[99.1252,15.723],[99.1244,15.7274],[99.1219,15.7333],[99.1211,15.7452],[99.1211,15.7704],[99.1377,15.7689],[99.1617,15.7733],[99.17,15.7719],[99.18,15.7674],[99.2016,15.7556],[99.2182,15.7422],[99.224,15.7378],[99.2265,15.7363],[99.229,15.7333],[99.2331,15.7244],[99.2373,15.7185],[99.2422,15.7155],[99.2688,15.7022],[99.2788,15.6933],[99.3568,15.6592],[99.3659,15.6533],[99.3734,15.6296],[99.3759,15.6266],[99.3775,15.6237],[99.3809,15.6222],[99.3842,15.6192],[99.4149,15.6059],[99.4273,15.5985],[99.4456,15.5837],[99.4547,15.5778],[99.468,15.5644],[99.4722,15.5629],[99.4788,15.5615],[99.4896,15.5615],[99.4987,15.56],[99.5112,15.56],[99.5145,15.5615],[99.5211,15.5629],[99.5361,15.5733],[99.551,15.5807],[99.5568,15.5852],[99.561,15.5896],[99.5726,15.6059],[99.5809,15.6163],[99.5834,15.6178],[99.5859,15.6207],[99.5925,15.6237],[99.6116,15.6281],[99.6241,15.6341],[99.6299,15.637],[99.6539,15.6592],[99.6597,15.6637],[99.6622,15.6652],[99.6954,15.6785],[99.6996,15.6785],[99.7037,15.6785],[99.7112,15.677],[99.7154,15.677],[99.727,15.68],[99.7336,15.677],[99.7419,15.6696],[99.7668,15.6444],[99.7751,15.6385],[99.7975,15.6296],[99.8083,15.6252],[99.8158,15.6237],[99.8199,15.6237],[99.8233,15.6252],[99.8266,15.6266],[99.8341,15.6326],[99.8374,15.6341],[99.8448,15.6355],[99.8523,15.6355],[99.8548,15.6341],[99.8581,15.6326],[99.8623,15.6192],[99.8706,15.5659],[99.8731,15.5615],[99.8971,15.5303],[99.9071,15.5215],[99.9137,15.517],[99.9362,15.5081],[99.9395,15.5081],[99.9428,15.5081],[99.9478,15.5126],[99.9503,15.5126],[99.9536,15.514],[99.9586,15.514],[99.9644,15.5111],[99.9727,15.5066],[100.0465,15.4459],[100.0573,15.4192]]]}},{"type":"Feature","id":"TH.AT","properties":{"code":"TH.AT","name_en":"Ang Thong"},"geometry":{"type":"Polygon","coordinates":[[[100.4773,14.7243],[100.4873,14.708],[100.4964,14.6991],[100.5155,14.6858],[100.5139,14.6725],[100.5164,14.6621],[100.513,14.6325],[100.4998,14.5791],[100.4956,14.5732],[100.4923,14.5673],[100.4931,14.5628],[100.4939,14.5599],[100.4956,14.5569],[100.4973,14.5524],[100.4981,14.545],[100.5014,14.4724],[100.4989,14.4561],[100.4757,14.4413],[100.4715,14.4398],[100.4682,14.4398],[100.4583,14.4443],[100.4483,14.4472],[100.4458,14.4472],[100.4425,14.4472],[100.4317,14.4443],[100.4284,14.4458],[100.4259,14.4472],[100.4242,14.4502],[100.4242,14.4547],[100.4242,14.4798],[100.425,14.4843],[100.4242,14.4917],[100.4242,14.4961],[100.4234,14.5006],[100.4226,14.5021],[100.4217,14.5036],[100.4201,14.5065],[100.4167,14.508],[100.4143,14.5095],[100.3977,14.508],[100.3918,14.5065],[100.3752,14.4961],[100.3711,14.4961],[100.3628,14.4961],[100.3553,14.4961],[100.3404,14.4917],[100.3321,14.4917],[100.3005,14.4976],[100.2956,14.4961],[100.2823,14.4902],[100.279,14.4887],[100.2682,14.4902],[100.2541,14.4858],[100.2424,14.4887],[100.2316,14.4961],[100.2167,14.5124],[100.2142,14.5169],[100.2109,14.5228],[100.2084,14.5317],[100.1993,14.5554],[100.1968,14.5628],[100.1968,14.5687],[100.1984,14.5717],[100.2009,14.5747],[100.2059,14.5776],[100.2092,14.5806],[100.2126,14.5821],[100.215,14.5865],[100.2167,14.591],[100.215,14.5954],[100.2126,14.6013],[100.2059,14.6073],[100.2051,14.6117],[100.2059,14.6162],[100.2167,14.628],[100.2184,14.631],[100.22,14.6339],[100.2217,14.6384],[100.2233,14.6443],[100.225,14.6547],[100.2233,14.6621],[100.2167,14.6799],[100.2159,14.6858],[100.2167,14.6917],[100.2184,14.6962],[100.22,14.7051],[100.22,14.711],[100.2192,14.7169],[100.2126,14.7377],[100.2101,14.754],[100.2117,14.7628],[100.2126,14.7658],[100.2159,14.7732],[100.22,14.7777],[100.2325,14.7895],[100.2682,14.7969],[100.2798,14.7954],[100.2839,14.7925],[100.2881,14.791],[100.2964,14.7865],[100.3039,14.7865],[100.308,14.7865],[100.3313,14.794],[100.3379,14.794],[100.3412,14.7925],[100.3437,14.7895],[100.347,14.7851],[100.3512,14.7747],[100.3545,14.7717],[100.3595,14.7688],[100.3678,14.7658],[100.3728,14.7628],[100.3811,14.7554],[100.3894,14.7495],[100.3952,14.7495],[100.4018,14.7495],[100.4101,14.751],[100.4134,14.751],[100.4167,14.751],[100.4176,14.7495],[100.4192,14.748],[100.4209,14.7451],[100.4242,14.7377],[100.4284,14.7317],[100.4317,14.7302],[100.4773,14.7243]]]}},{"type":"Feature","id":"TH.CN","properties":{"code":"TH.CN","name_en":"Chai Nat"},"geometry":{"type":"Polygon","coordinates":[[[100.3097,15.1673],[100.2997,15.1644],[100.2964,15.1614],[100.2947,15.1584],[100.2956,15.1377],[100.2956,15.1333],[100.2931,15.1288],[100.2906,15.1244],[100.2873,15.1214],[100.2723,15.1125],[100.2889,15.0725],[100.2922,15.074],[100.2997,15.077],[100.303,15.0784],[100.2972,15.0607],[100.2914,15.0577],[100.2773,15.0547],[100.274,15.0503],[100.2715,15.0458],[100.2673,15.0325],[100.2673,15.0266],[100.2707,15.0236],[100.2823,15.0221],[100.2898,15.0192],[100.2931,15.0177],[100.2956,15.0162],[100.3005,15.0118],[100.303,15.0088],[100.3047,15.0058],[100.3055,15.0044],[100.3064,14.9999],[100.3055,14.9999],[100.303,14.994],[100.2831,14.9658],[100.2732,14.9569],[100.2673,14.954],[100.2541,14.951],[100.2117,14.9555],[100.1561,14.9273],[100.1403,14.9243],[100.1354,14.9273],[100.1163,14.9466],[100.1113,14.948],[100.103,14.951],[100.0781,14.954],[100.0715,14.9555],[100.0524,14.9629],[100.0482,14.9629],[100.0449,14.9629],[100.0432,14.9614],[100.0416,14.9584],[100.0407,14.9555],[100.0416,14.951],[100.0441,14.9406],[100.0449,14.9377],[100.0391,14.9318],[100.0275,14.9243],[99.9943,14.914],[99.9801,14.911],[99.9702,14.9095],[99.966,14.9095],[99.9586,14.9125],[99.9478,14.9155],[99.8714,14.9214],[99.7975,14.951],[99.7262,14.9614],[99.7303,14.9732],[99.7278,14.9821],[99.7237,14.9895],[99.7237,14.994],[99.7253,14.9984],[99.7353,15.0132],[99.7378,15.0162],[99.7411,15.0162],[99.7494,15.0192],[99.7527,15.0206],[99.7569,15.0236],[99.7693,15.0355],[99.7718,15.0369],[99.7892,15.0473],[99.7934,15.0518],[99.7967,15.0592],[99.7992,15.0681],[99.8075,15.0784],[99.8092,15.0844],[99.8092,15.0888],[99.8067,15.0903],[99.7967,15.0992],[99.7544,15.1629],[99.7486,15.1762],[99.7477,15.1792],[99.7452,15.1866],[99.7428,15.1925],[99.7361,15.1999],[99.7336,15.2147],[99.7311,15.2399],[99.7295,15.2459],[99.7212,15.2607],[99.7179,15.2711],[99.7179,15.277],[99.7187,15.2829],[99.722,15.2888],[99.7245,15.2933],[99.727,15.2948],[99.7295,15.2977],[99.7428,15.3036],[99.7461,15.3051],[99.7494,15.3081],[99.7535,15.3125],[99.7577,15.3155],[99.761,15.317],[99.7643,15.317],[99.7743,15.3125],[99.7776,15.3125],[99.7959,15.3111],[99.8623,15.3022],[99.8656,15.3007],[99.8689,15.2992],[99.8722,15.2977],[99.8814,15.2873],[99.8839,15.2859],[99.888,15.2844],[99.8913,15.2844],[99.8955,15.2859],[99.9104,15.2903],[99.9337,15.2933],[99.9511,15.2948],[99.9594,15.2933],[99.971,15.2918],[99.9752,15.2918],[99.9868,15.2933],[99.9959,15.2933],[100.0001,15.2933],[100.0158,15.2903],[100.0366,15.2829],[100.0416,15.2814],[100.0432,15.2799],[100.0457,15.277],[100.0465,15.274],[100.049,15.2666],[100.0507,15.2651],[100.054,15.2636],[100.0582,15.2636],[100.0748,15.2711],[100.0598,15.2711],[100.059,15.2873],[100.0681,15.3066],[100.0715,15.317],[100.0715,15.3377],[100.0715,15.3407],[100.0698,15.3437],[100.059,15.3614],[100.054,15.3674],[100.0499,15.3718],[100.0349,15.3822],[100.0333,15.3837],[100.0316,15.3866],[100.0299,15.3896],[100.0299,15.3955],[100.0316,15.3985],[100.0341,15.4],[100.0374,15.4014],[100.0416,15.4014],[100.0515,15.4],[100.0557,15.4],[100.0573,15.4014],[100.0573,15.4192],[100.0847,15.4192],[100.093,15.4207],[100.108,15.4192],[100.1179,15.4222],[100.1296,15.4133],[100.1686,15.3733],[100.1777,15.3688],[100.181,15.3674],[100.1926,15.3644],[100.1968,15.3629],[100.2034,15.3599],[100.2059,15.3585],[100.2109,15.354],[100.2308,15.3348],[100.2624,15.2888],[100.3097,15.1673]]]}},{"type":"Feature","id":"TH.LB","properties":{"code":"TH.LB","name_en":"Lop Buri"},"geometry":{"type":"Polygon","coordinates":[[[101.3007,15.3022],[101.3007,15.2844],[101.2983,15.2755],[101.2825,15.2503],[101.2783,15.2399],[101.2792,15.2147],[101.2808,15.1984],[101.2775,15.117],[101.2783,15.0992],[101.2808,15.0873],[101.2841,15.0858],[101.2883,15.0858],[101.2924,15.0858],[101.2966,15.0858],[101.3041,15.0873],[101.3082,15.0873],[101.3115,15.0858],[101.3149,15.0844],[101.3373,15.0695],[101.3514,15.0651],[101.3588,15.0636],[101.3638,15.0636],[101.3713,15.0636],[101.3754,15.0636],[101.3779,15.0636],[101.3804,15.0607],[101.3862,15.0547],[101.3954,15.0399],[101.3995,15.031],[101.402,15.0192],[101.4053,15.0073],[101.4493,14.9214],[101.4526,14.914],[101.4535,14.9066],[101.4543,14.8754],[101.4526,14.871],[101.4518,14.8666],[101.4493,14.8636],[101.4468,14.8621],[101.4443,14.8591],[101.4385,14.8562],[101.4319,14.8532],[101.4062,14.8369],[101.3995,14.834],[101.3929,14.8325],[101.3896,14.8295],[101.3871,14.828],[101.3804,14.8206],[101.3771,14.8191],[101.3514,14.8088],[101.3489,14.8073],[101.3464,14.8043],[101.3439,14.7999],[101.3414,14.794],[101.3389,14.7806],[101.3364,14.7747],[101.3339,14.7702],[101.3323,14.7673],[101.3298,14.7658],[101.3265,14.7643],[101.3132,14.7584],[101.3107,14.7569],[101.3082,14.754],[101.3032,14.7495],[101.3007,14.7465],[101.2983,14.7451],[101.2958,14.7436],[101.2883,14.7421],[101.2858,14.7406],[101.2841,14.7377],[101.2808,14.7317],[101.2783,14.7302],[101.275,14.7302],[101.2717,14.7302],[101.2651,14.7332],[101.246,14.7391],[101.2335,14.7406],[101.2302,14.7406],[101.2277,14.7421],[101.2194,14.7495],[101.2186,14.7495],[101.2128,14.7525],[101.202,14.7554],[101.1928,14.7554],[101.1937,14.7614],[101.192,14.7688],[101.187,14.7821],[101.1829,14.7865],[101.1787,14.7925],[101.1729,14.7954],[101.1671,14.7984],[101.1588,14.7999],[101.1555,14.8014],[101.1522,14.8028],[101.1497,14.8058],[101.1472,14.8073],[101.1455,14.8103],[101.1364,14.834],[101.1347,14.8369],[101.1322,14.8384],[101.1298,14.8414],[101.1264,14.8429],[101.0841,14.8532],[101.0766,14.8532],[101.0393,14.8414],[101.0144,14.8295],[100.9903,14.8132],[100.987,14.8088],[100.9862,14.8043],[100.9878,14.7999],[100.9886,14.7925],[100.9878,14.7895],[100.987,14.7865],[100.9853,14.7836],[100.9662,14.7599],[100.9546,14.7495],[100.943,14.748],[100.9264,14.748],[100.9164,14.7495],[100.9131,14.7569],[100.9115,14.7584],[100.9023,14.7688],[100.899,14.7702],[100.8957,14.7717],[100.8882,14.7732],[100.8849,14.7747],[100.8816,14.7762],[100.8791,14.7777],[100.8766,14.7806],[100.8749,14.7836],[100.8733,14.7865],[100.8708,14.7984],[100.8708,14.8014],[100.8716,14.8177],[100.8724,14.8236],[100.8724,14.8266],[100.8724,14.831],[100.8716,14.834],[100.87,14.8384],[100.8666,14.8429],[100.8641,14.8458],[100.8625,14.8488],[100.8459,14.8606],[100.8442,14.8636],[100.8434,14.8666],[100.8434,14.8695],[100.8451,14.8754],[100.8442,14.8784],[100.8426,14.8814],[100.8392,14.8829],[100.8351,14.8829],[100.8293,14.8829],[100.821,14.8799],[100.8102,14.874],[100.8069,14.8725],[100.8035,14.8725],[100.7903,14.8725],[100.7869,14.871],[100.7845,14.8695],[100.782,14.8651],[100.7803,14.8591],[100.7795,14.8488],[100.7778,14.8458],[100.7745,14.8429],[100.7679,14.8399],[100.7629,14.8399],[100.7587,14.8384],[100.7562,14.8354],[100.7562,14.831],[100.7571,14.828],[100.7571,14.8236],[100.7546,14.8177],[100.7347,14.7895],[100.7272,14.7747],[100.7197,14.7628],[100.7156,14.7584],[100.7081,14.7525],[100.6782,14.7362],[100.6674,14.7317],[100.635,14.7095],[100.6184,14.7021],[100.6101,14.6917],[100.5944,14.6562],[100.5628,14.6621],[100.557,14.6651],[100.5504,14.671],[100.5471,14.6739],[100.5421,14.6769],[100.5271,14.6784],[100.5155,14.6858],[100.4964,14.6991],[100.4873,14.708],[100.4773,14.7243],[100.4906,14.7451],[100.4931,14.751],[100.4906,14.7569],[100.489,14.7584],[100.4848,14.7777],[100.4765,14.8354],[100.4749,14.8399],[100.474,14.8429],[100.4715,14.8458],[100.4699,14.8488],[100.4641,14.8547],[100.4607,14.8577],[100.4558,14.8606],[100.4524,14.8666],[100.4475,14.8784],[100.435,14.9184],[100.4333,14.9258],[100.435,14.9303],[100.4392,14.9347],[100.4524,14.9495],[100.4566,14.9584],[100.4599,14.9688],[100.4599,14.9762],[100.4599,14.9806],[100.4574,14.9866],[100.4483,15.0325],[100.4466,15.034],[100.4367,15.0444],[100.4367,15.0503],[100.4367,15.0532],[100.4433,15.0607],[100.4533,15.0814],[100.4699,15.0977],[100.4732,15.1007],[100.4757,15.1036],[100.479,15.1095],[100.4898,15.1347],[100.4898,15.1392],[100.489,15.1599],[100.489,15.1629],[100.4906,15.1673],[100.4931,15.1703],[100.4964,15.1747],[100.5097,15.1822],[100.5172,15.1866],[100.5205,15.1881],[100.5255,15.1925],[100.528,15.1955],[100.5296,15.1999],[100.5321,15.2118],[100.5321,15.2177],[100.5338,15.2251],[100.5346,15.2296],[100.5413,15.2385],[100.5496,15.2473],[100.5587,15.2622],[100.5653,15.2696],[100.5745,15.277],[100.5869,15.2829],[100.5902,15.2859],[100.5944,15.2888],[100.6176,15.3185],[100.728,15.4177],[100.7388,15.4296],[100.7438,15.437],[100.7496,15.4474],[100.7504,15.4503],[100.7496,15.4637],[100.7396,15.4977],[100.8276,15.48],[100.8716,15.4666],[100.8758,15.4651],[100.8799,15.4651],[100.8841,15.4666],[100.9281,15.4785],[100.9554,15.4829],[100.9737,15.4829],[100.977,15.4814],[100.9853,15.4785],[101.0335,15.4444],[101.0418,15.434],[101.0459,15.4281],[101.0492,15.4266],[101.0542,15.4251],[101.0617,15.4251],[101.0758,15.4266],[101.0833,15.4266],[101.0883,15.4251],[101.0941,15.4207],[101.1173,15.4014],[101.1223,15.3985],[101.1281,15.3955],[101.1405,15.3925],[101.1538,15.3925],[101.1646,15.3955],[101.1895,15.4044],[101.1928,15.4044],[101.1962,15.4044],[101.2219,15.4],[101.2319,15.3985],[101.2368,15.3955],[101.2418,15.3896],[101.2501,15.3733],[101.2526,15.3644],[101.2534,15.357],[101.2551,15.3437],[101.2634,15.3318],[101.3007,15.3022]]]}},{"type":"Feature","id":"TH.NN","properties":{"code":"TH.NN","name_en":"Nakhon Nayok"},"geometry":{"type":"Polygon","coordinates":[[[101.4095,14.425],[101.4153,14.4191],[101.4194,14.4132],[101.4261,14.3984],[101.4302,14.3924],[101.4319,14.3895],[101.4377,14.385],[101.4402,14.3835],[101.4477,14.3806],[101.4618,14.3761],[101.4726,14.3732],[101.4775,14.3687],[101.48,14.3672],[101.4825,14.3643],[101.4842,14.3613],[101.4858,14.3583],[101.4892,14.348],[101.4908,14.345],[101.4933,14.3435],[101.4958,14.342],[101.4991,14.3391],[101.5008,14.3361],[101.5024,14.3302],[101.5041,14.3258],[101.5132,14.3139],[101.5149,14.3095],[101.5157,14.3065],[101.5149,14.2887],[101.5141,14.2857],[101.5116,14.2783],[101.5091,14.2754],[101.5049,14.2709],[101.4966,14.268],[101.4908,14.268],[101.4817,14.268],[101.4775,14.268],[101.4742,14.2665],[101.4477,14.2561],[101.4394,14.2546],[101.4352,14.2546],[101.4311,14.2561],[101.4228,14.2576],[101.4136,14.262],[101.4028,14.2694],[101.4003,14.2709],[101.397,14.268],[101.3945,14.2606],[101.3937,14.2517],[101.3937,14.2369],[101.3937,14.2324],[101.3912,14.225],[101.3879,14.2206],[101.3829,14.2161],[101.3132,14.1672],[101.309,14.1613],[101.3057,14.1568],[101.3007,14.145],[101.2999,14.1391],[101.3007,14.1331],[101.3032,14.1272],[101.3115,14.1168],[101.3132,14.1139],[101.3132,14.1109],[101.3132,14.1065],[101.3132,14.1035],[101.314,14.1005],[101.3248,14.0828],[101.3256,14.0798],[101.3265,14.0768],[101.3273,14.0724],[101.3265,14.0694],[101.3265,14.0665],[101.3248,14.065],[101.3215,14.062],[101.3165,14.0591],[101.2916,14.0516],[101.2875,14.0516],[101.285,14.0516],[101.2817,14.0546],[101.2792,14.0561],[101.2767,14.0576],[101.2725,14.0591],[101.2692,14.0605],[101.2651,14.0605],[101.2526,14.0576],[101.2418,14.0546],[101.2352,14.0531],[101.2269,14.0546],[101.2219,14.0516],[101.2161,14.0472],[101.2053,14.0324],[101.1962,14.0235],[101.1812,14.0116],[101.1688,14.0057],[101.1522,13.9998],[101.1372,13.9968],[101.1356,13.9939],[101.1347,13.9909],[101.1405,13.9687],[101.0658,13.9746],[100.9447,13.9687],[100.9181,13.9613],[100.9056,13.9553],[100.9148,14.0205],[100.9123,14.2146],[100.9455,14.2502],[100.9463,14.2532],[100.9488,14.2591],[100.9505,14.262],[100.9513,14.2665],[100.9471,14.2872],[100.9471,14.2917],[100.9488,14.2961],[100.953,14.2991],[100.9629,14.3006],[100.9687,14.3006],[100.9737,14.2991],[100.9762,14.2976],[100.9779,14.2946],[100.9795,14.2917],[100.9812,14.2887],[100.9845,14.2872],[100.9878,14.2872],[100.9936,14.2902],[101.0011,14.2961],[101.0102,14.3006],[101.026,14.3139],[101.0368,14.3272],[101.0401,14.3332],[101.0401,14.3376],[101.0385,14.3406],[101.0376,14.345],[101.0376,14.348],[101.0401,14.3524],[101.0443,14.3583],[101.0534,14.3702],[101.0559,14.3761],[101.0567,14.3806],[101.0559,14.3835],[101.0559,14.388],[101.0559,14.3954],[101.0559,14.4028],[101.0567,14.4072],[101.0592,14.4087],[101.0642,14.4058],[101.0667,14.4043],[101.0692,14.4013],[101.0766,14.3895],[101.0816,14.385],[101.0841,14.3835],[101.0883,14.3821],[101.0924,14.3821],[101.1181,14.3835],[101.1215,14.3821],[101.1256,14.3806],[101.1472,14.3658],[101.1497,14.3643],[101.1522,14.3613],[101.1538,14.3583],[101.1571,14.3524],[101.1588,14.3495],[101.1613,14.348],[101.1654,14.3465],[101.1704,14.348],[101.1762,14.3495],[101.1804,14.3509],[101.1845,14.3554],[101.1953,14.3658],[101.1995,14.3687],[101.2036,14.3717],[101.2061,14.3732],[101.2069,14.3776],[101.2045,14.388],[101.2053,14.3954],[101.2144,14.4206],[101.2202,14.428],[101.2252,14.4339],[101.2277,14.4398],[101.231,14.4621],[101.2335,14.4695],[101.241,14.4739],[101.2426,14.4798],[101.2609,14.4754],[101.2634,14.4769],[101.2651,14.4798],[101.2667,14.4858],[101.2684,14.4917],[101.275,14.5006],[101.28,14.5021],[101.2833,14.5036],[101.2841,14.5006],[101.285,14.5006],[101.2924,14.4961],[101.3032,14.4947],[101.309,14.4917],[101.3132,14.4902],[101.3157,14.4828],[101.3182,14.4813],[101.3223,14.4769],[101.4095,14.425]]]}},{"type":"Feature","id":"TH.PB","properties":{"code":"TH.PB","name_en":"Prachin Buri"},"geometry":{"type":"Polygon","coordinates":[[[102.0528,14.185],[102.0453,14.1302],[102.0387,14.1228],[102.0279,14.1139],[102.0162,14.105],[102.0005,14.0902],[101.9905,14.0665],[101.9797,14.0561],[101.9681,14.0516],[101.9565,14.0531],[101.9432,14.0516],[101.9307,14.0487],[101.9125,14.0353],[101.9067,14.022],[101.9067,14.0042],[101.9117,13.9805],[101.9108,13.9657],[101.8975,13.9539],[101.8851,13.9464],[101.8693,13.9331],[101.8643,13.9183],[101.8635,13.905],[101.8652,13.8931],[101.8643,13.8768],[101.8619,13.8635],[101.8552,13.8501],[101.856,13.8368],[101.8635,13.8279],[101.8917,13.8205],[101.9017,13.8161],[101.9067,13.8087],[101.9058,13.7879],[101.9075,13.7686],[101.905,13.7553],[101.8951,13.742],[101.876,13.7227],[101.8602,13.7227],[101.8361,13.7168],[101.832,13.7168],[101.8287,13.7168],[101.8228,13.7183],[101.8179,13.7212],[101.8096,13.7286],[101.8054,13.7331],[101.8021,13.7375],[101.7896,13.7701],[101.788,13.7731],[101.7863,13.7746],[101.7805,13.779],[101.7747,13.7835],[101.7622,13.7983],[101.7598,13.7998],[101.7556,13.8012],[101.7506,13.8012],[101.7423,13.8012],[101.7066,13.7924],[101.7033,13.7909],[101.7,13.7894],[101.6983,13.7864],[101.6975,13.782],[101.6967,13.7612],[101.6958,13.7598],[101.6925,13.7568],[101.69,13.7553],[101.6784,13.7523],[101.6743,13.7523],[101.6577,13.7568],[101.6253,13.7686],[101.6004,13.7805],[101.5896,13.782],[101.5846,13.782],[101.5813,13.7805],[101.5796,13.7775],[101.5763,13.7716],[101.5713,13.7568],[101.5697,13.7538],[101.568,13.7509],[101.5672,13.7509],[101.5664,13.7494],[101.5655,13.7494],[101.563,13.7509],[101.5597,13.7523],[101.5564,13.7568],[101.5539,13.7612],[101.5506,13.7672],[101.5489,13.7701],[101.3539,13.8605],[101.3464,13.862],[101.3431,13.8605],[101.3398,13.859],[101.3356,13.859],[101.3306,13.859],[101.3223,13.862],[101.3115,13.862],[101.3041,13.8635],[101.2924,13.8664],[101.2634,13.8709],[101.2592,13.8709],[101.2568,13.8694],[101.2501,13.865],[101.2476,13.865],[101.2418,13.865],[101.2352,13.8664],[101.2227,13.8738],[101.2161,13.8753],[101.2111,13.8753],[101.1962,13.8709],[101.1804,13.8635],[101.1754,13.8605],[101.1704,13.8561],[101.1646,13.8516],[101.1621,13.8501],[101.1588,13.8501],[101.1555,13.8501],[101.1522,13.8501],[101.1513,13.8516],[101.153,13.8575],[101.1538,13.862],[101.1505,13.8664],[101.148,13.8679],[101.1447,13.8709],[101.143,13.8738],[101.143,13.8768],[101.1472,13.8916],[101.1488,13.8946],[101.1505,13.8976],[101.1513,13.899],[101.1563,13.9227],[101.1555,13.9346],[101.1405,13.9687],[101.1347,13.9909],[101.1356,13.9939],[101.1372,13.9968],[101.1522,13.9998],[101.1688,14.0057],[101.1812,14.0116],[101.1962,14.0235],[101.2053,14.0324],[101.2161,14.0472],[101.2219,14.0516],[101.2269,14.0546],[101.2352,14.0531],[101.2418,14.0546],[101.2526,14.0576],[101.2651,14.0605],[101.2692,14.0605],[101.2725,14.0591],[101.2767,14.0576],[101.2792,14.0561],[101.2817,14.0546],[101.285,14.0516],[101.2875,14.0516],[101.2916,14.0516],[101.3165,14.0591],[101.3215,14.062],[101.3248,14.065],[101.3265,14.0665],[101.3265,14.0694],[101.3273,14.0724],[101.3265,14.0768],[101.3256,14.0798],[101.3248,14.0828],[101.314,14.1005],[101.3132,14.1035],[101.3132,14.1065],[101.3132,14.1109],[101.3132,14.1139],[101.3115,14.1168],[101.3032,14.1272],[101.3007,14.1331],[101.2999,14.1391],[101.3007,14.145],[101.3057,14.1568],[101.309,14.1613],[101.3132,14.1672],[101.3829,14.2161],[101.3879,14.2206],[101.3912,14.225],[101.3937,14.2324],[101.3937,14.2369],[101.3937,14.2517],[101.3945,14.2606],[101.397,14.268],[101.4003,14.2709],[101.4028,14.2694],[101.4136,14.262],[101.4228,14.2576],[101.4311,14.2561],[101.4352,14.2546],[101.4394,14.2546],[101.4477,14.2561],[101.4742,14.2665],[101.4775,14.268],[101.4817,14.268],[101.4908,14.268],[101.4966,14.268],[101.5049,14.2709],[101.5091,14.2754],[101.5116,14.2783],[101.5141,14.2857],[101.5149,14.2887],[101.5157,14.3065],[101.5149,14.3095],[101.5132,14.3139],[101.5041,14.3258],[101.5024,14.3302],[101.5008,14.3361],[101.4991,14.3391],[101.4958,14.342],[101.4933,14.3435],[101.4908,14.345],[101.4892,14.348],[101.4858,14.3583],[101.4842,14.3613],[101.4825,14.3643],[101.48,14.3672],[101.4775,14.3687],[101.4726,14.3732],[101.4618,14.3761],[101.4477,14.3806],[101.4402,14.3835],[101.4377,14.385],[101.4319,14.3895],[101.4302,14.3924],[101.4261,14.3984],[101.4194,14.4132],[101.4153,14.4191],[101.4095,14.425],[101.4385,14.4265],[101.4419,14.428],[101.446,14.4309],[101.4485,14.4369],[101.4526,14.4428],[101.4676,14.4547],[101.4751,14.4591],[101.4825,14.4606],[101.4867,14.4606],[101.4908,14.4591],[101.4933,14.4576],[101.4958,14.4547],[101.5033,14.4443],[101.5058,14.4413],[101.5116,14.4384],[101.5174,14.4339],[101.5249,14.4309],[101.5415,14.4265],[101.5481,14.4265],[101.5929,14.4354],[101.6079,14.4339],[101.6195,14.4324],[101.6286,14.428],[101.6319,14.4265],[101.6394,14.4147],[101.6535,14.4072],[101.6568,14.4043],[101.6643,14.3939],[101.666,14.3909],[101.7091,14.3583],[101.7133,14.3539],[101.734,14.3287],[101.7415,14.3228],[101.749,14.3169],[101.7531,14.3169],[101.7564,14.3169],[101.7589,14.3198],[101.7598,14.3243],[101.7606,14.3272],[101.7598,14.3391],[101.7606,14.3435],[101.7622,14.345],[101.7647,14.348],[101.7764,14.348],[101.7805,14.3495],[101.7838,14.3509],[101.7871,14.3524],[101.7896,14.3554],[101.793,14.3569],[101.7988,14.3583],[101.8096,14.3598],[101.8204,14.3569],[101.8278,14.3569],[101.832,14.3569],[101.8411,14.3613],[101.8627,14.3628],[101.866,14.3643],[101.8693,14.3658],[101.8726,14.3672],[101.8743,14.3702],[101.8768,14.3732],[101.8809,14.3821],[101.8826,14.3865],[101.8851,14.3895],[101.8901,14.3939],[101.8934,14.3939],[101.8967,14.3924],[101.8992,14.3909],[101.9042,14.3865],[101.9158,14.3702],[101.9183,14.3672],[101.9216,14.3643],[101.9274,14.3613],[101.9316,14.3598],[101.9349,14.3613],[101.9382,14.3628],[101.9407,14.3643],[101.9473,14.3732],[101.9507,14.3746],[101.9573,14.3791],[101.9615,14.3791],[101.9648,14.3776],[101.9789,14.3687],[101.9822,14.3658],[101.9839,14.3643],[101.9855,14.3598],[101.9864,14.3524],[101.9855,14.348],[101.9839,14.345],[101.983,14.342],[101.9656,14.3124],[101.954,14.3006],[101.9498,14.2946],[101.949,14.2917],[101.9482,14.2887],[101.9482,14.2843],[101.9482,14.2813],[101.9498,14.2783],[101.9565,14.2694],[101.9581,14.268],[101.9598,14.2635],[101.9615,14.2561],[101.9623,14.2532],[101.9648,14.2517],[101.9673,14.2502],[101.9706,14.2472],[101.9797,14.2383],[101.9955,14.2265],[102.0129,14.2161],[102.0237,14.2072],[102.0353,14.2013],[102.0528,14.185]]]}},{"type":"Feature","id":"TH.NS","properties":{"code":"TH.NS","name_en":"Nakhon Sawan"},"geometry":{"type":"Polygon","coordinates":[[[100.7554,15.9304],[100.7579,15.9008],[100.7596,15.8963],[100.762,15.8919],[100.7728,15.8889],[100.7778,15.8859],[100.7836,15.883],[100.7928,15.8741],[100.7969,15.8682],[100.7986,15.8622],[100.7986,15.8548],[100.7977,15.8459],[100.7952,15.8356],[100.7936,15.8311],[100.7961,15.803],[100.8077,15.7422],[100.8177,15.7126],[100.8284,15.6904],[100.8301,15.6844],[100.8301,15.68],[100.8293,15.677],[100.8226,15.6681],[100.8201,15.6622],[100.821,15.6563],[100.8309,15.637],[100.8326,15.6311],[100.8326,15.6252],[100.8309,15.6222],[100.806,15.5955],[100.8035,15.5926],[100.8027,15.5881],[100.8002,15.5748],[100.7961,15.5555],[100.7944,15.5511],[100.7911,15.5466],[100.7894,15.5437],[100.7795,15.5333],[100.777,15.5318],[100.7745,15.5303],[100.7712,15.5289],[100.7546,15.5229],[100.7471,15.5155],[100.7396,15.4977],[100.7496,15.4637],[100.7504,15.4503],[100.7496,15.4474],[100.7438,15.437],[100.7388,15.4296],[100.728,15.4177],[100.6176,15.3185],[100.5944,15.2888],[100.5902,15.2859],[100.5869,15.2829],[100.5745,15.277],[100.5653,15.2696],[100.5587,15.2622],[100.5496,15.2473],[100.5413,15.2385],[100.5346,15.2296],[100.5338,15.2251],[100.5321,15.2177],[100.5321,15.2118],[100.5296,15.1999],[100.528,15.1955],[100.5255,15.1925],[100.5205,15.1881],[100.5172,15.1866],[100.5097,15.1822],[100.4964,15.1747],[100.4931,15.1703],[100.4906,15.1673],[100.489,15.1629],[100.489,15.1599],[100.4898,15.1392],[100.4898,15.1347],[100.479,15.1095],[100.4757,15.1036],[100.4732,15.1007],[100.4699,15.0977],[100.4533,15.0814],[100.4433,15.0607],[100.3819,15.0844],[100.3653,15.0947],[100.352,15.1184],[100.3512,15.1229],[100.3503,15.1258],[100.3512,15.1288],[100.352,15.1318],[100.3537,15.1347],[100.3545,15.1377],[100.3537,15.1421],[100.3479,15.154],[100.3445,15.1584],[100.3404,15.1599],[100.3263,15.1629],[100.3097,15.1673],[100.2624,15.2888],[100.2308,15.3348],[100.2109,15.354],[100.2059,15.3585],[100.2034,15.3599],[100.1968,15.3629],[100.1926,15.3644],[100.181,15.3674],[100.1777,15.3688],[100.1686,15.3733],[100.1296,15.4133],[100.1179,15.4222],[100.108,15.4192],[100.093,15.4207],[100.0847,15.4192],[100.0573,15.4192],[100.0465,15.4459],[99.9727,15.5066],[99.9644,15.5111],[99.9586,15.514],[99.9536,15.514],[99.9503,15.5126],[99.9478,15.5126],[99.9428,15.5081],[99.9395,15.5081],[99.9362,15.5081],[99.9137,15.517],[99.9071,15.5215],[99.8971,15.5303],[99.8731,15.5615],[99.8706,15.5659],[99.8623,15.6192],[99.8581,15.6326],[99.8548,15.6341],[99.8523,15.6355],[99.8448,15.6355],[99.8374,15.6341],[99.8341,15.6326],[99.8266,15.6266],[99.8233,15.6252],[99.8199,15.6237],[99.8158,15.6237],[99.8083,15.6252],[99.7975,15.6296],[99.7751,15.6385],[99.7668,15.6444],[99.7419,15.6696],[99.7336,15.677],[99.727,15.68],[99.7154,15.677],[99.7112,15.677],[99.7037,15.6785],[99.6996,15.6785],[99.6954,15.6785],[99.6622,15.6652],[99.6597,15.6637],[99.6539,15.6592],[99.6299,15.637],[99.6241,15.6341],[99.6116,15.6281],[99.5925,15.6237],[99.5859,15.6207],[99.5834,15.6178],[99.5809,15.6163],[99.5726,15.6059],[99.561,15.5896],[99.5568,15.5852],[99.551,15.5807],[99.5361,15.5733],[99.5211,15.5629],[99.5145,15.5615],[99.5112,15.56],[99.4987,15.56],[99.4896,15.5615],[99.4788,15.5615],[99.4722,15.5629],[99.468,15.5644],[99.4547,15.5778],[99.4456,15.5837],[99.4273,15.5985],[99.4149,15.6059],[99.3842,15.6192],[99.3809,15.6222],[99.3775,15.6237],[99.3759,15.6266],[99.3734,15.6296],[99.3659,15.6533],[99.3568,15.6592],[99.2788,15.6933],[99.2688,15.7022],[99.2422,15.7155],[99.2373,15.7185],[99.2331,15.7244],[99.229,15.7333],[99.2265,15.7363],[99.224,15.7378],[99.2182,15.7422],[99.2016,15.7556],[99.18,15.7674],[99.17,15.7719],[99.1617,15.7733],[99.1377,15.7689],[99.1211,15.7704],[99.1219,15.7926],[99.1194,15.8015],[99.1177,15.8044],[99.1119,15.8089],[99.0995,15.8163],[99.0879,15.8267],[99.0854,15.8311],[99.0837,15.8385],[99.0837,15.843],[99.0787,15.8696],[99.0937,15.8859],[99.1078,15.8993],[99.1111,15.9008],[99.1152,15.9022],[99.1277,15.9022],[99.1335,15.9037],[99.1385,15.9067],[99.1509,15.9185],[99.1559,15.9245],[99.1584,15.9259],[99.1626,15.9274],[99.1684,15.9274],[99.1733,15.9274],[99.1783,15.9274],[99.1833,15.9304],[99.2041,15.9348],[99.2082,15.9348],[99.2124,15.9334],[99.2165,15.9334],[99.219,15.9319],[99.2464,15.9111],[99.2522,15.9082],[99.2588,15.9052],[99.2622,15.9037],[99.2646,15.9008],[99.2671,15.8993],[99.2705,15.8933],[99.2721,15.8904],[99.2746,15.8889],[99.2779,15.8874],[99.2813,15.8889],[99.2862,15.8933],[99.2904,15.8978],[99.2979,15.9008],[99.302,15.9052],[99.307,15.9082],[99.3136,15.9096],[99.3178,15.9082],[99.3211,15.9067],[99.3261,15.9067],[99.3452,15.9141],[99.3518,15.9156],[99.3576,15.9156],[99.3684,15.9111],[99.4016,15.9067],[99.4058,15.9067],[99.4141,15.9082],[99.419,15.9082],[99.4315,15.9037],[99.4572,15.8948],[99.4614,15.8948],[99.4647,15.8963],[99.4688,15.9008],[99.4722,15.9067],[99.4755,15.9126],[99.4805,15.9156],[99.4896,15.9185],[99.5004,15.9185],[99.5095,15.9185],[99.5137,15.9185],[99.5211,15.9171],[99.5253,15.9156],[99.5294,15.9156],[99.5344,15.9171],[99.5386,15.9171],[99.5419,15.9156],[99.5452,15.9141],[99.556,15.9067],[99.5651,15.9008],[99.5992,15.8904],[99.6058,15.8874],[99.6083,15.8859],[99.6141,15.8815],[99.6158,15.8785],[99.6199,15.8741],[99.6232,15.8682],[99.629,15.8548],[99.6332,15.8326],[99.6373,15.8178],[99.6398,15.8119],[99.6473,15.8],[99.6564,15.7896],[99.6589,15.7881],[99.6647,15.7852],[99.6697,15.7852],[99.6755,15.7881],[99.7079,15.8163],[99.7104,15.8178],[99.717,15.8207],[99.7253,15.8222],[99.7295,15.8282],[99.7577,15.8933],[99.7618,15.9067],[99.7627,15.9126],[99.7618,15.9171],[99.7635,15.9215],[99.7668,15.9259],[99.7743,15.9363],[99.7867,15.9541],[99.8033,15.9882],[99.8216,16.0148],[99.8282,16.0223],[99.8897,16.0726],[99.8922,16.0756],[99.8938,16.0815],[99.8955,16.1097],[99.8963,16.1186],[99.9328,16.1971],[99.9436,16.2356],[99.9411,16.2534],[99.9411,16.2608],[99.9436,16.2771],[99.9536,16.2919],[99.9943,16.3378],[100.0109,16.326],[100.0216,16.3082],[100.0241,16.3038],[100.0333,16.2578],[100.0324,16.2549],[100.0308,16.2519],[100.0283,16.2489],[100.0308,16.2297],[100.0416,16.1852],[100.0449,16.1763],[100.0499,16.1719],[100.0739,16.1586],[100.0781,16.1541],[100.0831,16.1497],[100.0914,16.1408],[100.0939,16.1363],[100.093,16.1304],[100.0914,16.126],[100.0905,16.12],[100.0922,16.1141],[100.1005,16.0993],[100.1154,16.0815],[100.1188,16.0756],[100.1204,16.0711],[100.1237,16.0578],[100.1387,16.0134],[100.1486,15.9911],[100.1619,15.9719],[100.1652,15.963],[100.1686,15.9571],[100.1711,15.9541],[100.1918,15.9452],[100.1951,15.9437],[100.1976,15.9422],[100.2092,15.9319],[100.2159,15.9274],[100.22,15.9245],[100.2242,15.9245],[100.2275,15.9259],[100.2308,15.9274],[100.2333,15.9289],[100.2383,15.9289],[100.2441,15.9259],[100.2557,15.9156],[100.2624,15.9111],[100.2682,15.9096],[100.2806,15.9096],[100.2848,15.9096],[100.2981,15.9126],[100.2997,15.9378],[100.3005,15.9408],[100.3072,15.9437],[100.3105,15.9437],[100.313,15.9452],[100.3163,15.9452],[100.3279,15.9437],[100.3462,15.9363],[100.3487,15.9348],[100.3528,15.9348],[100.357,15.9348],[100.3719,15.9378],[100.3761,15.9363],[100.3835,15.9348],[100.4109,15.9245],[100.4151,15.923],[100.4201,15.923],[100.4242,15.923],[100.4392,15.9259],[100.4433,15.9274],[100.4475,15.9274],[100.4599,15.9274],[100.4765,15.9259],[100.4815,15.9259],[100.4898,15.9274],[100.4973,15.9274],[100.5064,15.9259],[100.5097,15.9259],[100.513,15.9274],[100.5213,15.9334],[100.5255,15.9348],[100.5305,15.9348],[100.5379,15.9319],[100.5437,15.9319],[100.5471,15.9334],[100.5562,15.9393],[100.5587,15.9408],[100.562,15.9422],[100.5653,15.9422],[100.5786,15.9437],[100.5819,15.9452],[100.5919,15.9497],[100.6027,15.9526],[100.6068,15.9526],[100.616,15.9497],[100.6284,15.9467],[100.6649,15.9452],[100.6716,15.9452],[100.6873,15.9378],[100.6923,15.9363],[100.6973,15.9363],[100.7023,15.9363],[100.7131,15.9319],[100.7172,15.9319],[100.7214,15.9304],[100.7297,15.9319],[100.733,15.9319],[100.7471,15.9289],[100.7554,15.9304]]]}},{"type":"Feature","id":"TH.PA","properties":{"code":"TH.PA","name_en":"Phra Nakhon Si Ayutthaya"},"geometry":{"type":"Polygon","coordinates":[[[100.5944,14.6562],[100.5753,14.6043],[100.5745,14.5895],[100.5761,14.5865],[100.5869,14.5791],[100.5894,14.5762],[100.5911,14.5717],[100.5935,14.5628],[100.5944,14.5599],[100.5969,14.5569],[100.5994,14.5539],[100.6035,14.551],[100.6068,14.5495],[100.6093,14.548],[100.616,14.5465],[100.6243,14.5465],[100.6409,14.548],[100.6492,14.5495],[100.6566,14.551],[100.679,14.5613],[100.6882,14.5658],[100.6948,14.5687],[100.7023,14.5687],[100.7064,14.5702],[100.7222,14.5687],[100.743,14.5687],[100.7496,14.5687],[100.762,14.5658],[100.767,14.5643],[100.7703,14.5613],[100.7712,14.5569],[100.772,14.5495],[100.7703,14.5332],[100.7695,14.5302],[100.7687,14.5258],[100.7662,14.5243],[100.7637,14.5228],[100.7571,14.5198],[100.7554,14.5154],[100.7562,14.5095],[100.7662,14.4902],[100.7679,14.4843],[100.767,14.4813],[100.7596,14.4472],[100.7596,14.4443],[100.7604,14.4369],[100.7629,14.428],[100.7629,14.4132],[100.7645,14.4087],[100.7662,14.4058],[100.7853,14.3909],[100.7894,14.385],[100.7919,14.3806],[100.7919,14.3761],[100.7919,14.3717],[100.7903,14.3598],[100.7886,14.3524],[100.7803,14.3317],[100.7795,14.3258],[100.7811,14.3228],[100.7845,14.3213],[100.7878,14.3213],[100.7969,14.3213],[100.8044,14.3213],[100.8085,14.3213],[100.8118,14.3198],[100.8177,14.3154],[100.8201,14.3109],[100.8218,14.3065],[100.821,14.2843],[100.8226,14.265],[100.8226,14.2413],[100.6566,14.1657],[100.6508,14.1613],[100.6309,14.1435],[100.6184,14.1287],[100.6126,14.1257],[100.6035,14.1228],[100.5545,14.1124],[100.5504,14.1139],[100.5462,14.1139],[100.5396,14.1183],[100.5313,14.1228],[100.528,14.1228],[100.523,14.1228],[100.5014,14.1124],[100.4964,14.1109],[100.4915,14.1109],[100.4591,14.1139],[100.3503,14.1139],[100.3404,14.1257],[100.3337,14.1302],[100.3088,14.1361],[100.303,14.1361],[100.2989,14.1346],[100.2873,14.1228],[100.2831,14.1168],[100.2831,14.1568],[100.2806,14.1613],[100.2765,14.1672],[100.2599,14.1717],[100.2325,14.1746],[100.2209,14.1776],[100.2482,14.2131],[100.2549,14.2265],[100.2541,14.2502],[100.2748,14.3272],[100.2815,14.3835],[100.2823,14.4028],[100.2798,14.4087],[100.2765,14.4161],[100.2698,14.4235],[100.2582,14.4443],[100.2566,14.4547],[100.2541,14.4858],[100.2682,14.4902],[100.279,14.4887],[100.2823,14.4902],[100.2956,14.4961],[100.3005,14.4976],[100.3321,14.4917],[100.3404,14.4917],[100.3553,14.4961],[100.3628,14.4961],[100.3711,14.4961],[100.3752,14.4961],[100.3918,14.5065],[100.3977,14.508],[100.4143,14.5095],[100.4167,14.508],[100.4201,14.5065],[100.4217,14.5036],[100.4226,14.5021],[100.4234,14.5006],[100.4242,14.4961],[100.4242,14.4917],[100.425,14.4843],[100.4242,14.4798],[100.4242,14.4547],[100.4242,14.4502],[100.4259,14.4472],[100.4284,14.4458],[100.4317,14.4443],[100.4425,14.4472],[100.4458,14.4472],[100.4483,14.4472],[100.4583,14.4443],[100.4682,14.4398],[100.4715,14.4398],[100.4757,14.4413],[100.4989,14.4561],[100.5014,14.4724],[100.4981,14.545],[100.4973,14.5524],[100.4956,14.5569],[100.4939,14.5599],[100.4931,14.5628],[100.4923,14.5673],[100.4956,14.5732],[100.4998,14.5791],[100.513,14.6325],[100.5164,14.6621],[100.5139,14.6725],[100.5155,14.6858],[100.5271,14.6784],[100.5421,14.6769],[100.5471,14.6739],[100.5504,14.671],[100.557,14.6651],[100.5628,14.6621],[100.5944,14.6562]]]}},{"type":"Feature","id":"TH.PT","properties":{"code":"TH.PT","name_en":"Pathum Thani"},"geometry":{"type":"Polygon","coordinates":[[[100.9123,14.2146],[100.9148,14.0205],[100.9056,13.9553],[100.9048,13.9494],[100.8857,13.945],[100.8625,13.9435],[100.8368,13.9361],[100.6782,13.9183],[100.6633,13.9198],[100.5852,13.942],[100.5512,13.9479],[100.5064,13.9464],[100.4939,13.9494],[100.4856,13.9553],[100.474,13.9613],[100.4084,13.9865],[100.3968,13.9894],[100.3869,13.9894],[100.3802,13.9909],[100.3628,13.9998],[100.3603,14.0027],[100.3404,14.0442],[100.3387,14.0502],[100.3362,14.0605],[100.3362,14.0679],[100.3371,14.0754],[100.3379,14.0828],[100.3454,14.0946],[100.3487,14.105],[100.3503,14.1139],[100.4591,14.1139],[100.4915,14.1109],[100.4964,14.1109],[100.5014,14.1124],[100.523,14.1228],[100.528,14.1228],[100.5313,14.1228],[100.5396,14.1183],[100.5462,14.1139],[100.5504,14.1139],[100.5545,14.1124],[100.6035,14.1228],[100.6126,14.1257],[100.6184,14.1287],[100.6309,14.1435],[100.6508,14.1613],[100.6566,14.1657],[100.8226,14.2413],[100.8658,14.2606],[100.8708,14.262],[100.8766,14.2606],[100.8957,14.2457],[100.9123,14.2146]]]}},{"type":"Feature","id":"TH.SB","properties":{"code":"TH.SB","name_en":"Sing Buri"},"geometry":{"type":"Polygon","coordinates":[[[100.4433,15.0607],[100.4367,15.0532],[100.4367,15.0503],[100.4367,15.0444],[100.4466,15.034],[100.4483,15.0325],[100.4574,14.9866],[100.4599,14.9806],[100.4599,14.9762],[100.4599,14.9688],[100.4566,14.9584],[100.4524,14.9495],[100.4392,14.9347],[100.435,14.9303],[100.4333,14.9258],[100.435,14.9184],[100.4475,14.8784],[100.4524,14.8666],[100.4558,14.8606],[100.4607,14.8577],[100.4641,14.8547],[100.4699,14.8488],[100.4715,14.8458],[100.474,14.8429],[100.4749,14.8399],[100.4765,14.8354],[100.4848,14.7777],[100.489,14.7584],[100.4906,14.7569],[100.4931,14.751],[100.4906,14.7451],[100.4773,14.7243],[100.4317,14.7302],[100.4284,14.7317],[100.4242,14.7377],[100.4209,14.7451],[100.4192,14.748],[100.4176,14.7495],[100.4167,14.751],[100.4134,14.751],[100.4101,14.751],[100.4018,14.7495],[100.3952,14.7495],[100.3894,14.7495],[100.3811,14.7554],[100.3728,14.7628],[100.3678,14.7658],[100.3595,14.7688],[100.3545,14.7717],[100.3512,14.7747],[100.347,14.7851],[100.3437,14.7895],[100.3412,14.7925],[100.3379,14.794],[100.3313,14.794],[100.308,14.7865],[100.3039,14.7865],[100.2964,14.7865],[100.2881,14.791],[100.2839,14.7925],[100.2798,14.7954],[100.2682,14.7969],[100.2325,14.7895],[100.2142,14.8147],[100.2126,14.8191],[100.2117,14.8251],[100.2126,14.828],[100.2217,14.8399],[100.2233,14.8473],[100.2267,14.8917],[100.225,14.9036],[100.2225,14.9095],[100.2092,14.9066],[100.2051,14.9066],[100.2001,14.9095],[100.1951,14.9169],[100.1935,14.9229],[100.1943,14.9258],[100.196,14.9288],[100.2026,14.9362],[100.2051,14.9406],[100.2067,14.9436],[100.2117,14.9555],[100.2541,14.951],[100.2673,14.954],[100.2732,14.9569],[100.2831,14.9658],[100.303,14.994],[100.3055,14.9999],[100.3064,14.9999],[100.3055,15.0044],[100.3047,15.0058],[100.303,15.0088],[100.3005,15.0118],[100.2956,15.0162],[100.2931,15.0177],[100.2898,15.0192],[100.2823,15.0221],[100.2707,15.0236],[100.2673,15.0266],[100.2673,15.0325],[100.2715,15.0458],[100.274,15.0503],[100.2773,15.0547],[100.2914,15.0577],[100.2972,15.0607],[100.303,15.0784],[100.2997,15.077],[100.2922,15.074],[100.2889,15.0725],[100.2723,15.1125],[100.2873,15.1214],[100.2906,15.1244],[100.2931,15.1288],[100.2956,15.1333],[100.2956,15.1377],[100.2947,15.1584],[100.2964,15.1614],[100.2997,15.1644],[100.3097,15.1673],[100.3263,15.1629],[100.3404,15.1599],[100.3445,15.1584],[100.3479,15.154],[100.3537,15.1421],[100.3545,15.1377],[100.3537,15.1347],[100.352,15.1318],[100.3512,15.1288],[100.3503,15.1258],[100.3512,15.1229],[100.352,15.1184],[100.3653,15.0947],[100.3819,15.0844],[100.4433,15.0607]]]}},{"type":"Feature","id":"TH.SR","properties":{"code":"TH.SR","name_en":"Saraburi"},"geometry":{"type":"Polygon","coordinates":[[[101.1928,14.7554],[101.2069,14.5821],[101.1953,14.5658],[101.1912,14.5554],[101.1879,14.5465],[101.187,14.5421],[101.1879,14.5376],[101.1903,14.5347],[101.1953,14.5302],[101.2069,14.5243],[101.2094,14.5213],[101.2111,14.5184],[101.2177,14.5065],[101.2211,14.5021],[101.2277,14.4947],[101.2426,14.4798],[101.241,14.4739],[101.2335,14.4695],[101.231,14.4621],[101.2277,14.4398],[101.2252,14.4339],[101.2202,14.428],[101.2144,14.4206],[101.2053,14.3954],[101.2045,14.388],[101.2069,14.3776],[101.2061,14.3732],[101.2036,14.3717],[101.1995,14.3687],[101.1953,14.3658],[101.1845,14.3554],[101.1804,14.3509],[101.1762,14.3495],[101.1704,14.348],[101.1654,14.3465],[101.1613,14.348],[101.1588,14.3495],[101.1571,14.3524],[101.1538,14.3583],[101.1522,14.3613],[101.1497,14.3643],[101.1472,14.3658],[101.1256,14.3806],[101.1215,14.3821],[101.1181,14.3835],[101.0924,14.3821],[101.0883,14.3821],[101.0841,14.3835],[101.0816,14.385],[101.0766,14.3895],[101.0692,14.4013],[101.0667,14.4043],[101.0642,14.4058],[101.0592,14.4087],[101.0567,14.4072],[101.0559,14.4028],[101.0559,14.3954],[101.0559,14.388],[101.0559,14.3835],[101.0567,14.3806],[101.0559,14.3761],[101.0534,14.3702],[101.0443,14.3583],[101.0401,14.3524],[101.0376,14.348],[101.0376,14.345],[101.0385,14.3406],[101.0401,14.3376],[101.0401,14.3332],[101.0368,14.3272],[101.026,14.3139],[101.0102,14.3006],[101.0011,14.2961],[100.9936,14.2902],[100.9878,14.2872],[100.9845,14.2872],[100.9812,14.2887],[100.9795,14.2917],[100.9779,14.2946],[100.9762,14.2976],[100.9737,14.2991],[100.9687,14.3006],[100.9629,14.3006],[100.953,14.2991],[100.9488,14.2961],[100.9471,14.2917],[100.9471,14.2872],[100.9513,14.2665],[100.9505,14.262],[100.9488,14.2591],[100.9463,14.2532],[100.9455,14.2502],[100.9123,14.2146],[100.8957,14.2457],[100.8766,14.2606],[100.8708,14.262],[100.8658,14.2606],[100.8226,14.2413],[100.8226,14.265],[100.821,14.2843],[100.8218,14.3065],[100.8201,14.3109],[100.8177,14.3154],[100.8118,14.3198],[100.8085,14.3213],[100.8044,14.3213],[100.7969,14.3213],[100.7878,14.3213],[100.7845,14.3213],[100.7811,14.3228],[100.7795,14.3258],[100.7803,14.3317],[100.7886,14.3524],[100.7903,14.3598],[100.7919,14.3717],[100.7919,14.3761],[100.7919,14.3806],[100.7894,14.385],[100.7853,14.3909],[100.7662,14.4058],[100.7645,14.4087],[100.7629,14.4132],[100.7629,14.428],[100.7604,14.4369],[100.7596,14.4443],[100.7596,14.4472],[100.767,14.4813],[100.7679,14.4843],[100.7662,14.4902],[100.7562,14.5095],[100.7554,14.5154],[100.7571,14.5198],[100.7637,14.5228],[100.7662,14.5243],[100.7687,14.5258],[100.7695,14.5302],[100.7703,14.5332],[100.772,14.5495],[100.7712,14.5569],[100.7703,14.5613],[100.767,14.5643],[100.762,14.5658],[100.7496,14.5687],[100.743,14.5687],[100.7222,14.5687],[100.7064,14.5702],[100.7023,14.5687],[100.6948,14.5687],[100.6882,14.5658],[100.679,14.5613],[100.6566,14.551],[100.6492,14.5495],[100.6409,14.548],[100.6243,14.5465],[100.616,14.5465],[100.6093,14.548],[100.6068,14.5495],[100.6035,14.551],[100.5994,14.5539],[100.5969,14.5569],[100.5944,14.5599],[100.5935,14.5628],[100.5911,14.5717],[100.5894,14.5762],[100.5869,14.5791],[100.5761,14.5865],[100.5745,14.5895],[100.5753,14.6043],[100.5944,14.6562],[100.6101,14.6917],[100.6184,14.7021],[100.635,14.7095],[100.6674,14.7317],[100.6782,14.7362],[100.7081,14.7525],[100.7156,14.7584],[100.7197,14.7628],[100.7272,14.7747],[100.7347,14.7895],[100.7546,14.8177],[100.7571,14.8236],[100.7571,14.828],[100.7562,14.831],[100.7562,14.8354],[100.7587,14.8384],[100.7629,14.8399],[100.7679,14.8399],[100.7745,14.8429],[100.7778,14.8458],[100.7795,14.8488],[100.7803,14.8591],[100.782,14.8651],[100.7845,14.8695],[100.7869,14.871],[100.7903,14.8725],[100.8035,14.8725],[100.8069,14.8725],[100.8102,14.874],[100.821,14.8799],[100.8293,14.8829],[100.8351,14.8829],[100.8392,14.8829],[100.8426,14.8814],[100.8442,14.8784],[100.8451,14.8754],[100.8434,14.8695],[100.8434,14.8666],[100.8442,14.8636],[100.8459,14.8606],[100.8625,14.8488],[100.8641,14.8458],[100.8666,14.8429],[100.87,14.8384],[100.8716,14.834],[100.8724,14.831],[100.8724,14.8266],[100.8724,14.8236],[100.8716,14.8177],[100.8708,14.8014],[100.8708,14.7984],[100.8733,14.7865],[100.8749,14.7836],[100.8766,14.7806],[100.8791,14.7777],[100.8816,14.7762],[100.8849,14.7747],[100.8882,14.7732],[100.8957,14.7717],[100.899,14.7702],[100.9023,14.7688],[100.9115,14.7584],[100.9131,14.7569],[100.9164,14.7495],[100.9264,14.748],[100.943,14.748],[100.9546,14.7495],[100.9662,14.7599],[100.9853,14.7836],[100.987,14.7865],[100.9878,14.7895],[100.9886,14.7925],[100.9878,14.7999],[100.9862,14.8043],[100.987,14.8088],[100.9903,14.8132],[101.0144,14.8295],[101.0393,14.8414],[101.0766,14.8532],[101.0841,14.8532],[101.1264,14.8429],[101.1298,14.8414],[101.1322,14.8384],[101.1347,14.8369],[101.1364,14.834],[101.1455,14.8103],[101.1472,14.8073],[101.1497,14.8058],[101.1522,14.8028],[101.1555,14.8014],[101.1588,14.7999],[101.1671,14.7984],[101.1729,14.7954],[101.1787,14.7925],[101.1829,14.7865],[101.187,14.7821],[101.192,14.7688],[101.1937,14.7614],[101.1928,14.7554]]]}},{"type":"Feature","id":"TH.BM","properties":{"code":"TH.BM","name_en":"Bangkok Metropolis"},"geometry":{"type":"Polygon","coordinates":[[[100.855,13.6916],[100.8368,13.6901],[100.8276,13.6916],[100.8185,13.696],[100.8143,13.6975],[100.8069,13.699],[100.7994,13.7005],[100.7969,13.702],[100.7886,13.7079],[100.7811,13.7109],[100.7737,13.7123],[100.7562,13.7138],[100.7264,13.7109],[100.7131,13.7109],[100.7089,13.7109],[100.7048,13.7079],[100.7006,13.7005],[100.6973,13.6901],[100.6965,13.6872],[100.6873,13.6634],[100.6857,13.6605],[100.6832,13.6575],[100.679,13.6546],[100.6699,13.6531],[100.6641,13.6531],[100.606,13.656],[100.6027,13.6575],[100.5985,13.659],[100.5852,13.6664],[100.5911,13.6768],[100.5927,13.6797],[100.5944,13.6827],[100.5969,13.6857],[100.5977,13.6916],[100.596,13.6975],[100.5911,13.699],[100.5869,13.702],[100.5844,13.7049],[100.5803,13.7094],[100.5711,13.7079],[100.5612,13.7035],[100.557,13.6975],[100.5487,13.6812],[100.5379,13.6812],[100.5305,13.6738],[100.5222,13.6649],[100.5197,13.6634],[100.5155,13.662],[100.5064,13.6664],[100.5031,13.6679],[100.5006,13.6664],[100.4989,13.6649],[100.4981,13.662],[100.5006,13.6472],[100.5006,13.6397],[100.4964,13.6071],[100.4939,13.5997],[100.489,13.5938],[100.4815,13.5879],[100.4749,13.5864],[100.4632,13.5834],[100.4599,13.5657],[100.4674,13.496],[100.43,13.4886],[100.401,13.4901],[100.4035,13.496],[100.4068,13.5005],[100.4093,13.5019],[100.4101,13.5049],[100.4118,13.5079],[100.4118,13.5123],[100.4051,13.5597],[100.3894,13.6116],[100.3844,13.6205],[100.3728,13.6338],[100.3686,13.6353],[100.3653,13.6368],[100.362,13.6383],[100.3537,13.6397],[100.3487,13.6486],[100.3462,13.6575],[100.3321,13.7301],[100.3271,13.7509],[100.3288,13.7627],[100.3337,13.7731],[100.3354,13.7983],[100.4317,13.7998],[100.4699,13.7953],[100.4773,13.7953],[100.4815,13.7953],[100.4881,13.7983],[100.4915,13.8012],[100.4931,13.8042],[100.4939,13.8116],[100.4948,13.8175],[100.4973,13.8235],[100.5164,13.8412],[100.5222,13.8487],[100.5512,13.9479],[100.5852,13.942],[100.6633,13.9198],[100.6782,13.9183],[100.8368,13.9361],[100.8625,13.9435],[100.8857,13.945],[100.9048,13.9494],[100.8965,13.8472],[100.899,13.8412],[100.9015,13.8368],[100.9131,13.8294],[100.9173,13.8264],[100.9214,13.822],[100.9239,13.8175],[100.9239,13.8131],[100.9214,13.8072],[100.899,13.7849],[100.8932,13.7775],[100.8575,13.7183],[100.8492,13.7094],[100.8484,13.7035],[100.855,13.6916]]]}},{"type":"Feature","id":"TH.NO","properties":{"code":"TH.NO","name_en":"Nonthaburi"},"geometry":{"type":"Polygon","coordinates":[[[100.3503,14.1139],[100.3487,14.105],[100.3454,14.0946],[100.3379,14.0828],[100.3371,14.0754],[100.3362,14.0679],[100.3362,14.0605],[100.3387,14.0502],[100.3404,14.0442],[100.3603,14.0027],[100.3628,13.9998],[100.3802,13.9909],[100.3869,13.9894],[100.3968,13.9894],[100.4084,13.9865],[100.474,13.9613],[100.4856,13.9553],[100.4939,13.9494],[100.5064,13.9464],[100.5512,13.9479],[100.5222,13.8487],[100.5164,13.8412],[100.4973,13.8235],[100.4948,13.8175],[100.4939,13.8116],[100.4931,13.8042],[100.4915,13.8012],[100.4881,13.7983],[100.4815,13.7953],[100.4773,13.7953],[100.4699,13.7953],[100.4317,13.7998],[100.3354,13.7983],[100.3163,13.8383],[100.3064,13.865],[100.3005,13.8768],[100.2914,13.8916],[100.2898,13.8946],[100.2881,13.9005],[100.2864,13.9287],[100.2906,13.9553],[100.2947,13.9687],[100.2947,13.9746],[100.2939,13.9805],[100.2906,13.9894],[100.2881,13.9953],[100.2856,13.9983],[100.2831,14.0013],[100.2806,14.0042],[100.279,14.0057],[100.2723,14.0131],[100.269,14.019],[100.264,14.0294],[100.2632,14.0368],[100.2649,14.0442],[100.2756,14.0665],[100.279,14.0754],[100.2798,14.0798],[100.2831,14.1168],[100.2873,14.1228],[100.2989,14.1346],[100.303,14.1361],[100.3088,14.1361],[100.3337,14.1302],[100.3404,14.1257],[100.3503,14.1139]]]}},{"type":"Feature","id":"TH.NP","properties":{"code":"TH.NP","name_en":"Nakhon Pathom"},"geometry":{"type":"Polygon","coordinates":[[[100.2831,14.1168],[100.2798,14.0798],[100.279,14.0754],[100.2756,14.0665],[100.2649,14.0442],[100.2632,14.0368],[100.264,14.0294],[100.269,14.019],[100.2723,14.0131],[100.279,14.0057],[100.2806,14.0042],[100.2831,14.0013],[100.2856,13.9983],[100.2881,13.9953],[100.2906,13.9894],[100.2939,13.9805],[100.2947,13.9746],[100.2947,13.9687],[100.2906,13.9553],[100.2864,13.9287],[100.2881,13.9005],[100.2898,13.8946],[100.2914,13.8916],[100.3005,13.8768],[100.3064,13.865],[100.3163,13.8383],[100.3354,13.7983],[100.3337,13.7731],[100.3288,13.7627],[100.3271,13.7509],[100.3321,13.7301],[100.3271,13.7242],[100.3221,13.7212],[100.2748,13.7049],[100.2723,13.7035],[100.2723,13.702],[100.274,13.6946],[100.274,13.6916],[100.2723,13.6886],[100.2707,13.6872],[100.2682,13.6857],[100.2657,13.6827],[100.2649,13.6812],[100.264,13.6783],[100.2649,13.6738],[100.2673,13.6694],[100.2673,13.6664],[100.2649,13.6634],[100.259,13.662],[100.2258,13.659],[100.2217,13.6575],[100.2175,13.6575],[100.2134,13.6575],[100.2051,13.662],[100.1976,13.6679],[100.1901,13.6753],[100.181,13.6768],[100.1113,13.6783],[100.0789,13.6842],[100.0715,13.6916],[100.0582,13.6946],[100.0449,13.6946],[100.0399,13.6975],[100.0374,13.7005],[100.0382,13.7049],[100.0399,13.7123],[100.0399,13.7168],[100.0391,13.7212],[100.0358,13.7272],[100.0299,13.7375],[100.025,13.7405],[100.0216,13.742],[100.0158,13.7375],[99.9934,13.7183],[99.9893,13.7168],[99.9851,13.7153],[99.9768,13.7138],[99.9718,13.7153],[99.9669,13.7183],[99.9602,13.7242],[99.9519,13.7375],[99.9494,13.742],[99.9478,13.7449],[99.9486,13.7494],[99.9536,13.7627],[99.9552,13.7701],[99.9552,13.7746],[99.9552,13.7775],[99.9536,13.7864],[99.9519,13.7924],[99.9511,13.7953],[99.9511,13.7998],[99.9544,13.8131],[99.9602,13.8279],[99.9611,13.8324],[99.9611,13.8442],[99.9602,13.8487],[99.9594,13.8531],[99.9544,13.8635],[99.9511,13.8798],[99.9503,13.8827],[99.9511,13.8976],[99.9511,13.905],[99.9478,13.9153],[99.9453,13.9213],[99.942,13.9257],[99.9345,13.9316],[99.9312,13.9331],[99.9237,13.9361],[99.8897,13.9435],[99.8797,13.945],[99.8772,13.9568],[99.8615,13.9642],[99.8573,13.9702],[99.8523,13.9879],[99.849,13.9924],[99.8432,13.9953],[99.8374,13.9968],[99.8266,14.0027],[99.8208,14.0087],[99.8125,14.022],[99.81,14.0294],[99.8075,14.0353],[99.8083,14.0487],[99.8116,14.062],[99.8639,14.062],[99.8789,14.065],[99.927,14.1094],[99.9793,14.142],[99.986,14.145],[99.9893,14.1465],[100.0026,14.145],[100.0175,14.142],[100.0225,14.1405],[100.1287,14.1435],[100.1395,14.1405],[100.152,14.1405],[100.1586,14.1405],[100.1628,14.1435],[100.1644,14.1465],[100.1661,14.1494],[100.1686,14.1524],[100.1711,14.1539],[100.1752,14.1568],[100.2209,14.1776],[100.2325,14.1746],[100.2599,14.1717],[100.2765,14.1672],[100.2806,14.1613],[100.2831,14.1568],[100.2831,14.1168]]]}},{"type":"Feature","id":"TH.PE","properties":{"code":"TH.PE","name_en":"Phetchaburi"},"geometry":{"type":"Polygon","coordinates":[[[99.859,13.3286],[99.8639,13.3079],[99.8581,13.2767],[99.8581,13.2693],[99.8606,13.2649],[99.8631,13.2634],[99.8664,13.2604],[99.8706,13.2515],[99.8731,13.2471],[99.8781,13.2441],[99.8872,13.2397],[99.8913,13.2382],[99.8947,13.2397],[99.8963,13.2412],[99.8963,13.2456],[99.8955,13.2471],[99.8955,13.2515],[99.8963,13.2545],[99.8996,13.259],[99.9013,13.2634],[99.9021,13.2708],[99.9038,13.2738],[99.9063,13.2753],[99.9096,13.2767],[99.9245,13.2738],[99.9287,13.2738],[99.932,13.2738],[99.9345,13.2767],[99.937,13.2782],[99.9411,13.2841],[99.9436,13.2871],[99.9461,13.2886],[99.9569,13.2916],[99.9611,13.2916],[99.9669,13.259],[99.9984,13.2175],[100.0565,13.1701],[100.0598,13.1656],[100.0665,13.1597],[100.0739,13.1523],[100.0773,13.1434],[100.0781,13.1345],[100.0881,13.096],[100.1047,13.0575],[100.1022,13.0397],[100.093,13.0234],[100.0598,12.9804],[100.0532,12.9656],[100.0432,12.9345],[100.0291,12.8619],[100.0241,12.8471],[99.9876,12.7908],[99.9743,12.7507],[99.9652,12.7107],[99.9602,12.6678],[99.9611,12.6367],[99.9262,12.6278],[99.9196,12.6278],[99.898,12.6278],[99.8855,12.6263],[99.8258,12.6278],[99.8166,12.6233],[99.8116,12.6218],[99.8083,12.6189],[99.8058,12.6159],[99.7618,12.5818],[99.7585,12.5804],[99.7527,12.5804],[99.7452,12.5804],[99.7154,12.5848],[99.7096,12.5833],[99.6739,12.5759],[99.6697,12.5744],[99.6647,12.57],[99.6589,12.567],[99.6523,12.5641],[99.639,12.5596],[99.6357,12.5581],[99.6332,12.5552],[99.629,12.5492],[99.6274,12.5478],[99.6249,12.5448],[99.6191,12.5448],[99.6116,12.5463],[99.5958,12.5522],[99.59,12.5566],[99.5859,12.5596],[99.5826,12.5655],[99.5809,12.5685],[99.5784,12.57],[99.5751,12.5715],[99.5718,12.5729],[99.5162,12.5863],[99.4937,12.5878],[99.4747,12.5863],[99.4365,12.5744],[99.4049,12.567],[99.4033,12.5759],[99.3941,12.5892],[99.3443,12.6174],[99.3335,12.6248],[99.3236,12.6352],[99.3169,12.6455],[99.3095,12.653],[99.2862,12.6604],[99.2771,12.6663],[99.2738,12.6737],[99.2713,12.6944],[99.2671,12.7033],[99.2563,12.7093],[99.2331,12.7137],[99.2248,12.7182],[99.214,12.7344],[99.2132,12.7522],[99.2148,12.7715],[99.2107,12.7922],[99.2032,12.8041],[99.1833,12.8219],[99.175,12.8337],[99.1717,12.8426],[99.1684,12.8737],[99.1551,12.9048],[99.1534,12.9137],[99.1543,12.9271],[99.1576,12.936],[99.1634,12.9448],[99.1675,12.9567],[99.165,12.976],[99.1509,12.9952],[99.1327,13.0115],[99.1152,13.0219],[99.0928,13.0382],[99.0887,13.0589],[99.0937,13.0812],[99.1028,13.1049],[99.1053,13.1301],[99.102,13.1523],[99.102,13.1715],[99.1144,13.1878],[99.1335,13.1952],[99.1725,13.1997],[99.1866,13.2115],[99.2032,13.2041],[99.2422,13.1864],[99.2547,13.176],[99.2563,13.173],[99.2646,13.1538],[99.2696,13.1464],[99.2746,13.1434],[99.2788,13.1434],[99.2829,13.1434],[99.2862,13.1449],[99.2896,13.1464],[99.3178,13.1641],[99.3203,13.1656],[99.3219,13.1686],[99.3236,13.1715],[99.3244,13.176],[99.3236,13.1789],[99.3219,13.1908],[99.3219,13.1952],[99.3219,13.1997],[99.3236,13.2027],[99.3244,13.2071],[99.3269,13.2086],[99.3344,13.2145],[99.3369,13.2175],[99.3394,13.2204],[99.3427,13.2234],[99.3468,13.2278],[99.351,13.2278],[99.3543,13.2278],[99.3651,13.2234],[99.3684,13.2219],[99.375,13.216],[99.3775,13.213],[99.38,13.2115],[99.3833,13.2101],[99.3991,13.2071],[99.4024,13.2056],[99.4074,13.2012],[99.4099,13.1997],[99.4124,13.1967],[99.4157,13.1938],[99.4257,13.1908],[99.4298,13.1908],[99.4522,13.1819],[99.458,13.1804],[99.4622,13.1804],[99.4688,13.1849],[99.4788,13.1893],[99.483,13.1878],[99.4863,13.1864],[99.4896,13.1834],[99.4946,13.1804],[99.4996,13.1789],[99.5045,13.1789],[99.507,13.1804],[99.5103,13.1834],[99.512,13.1849],[99.5137,13.1878],[99.5162,13.1908],[99.5195,13.1938],[99.5253,13.1967],[99.5303,13.1982],[99.5834,13.1923],[99.6365,13.1997],[99.6423,13.2012],[99.6556,13.2071],[99.6606,13.2115],[99.6631,13.213],[99.6647,13.216],[99.6664,13.219],[99.6672,13.2234],[99.6681,13.2308],[99.6672,13.2649],[99.6681,13.2693],[99.6689,13.2723],[99.6705,13.2753],[99.6722,13.2782],[99.6805,13.2841],[99.683,13.2856],[99.6938,13.3034],[99.6963,13.3049],[99.6979,13.3079],[99.7037,13.3123],[99.7577,13.3316],[99.7652,13.333],[99.7743,13.333],[99.7942,13.3286],[99.859,13.3286]]]}},{"type":"Feature","id":"TH.PK","properties":{"code":"TH.PK","name_en":"Prachuap Khiri Khan"},"geometry":{"type":"Polygon","coordinates":[[[99.5037,10.9965],[99.4788,10.9935],[99.4747,10.992],[99.4647,10.9905],[99.4605,10.9891],[99.458,10.9876],[99.4556,10.9861],[99.4531,10.9831],[99.4514,10.9802],[99.4489,10.9787],[99.4464,10.9757],[99.4406,10.9728],[99.434,10.9698],[99.4307,10.9698],[99.4232,10.9668],[99.4182,10.9639],[99.4141,10.9579],[99.4116,10.9565],[99.4041,10.955],[99.3576,10.9594],[99.351,10.9594],[99.3468,10.9579],[99.3435,10.9565],[99.3394,10.9565],[99.3352,10.9579],[99.3286,10.9624],[99.3219,10.9639],[99.3103,10.9653],[99.2854,10.9639],[99.2829,10.9624],[99.2779,10.9594],[99.2729,10.9579],[99.2655,10.9579],[99.2522,10.9609],[99.2456,10.9624],[99.2364,10.9653],[99.2265,10.9683],[99.1841,10.992],[99.1684,10.9965],[99.1543,11.0039],[99.1501,11.0083],[99.1476,11.0128],[99.1443,11.0305],[99.141,11.0394],[99.1518,11.0483],[99.1584,11.0572],[99.1675,11.078],[99.175,11.0868],[99.185,11.0928],[99.2065,11.1002],[99.2132,11.1076],[99.2431,11.198],[99.2563,11.2202],[99.2887,11.2587],[99.3003,11.2809],[99.3161,11.3209],[99.3261,11.3358],[99.3643,11.3772],[99.3709,11.3935],[99.3717,11.4113],[99.3775,11.435],[99.3867,11.4513],[99.4157,11.481],[99.4282,11.4973],[99.4373,11.5165],[99.4414,11.5328],[99.439,11.5743],[99.4406,11.598],[99.4497,11.6143],[99.4663,11.6247],[99.4888,11.6291],[99.5311,11.6306],[99.5427,11.641],[99.6066,11.7254],[99.6158,11.7491],[99.6299,11.8158],[99.6282,11.8247],[99.6108,11.8306],[99.5917,11.8425],[99.5734,11.8573],[99.5618,11.8736],[99.5543,11.8943],[99.5577,11.9151],[99.5726,11.9566],[99.5743,11.9758],[99.5668,11.9936],[99.5535,12.0055],[99.5344,12.0114],[99.5186,12.0262],[99.522,12.0544],[99.5377,12.1003],[99.5394,12.1122],[99.5435,12.1225],[99.546,12.1314],[99.5419,12.1403],[99.5328,12.1447],[99.5228,12.1447],[99.4663,12.1255],[99.4522,12.1299],[99.4489,12.1477],[99.4539,12.1566],[99.4639,12.164],[99.4722,12.1729],[99.4738,12.1877],[99.4705,12.1981],[99.4597,12.2173],[99.4556,12.2277],[99.4547,12.2381],[99.4572,12.2559],[99.4547,12.2677],[99.4473,12.2781],[99.4323,12.2959],[99.4265,12.3092],[99.4232,12.3285],[99.4207,12.3833],[99.4141,12.4055],[99.3916,12.4455],[99.3867,12.4663],[99.3892,12.4766],[99.3999,12.4974],[99.4041,12.5078],[99.4074,12.53],[99.4074,12.5522],[99.4049,12.567],[99.4365,12.5744],[99.4747,12.5863],[99.4937,12.5878],[99.5162,12.5863],[99.5718,12.5729],[99.5751,12.5715],[99.5784,12.57],[99.5809,12.5685],[99.5826,12.5655],[99.5859,12.5596],[99.59,12.5566],[99.5958,12.5522],[99.6116,12.5463],[99.6191,12.5448],[99.6249,12.5448],[99.6274,12.5478],[99.629,12.5492],[99.6332,12.5552],[99.6357,12.5581],[99.639,12.5596],[99.6523,12.5641],[99.6589,12.567],[99.6647,12.57],[99.6697,12.5744],[99.6739,12.5759],[99.7096,12.5833],[99.7154,12.5848],[99.7452,12.5804],[99.7527,12.5804],[99.7585,12.5804],[99.7618,12.5818],[99.8058,12.6159],[99.8083,12.6189],[99.8116,12.6218],[99.8166,12.6233],[99.8258,12.6278],[99.8855,12.6263],[99.898,12.6278],[99.9196,12.6278],[99.9262,12.6278],[99.9611,12.6367],[99.9611,12.6248],[99.9777,12.5611],[99.981,12.5404],[99.9768,12.4766],[99.981,12.4544],[100.0109,12.3833],[100.0125,12.3685],[100.0034,12.3537],[99.9818,12.2796],[99.9826,12.2707],[99.9918,12.2588],[100.0017,12.2499],[100.0092,12.2411],[100.0142,12.2307],[100.0175,12.2099],[100.02,12.2025],[100.02,12.1922],[100.0158,12.1803],[100.01,12.1744],[99.9943,12.1625],[99.9876,12.1536],[99.9818,12.1166],[99.9777,12.1077],[99.9552,12.0721],[99.8556,11.9684],[99.8316,11.924],[99.8233,11.878],[99.8365,11.844],[99.8341,11.838],[99.8199,11.8366],[99.8125,11.8321],[99.81,11.8247],[99.81,11.8129],[99.8175,11.7758],[99.815,11.7699],[99.8116,11.7625],[99.8108,11.7536],[99.8175,11.7417],[99.7801,11.7373],[99.7519,11.7091],[99.6705,11.5773],[99.6656,11.5669],[99.6614,11.5506],[99.6415,11.5239],[99.6373,11.5047],[99.6357,11.4824],[99.6324,11.4602],[99.6257,11.441],[99.6,11.3847],[99.5975,11.3743],[99.5933,11.3639],[99.5734,11.3447],[99.5693,11.3343],[99.566,11.2765],[99.5693,11.2558],[99.5859,11.2143],[99.5859,11.195],[99.5693,11.1787],[99.5618,11.1994],[99.546,11.198],[99.5286,11.1861],[99.5153,11.1728],[99.5079,11.1624],[99.5012,11.1491],[99.4962,11.1328],[99.4937,11.115],[99.4979,11.0928],[99.512,11.0572],[99.5153,11.0394],[99.5128,11.0187],[99.5037,10.9965]]]}},{"type":"Feature","id":"TH.RT","properties":{"code":"TH.RT","name_en":"Ratchaburi"},"geometry":{"type":"Polygon","coordinates":[[[100.0789,13.6842],[100.0764,13.6442],[100.0764,13.6383],[100.0756,13.6294],[100.0706,13.6234],[100.0673,13.6205],[100.0582,13.6131],[100.054,13.6086],[100.0524,13.6057],[100.049,13.5983],[100.0449,13.5745],[100.0441,13.5479],[100.0391,13.5301],[100.0382,13.5049],[100.0258,13.5049],[100.0142,13.5064],[100.01,13.5064],[99.9976,13.499],[99.9785,13.4916],[99.9743,13.4916],[99.971,13.4931],[99.9627,13.4975],[99.9561,13.5005],[99.937,13.5049],[99.9345,13.5064],[99.9287,13.5108],[99.9262,13.5108],[99.9229,13.5108],[99.9212,13.5108],[99.9187,13.5094],[99.9162,13.5064],[99.9129,13.5019],[99.9104,13.4916],[99.9063,13.4842],[99.9038,13.4782],[99.9013,13.4753],[99.8938,13.4605],[99.893,13.4545],[99.8922,13.4486],[99.8938,13.4249],[99.8922,13.419],[99.8888,13.413],[99.8814,13.3997],[99.8731,13.3805],[99.859,13.3286],[99.7942,13.3286],[99.7743,13.333],[99.7652,13.333],[99.7577,13.3316],[99.7037,13.3123],[99.6979,13.3079],[99.6963,13.3049],[99.6938,13.3034],[99.683,13.2856],[99.6805,13.2841],[99.6722,13.2782],[99.6705,13.2753],[99.6689,13.2723],[99.6681,13.2693],[99.6672,13.2649],[99.6681,13.2308],[99.6672,13.2234],[99.6664,13.219],[99.6647,13.216],[99.6631,13.213],[99.6606,13.2115],[99.6556,13.2071],[99.6423,13.2012],[99.6365,13.1997],[99.5834,13.1923],[99.5303,13.1982],[99.5253,13.1967],[99.5195,13.1938],[99.5162,13.1908],[99.5137,13.1878],[99.512,13.1849],[99.5103,13.1834],[99.507,13.1804],[99.5045,13.1789],[99.4996,13.1789],[99.4946,13.1804],[99.4896,13.1834],[99.4863,13.1864],[99.483,13.1878],[99.4788,13.1893],[99.4688,13.1849],[99.4622,13.1804],[99.458,13.1804],[99.4522,13.1819],[99.4298,13.1908],[99.4257,13.1908],[99.4157,13.1938],[99.4124,13.1967],[99.4099,13.1997],[99.4074,13.2012],[99.4024,13.2056],[99.3991,13.2071],[99.3833,13.2101],[99.38,13.2115],[99.3775,13.213],[99.375,13.216],[99.3684,13.2219],[99.3651,13.2234],[99.3543,13.2278],[99.351,13.2278],[99.3468,13.2278],[99.3427,13.2234],[99.3394,13.2204],[99.3369,13.2175],[99.3344,13.2145],[99.3269,13.2086],[99.3244,13.2071],[99.3236,13.2027],[99.3219,13.1997],[99.3219,13.1952],[99.3219,13.1908],[99.3236,13.1789],[99.3244,13.176],[99.3236,13.1715],[99.3219,13.1686],[99.3203,13.1656],[99.3178,13.1641],[99.2896,13.1464],[99.2862,13.1449],[99.2829,13.1434],[99.2788,13.1434],[99.2746,13.1434],[99.2696,13.1464],[99.2646,13.1538],[99.2563,13.173],[99.2547,13.176],[99.2422,13.1864],[99.2032,13.2041],[99.1866,13.2115],[99.1875,13.2115],[99.1899,13.2293],[99.1858,13.2501],[99.1733,13.2871],[99.1725,13.3004],[99.1767,13.3108],[99.1825,13.3182],[99.1866,13.3286],[99.1866,13.339],[99.1833,13.3582],[99.1891,13.4086],[99.1883,13.4279],[99.1518,13.582],[99.1493,13.6664],[99.1526,13.6886],[99.1526,13.7153],[99.1468,13.7242],[99.1742,13.7272],[99.1916,13.7272],[99.1966,13.7286],[99.2032,13.7301],[99.2207,13.742],[99.2323,13.7479],[99.2348,13.7509],[99.2389,13.7553],[99.2431,13.7612],[99.248,13.7657],[99.2514,13.7672],[99.2555,13.7672],[99.2613,13.7657],[99.2721,13.7598],[99.2763,13.7598],[99.2813,13.7612],[99.2879,13.7657],[99.2929,13.7672],[99.2979,13.7686],[99.302,13.7672],[99.3086,13.7627],[99.3111,13.7612],[99.3169,13.7568],[99.3236,13.7538],[99.3302,13.7509],[99.3377,13.7494],[99.3418,13.7494],[99.3543,13.7523],[99.4481,13.782],[99.4697,13.7983],[99.473,13.7983],[99.4788,13.7968],[99.4813,13.7938],[99.4838,13.7909],[99.4888,13.782],[99.4904,13.779],[99.4946,13.7746],[99.4996,13.7701],[99.5079,13.7642],[99.5145,13.7612],[99.5328,13.7568],[99.5369,13.7553],[99.5419,13.7568],[99.5477,13.7598],[99.566,13.7761],[99.5718,13.7835],[99.5767,13.7879],[99.5809,13.7909],[99.5859,13.7924],[99.5967,13.7953],[99.6174,13.7968],[99.6739,13.8205],[99.6847,13.822],[99.6896,13.822],[99.7137,13.819],[99.7436,13.8175],[99.7594,13.8146],[99.7635,13.8131],[99.7784,13.8146],[99.7967,13.8146],[99.8017,13.8175],[99.8067,13.8235],[99.8183,13.8546],[99.8208,13.8575],[99.8241,13.8605],[99.8316,13.865],[99.8374,13.8664],[99.8382,13.8679],[99.8473,13.8842],[99.8656,13.9316],[99.8698,13.939],[99.8797,13.945],[99.8897,13.9435],[99.9237,13.9361],[99.9312,13.9331],[99.9345,13.9316],[99.942,13.9257],[99.9453,13.9213],[99.9478,13.9153],[99.9511,13.905],[99.9511,13.8976],[99.9503,13.8827],[99.9511,13.8798],[99.9544,13.8635],[99.9594,13.8531],[99.9602,13.8487],[99.9611,13.8442],[99.9611,13.8324],[99.9602,13.8279],[99.9544,13.8131],[99.9511,13.7998],[99.9511,13.7953],[99.9519,13.7924],[99.9536,13.7864],[99.9552,13.7775],[99.9552,13.7746],[99.9552,13.7701],[99.9536,13.7627],[99.9486,13.7494],[99.9478,13.7449],[99.9494,13.742],[99.9519,13.7375],[99.9602,13.7242],[99.9669,13.7183],[99.9718,13.7153],[99.9768,13.7138],[99.9851,13.7153],[99.9893,13.7168],[99.9934,13.7183],[100.0158,13.7375],[100.0216,13.742],[100.025,13.7405],[100.0299,13.7375],[100.0358,13.7272],[100.0391,13.7212],[100.0399,13.7168],[100.0399,13.7123],[100.0382,13.7049],[100.0374,13.7005],[100.0399,13.6975],[100.0449,13.6946],[100.0582,13.6946],[100.0715,13.6916],[100.0789,13.6842]]]}},{"type":"Feature","id":"TH.SP","properties":{"code":"TH.SP","name_en":"Samut Prakan"},"geometry":{"type":"Polygon","coordinates":[[[100.855,13.6916],[100.9222,13.6679],[100.9405,13.6575],[100.9422,13.6546],[100.9447,13.6442],[100.9471,13.6368],[100.9471,13.6323],[100.9463,13.6294],[100.9305,13.6131],[100.9281,13.6101],[100.9214,13.5983],[100.9189,13.5953],[100.9164,13.5938],[100.9081,13.5923],[100.9048,13.5923],[100.9023,13.5879],[100.9015,13.582],[100.9015,13.5701],[100.9007,13.5657],[100.8998,13.5612],[100.8973,13.5597],[100.8949,13.5568],[100.8924,13.5553],[100.8882,13.5553],[100.8849,13.5553],[100.8816,13.5553],[100.8783,13.5538],[100.8758,13.5523],[100.8741,13.5494],[100.8716,13.542],[100.8708,13.539],[100.8666,13.5331],[100.865,13.5286],[100.8641,13.5227],[100.8608,13.5005],[100.86,13.499],[100.8592,13.4975],[100.8575,13.496],[100.8525,13.4931],[100.8467,13.4871],[100.8409,13.4782],[100.8143,13.4857],[100.7712,13.4916],[100.7496,13.5005],[100.6799,13.5094],[100.65,13.5197],[100.6101,13.5479],[100.5919,13.5538],[100.5894,13.5627],[100.5919,13.5716],[100.5969,13.582],[100.5985,13.5968],[100.5977,13.6116],[100.5869,13.5923],[100.5836,13.576],[100.5844,13.5331],[100.5761,13.5197],[100.5562,13.5108],[100.4674,13.496],[100.4599,13.5657],[100.4632,13.5834],[100.4749,13.5864],[100.4815,13.5879],[100.489,13.5938],[100.4939,13.5997],[100.4964,13.6071],[100.5006,13.6397],[100.5006,13.6472],[100.4981,13.662],[100.4989,13.6649],[100.5006,13.6664],[100.5031,13.6679],[100.5064,13.6664],[100.5155,13.662],[100.5197,13.6634],[100.5222,13.6649],[100.5305,13.6738],[100.5379,13.6812],[100.5487,13.6812],[100.557,13.6975],[100.5612,13.7035],[100.5711,13.7079],[100.5803,13.7094],[100.5844,13.7049],[100.5869,13.702],[100.5911,13.699],[100.596,13.6975],[100.5977,13.6916],[100.5969,13.6857],[100.5944,13.6827],[100.5927,13.6797],[100.5911,13.6768],[100.5852,13.6664],[100.5985,13.659],[100.6027,13.6575],[100.606,13.656],[100.6641,13.6531],[100.6699,13.6531],[100.679,13.6546],[100.6832,13.6575],[100.6857,13.6605],[100.6873,13.6634],[100.6965,13.6872],[100.6973,13.6901],[100.7006,13.7005],[100.7048,13.7079],[100.7089,13.7109],[100.7131,13.7109],[100.7264,13.7109],[100.7562,13.7138],[100.7737,13.7123],[100.7811,13.7109],[100.7886,13.7079],[100.7969,13.702],[100.7994,13.7005],[100.8069,13.699],[100.8143,13.6975],[100.8185,13.696],[100.8276,13.6916],[100.8368,13.6901],[100.855,13.6916]]]}},{"type":"Feature","id":"TH.SS","properties":{"code":"TH.SS","name_en":"Samut Sakhon"},"geometry":{"type":"Polygon","coordinates":[[[100.401,13.4901],[100.3811,13.4916],[100.3562,13.4901],[100.3371,13.4812],[100.2898,13.5049],[100.2748,13.5168],[100.2649,13.4975],[100.2532,13.4857],[100.2375,13.4768],[100.1503,13.4442],[100.113,13.4368],[100.0889,13.4264],[100.0822,13.4456],[100.0773,13.4545],[100.0382,13.5049],[100.0391,13.5301],[100.0441,13.5479],[100.0449,13.5745],[100.049,13.5983],[100.0524,13.6057],[100.054,13.6086],[100.0582,13.6131],[100.0673,13.6205],[100.0706,13.6234],[100.0756,13.6294],[100.0764,13.6383],[100.0764,13.6442],[100.0789,13.6842],[100.1113,13.6783],[100.181,13.6768],[100.1901,13.6753],[100.1976,13.6679],[100.2051,13.662],[100.2134,13.6575],[100.2175,13.6575],[100.2217,13.6575],[100.2258,13.659],[100.259,13.662],[100.2649,13.6634],[100.2673,13.6664],[100.2673,13.6694],[100.2649,13.6738],[100.264,13.6783],[100.2649,13.6812],[100.2657,13.6827],[100.2682,13.6857],[100.2707,13.6872],[100.2723,13.6886],[100.274,13.6916],[100.274,13.6946],[100.2723,13.702],[100.2723,13.7035],[100.2748,13.7049],[100.3221,13.7212],[100.3271,13.7242],[100.3321,13.7301],[100.3462,13.6575],[100.3487,13.6486],[100.3537,13.6397],[100.362,13.6383],[100.3653,13.6368],[100.3686,13.6353],[100.3728,13.6338],[100.3844,13.6205],[100.3894,13.6116],[100.4051,13.5597],[100.4118,13.5123],[100.4118,13.5079],[100.4101,13.5049],[100.4093,13.5019],[100.4068,13.5005],[100.4035,13.496],[100.401,13.4901]]]}},{"type":"Feature","id":"TH.SM","properties":{"code":"TH.SM","name_en":"Samut Songkhram"},"geometry":{"type":"Polygon","coordinates":[[[100.0382,13.5049],[100.0773,13.4545],[100.0822,13.4456],[100.0889,13.4264],[100.069,13.4175],[100.0532,13.413],[100.0391,13.4027],[100.0316,13.3819],[100.0216,13.3671],[100.0017,13.3716],[100.0158,13.3656],[100.0142,13.3479],[100.0059,13.333],[99.9934,13.3212],[99.9777,13.3167],[99.9627,13.3093],[99.9611,13.293],[99.9611,13.2916],[99.9569,13.2916],[99.9461,13.2886],[99.9436,13.2871],[99.9411,13.2841],[99.937,13.2782],[99.9345,13.2767],[99.932,13.2738],[99.9287,13.2738],[99.9245,13.2738],[99.9096,13.2767],[99.9063,13.2753],[99.9038,13.2738],[99.9021,13.2708],[99.9013,13.2634],[99.8996,13.259],[99.8963,13.2545],[99.8955,13.2515],[99.8955,13.2471],[99.8963,13.2456],[99.8963,13.2412],[99.8947,13.2397],[99.8913,13.2382],[99.8872,13.2397],[99.8781,13.2441],[99.8731,13.2471],[99.8706,13.2515],[99.8664,13.2604],[99.8631,13.2634],[99.8606,13.2649],[99.8581,13.2693],[99.8581,13.2767],[99.8639,13.3079],[99.859,13.3286],[99.8731,13.3805],[99.8814,13.3997],[99.8888,13.413],[99.8922,13.419],[99.8938,13.4249],[99.8922,13.4486],[99.893,13.4545],[99.8938,13.4605],[99.9013,13.4753],[99.9038,13.4782],[99.9063,13.4842],[99.9104,13.4916],[99.9129,13.5019],[99.9162,13.5064],[99.9187,13.5094],[99.9212,13.5108],[99.9229,13.5108],[99.9262,13.5108],[99.9287,13.5108],[99.9345,13.5064],[99.937,13.5049],[99.9561,13.5005],[99.9627,13.4975],[99.971,13.4931],[99.9743,13.4916],[99.9785,13.4916],[99.9976,13.499],[100.01,13.5064],[100.0142,13.5064],[100.0258,13.5049],[100.0382,13.5049]]]}},{"type":"Feature","id":"TH.SI","properties":{"code":"TH.SI","name_en":"Si Sa Ket"},"geometry":{"type":"Polygon","coordinates":[[[104.4184,15.2844],[104.4267,15.2829],[104.4333,15.2814],[104.4366,15.2799],[104.4491,15.274],[104.4624,15.2622],[104.4649,15.2607],[104.4682,15.2592],[104.4765,15.2592],[104.4939,15.2592],[104.5006,15.2592],[104.503,15.2592],[104.5064,15.2577],[104.5213,15.2503],[104.5255,15.2488],[104.5329,15.2473],[104.5371,15.2473],[104.5412,15.2473],[104.5495,15.2503],[104.552,15.2503],[104.5537,15.2503],[104.5545,15.2503],[104.5587,15.2473],[104.5703,15.2399],[104.5736,15.2385],[104.5769,15.2385],[104.5811,15.2399],[104.5836,15.2414],[104.5902,15.2473],[104.5927,15.2503],[104.5935,15.2518],[104.5952,15.2533],[104.5985,15.2548],[104.601,15.2548],[104.6051,15.2548],[104.6126,15.2518],[104.6209,15.2503],[104.6466,15.2503],[104.6483,15.2503],[104.6583,15.2399],[104.6616,15.2385],[104.6632,15.2385],[104.6641,15.2414],[104.6624,15.2503],[104.6624,15.2518],[104.6632,15.2533],[104.6641,15.2548],[104.6699,15.2548],[104.6749,15.2533],[104.6832,15.2459],[104.6956,15.2236],[104.694,15.2251],[104.7031,15.2088],[104.7072,15.2044],[104.7114,15.2029],[104.7155,15.1984],[104.7164,15.1896],[104.7031,15.1822],[104.7122,15.1747],[104.723,15.1718],[104.7371,15.1718],[104.7346,15.1584],[104.7297,15.1481],[104.7213,15.1407],[104.7097,15.1333],[104.6948,15.1421],[104.6898,15.1362],[104.689,15.1333],[104.6881,15.1303],[104.6881,15.1007],[104.6948,15.0621],[104.6956,15.0518],[104.6956,15.0444],[104.6906,15.0355],[104.6898,15.0325],[104.6898,15.0281],[104.6923,15.0044],[104.6915,14.9999],[104.694,14.9718],[104.6998,14.9584],[104.7164,14.9347],[104.7213,14.9303],[104.7247,14.9273],[104.7272,14.9258],[104.7305,14.9243],[104.7346,14.9243],[104.7512,14.9243],[104.7587,14.9229],[104.7662,14.9199],[104.7894,14.9095],[104.8068,14.8992],[104.811,14.8947],[104.8135,14.8917],[104.8284,14.8621],[104.8301,14.8577],[104.8301,14.8532],[104.8276,14.8473],[104.8251,14.8429],[104.8201,14.8384],[104.8176,14.8354],[104.8168,14.8325],[104.8151,14.828],[104.8143,14.8236],[104.816,14.8177],[104.8176,14.8117],[104.8641,14.7199],[104.8666,14.7169],[104.8683,14.7154],[104.8716,14.7125],[104.8741,14.711],[104.8774,14.7095],[104.8849,14.708],[104.889,14.7065],[104.8915,14.7051],[104.894,14.7021],[104.8957,14.6991],[104.8973,14.6962],[104.9147,14.6547],[104.9156,14.6517],[104.9147,14.6488],[104.9106,14.6488],[104.9073,14.6488],[104.904,14.6502],[104.8965,14.6576],[104.894,14.6591],[104.8907,14.6606],[104.8865,14.6606],[104.8824,14.6606],[104.8791,14.6606],[104.8749,14.6591],[104.8658,14.6547],[104.8633,14.6532],[104.8608,14.6502],[104.855,14.6428],[104.8533,14.6399],[104.8508,14.6325],[104.8334,14.5599],[104.8342,14.5539],[104.8376,14.5465],[104.8583,14.5243],[104.8608,14.5213],[104.8625,14.5184],[104.8649,14.5124],[104.8683,14.5036],[104.8716,14.4887],[104.8724,14.4798],[104.8716,14.4739],[104.8683,14.468],[104.8658,14.465],[104.855,14.4547],[104.8542,14.4532],[104.8533,14.4502],[104.8525,14.4472],[104.855,14.4443],[104.8575,14.4413],[104.8633,14.4413],[104.8666,14.4413],[104.8716,14.4428],[104.8799,14.4428],[104.884,14.4428],[104.8882,14.4428],[104.8973,14.4339],[104.9181,14.4013],[104.9156,14.3939],[104.8981,14.3969],[104.8898,14.3998],[104.8741,14.4102],[104.8666,14.4132],[104.8575,14.4147],[104.8384,14.4117],[104.8317,14.4117],[104.8151,14.4206],[104.8019,14.4295],[104.7886,14.4384],[104.772,14.4398],[104.7579,14.4324],[104.728,14.4102],[104.713,14.4072],[104.7064,14.4117],[104.7014,14.4295],[104.6931,14.4339],[104.6848,14.4309],[104.6749,14.4147],[104.6682,14.4102],[104.6516,14.4087],[104.6267,14.4191],[104.6101,14.4191],[104.5944,14.4102],[104.5836,14.3954],[104.5736,14.3806],[104.5628,14.3687],[104.5429,14.3598],[104.5263,14.3643],[104.5105,14.3702],[104.4923,14.3746],[104.4823,14.3717],[104.474,14.3658],[104.4674,14.3598],[104.4624,14.3569],[104.4582,14.3569],[104.4524,14.3569],[104.4458,14.3583],[104.4391,14.3613],[104.3254,14.3776],[104.2715,14.3984],[104.2474,14.4013],[104.2325,14.3924],[104.2192,14.3835],[104.2009,14.3776],[104.1893,14.3821],[104.1835,14.3909],[104.1827,14.3998],[104.186,14.4043],[104.1768,14.4043],[104.1752,14.4013],[104.1735,14.3954],[104.1486,14.3702],[104.1412,14.3658],[104.1287,14.3658],[104.1212,14.3717],[104.1162,14.3776],[104.1104,14.3806],[104.0739,14.3702],[104.0457,14.3569],[104.0623,14.4547],[104.0581,14.4769],[104.0565,14.4843],[104.0548,14.4873],[104.0498,14.5065],[104.0465,14.5332],[104.0457,14.5436],[104.0465,14.5524],[104.0523,14.5658],[104.0623,14.625],[104.0623,14.6547],[104.0598,14.6621],[104.0581,14.6636],[104.0158,14.7169],[104.0083,14.7302],[104.0067,14.7362],[104.0075,14.7851],[104.0067,14.7925],[104.0,14.8043],[103.9984,14.8058],[103.9951,14.8088],[103.9917,14.8103],[103.9834,14.8103],[103.9793,14.8117],[103.971,14.8132],[103.9635,14.8147],[103.9295,14.8325],[103.9262,14.8354],[103.9228,14.8399],[103.9179,14.8488],[103.917,14.8532],[103.917,14.8591],[103.9204,14.8651],[103.9228,14.8666],[103.9253,14.874],[103.9328,14.8992],[103.9361,14.9051],[103.9378,14.908],[103.9419,14.9184],[103.9536,14.9362],[103.9718,14.954],[103.9743,14.9614],[103.976,14.9688],[103.9776,14.9718],[103.9793,14.9747],[103.981,14.9762],[103.9926,14.9836],[103.9951,14.9866],[103.9967,14.9895],[103.9984,14.994],[103.9992,15.0058],[104.0009,15.0088],[104.0017,15.0103],[104.0067,15.0147],[104.0092,15.0162],[104.0125,15.0192],[104.015,15.0266],[104.0175,15.0384],[104.0175,15.0532],[104.0158,15.0607],[104.0133,15.0651],[104.0067,15.0725],[104.0009,15.0933],[103.9967,15.1244],[103.9934,15.1377],[103.9901,15.1451],[103.9843,15.1496],[103.9801,15.1525],[103.9768,15.1555],[103.9727,15.1644],[103.9718,15.1703],[103.9718,15.1747],[103.9751,15.1836],[103.976,15.1896],[103.9776,15.2029],[103.9793,15.2088],[103.9818,15.2133],[103.9843,15.2177],[103.9868,15.2222],[103.9893,15.234],[103.9893,15.2399],[103.9868,15.2444],[103.9843,15.2473],[103.981,15.2518],[103.9776,15.2577],[103.9776,15.2622],[103.9801,15.2651],[103.9834,15.2651],[103.9868,15.2666],[103.9909,15.2666],[103.9934,15.2681],[103.9967,15.2711],[103.9984,15.274],[104.0,15.2785],[104.0,15.2799],[104.0017,15.2799],[104.0067,15.2829],[104.01,15.2859],[104.0125,15.2888],[104.015,15.2977],[104.0175,15.3022],[104.02,15.3036],[104.0241,15.3051],[104.0266,15.3081],[104.0283,15.3125],[104.0291,15.317],[104.0308,15.3199],[104.0332,15.3229],[104.0407,15.3288],[104.0432,15.3303],[104.0498,15.3333],[104.064,15.3377],[104.0673,15.3392],[104.0706,15.3422],[104.0731,15.3466],[104.0764,15.354],[104.0764,15.3644],[104.0681,15.3762],[104.0656,15.3911],[104.0606,15.4014],[104.0498,15.4074],[104.0341,15.4088],[104.0,15.4088],[103.9859,15.4103],[103.9917,15.4266],[104.0274,15.4696],[104.0482,15.4859],[104.0573,15.4977],[104.0623,15.5081],[104.0723,15.5185],[104.0797,15.5318],[104.0847,15.5363],[104.0889,15.5377],[104.0938,15.5392],[104.1005,15.5422],[104.1063,15.5496],[104.1154,15.557],[104.1295,15.5644],[104.1461,15.5289],[104.1511,15.5007],[104.1744,15.477],[104.2441,15.3792],[104.254,15.3674],[104.2673,15.3629],[104.274,15.3585],[104.2947,15.3422],[104.3013,15.3392],[104.3055,15.3377],[104.3088,15.3377],[104.3387,15.3362],[104.3453,15.3348],[104.3536,15.3318],[104.3661,15.3229],[104.3727,15.3185],[104.3785,15.3185],[104.3819,15.3185],[104.3868,15.3185],[104.3893,15.3185],[104.3918,15.3155],[104.3935,15.3125],[104.3943,15.3081],[104.3951,15.3036],[104.3976,15.2962],[104.4001,15.2918],[104.4034,15.2888],[104.4068,15.2873],[104.4184,15.2844]]]}},{"type":"Feature","id":"TH.UR","properties":{"code":"TH.UR","name_en":"Ubon Ratchathani"},"geometry":{"type":"Polygon","coordinates":[[[104.9156,14.3939],[104.9181,14.4013],[104.8973,14.4339],[104.8882,14.4428],[104.884,14.4428],[104.8799,14.4428],[104.8716,14.4428],[104.8666,14.4413],[104.8633,14.4413],[104.8575,14.4413],[104.855,14.4443],[104.8525,14.4472],[104.8533,14.4502],[104.8542,14.4532],[104.855,14.4547],[104.8658,14.465],[104.8683,14.468],[104.8716,14.4739],[104.8724,14.4798],[104.8716,14.4887],[104.8683,14.5036],[104.8649,14.5124],[104.8625,14.5184],[104.8608,14.5213],[104.8583,14.5243],[104.8376,14.5465],[104.8342,14.5539],[104.8334,14.5599],[104.8508,14.6325],[104.8533,14.6399],[104.855,14.6428],[104.8608,14.6502],[104.8633,14.6532],[104.8658,14.6547],[104.8749,14.6591],[104.8791,14.6606],[104.8824,14.6606],[104.8865,14.6606],[104.8907,14.6606],[104.894,14.6591],[104.8965,14.6576],[104.904,14.6502],[104.9073,14.6488],[104.9106,14.6488],[104.9147,14.6488],[104.9156,14.6517],[104.9147,14.6547],[104.8973,14.6962],[104.8957,14.6991],[104.894,14.7021],[104.8915,14.7051],[104.889,14.7065],[104.8849,14.708],[104.8774,14.7095],[104.8741,14.711],[104.8716,14.7125],[104.8683,14.7154],[104.8666,14.7169],[104.8641,14.7199],[104.8176,14.8117],[104.816,14.8177],[104.8143,14.8236],[104.8151,14.828],[104.8168,14.8325],[104.8176,14.8354],[104.8201,14.8384],[104.8251,14.8429],[104.8276,14.8473],[104.8301,14.8532],[104.8301,14.8577],[104.8284,14.8621],[104.8135,14.8917],[104.811,14.8947],[104.8068,14.8992],[104.7894,14.9095],[104.7662,14.9199],[104.7587,14.9229],[104.7512,14.9243],[104.7346,14.9243],[104.7305,14.9243],[104.7272,14.9258],[104.7247,14.9273],[104.7213,14.9303],[104.7164,14.9347],[104.6998,14.9584],[104.694,14.9718],[104.6915,14.9999],[104.6923,15.0044],[104.6898,15.0281],[104.6898,15.0325],[104.6906,15.0355],[104.6956,15.0444],[104.6956,15.0518],[104.6948,15.0621],[104.6881,15.1007],[104.6881,15.1303],[104.689,15.1333],[104.6898,15.1362],[104.6948,15.1421],[104.7097,15.1333],[104.7213,15.1407],[104.7297,15.1481],[104.7346,15.1584],[104.7371,15.1718],[104.723,15.1718],[104.7122,15.1747],[104.7031,15.1822],[104.7164,15.1896],[104.7155,15.1984],[104.7114,15.2029],[104.7072,15.2044],[104.7031,15.2088],[104.694,15.2251],[104.6956,15.2236],[104.6832,15.2459],[104.6749,15.2533],[104.6699,15.2548],[104.6641,15.2548],[104.6632,15.2533],[104.6624,15.2518],[104.6624,15.2503],[104.6641,15.2414],[104.6632,15.2385],[104.6616,15.2385],[104.6583,15.2399],[104.6483,15.2503],[104.6466,15.2503],[104.6209,15.2503],[104.6126,15.2518],[104.6051,15.2548],[104.601,15.2548],[104.5985,15.2548],[104.5952,15.2533],[104.5935,15.2518],[104.5927,15.2503],[104.5902,15.2473],[104.5836,15.2414],[104.5811,15.2399],[104.5769,15.2385],[104.5736,15.2385],[104.5703,15.2399],[104.5587,15.2473],[104.5545,15.2503],[104.5537,15.2503],[104.552,15.2503],[104.5495,15.2503],[104.5412,15.2473],[104.5371,15.2473],[104.5329,15.2473],[104.5255,15.2488],[104.5213,15.2503],[104.5064,15.2577],[104.503,15.2592],[104.5006,15.2592],[104.4939,15.2592],[104.4765,15.2592],[104.4682,15.2592],[104.4649,15.2607],[104.4624,15.2622],[104.4491,15.274],[104.4366,15.2799],[104.4333,15.2814],[104.4267,15.2829],[104.4184,15.2844],[104.4275,15.317],[104.4292,15.3259],[104.4358,15.3392],[104.4383,15.3496],[104.435,15.3718],[104.4358,15.3866],[104.4292,15.3762],[104.4242,15.3748],[104.4184,15.3777],[104.4117,15.3837],[104.391,15.397],[104.3877,15.4014],[104.3827,15.4192],[104.3819,15.434],[104.3868,15.4414],[104.3877,15.4474],[104.3951,15.4637],[104.3976,15.4829],[104.3993,15.5096],[104.401,15.5215],[104.4034,15.5289],[104.4068,15.5289],[104.4109,15.5289],[104.4217,15.5259],[104.425,15.5259],[104.4283,15.5259],[104.4375,15.5318],[104.4408,15.5318],[104.4748,15.5333],[104.479,15.5333],[104.4831,15.5333],[104.4873,15.5333],[104.4923,15.5348],[104.4964,15.5407],[104.5014,15.5466],[104.5122,15.5496],[104.5172,15.554],[104.5188,15.5585],[104.5196,15.5615],[104.5196,15.5644],[104.5188,15.5659],[104.5147,15.5748],[104.5122,15.5837],[104.5968,15.5585],[104.6251,15.5585],[104.6367,15.5644],[104.645,15.5748],[104.6508,15.5852],[104.6599,15.5955],[104.6624,15.6059],[104.6608,15.6118],[104.6549,15.6178],[104.6425,15.6237],[104.6417,15.6281],[104.6466,15.6341],[104.6608,15.64],[104.6724,15.6385],[104.6848,15.6296],[104.713,15.5955],[104.7247,15.5778],[104.7355,15.5689],[104.7479,15.5674],[104.7712,15.5689],[104.7803,15.5689],[104.7894,15.5629],[104.7952,15.554],[104.8019,15.5377],[104.806,15.5185],[104.8143,15.5066],[104.8234,15.5007],[104.8367,15.5007],[104.8583,15.5081],[104.8666,15.5066],[104.8724,15.5022],[104.8791,15.4859],[104.884,15.4785],[104.8948,15.4711],[104.9089,15.474],[104.9231,15.4859],[104.9363,15.5111],[104.9421,15.5392],[104.9413,15.5585],[104.9363,15.5748],[104.9355,15.5881],[104.9397,15.6133],[104.9845,15.7393],[105.0094,15.7748],[105.021,15.8044],[105.0218,15.8222],[105.0177,15.8533],[105.0193,15.8652],[105.026,15.8756],[105.0334,15.883],[105.0467,15.8919],[105.0525,15.8978],[105.0575,15.9052],[105.0559,15.923],[105.0525,15.9289],[105.0492,15.9334],[105.0442,15.9378],[105.0401,15.9408],[105.0351,15.9452],[105.0318,15.9497],[105.0293,15.9571],[105.0293,15.9734],[105.0351,16.0],[105.0915,16.0548],[105.1007,16.0904],[105.1073,16.0963],[105.2376,16.0504],[105.2476,16.0489],[105.2883,16.0474],[105.4053,16.0193],[105.4144,16.0148],[105.4219,16.0104],[105.4236,16.0045],[105.4236,16.0015],[105.4178,15.9941],[105.4078,15.9882],[105.3862,15.9808],[105.3621,15.9541],[105.3605,15.92],[105.3729,15.8815],[105.4119,15.8],[105.4227,15.7837],[105.436,15.7719],[105.4476,15.7644],[105.4626,15.763],[105.5033,15.7659],[105.5257,15.763],[105.5688,15.7496],[105.6128,15.7215],[105.641,15.6815],[105.651,15.6341],[105.641,15.5837],[105.6161,15.5215],[105.612,15.4992],[105.6103,15.4577],[105.6045,15.44],[105.5921,15.4281],[105.5887,15.4237],[105.5531,15.4014],[105.5066,15.3881],[105.4866,15.3748],[105.4775,15.3525],[105.4833,15.3348],[105.4991,15.3244],[105.519,15.3214],[105.5389,15.3214],[105.558,15.3259],[105.5614,15.3214],[105.5647,15.2992],[105.5638,15.2725],[105.5605,15.2711],[105.5315,15.2533],[105.5041,15.231],[105.4634,15.1896],[105.4543,15.1762],[105.4476,15.1555],[105.4435,15.1333],[105.4435,15.111],[105.4518,15.0947],[105.4742,15.0903],[105.4983,15.0666],[105.5033,15.0651],[105.5165,15.0666],[105.5207,15.0666],[105.5232,15.0607],[105.5232,15.0503],[105.524,15.0458],[105.5539,15.0058],[105.5663,14.9955],[105.5929,14.991],[105.5838,14.9777],[105.5439,14.9525],[105.534,14.9347],[105.5506,14.9021],[105.5431,14.8799],[105.5373,14.8784],[105.5215,14.8784],[105.5182,14.8784],[105.5157,14.871],[105.5174,14.8562],[105.524,14.8429],[105.524,14.8369],[105.5199,14.834],[105.5066,14.831],[105.5016,14.828],[105.4941,14.8088],[105.4891,14.7865],[105.4908,14.7643],[105.5016,14.7465],[105.5049,14.7362],[105.4974,14.6902],[105.4958,14.6606],[105.5099,14.5939],[105.5074,14.5643],[105.4958,14.5376],[105.4634,14.4961],[105.4402,14.4754],[105.4335,14.468],[105.4285,14.4576],[105.4202,14.4354],[105.4161,14.428],[105.4053,14.4235],[105.3796,14.4176],[105.368,14.4147],[105.3597,14.4087],[105.3406,14.3895],[105.3348,14.385],[105.3223,14.3865],[105.3049,14.3984],[105.2949,14.3984],[105.2874,14.3939],[105.2758,14.3717],[105.2683,14.3643],[105.2501,14.3569],[105.1986,14.345],[105.1845,14.345],[105.1546,14.3302],[105.1322,14.2813],[105.1015,14.2309],[105.0476,14.2146],[105.0251,14.225],[105.0077,14.2443],[104.9762,14.3006],[104.9745,14.3095],[104.9787,14.3554],[104.9787,14.3687],[104.9737,14.3806],[104.9554,14.3865],[104.9156,14.3939]]]}},{"type":"Feature","id":"TH.AC","properties":{"code":"TH.AC","name_en":"Amnat Charoen"},"geometry":{"type":"Polygon","coordinates":[[[105.1073,16.0963],[105.1007,16.0904],[105.0915,16.0548],[105.0351,16.0],[105.0293,15.9734],[105.0293,15.9571],[105.0318,15.9497],[105.0351,15.9452],[105.0401,15.9408],[105.0442,15.9378],[105.0492,15.9334],[105.0525,15.9289],[105.0559,15.923],[105.0575,15.9052],[105.0525,15.8978],[105.0467,15.8919],[105.0334,15.883],[105.026,15.8756],[105.0193,15.8652],[105.0177,15.8533],[105.0218,15.8222],[105.021,15.8044],[105.0094,15.7748],[104.9845,15.7393],[104.9397,15.6133],[104.9355,15.5881],[104.9363,15.5748],[104.9413,15.5585],[104.9421,15.5392],[104.9363,15.5111],[104.9231,15.4859],[104.9089,15.474],[104.8948,15.4711],[104.884,15.4785],[104.8791,15.4859],[104.8724,15.5022],[104.8666,15.5066],[104.8583,15.5081],[104.8367,15.5007],[104.8234,15.5007],[104.8143,15.5066],[104.806,15.5185],[104.8019,15.5377],[104.7952,15.554],[104.7894,15.5629],[104.7803,15.5689],[104.7712,15.5689],[104.7479,15.5674],[104.7355,15.5689],[104.7247,15.5778],[104.713,15.5955],[104.6848,15.6296],[104.6724,15.6385],[104.6608,15.64],[104.6466,15.6341],[104.6417,15.6281],[104.6425,15.6237],[104.6549,15.6178],[104.6608,15.6118],[104.6624,15.6059],[104.6599,15.5955],[104.6508,15.5852],[104.645,15.5748],[104.6367,15.5644],[104.6251,15.5585],[104.5968,15.5585],[104.5122,15.5837],[104.4715,15.6],[104.4632,15.6074],[104.4649,15.6148],[104.4649,15.6178],[104.464,15.6207],[104.4624,15.6252],[104.4607,15.6311],[104.4582,15.6326],[104.4549,15.6341],[104.4516,15.6326],[104.4458,15.6326],[104.4433,15.6355],[104.4425,15.6385],[104.4416,15.6489],[104.4408,15.6518],[104.4408,15.6563],[104.4416,15.6592],[104.4433,15.6652],[104.4433,15.6681],[104.4433,15.6711],[104.4416,15.6741],[104.4408,15.677],[104.4408,15.6889],[104.4375,15.7022],[104.4333,15.7067],[104.4275,15.7126],[104.4259,15.717],[104.425,15.7215],[104.425,15.7244],[104.4267,15.7304],[104.4283,15.7348],[104.4283,15.7407],[104.4283,15.7556],[104.4292,15.76],[104.4308,15.7615],[104.4333,15.7644],[104.435,15.7674],[104.435,15.7822],[104.4358,15.7896],[104.4391,15.7985],[104.44,15.803],[104.44,15.8163],[104.4408,15.8207],[104.4416,15.8237],[104.4557,15.84],[104.4566,15.843],[104.4574,15.8489],[104.4557,15.8696],[104.4566,15.8756],[104.4574,15.8785],[104.4582,15.8815],[104.4591,15.8859],[104.4607,15.8978],[104.4624,15.9052],[104.464,15.9096],[104.4657,15.9126],[104.474,15.9215],[104.4815,15.9334],[104.4856,15.9378],[104.4939,15.9452],[104.4981,15.9497],[104.5006,15.9526],[104.5014,15.9556],[104.5105,15.9837],[104.5122,15.9897],[104.5138,15.9911],[104.5296,16.0045],[104.5354,16.0134],[104.5387,16.0193],[104.5462,16.0415],[104.5628,16.0786],[104.5719,16.0904],[104.5761,16.0949],[104.5977,16.1112],[104.6159,16.12],[104.6749,16.1349],[104.7678,16.1482],[104.7985,16.1556],[104.8027,16.1571],[104.8077,16.16],[104.8093,16.1645],[104.811,16.1704],[104.8127,16.1912],[104.8351,16.1926],[104.8774,16.2075],[104.8874,16.2119],[104.8932,16.2163],[104.8948,16.2193],[104.9131,16.2341],[104.9637,16.2667],[104.9679,16.2712],[104.9687,16.2727],[104.9803,16.289],[104.9878,16.2934],[105.0077,16.283],[105.0152,16.2771],[105.026,16.2578],[105.0301,16.2356],[105.0285,16.1912],[105.0326,16.166],[105.0426,16.1408],[105.0583,16.1215],[105.0791,16.1052],[105.1073,16.0963]]]}},{"type":"Feature","id":"TH.YS","properties":{"code":"TH.YS","name_en":"Yasothon"},"geometry":{"type":"Polygon","coordinates":[[[104.8127,16.1912],[104.811,16.1704],[104.8093,16.1645],[104.8077,16.16],[104.8027,16.1571],[104.7985,16.1556],[104.7678,16.1482],[104.6749,16.1349],[104.6159,16.12],[104.5977,16.1112],[104.5761,16.0949],[104.5719,16.0904],[104.5628,16.0786],[104.5462,16.0415],[104.5387,16.0193],[104.5354,16.0134],[104.5296,16.0045],[104.5138,15.9911],[104.5122,15.9897],[104.5105,15.9837],[104.5014,15.9556],[104.5006,15.9526],[104.4981,15.9497],[104.4939,15.9452],[104.4856,15.9378],[104.4815,15.9334],[104.474,15.9215],[104.4657,15.9126],[104.464,15.9096],[104.4624,15.9052],[104.4607,15.8978],[104.4591,15.8859],[104.4582,15.8815],[104.4574,15.8785],[104.4566,15.8756],[104.4557,15.8696],[104.4574,15.8489],[104.4566,15.843],[104.4557,15.84],[104.4416,15.8237],[104.4408,15.8207],[104.44,15.8163],[104.44,15.803],[104.4391,15.7985],[104.4358,15.7896],[104.435,15.7822],[104.435,15.7674],[104.4333,15.7644],[104.4308,15.7615],[104.4292,15.76],[104.4283,15.7556],[104.4283,15.7407],[104.4283,15.7348],[104.4267,15.7304],[104.425,15.7244],[104.425,15.7215],[104.4259,15.717],[104.4275,15.7126],[104.4333,15.7067],[104.4375,15.7022],[104.4408,15.6889],[104.4408,15.677],[104.4416,15.6741],[104.4433,15.6711],[104.4433,15.6681],[104.4433,15.6652],[104.4416,15.6592],[104.4408,15.6563],[104.4408,15.6518],[104.4416,15.6489],[104.4425,15.6385],[104.4433,15.6355],[104.4458,15.6326],[104.4516,15.6326],[104.4549,15.6341],[104.4582,15.6326],[104.4607,15.6311],[104.4624,15.6252],[104.464,15.6207],[104.4649,15.6178],[104.4649,15.6148],[104.4632,15.6074],[104.4715,15.6],[104.5122,15.5837],[104.5147,15.5748],[104.5188,15.5659],[104.5196,15.5644],[104.5196,15.5615],[104.5188,15.5585],[104.5172,15.554],[104.5122,15.5496],[104.5014,15.5466],[104.4964,15.5407],[104.4923,15.5348],[104.4873,15.5333],[104.4831,15.5333],[104.479,15.5333],[104.4748,15.5333],[104.4408,15.5318],[104.4375,15.5318],[104.4283,15.5259],[104.425,15.5259],[104.4217,15.5259],[104.4109,15.5289],[104.4068,15.5289],[104.4034,15.5289],[104.401,15.5215],[104.3993,15.5096],[104.3976,15.4829],[104.3951,15.4637],[104.3877,15.4474],[104.3868,15.4414],[104.3819,15.434],[104.3827,15.4192],[104.3877,15.4014],[104.391,15.397],[104.4117,15.3837],[104.4184,15.3777],[104.4242,15.3748],[104.4292,15.3762],[104.4358,15.3866],[104.435,15.3718],[104.4383,15.3496],[104.4358,15.3392],[104.4292,15.3259],[104.4275,15.317],[104.4184,15.2844],[104.4068,15.2873],[104.4034,15.2888],[104.4001,15.2918],[104.3976,15.2962],[104.3951,15.3036],[104.3943,15.3081],[104.3935,15.3125],[104.3918,15.3155],[104.3893,15.3185],[104.3868,15.3185],[104.3819,15.3185],[104.3785,15.3185],[104.3727,15.3185],[104.3661,15.3229],[104.3536,15.3318],[104.3453,15.3348],[104.3387,15.3362],[104.3088,15.3377],[104.3055,15.3377],[104.3013,15.3392],[104.2947,15.3422],[104.274,15.3585],[104.2673,15.3629],[104.254,15.3674],[104.2441,15.3792],[104.1744,15.477],[104.1511,15.5007],[104.1461,15.5289],[104.1295,15.5644],[104.142,15.5778],[104.1519,15.5837],[104.1768,15.5941],[104.1984,15.6],[104.2109,15.6059],[104.1951,15.6281],[104.1661,15.6874],[104.1561,15.7022],[104.1445,15.7081],[104.1337,15.7022],[104.127,15.7022],[104.1362,15.7452],[104.132,15.7881],[104.1121,15.8237],[104.0723,15.8474],[104.0739,15.8207],[104.0557,15.8089],[104.0308,15.8044],[104.01,15.7985],[104.0042,15.8104],[104.0042,15.8207],[104.0083,15.8282],[104.0175,15.8326],[104.0175,15.84],[104.0133,15.8459],[104.0183,15.8548],[104.0274,15.8622],[104.0382,15.8667],[104.0291,15.8785],[104.0208,15.8874],[104.0133,15.8993],[104.0108,15.9126],[104.015,15.9171],[104.0175,15.92],[104.0183,15.9259],[104.0191,15.9363],[104.0175,15.96],[104.0175,15.9704],[104.0191,15.9763],[104.0216,15.9778],[104.0266,15.9808],[104.0399,15.9837],[104.0482,15.9837],[104.0664,15.9837],[104.0747,15.9822],[104.0897,15.9793],[104.0938,15.9778],[104.098,15.9793],[104.1021,15.9793],[104.1055,15.9808],[104.1079,15.9822],[104.1096,15.9852],[104.1113,15.9882],[104.1121,15.9941],[104.1129,16.0104],[104.1179,16.0326],[104.1179,16.0386],[104.1171,16.0445],[104.1154,16.0474],[104.1071,16.0593],[104.1046,16.0652],[104.1005,16.0756],[104.1005,16.0815],[104.1013,16.086],[104.1046,16.0904],[104.1088,16.0963],[104.1138,16.1008],[104.1196,16.1037],[104.1229,16.1052],[104.1262,16.1067],[104.1445,16.1112],[104.1478,16.1126],[104.1511,16.1141],[104.1611,16.123],[104.1627,16.126],[104.1669,16.1304],[104.1768,16.1408],[104.1793,16.1423],[104.1926,16.1467],[104.1959,16.1482],[104.1984,16.1512],[104.2026,16.1556],[104.2042,16.1556],[104.2092,16.1586],[104.2208,16.16],[104.225,16.1615],[104.2275,16.163],[104.2325,16.1675],[104.2441,16.1838],[104.2491,16.1926],[104.2565,16.2134],[104.2582,16.2178],[104.2723,16.2356],[104.2764,16.2415],[104.2872,16.2504],[104.2897,16.2519],[104.293,16.2534],[104.2972,16.2534],[104.3088,16.2519],[104.313,16.2519],[104.3171,16.2534],[104.3204,16.2534],[104.3238,16.2564],[104.3254,16.2578],[104.3279,16.2608],[104.3561,16.323],[104.3719,16.3364],[104.3777,16.3393],[104.3877,16.3438],[104.396,16.3453],[104.4043,16.3453],[104.4242,16.3438],[104.4333,16.3438],[104.4466,16.3423],[104.4657,16.3378],[104.4698,16.3378],[104.4748,16.3378],[104.4848,16.3408],[104.4889,16.3423],[104.4972,16.3423],[104.5006,16.3408],[104.5047,16.3378],[104.5105,16.3319],[104.5138,16.3275],[104.5213,16.3141],[104.5238,16.3127],[104.5288,16.3127],[104.5512,16.3112],[104.5553,16.3097],[104.5595,16.3082],[104.5628,16.3023],[104.5653,16.2993],[104.5711,16.286],[104.5811,16.2667],[104.5844,16.2578],[104.5869,16.2519],[104.5902,16.2489],[104.5993,16.2415],[104.611,16.2356],[104.6168,16.2312],[104.6201,16.2282],[104.6284,16.2178],[104.6309,16.2149],[104.6359,16.2134],[104.6425,16.2134],[104.6558,16.2163],[104.6608,16.2193],[104.6641,16.2238],[104.6649,16.2267],[104.6674,16.2341],[104.6691,16.2371],[104.6715,16.2386],[104.6749,16.2401],[104.679,16.2401],[104.6815,16.2401],[104.684,16.2356],[104.6857,16.2312],[104.6881,16.2282],[104.6915,16.2252],[104.6981,16.2208],[104.7023,16.2163],[104.7139,16.2134],[104.8019,16.1986],[104.8127,16.1912]]]}},{"type":"Feature","id":"TH.CB","properties":{"code":"TH.CB","name_en":"Chon Buri"},"geometry":{"type":"Polygon","coordinates":[[[101.7174,13.1715],[101.6967,13.1493],[101.6925,13.1345],[101.6602,13.1478],[101.6369,13.1508],[101.6328,13.1493],[101.6228,13.1404],[101.6195,13.1389],[101.5896,13.1301],[101.583,13.1271],[101.5796,13.1226],[101.5788,13.1063],[101.5763,13.0945],[101.5747,13.0915],[101.5705,13.0856],[101.5647,13.0812],[101.5506,13.0708],[101.5431,13.0663],[101.5365,13.0649],[101.5323,13.0649],[101.5249,13.0663],[101.5132,13.0693],[101.5066,13.0708],[101.5024,13.0708],[101.5,13.0693],[101.4983,13.0678],[101.4883,13.0545],[101.4867,13.0515],[101.4817,13.0456],[101.4692,13.0337],[101.4634,13.0323],[101.4576,13.0308],[101.4543,13.0323],[101.4435,13.0382],[101.436,13.0397],[101.4319,13.0382],[101.4277,13.0367],[101.4062,13.0204],[101.3995,13.0174],[101.3937,13.0174],[101.3904,13.0174],[101.3846,13.0219],[101.3605,13.0486],[101.3555,13.0515],[101.3522,13.0545],[101.3414,13.0619],[101.3389,13.0649],[101.3315,13.0678],[101.3173,13.0708],[101.3124,13.0708],[101.3074,13.0693],[101.2966,13.0634],[101.2908,13.0589],[101.2858,13.0515],[101.2808,13.0486],[101.2767,13.0471],[101.2734,13.0471],[101.2534,13.056],[101.2501,13.0575],[101.2451,13.0575],[101.2393,13.0589],[101.2343,13.0589],[101.231,13.0604],[101.2161,13.0693],[101.1879,13.0767],[101.1829,13.0767],[101.1779,13.0752],[101.1721,13.0723],[101.1646,13.0663],[101.163,13.0634],[101.1613,13.0604],[101.1613,13.056],[101.1613,13.053],[101.1621,13.0486],[101.1638,13.0456],[101.1679,13.0412],[101.1704,13.0382],[101.1762,13.0352],[101.1771,13.0323],[101.1762,13.0278],[101.1696,13.0219],[101.1646,13.0189],[101.1605,13.0174],[101.1563,13.0174],[101.148,13.0189],[101.1405,13.0219],[101.1115,13.0263],[101.0982,13.0263],[101.0907,13.0249],[101.0858,13.0219],[101.0717,13.01],[101.0692,13.0071],[101.0675,13.0041],[101.0675,13.0011],[101.0683,12.9997],[101.0708,12.9982],[101.0808,12.9908],[101.0858,12.9863],[101.0891,12.9804],[101.0899,12.9774],[101.0916,12.97],[101.0924,12.9656],[101.0924,12.9626],[101.0899,12.9463],[101.0899,12.9434],[101.0899,12.9389],[101.0916,12.936],[101.0949,12.9256],[101.0966,12.9226],[101.0966,12.9197],[101.0957,12.9108],[101.0932,12.9034],[101.0907,12.8989],[101.0858,12.893],[101.0642,12.8767],[101.0625,12.8752],[101.06,12.8722],[101.0592,12.8693],[101.0584,12.8648],[101.0584,12.8604],[101.0584,12.853],[101.0575,12.8456],[101.0559,12.8411],[101.0542,12.8382],[101.0501,12.8337],[101.0484,12.8308],[101.0086,12.8011],[101.0061,12.7982],[101.0044,12.7967],[101.0028,12.7937],[101.0019,12.7893],[101.0011,12.7804],[101.0011,12.7685],[101.0003,12.7596],[100.9994,12.7522],[100.9903,12.7374],[100.9878,12.73],[100.9737,12.6693],[100.9737,12.65],[100.9754,12.6411],[100.9779,12.6396],[100.9745,12.6218],[100.9745,12.5981],[100.9264,12.6189],[100.9264,12.6248],[100.9405,12.6367],[100.9347,12.653],[100.9173,12.6633],[100.8998,12.653],[100.889,12.6589],[100.8799,12.6589],[100.8708,12.6544],[100.8583,12.653],[100.8625,12.6559],[100.8666,12.6604],[100.87,12.6663],[100.8716,12.6737],[100.8509,12.6737],[100.8542,12.6796],[100.8617,12.6944],[100.865,12.7019],[100.8567,12.7019],[100.8376,12.7078],[100.855,12.7522],[100.8683,12.7715],[100.8857,12.7626],[100.8924,12.7626],[100.899,12.773],[100.9081,12.7819],[100.9156,12.7937],[100.9198,12.8115],[100.9181,12.8263],[100.9131,12.8411],[100.9065,12.853],[100.8683,12.9063],[100.865,12.9197],[100.8683,12.9285],[100.8758,12.9345],[100.8841,12.9404],[100.8924,12.9478],[100.8949,12.9552],[100.8965,12.9745],[100.8998,12.9819],[100.9081,12.9774],[100.9189,12.9819],[100.9281,12.9923],[100.9339,13.0026],[100.933,13.0263],[100.9231,13.0426],[100.9115,13.0575],[100.9056,13.0737],[100.9015,13.0812],[100.8924,13.0841],[100.8832,13.0886],[100.8783,13.0989],[100.8998,13.1256],[100.9156,13.1552],[100.9372,13.1834],[100.9455,13.2012],[100.9447,13.2204],[100.9339,13.256],[100.9289,13.2649],[100.9156,13.2871],[100.9123,13.2945],[100.9148,13.3049],[100.9189,13.3108],[100.9239,13.3153],[100.9322,13.3375],[100.9471,13.3449],[100.9654,13.3479],[100.9812,13.3597],[100.9853,13.373],[100.987,13.3968],[100.9853,13.4175],[100.9712,13.4368],[100.9787,13.459],[100.9803,13.4634],[100.9812,13.4634],[100.992,13.4634],[101.0003,13.4649],[101.0069,13.4679],[101.0185,13.4753],[101.0202,13.4768],[101.0227,13.4797],[101.0252,13.4871],[101.026,13.4901],[101.0293,13.4916],[101.0368,13.4931],[101.0393,13.4945],[101.0418,13.4975],[101.0426,13.499],[101.0426,13.5005],[101.0434,13.5019],[101.0443,13.5034],[101.0468,13.5064],[101.0501,13.5079],[101.0526,13.5094],[101.0542,13.5123],[101.0551,13.5168],[101.0542,13.5197],[101.0501,13.5345],[101.0501,13.5375],[101.0501,13.542],[101.0517,13.5449],[101.0542,13.5464],[101.0567,13.5479],[101.06,13.5494],[101.0642,13.5494],[101.0808,13.5494],[101.0849,13.5494],[101.0891,13.5508],[101.0916,13.5523],[101.0957,13.5568],[101.0982,13.5597],[101.1015,13.5612],[101.114,13.5627],[101.1173,13.5627],[101.1198,13.5642],[101.1239,13.5701],[101.1289,13.579],[101.1356,13.5864],[101.1381,13.5894],[101.1414,13.5894],[101.1447,13.5908],[101.1488,13.5908],[101.153,13.5894],[101.1995,13.5686],[101.2609,13.5568],[101.2767,13.5508],[101.2825,13.5479],[101.2883,13.542],[101.2991,13.5301],[101.3041,13.5227],[101.3074,13.5168],[101.3124,13.5034],[101.3149,13.5005],[101.3165,13.499],[101.3406,13.4827],[101.3647,13.4575],[101.3688,13.456],[101.3754,13.456],[101.3804,13.456],[101.3846,13.4575],[101.3879,13.4575],[101.3912,13.459],[101.3954,13.459],[101.3995,13.459],[101.4037,13.459],[101.407,13.456],[101.4111,13.4516],[101.4203,13.4353],[101.4236,13.4308],[101.441,13.416],[101.4535,13.4101],[101.4609,13.4086],[101.4659,13.4086],[101.4701,13.4101],[101.4734,13.4116],[101.4792,13.4145],[101.4825,13.416],[101.4858,13.416],[101.4892,13.416],[101.4933,13.416],[101.4991,13.413],[101.5033,13.4116],[101.5207,13.4012],[101.5257,13.3953],[101.5464,13.3656],[101.5556,13.3493],[101.5572,13.3419],[101.5589,13.339],[101.5614,13.336],[101.5647,13.333],[101.5763,13.3286],[101.5813,13.3256],[101.6004,13.3093],[101.6054,13.3064],[101.6261,13.299],[101.6361,13.2945],[101.6411,13.2901],[101.6801,13.2501],[101.7149,13.1908],[101.7174,13.1715]]]}},{"type":"Feature","id":"TH.CC","properties":{"code":"TH.CC","name_en":"Chachoengsao"},"geometry":{"type":"Polygon","coordinates":[[[101.1405,13.9687],[101.1555,13.9346],[101.1563,13.9227],[101.1513,13.899],[101.1505,13.8976],[101.1488,13.8946],[101.1472,13.8916],[101.143,13.8768],[101.143,13.8738],[101.1447,13.8709],[101.148,13.8679],[101.1505,13.8664],[101.1538,13.862],[101.153,13.8575],[101.1513,13.8516],[101.1522,13.8501],[101.1555,13.8501],[101.1588,13.8501],[101.1621,13.8501],[101.1646,13.8516],[101.1704,13.8561],[101.1754,13.8605],[101.1804,13.8635],[101.1962,13.8709],[101.2111,13.8753],[101.2161,13.8753],[101.2227,13.8738],[101.2352,13.8664],[101.2418,13.865],[101.2476,13.865],[101.2501,13.865],[101.2568,13.8694],[101.2592,13.8709],[101.2634,13.8709],[101.2924,13.8664],[101.3041,13.8635],[101.3115,13.862],[101.3223,13.862],[101.3306,13.859],[101.3356,13.859],[101.3398,13.859],[101.3431,13.8605],[101.3464,13.862],[101.3539,13.8605],[101.5489,13.7701],[101.5506,13.7672],[101.5539,13.7612],[101.5564,13.7568],[101.5597,13.7523],[101.563,13.7509],[101.5655,13.7494],[101.5664,13.7494],[101.5672,13.7509],[101.568,13.7509],[101.5697,13.7538],[101.5713,13.7568],[101.5763,13.7716],[101.5796,13.7775],[101.5813,13.7805],[101.5846,13.782],[101.5896,13.782],[101.6004,13.7805],[101.6253,13.7686],[101.6577,13.7568],[101.6743,13.7523],[101.6784,13.7523],[101.69,13.7553],[101.6925,13.7568],[101.6958,13.7598],[101.6967,13.7612],[101.6975,13.782],[101.6983,13.7864],[101.7,13.7894],[101.7033,13.7909],[101.7066,13.7924],[101.7423,13.8012],[101.7506,13.8012],[101.7556,13.8012],[101.7598,13.7998],[101.7622,13.7983],[101.7747,13.7835],[101.7805,13.779],[101.7863,13.7746],[101.788,13.7731],[101.7896,13.7701],[101.8021,13.7375],[101.8054,13.7331],[101.8096,13.7286],[101.8179,13.7212],[101.8228,13.7183],[101.8287,13.7168],[101.832,13.7168],[101.8361,13.7168],[101.8602,13.7227],[101.876,13.7227],[101.8859,13.6738],[101.8901,13.6634],[101.8967,13.6546],[101.905,13.6472],[101.9083,13.6457],[101.9158,13.6397],[101.9183,13.6368],[101.92,13.6323],[101.9216,13.6279],[101.9208,13.6175],[101.92,13.6101],[101.9183,13.6057],[101.9166,13.6027],[101.915,13.5968],[101.915,13.5923],[101.9175,13.5879],[101.9224,13.5849],[101.9274,13.5834],[101.9324,13.582],[101.9407,13.582],[101.9498,13.582],[101.9797,13.5894],[101.9839,13.5879],[101.9872,13.5864],[101.9897,13.5805],[101.993,13.5686],[101.9955,13.5449],[101.9963,13.5286],[101.993,13.5064],[101.9905,13.4975],[101.9864,13.4931],[101.9797,13.4916],[101.9764,13.4901],[101.9681,13.4901],[101.9556,13.4901],[101.9523,13.4886],[101.9498,13.4871],[101.9473,13.4842],[101.9457,13.4812],[101.9449,13.4768],[101.9449,13.4694],[101.9457,13.4545],[101.9482,13.4442],[101.9532,13.4353],[101.9639,13.419],[101.9772,13.4071],[101.983,13.3908],[101.9955,13.336],[101.9548,13.299],[101.939,13.2886],[101.9175,13.2797],[101.9117,13.2767],[101.9075,13.2723],[101.9058,13.2649],[101.8992,13.2515],[101.8992,13.2501],[101.8984,13.2471],[101.8984,13.2441],[101.8951,13.2338],[101.8901,13.2249],[101.8868,13.2204],[101.8826,13.2175],[101.8793,13.219],[101.8768,13.2204],[101.8751,13.2234],[101.8735,13.2293],[101.8718,13.2323],[101.8693,13.2352],[101.866,13.2367],[101.8627,13.2382],[101.8569,13.2382],[101.8494,13.2352],[101.8361,13.2293],[101.8295,13.2249],[101.8154,13.2086],[101.8054,13.2012],[101.7764,13.1849],[101.7697,13.1819],[101.7664,13.1804],[101.7573,13.1819],[101.7456,13.1804],[101.7174,13.1715],[101.7149,13.1908],[101.6801,13.2501],[101.6411,13.2901],[101.6361,13.2945],[101.6261,13.299],[101.6054,13.3064],[101.6004,13.3093],[101.5813,13.3256],[101.5763,13.3286],[101.5647,13.333],[101.5614,13.336],[101.5589,13.339],[101.5572,13.3419],[101.5556,13.3493],[101.5464,13.3656],[101.5257,13.3953],[101.5207,13.4012],[101.5033,13.4116],[101.4991,13.413],[101.4933,13.416],[101.4892,13.416],[101.4858,13.416],[101.4825,13.416],[101.4792,13.4145],[101.4734,13.4116],[101.4701,13.4101],[101.4659,13.4086],[101.4609,13.4086],[101.4535,13.4101],[101.441,13.416],[101.4236,13.4308],[101.4203,13.4353],[101.4111,13.4516],[101.407,13.456],[101.4037,13.459],[101.3995,13.459],[101.3954,13.459],[101.3912,13.459],[101.3879,13.4575],[101.3846,13.4575],[101.3804,13.456],[101.3754,13.456],[101.3688,13.456],[101.3647,13.4575],[101.3406,13.4827],[101.3165,13.499],[101.3149,13.5005],[101.3124,13.5034],[101.3074,13.5168],[101.3041,13.5227],[101.2991,13.5301],[101.2883,13.542],[101.2825,13.5479],[101.2767,13.5508],[101.2609,13.5568],[101.1995,13.5686],[101.153,13.5894],[101.1488,13.5908],[101.1447,13.5908],[101.1414,13.5894],[101.1381,13.5894],[101.1356,13.5864],[101.1289,13.579],[101.1239,13.5701],[101.1198,13.5642],[101.1173,13.5627],[101.114,13.5627],[101.1015,13.5612],[101.0982,13.5597],[101.0957,13.5568],[101.0916,13.5523],[101.0891,13.5508],[101.0849,13.5494],[101.0808,13.5494],[101.0642,13.5494],[101.06,13.5494],[101.0567,13.5479],[101.0542,13.5464],[101.0517,13.5449],[101.0501,13.542],[101.0501,13.5375],[101.0501,13.5345],[101.0542,13.5197],[101.0551,13.5168],[101.0542,13.5123],[101.0526,13.5094],[101.0501,13.5079],[101.0468,13.5064],[101.0443,13.5034],[101.0434,13.5019],[101.0426,13.5005],[101.0426,13.499],[101.0418,13.4975],[101.0393,13.4945],[101.0368,13.4931],[101.0293,13.4916],[101.026,13.4901],[101.0252,13.4871],[101.0227,13.4797],[101.0202,13.4768],[101.0185,13.4753],[101.0069,13.4679],[101.0003,13.4649],[100.992,13.4634],[100.9812,13.4634],[100.9803,13.4634],[100.9961,13.4886],[100.9961,13.496],[100.9837,13.4886],[100.9737,13.4782],[100.9637,13.4708],[100.9505,13.4679],[100.889,13.4679],[100.8641,13.4708],[100.8409,13.4782],[100.8467,13.4871],[100.8525,13.4931],[100.8575,13.496],[100.8592,13.4975],[100.86,13.499],[100.8608,13.5005],[100.8641,13.5227],[100.865,13.5286],[100.8666,13.5331],[100.8708,13.539],[100.8716,13.542],[100.8741,13.5494],[100.8758,13.5523],[100.8783,13.5538],[100.8816,13.5553],[100.8849,13.5553],[100.8882,13.5553],[100.8924,13.5553],[100.8949,13.5568],[100.8973,13.5597],[100.8998,13.5612],[100.9007,13.5657],[100.9015,13.5701],[100.9015,13.582],[100.9023,13.5879],[100.9048,13.5923],[100.9081,13.5923],[100.9164,13.5938],[100.9189,13.5953],[100.9214,13.5983],[100.9281,13.6101],[100.9305,13.6131],[100.9463,13.6294],[100.9471,13.6323],[100.9471,13.6368],[100.9447,13.6442],[100.9422,13.6546],[100.9405,13.6575],[100.9222,13.6679],[100.855,13.6916],[100.8484,13.7035],[100.8492,13.7094],[100.8575,13.7183],[100.8932,13.7775],[100.899,13.7849],[100.9214,13.8072],[100.9239,13.8131],[100.9239,13.8175],[100.9214,13.822],[100.9173,13.8264],[100.9131,13.8294],[100.9015,13.8368],[100.899,13.8412],[100.8965,13.8472],[100.9048,13.9494],[100.9056,13.9553],[100.9181,13.9613],[100.9447,13.9687],[101.0658,13.9746],[101.1405,13.9687]]]}},{"type":"Feature","id":"TH.CT","properties":{"code":"TH.CT","name_en":"Chanthaburi"},"geometry":{"type":"Polygon","coordinates":[[[102.3292,13.2723],[102.3823,13.136],[102.4022,13.1034],[102.447,13.0515],[102.4628,13.0189],[102.4728,13.0056],[102.4902,12.9967],[102.4902,12.9952],[102.4894,12.9893],[102.4869,12.9848],[102.4811,12.9804],[102.4744,12.9774],[102.4686,12.973],[102.467,12.97],[102.4694,12.9656],[102.4777,12.9567],[102.4786,12.9537],[102.4777,12.9493],[102.4661,12.9374],[102.4645,12.9271],[102.4678,12.9167],[102.4744,12.9048],[102.4794,12.8826],[102.4836,12.8441],[102.4894,12.8233],[102.4952,12.813],[102.5002,12.8071],[102.5043,12.7996],[102.5068,12.7878],[102.506,12.7774],[102.4952,12.7463],[102.4943,12.7463],[102.4894,12.7433],[102.4719,12.733],[102.4686,12.733],[102.4653,12.7315],[102.4562,12.7315],[102.4479,12.7315],[102.4445,12.73],[102.4421,12.7285],[102.4396,12.7256],[102.4371,12.7226],[102.4288,12.7093],[102.4089,12.6915],[102.3972,12.6752],[102.3956,12.6707],[102.3947,12.6648],[102.3964,12.6293],[102.3972,12.6233],[102.3989,12.6189],[102.4014,12.6174],[102.4014,12.6144],[102.4006,12.6115],[102.3972,12.6055],[102.3947,12.6011],[102.3964,12.5952],[102.4006,12.5892],[102.4122,12.5759],[102.413,12.5729],[102.4138,12.5685],[102.4122,12.5655],[102.408,12.5641],[102.4047,12.5641],[102.4006,12.5655],[102.3947,12.57],[102.3798,12.5818],[102.3756,12.5878],[102.3732,12.5892],[102.3707,12.5907],[102.3673,12.5922],[102.3632,12.5922],[102.3607,12.5907],[102.3574,12.5892],[102.3524,12.5848],[102.3483,12.5804],[102.3466,12.5774],[102.33,12.5566],[102.3292,12.5492],[102.33,12.5389],[102.3358,12.5166],[102.34,12.5078],[102.3433,12.5018],[102.3449,12.5003],[102.3466,12.4974],[102.3474,12.4959],[102.3474,12.49],[102.3466,12.484],[102.3441,12.4707],[102.3408,12.4648],[102.3375,12.4603],[102.3333,12.4559],[102.3317,12.4529],[102.3325,12.4485],[102.3375,12.4411],[102.3441,12.4263],[102.3466,12.4218],[102.3499,12.4174],[102.3549,12.4144],[102.3657,12.41],[102.3707,12.4055],[102.3756,12.4011],[102.3748,12.3907],[102.3557,12.3581],[102.3524,12.367],[102.3375,12.3759],[102.3242,12.3655],[102.3325,12.3626],[102.3383,12.3566],[102.3424,12.3507],[102.3449,12.3448],[102.3308,12.3285],[102.3101,12.3166],[102.2918,12.3181],[102.2835,12.3418],[102.286,12.3863],[102.2926,12.407],[102.3043,12.4277],[102.2976,12.4277],[102.2918,12.4189],[102.2769,12.3922],[102.2702,12.3922],[102.2661,12.404],[102.2636,12.4174],[102.2644,12.4292],[102.2702,12.4411],[102.2586,12.4322],[102.2428,12.4263],[102.2279,12.4277],[102.2221,12.4411],[102.2055,12.4352],[102.2013,12.4337],[102.2105,12.4277],[102.2146,12.4203],[102.2138,12.41],[102.2088,12.3996],[102.2146,12.3996],[102.2362,12.4144],[102.2428,12.4026],[102.247,12.3937],[102.2478,12.3833],[102.2428,12.3714],[102.2628,12.3566],[102.2736,12.3255],[102.2644,12.3062],[102.2279,12.324],[102.1665,12.3863],[102.1366,12.4011],[102.1241,12.41],[102.1258,12.4203],[102.11,12.4411],[102.0868,12.4648],[102.0719,12.4885],[102.0785,12.5092],[102.0818,12.5018],[102.086,12.4989],[102.0918,12.4974],[102.0984,12.4959],[102.0851,12.5048],[102.0918,12.5122],[102.1059,12.5226],[102.1125,12.5374],[102.1051,12.5374],[102.0992,12.527],[102.0926,12.5241],[102.0851,12.5241],[102.0785,12.53],[102.0885,12.5389],[102.0934,12.5418],[102.0984,12.5433],[102.0478,12.5418],[102.0436,12.5507],[102.0644,12.5715],[102.0221,12.5685],[102.0096,12.5641],[102.0096,12.5566],[102.0229,12.5478],[102.0312,12.5344],[102.0436,12.5241],[102.0644,12.5226],[102.0594,12.5107],[102.0577,12.4974],[102.0569,12.4678],[102.0229,12.5196],[102.0088,12.5344],[101.9922,12.5404],[101.9731,12.5418],[101.9606,12.5374],[101.9606,12.5804],[101.959,12.5907],[101.954,12.6011],[101.9498,12.607],[101.9482,12.6011],[101.9457,12.5952],[101.9374,12.5892],[101.9341,12.5833],[101.9473,12.5404],[101.9482,12.53],[101.9141,12.5552],[101.8992,12.57],[101.8926,12.5833],[101.9133,12.5774],[101.9092,12.5937],[101.9025,12.5981],[101.8942,12.5967],[101.8859,12.5981],[101.8776,12.6055],[101.8735,12.613],[101.8702,12.6218],[101.8652,12.6322],[101.8486,12.6544],[101.8303,12.6722],[101.8087,12.6885],[101.7888,12.6974],[101.7921,12.7033],[101.793,12.7167],[101.7946,12.7211],[101.7971,12.7241],[101.7996,12.727],[101.8021,12.7285],[101.8029,12.7315],[101.8029,12.7463],[101.8029,12.7493],[101.8037,12.7493],[101.8037,12.7507],[101.8079,12.7552],[101.8162,12.7611],[101.8187,12.7626],[101.8195,12.767],[101.8195,12.77],[101.8195,12.7745],[101.8195,12.7789],[101.8278,12.8174],[101.8303,12.8382],[101.8262,12.8752],[101.8262,12.8856],[101.8253,12.89],[101.8237,12.893],[101.8179,12.8959],[101.8145,12.8959],[101.8112,12.8945],[101.8071,12.8974],[101.8037,12.9034],[101.7954,12.933],[101.793,12.9374],[101.7896,12.9419],[101.7797,12.9493],[101.7747,12.9508],[101.7697,12.9508],[101.7672,12.9493],[101.7606,12.9478],[101.7564,12.9463],[101.7531,12.9478],[101.7506,12.9478],[101.7481,12.9508],[101.7432,12.9567],[101.7407,12.9626],[101.7398,12.97],[101.7398,12.9819],[101.7407,12.9878],[101.7432,12.9923],[101.7448,12.9937],[101.749,12.9982],[101.7506,12.9997],[101.7515,13.0011],[101.7515,13.0026],[101.7506,13.0071],[101.749,13.013],[101.7407,13.0219],[101.7357,13.0249],[101.7307,13.0263],[101.7266,13.0263],[101.7224,13.0263],[101.7191,13.0278],[101.7166,13.0293],[101.7133,13.0352],[101.6934,13.0856],[101.6875,13.1108],[101.6867,13.1138],[101.6925,13.1345],[101.6967,13.1493],[101.7174,13.1715],[101.7456,13.1804],[101.7573,13.1819],[101.7664,13.1804],[101.7697,13.1819],[101.7764,13.1849],[101.8054,13.2012],[101.8154,13.2086],[101.8295,13.2249],[101.8361,13.2293],[101.8494,13.2352],[101.8569,13.2382],[101.8627,13.2382],[101.866,13.2367],[101.8693,13.2352],[101.8718,13.2323],[101.8735,13.2293],[101.8751,13.2234],[101.8768,13.2204],[101.8793,13.219],[101.8826,13.2175],[101.8868,13.2204],[101.8901,13.2249],[101.8951,13.2338],[101.8984,13.2441],[101.8984,13.2471],[101.8992,13.2501],[101.8992,13.2515],[101.9058,13.2649],[101.9075,13.2723],[101.9117,13.2767],[101.9175,13.2797],[101.939,13.2886],[101.9548,13.299],[101.9955,13.336],[102.0088,13.2945],[102.0146,13.2827],[102.0304,13.2678],[102.0337,13.2634],[102.0353,13.2575],[102.0353,13.2545],[102.0304,13.2204],[102.0337,13.1775],[102.0362,13.1686],[102.0387,13.1612],[102.0436,13.1597],[102.0478,13.1582],[102.0511,13.1597],[102.0544,13.1612],[102.0627,13.1671],[102.0702,13.173],[102.0818,13.1789],[102.0885,13.1819],[102.1134,13.1849],[102.1275,13.1893],[102.1333,13.1923],[102.1383,13.1967],[102.1407,13.1997],[102.1432,13.2012],[102.1565,13.2249],[102.164,13.2367],[102.1681,13.2412],[102.1706,13.2441],[102.1748,13.2456],[102.1798,13.2456],[102.1889,13.2441],[102.193,13.2412],[102.1955,13.2382],[102.2013,13.2249],[102.2047,13.2204],[102.2113,13.2145],[102.2254,13.2027],[102.2362,13.1982],[102.2478,13.1952],[102.2586,13.1967],[102.2619,13.1967],[102.2653,13.1982],[102.2677,13.1997],[102.2702,13.2027],[102.2719,13.2056],[102.2752,13.2115],[102.2802,13.2293],[102.2835,13.2352],[102.2852,13.2382],[102.2902,13.2427],[102.296,13.2471],[102.3018,13.2501],[102.3117,13.2545],[102.3142,13.256],[102.32,13.2604],[102.3242,13.2649],[102.3258,13.2664],[102.3283,13.2693],[102.3292,13.2723]]]}},{"type":"Feature","id":"TH.SK","properties":{"code":"TH.SK","name_en":"Sa Kaeo"},"geometry":{"type":"Polygon","coordinates":[[[102.594,14.148],[102.6014,14.1435],[102.6064,14.1376],[102.6089,14.1361],[102.613,14.1361],[102.618,14.1391],[102.6205,14.142],[102.623,14.1465],[102.6238,14.1494],[102.6263,14.1524],[102.6296,14.1524],[102.6355,14.1494],[102.6388,14.1465],[102.6446,14.142],[102.6496,14.1376],[102.6529,14.1361],[102.6595,14.1346],[102.6894,14.1346],[102.7135,14.1317],[102.7234,14.1331],[102.7658,14.1435],[102.7857,14.1509],[102.7882,14.1539],[102.7907,14.1568],[102.794,14.1583],[102.804,14.1613],[102.8197,14.1657],[102.8264,14.1657],[102.8363,14.1628],[102.8455,14.1598],[102.8654,14.1568],[102.8695,14.1554],[102.8753,14.1554],[102.8845,14.1568],[102.8944,14.1613],[102.9135,14.1643],[102.9143,14.1643],[102.9135,14.1524],[102.911,14.1317],[102.9044,14.1154],[102.8836,14.0872],[102.8762,14.0709],[102.8728,14.0487],[102.8737,14.0339],[102.8695,14.0205],[102.8546,14.0042],[102.7973,13.9598],[102.7732,13.9361],[102.7541,13.9035],[102.7375,13.8501],[102.7292,13.8324],[102.711,13.8101],[102.7068,13.8012],[102.7043,13.7924],[102.7027,13.7716],[102.6985,13.7612],[102.6753,13.742],[102.574,13.6946],[102.5425,13.6694],[102.5408,13.6486],[102.5624,13.6279],[102.5981,13.6057],[102.5798,13.6012],[102.5325,13.5745],[102.5134,13.5671],[102.452,13.5627],[102.3715,13.5686],[102.3325,13.5642],[102.3134,13.5405],[102.3151,13.5301],[102.3258,13.5138],[102.3292,13.5049],[102.33,13.496],[102.3292,13.4842],[102.3292,13.4812],[102.3333,13.4056],[102.3267,13.3449],[102.3283,13.2753],[102.3292,13.2723],[102.3283,13.2693],[102.3258,13.2664],[102.3242,13.2649],[102.32,13.2604],[102.3142,13.256],[102.3117,13.2545],[102.3018,13.2501],[102.296,13.2471],[102.2902,13.2427],[102.2852,13.2382],[102.2835,13.2352],[102.2802,13.2293],[102.2752,13.2115],[102.2719,13.2056],[102.2702,13.2027],[102.2677,13.1997],[102.2653,13.1982],[102.2619,13.1967],[102.2586,13.1967],[102.2478,13.1952],[102.2362,13.1982],[102.2254,13.2027],[102.2113,13.2145],[102.2047,13.2204],[102.2013,13.2249],[102.1955,13.2382],[102.193,13.2412],[102.1889,13.2441],[102.1798,13.2456],[102.1748,13.2456],[102.1706,13.2441],[102.1681,13.2412],[102.164,13.2367],[102.1565,13.2249],[102.1432,13.2012],[102.1407,13.1997],[102.1383,13.1967],[102.1333,13.1923],[102.1275,13.1893],[102.1134,13.1849],[102.0885,13.1819],[102.0818,13.1789],[102.0702,13.173],[102.0627,13.1671],[102.0544,13.1612],[102.0511,13.1597],[102.0478,13.1582],[102.0436,13.1597],[102.0387,13.1612],[102.0362,13.1686],[102.0337,13.1775],[102.0304,13.2204],[102.0353,13.2545],[102.0353,13.2575],[102.0337,13.2634],[102.0304,13.2678],[102.0146,13.2827],[102.0088,13.2945],[101.9955,13.336],[101.983,13.3908],[101.9772,13.4071],[101.9639,13.419],[101.9532,13.4353],[101.9482,13.4442],[101.9457,13.4545],[101.9449,13.4694],[101.9449,13.4768],[101.9457,13.4812],[101.9473,13.4842],[101.9498,13.4871],[101.9523,13.4886],[101.9556,13.4901],[101.9681,13.4901],[101.9764,13.4901],[101.9797,13.4916],[101.9864,13.4931],[101.9905,13.4975],[101.993,13.5064],[101.9963,13.5286],[101.9955,13.5449],[101.993,13.5686],[101.9897,13.5805],[101.9872,13.5864],[101.9839,13.5879],[101.9797,13.5894],[101.9498,13.582],[101.9407,13.582],[101.9324,13.582],[101.9274,13.5834],[101.9224,13.5849],[101.9175,13.5879],[101.915,13.5923],[101.915,13.5968],[101.9166,13.6027],[101.9183,13.6057],[101.92,13.6101],[101.9208,13.6175],[101.9216,13.6279],[101.92,13.6323],[101.9183,13.6368],[101.9158,13.6397],[101.9083,13.6457],[101.905,13.6472],[101.8967,13.6546],[101.8901,13.6634],[101.8859,13.6738],[101.876,13.7227],[101.8951,13.742],[101.905,13.7553],[101.9075,13.7686],[101.9058,13.7879],[101.9067,13.8087],[101.9017,13.8161],[101.8917,13.8205],[101.8635,13.8279],[101.856,13.8368],[101.8552,13.8501],[101.8619,13.8635],[101.8643,13.8768],[101.8652,13.8931],[101.8635,13.905],[101.8643,13.9183],[101.8693,13.9331],[101.8851,13.9464],[101.8975,13.9539],[101.9108,13.9657],[101.9117,13.9805],[101.9067,14.0042],[101.9067,14.022],[101.9125,14.0353],[101.9307,14.0487],[101.9432,14.0516],[101.9565,14.0531],[101.9681,14.0516],[101.9797,14.0561],[101.9905,14.0665],[102.0005,14.0902],[102.0162,14.105],[102.0279,14.1139],[102.0387,14.1228],[102.0453,14.1302],[102.0528,14.185],[102.076,14.1643],[102.086,14.1583],[102.1374,14.1391],[102.1474,14.1361],[102.154,14.1361],[102.1582,14.1361],[102.1623,14.1361],[102.1656,14.1376],[102.1681,14.1391],[102.1706,14.142],[102.1715,14.145],[102.1723,14.1494],[102.1698,14.1643],[102.1706,14.1672],[102.1715,14.1717],[102.1756,14.1761],[102.1789,14.1791],[102.1831,14.182],[102.1922,14.185],[102.1972,14.185],[102.2013,14.1835],[102.2088,14.1776],[102.2163,14.1717],[102.2188,14.1687],[102.2213,14.1672],[102.2221,14.1643],[102.2221,14.1598],[102.2221,14.1568],[102.2221,14.1524],[102.2246,14.148],[102.2296,14.142],[102.2345,14.1391],[102.2395,14.1391],[102.2727,14.1391],[102.2777,14.1376],[102.2819,14.1331],[102.286,14.1287],[102.2902,14.1272],[102.2943,14.1272],[102.2985,14.1272],[102.3026,14.1287],[102.3051,14.1302],[102.3076,14.1317],[102.3101,14.1346],[102.3134,14.1405],[102.3151,14.1435],[102.3184,14.145],[102.3217,14.1465],[102.3366,14.148],[102.3408,14.1494],[102.3615,14.1568],[102.3665,14.1554],[102.3723,14.1539],[102.3898,14.148],[102.3972,14.1465],[102.4022,14.145],[102.4064,14.1465],[102.4147,14.1524],[102.4238,14.1554],[102.4296,14.1554],[102.4338,14.1539],[102.4371,14.1524],[102.4387,14.1494],[102.4429,14.148],[102.4479,14.145],[102.457,14.1405],[102.4628,14.1405],[102.4852,14.1435],[102.491,14.1435],[102.4952,14.142],[102.4985,14.1361],[102.5002,14.1346],[102.501,14.1317],[102.501,14.1257],[102.4993,14.1168],[102.5002,14.1065],[102.501,14.102],[102.5026,14.0991],[102.5043,14.0946],[102.5085,14.0902],[102.5134,14.0872],[102.5176,14.0872],[102.5226,14.0872],[102.5383,14.0887],[102.5425,14.0902],[102.5466,14.0902],[102.5491,14.0916],[102.5516,14.0946],[102.5533,14.0961],[102.5524,14.0991],[102.5491,14.1005],[102.5425,14.1035],[102.5383,14.105],[102.5367,14.1065],[102.5358,14.1109],[102.5367,14.1139],[102.5375,14.1168],[102.54,14.1198],[102.5425,14.1228],[102.5458,14.1228],[102.55,14.1242],[102.5541,14.1242],[102.5574,14.1257],[102.5649,14.1272],[102.5674,14.1287],[102.574,14.1317],[102.5765,14.1346],[102.5857,14.1435],[102.594,14.148]]]}},{"type":"Feature","id":"TH.RY","properties":{"code":"TH.RY","name_en":"Rayong"},"geometry":{"type":"Polygon","coordinates":[[[101.6925,13.1345],[101.6867,13.1138],[101.6875,13.1108],[101.6934,13.0856],[101.7133,13.0352],[101.7166,13.0293],[101.7191,13.0278],[101.7224,13.0263],[101.7266,13.0263],[101.7307,13.0263],[101.7357,13.0249],[101.7407,13.0219],[101.749,13.013],[101.7506,13.0071],[101.7515,13.0026],[101.7515,13.0011],[101.7506,12.9997],[101.749,12.9982],[101.7448,12.9937],[101.7432,12.9923],[101.7407,12.9878],[101.7398,12.9819],[101.7398,12.97],[101.7407,12.9626],[101.7432,12.9567],[101.7481,12.9508],[101.7506,12.9478],[101.7531,12.9478],[101.7564,12.9463],[101.7606,12.9478],[101.7672,12.9493],[101.7697,12.9508],[101.7747,12.9508],[101.7797,12.9493],[101.7896,12.9419],[101.793,12.9374],[101.7954,12.933],[101.8037,12.9034],[101.8071,12.8974],[101.8112,12.8945],[101.8145,12.8959],[101.8179,12.8959],[101.8237,12.893],[101.8253,12.89],[101.8262,12.8856],[101.8262,12.8752],[101.8303,12.8382],[101.8278,12.8174],[101.8195,12.7789],[101.8195,12.7745],[101.8195,12.77],[101.8195,12.767],[101.8187,12.7626],[101.8162,12.7611],[101.8079,12.7552],[101.8037,12.7507],[101.8037,12.7493],[101.8029,12.7493],[101.8029,12.7463],[101.8029,12.7315],[101.8021,12.7285],[101.7996,12.727],[101.7971,12.7241],[101.7946,12.7211],[101.793,12.7167],[101.7921,12.7033],[101.7888,12.6974],[101.783,12.7019],[101.7664,12.7063],[101.7041,12.7078],[101.6867,12.7019],[101.6759,12.6885],[101.6685,12.6722],[101.6602,12.6604],[101.6427,12.6515],[101.622,12.65],[101.5813,12.653],[101.5738,12.65],[101.5722,12.6426],[101.573,12.6367],[101.5713,12.6322],[101.5664,12.6307],[101.5556,12.6322],[101.539,12.6322],[101.5091,12.6396],[101.4651,12.6322],[101.4427,12.6248],[101.4336,12.6159],[101.4286,12.5967],[101.4178,12.5952],[101.3929,12.6115],[101.3232,12.6426],[101.2493,12.6604],[101.0874,12.6811],[101.0667,12.6767],[101.0318,12.6574],[100.9886,12.65],[100.9779,12.6396],[100.9754,12.6411],[100.9737,12.65],[100.9737,12.6693],[100.9878,12.73],[100.9903,12.7374],[100.9994,12.7522],[101.0003,12.7596],[101.0011,12.7685],[101.0011,12.7804],[101.0019,12.7893],[101.0028,12.7937],[101.0044,12.7967],[101.0061,12.7982],[101.0086,12.8011],[101.0484,12.8308],[101.0501,12.8337],[101.0542,12.8382],[101.0559,12.8411],[101.0575,12.8456],[101.0584,12.853],[101.0584,12.8604],[101.0584,12.8648],[101.0592,12.8693],[101.06,12.8722],[101.0625,12.8752],[101.0642,12.8767],[101.0858,12.893],[101.0907,12.8989],[101.0932,12.9034],[101.0957,12.9108],[101.0966,12.9197],[101.0966,12.9226],[101.0949,12.9256],[101.0916,12.936],[101.0899,12.9389],[101.0899,12.9434],[101.0899,12.9463],[101.0924,12.9626],[101.0924,12.9656],[101.0916,12.97],[101.0899,12.9774],[101.0891,12.9804],[101.0858,12.9863],[101.0808,12.9908],[101.0708,12.9982],[101.0683,12.9997],[101.0675,13.0011],[101.0675,13.0041],[101.0692,13.0071],[101.0717,13.01],[101.0858,13.0219],[101.0907,13.0249],[101.0982,13.0263],[101.1115,13.0263],[101.1405,13.0219],[101.148,13.0189],[101.1563,13.0174],[101.1605,13.0174],[101.1646,13.0189],[101.1696,13.0219],[101.1762,13.0278],[101.1771,13.0323],[101.1762,13.0352],[101.1704,13.0382],[101.1679,13.0412],[101.1638,13.0456],[101.1621,13.0486],[101.1613,13.053],[101.1613,13.056],[101.1613,13.0604],[101.163,13.0634],[101.1646,13.0663],[101.1721,13.0723],[101.1779,13.0752],[101.1829,13.0767],[101.1879,13.0767],[101.2161,13.0693],[101.231,13.0604],[101.2343,13.0589],[101.2393,13.0589],[101.2451,13.0575],[101.2501,13.0575],[101.2534,13.056],[101.2734,13.0471],[101.2767,13.0471],[101.2808,13.0486],[101.2858,13.0515],[101.2908,13.0589],[101.2966,13.0634],[101.3074,13.0693],[101.3124,13.0708],[101.3173,13.0708],[101.3315,13.0678],[101.3389,13.0649],[101.3414,13.0619],[101.3522,13.0545],[101.3555,13.0515],[101.3605,13.0486],[101.3846,13.0219],[101.3904,13.0174],[101.3937,13.0174],[101.3995,13.0174],[101.4062,13.0204],[101.4277,13.0367],[101.4319,13.0382],[101.436,13.0397],[101.4435,13.0382],[101.4543,13.0323],[101.4576,13.0308],[101.4634,13.0323],[101.4692,13.0337],[101.4817,13.0456],[101.4867,13.0515],[101.4883,13.0545],[101.4983,13.0678],[101.5,13.0693],[101.5024,13.0708],[101.5066,13.0708],[101.5132,13.0693],[101.5249,13.0663],[101.5323,13.0649],[101.5365,13.0649],[101.5431,13.0663],[101.5506,13.0708],[101.5647,13.0812],[101.5705,13.0856],[101.5747,13.0915],[101.5763,13.0945],[101.5788,13.1063],[101.5796,13.1226],[101.583,13.1271],[101.5896,13.1301],[101.6195,13.1389],[101.6228,13.1404],[101.6328,13.1493],[101.6369,13.1508],[101.6602,13.1478],[101.6925,13.1345]]]}},{"type":"Feature","id":"TH.TT","properties":{"code":"TH.TT","name_en":"Trat"},"geometry":{"type":"MultiPolygon","coordinates":[[[[102.5699,11.721],[102.5641,11.7077],[102.5898,11.7106],[102.6056,11.684],[102.6081,11.6484],[102.5915,11.6188],[102.5915,11.6114],[102.6056,11.6114],[102.5973,11.598],[102.5948,11.5891],[102.5981,11.5639],[102.5915,11.5639],[102.5848,11.5684],[102.5773,11.5847],[102.5715,11.5906],[102.5624,11.5951],[102.53,11.6054],[102.5383,11.6158],[102.5425,11.6202],[102.5441,11.6262],[102.5433,11.638],[102.5408,11.6484],[102.5309,11.6706],[102.53,11.6795],[102.55,11.7521],[102.5549,11.7595],[102.5641,11.7551],[102.5682,11.7447],[102.5707,11.7328],[102.5699,11.721]]],[[[102.2661,12.1522],[102.2935,12.1447],[102.3109,12.1462],[102.3424,12.124],[102.3549,12.1107],[102.3665,12.0973],[102.3781,12.0721],[102.3864,12.0588],[102.3997,12.0499],[102.3997,12.0425],[102.4064,12.0366],[102.4172,12.0173],[102.4321,12.001],[102.4429,11.9832],[102.4412,11.9669],[102.4271,11.961],[102.4113,11.9714],[102.379,12.0025],[102.3756,11.9907],[102.3781,11.9803],[102.3765,11.9714],[102.3624,11.9669],[102.3491,11.9684],[102.3109,11.9818],[102.3109,11.9744],[102.3142,11.9714],[102.3184,11.961],[102.3126,11.9655],[102.3068,11.9699],[102.2993,11.9729],[102.2902,11.9744],[102.2902,11.9818],[102.2943,11.9951],[102.2943,12.0573],[102.2843,12.0662],[102.2561,12.1314],[102.2702,12.1314],[102.2661,12.1388],[102.2619,12.1447],[102.2561,12.1492],[102.2495,12.1536],[102.2661,12.1522]]],[[[102.3557,12.3581],[102.3748,12.3907],[102.3756,12.4011],[102.3707,12.4055],[102.3657,12.41],[102.3549,12.4144],[102.3499,12.4174],[102.3466,12.4218],[102.3441,12.4263],[102.3375,12.4411],[102.3325,12.4485],[102.3317,12.4529],[102.3333,12.4559],[102.3375,12.4603],[102.3408,12.4648],[102.3441,12.4707],[102.3466,12.484],[102.3474,12.49],[102.3474,12.4959],[102.3466,12.4974],[102.3449,12.5003],[102.3433,12.5018],[102.34,12.5078],[102.3358,12.5166],[102.33,12.5389],[102.3292,12.5492],[102.33,12.5566],[102.3466,12.5774],[102.3483,12.5804],[102.3524,12.5848],[102.3574,12.5892],[102.3607,12.5907],[102.3632,12.5922],[102.3673,12.5922],[102.3707,12.5907],[102.3732,12.5892],[102.3756,12.5878],[102.3798,12.5818],[102.3947,12.57],[102.4006,12.5655],[102.4047,12.5641],[102.408,12.5641],[102.4122,12.5655],[102.4138,12.5685],[102.413,12.5729],[102.4122,12.5759],[102.4006,12.5892],[102.3964,12.5952],[102.3947,12.6011],[102.3972,12.6055],[102.4006,12.6115],[102.4014,12.6144],[102.4014,12.6174],[102.3989,12.6189],[102.3972,12.6233],[102.3964,12.6293],[102.3947,12.6648],[102.3956,12.6707],[102.3972,12.6752],[102.4089,12.6915],[102.4288,12.7093],[102.4371,12.7226],[102.4396,12.7256],[102.4421,12.7285],[102.4445,12.73],[102.4479,12.7315],[102.4562,12.7315],[102.4653,12.7315],[102.4686,12.733],[102.4719,12.733],[102.4894,12.7433],[102.4943,12.7463],[102.4952,12.7463],[102.4827,12.7359],[102.4777,12.7196],[102.4769,12.6989],[102.4794,12.6767],[102.486,12.6618],[102.496,12.6544],[102.5018,12.65],[102.5583,12.6307],[102.5881,12.61],[102.6645,12.5344],[102.6894,12.5196],[102.6969,12.5137],[102.7002,12.5048],[102.7019,12.4885],[102.7052,12.4796],[102.7185,12.4663],[102.7508,12.4485],[102.7624,12.4366],[102.7641,12.4248],[102.7649,12.4159],[102.7566,12.4026],[102.7309,12.3803],[102.7201,12.3611],[102.7151,12.3418],[102.6919,12.1788],[102.7002,12.1388],[102.7508,12.0603],[102.7649,12.044],[102.7707,12.0381],[102.7874,12.0025],[102.7973,11.9536],[102.843,11.8662],[102.8853,11.8084],[102.9135,11.7654],[102.9251,11.7254],[102.9285,11.6691],[102.9135,11.6454],[102.906,11.6662],[102.9085,11.718],[102.9069,11.7417],[102.8936,11.7699],[102.8255,11.8588],[102.7832,11.8929],[102.7774,11.9032],[102.7774,11.9669],[102.7666,12.0114],[102.75,12.0396],[102.6321,12.1522],[102.6305,12.161],[102.6537,12.1596],[102.6413,12.1759],[102.6047,12.204],[102.6056,12.2144],[102.6056,12.2218],[102.589,12.2129],[102.574,12.2085],[102.5616,12.2025],[102.5574,12.1833],[102.5715,12.0914],[102.584,12.0677],[102.5857,12.0603],[102.5823,12.0499],[102.574,12.0499],[102.5632,12.0544],[102.5541,12.0573],[102.55,12.0618],[102.5508,12.0825],[102.5508,12.0914],[102.5325,12.1136],[102.5043,12.1329],[102.4736,12.1492],[102.3665,12.1862],[102.3507,12.1951],[102.3358,12.1981],[102.3242,12.1803],[102.3184,12.1803],[102.296,12.1907],[102.2902,12.1936],[102.2868,12.2025],[102.2868,12.2099],[102.2893,12.2173],[102.2902,12.2218],[102.2835,12.2411],[102.2653,12.2722],[102.2636,12.29],[102.2902,12.2825],[102.3151,12.2914],[102.3366,12.3077],[102.3516,12.324],[102.3599,12.3477],[102.3557,12.3581]]]]}},{"type":"Feature","id":"TH.BR","properties":{"code":"TH.BR","name_en":"Buri Ram"},"geometry":{"type":"Polygon","coordinates":[[[103.116,15.4829],[103.1094,15.4518],[103.1061,15.4488],[103.1003,15.4385],[103.1028,15.4296],[103.1102,15.4222],[103.1194,15.4148],[103.1302,15.4192],[103.1335,15.4222],[103.1335,15.4148],[103.1401,15.4148],[103.1401,15.4222],[103.1476,15.4222],[103.1501,15.4059],[103.1634,15.3807],[103.1675,15.3659],[103.1916,15.3718],[103.204,15.3585],[103.2123,15.3437],[103.2231,15.3466],[103.2289,15.3466],[103.2331,15.3333],[103.2522,15.3229],[103.2572,15.3111],[103.2696,15.3214],[103.2796,15.3214],[103.287,15.3155],[103.2945,15.3111],[103.3036,15.3155],[103.3161,15.3288],[103.3219,15.3333],[103.3327,15.3362],[103.3543,15.3496],[103.3667,15.3525],[103.3742,15.3496],[103.3825,15.3437],[103.3916,15.3407],[103.4008,15.3466],[103.4074,15.3466],[103.4066,15.3407],[103.4082,15.3407],[103.4115,15.3407],[103.4149,15.3392],[103.4032,15.3303],[103.4124,15.3214],[103.4298,15.3229],[103.4414,15.3392],[103.4348,15.3392],[103.4348,15.3466],[103.4539,15.3392],[103.4688,15.3333],[103.4688,15.3318],[103.4763,15.3185],[103.4821,15.3155],[103.4871,15.314],[103.4912,15.314],[103.497,15.3111],[103.4987,15.3081],[103.4979,15.3051],[103.4979,15.3007],[103.5004,15.2992],[103.497,15.2888],[103.4879,15.2696],[103.4846,15.2636],[103.4813,15.2518],[103.4804,15.2503],[103.4763,15.2473],[103.4672,15.2429],[103.4622,15.2385],[103.4564,15.2236],[103.4464,15.194],[103.4447,15.1866],[103.4472,15.1629],[103.4472,15.1496],[103.4497,15.1258],[103.4497,15.1081],[103.4506,15.1051],[103.4514,15.1021],[103.453,15.0992],[103.4572,15.0933],[103.458,15.0903],[103.4597,15.0873],[103.4597,15.0829],[103.4589,15.0784],[103.4572,15.074],[103.453,15.0666],[103.4522,15.0607],[103.4547,15.0547],[103.4572,15.0518],[103.4597,15.0488],[103.4638,15.0429],[103.4647,15.0399],[103.4655,15.0369],[103.4663,15.0325],[103.4655,15.0295],[103.463,15.0251],[103.4539,15.0177],[103.4481,15.0147],[103.4456,15.0118],[103.4431,15.0103],[103.4414,15.0073],[103.4398,15.0029],[103.4389,14.9969],[103.4389,14.9881],[103.4414,14.9747],[103.4431,14.9495],[103.4439,14.9377],[103.4431,14.9332],[103.4406,14.9288],[103.4348,14.9214],[103.4306,14.9169],[103.4257,14.9155],[103.4232,14.914],[103.419,14.9095],[103.4041,14.8799],[103.3974,14.8695],[103.3958,14.8666],[103.3908,14.8636],[103.3775,14.8532],[103.3659,14.8414],[103.3601,14.8384],[103.3426,14.828],[103.3402,14.8251],[103.326,14.8117],[103.3236,14.8103],[103.3202,14.8088],[103.3144,14.8043],[103.3103,14.8014],[103.3078,14.7969],[103.3036,14.788],[103.2978,14.7791],[103.2928,14.7747],[103.2879,14.7702],[103.287,14.7658],[103.2862,14.7599],[103.2887,14.7377],[103.2862,14.7228],[103.2738,14.6784],[103.2688,14.6651],[103.2547,14.6413],[103.2538,14.6384],[103.2505,14.6191],[103.2489,14.6162],[103.2472,14.6117],[103.2447,14.6102],[103.2347,14.6013],[103.2331,14.5984],[103.2323,14.591],[103.2314,14.5806],[103.2331,14.5584],[103.2314,14.5436],[103.2306,14.5332],[103.2381,14.5006],[103.2489,14.4769],[103.2572,14.4532],[103.2572,14.4502],[103.2563,14.4443],[103.2547,14.4354],[103.2489,14.4221],[103.2455,14.4161],[103.243,14.4087],[103.243,14.4043],[103.2455,14.3939],[103.2464,14.388],[103.2422,14.3776],[103.2406,14.3702],[103.2406,14.3628],[103.243,14.342],[103.1982,14.3287],[103.1385,14.3198],[103.1177,14.3139],[103.0853,14.2961],[103.0173,14.2383],[103.0048,14.2294],[102.9874,14.2191],[102.9509,14.2087],[102.9343,14.2013],[102.9185,14.185],[102.9143,14.1687],[102.9143,14.1643],[102.9135,14.1643],[102.8944,14.1613],[102.8845,14.1568],[102.8753,14.1554],[102.8695,14.1554],[102.8654,14.1568],[102.8455,14.1598],[102.8363,14.1628],[102.8264,14.1657],[102.8197,14.1657],[102.804,14.1613],[102.794,14.1583],[102.7907,14.1568],[102.7882,14.1539],[102.7857,14.1509],[102.7658,14.1435],[102.7234,14.1331],[102.7135,14.1317],[102.6894,14.1346],[102.6595,14.1346],[102.6529,14.1361],[102.6496,14.1376],[102.6446,14.142],[102.6388,14.1465],[102.6355,14.1494],[102.6296,14.1524],[102.6263,14.1524],[102.6238,14.1494],[102.623,14.1465],[102.6205,14.142],[102.618,14.1391],[102.613,14.1361],[102.6089,14.1361],[102.6064,14.1376],[102.6014,14.1435],[102.594,14.148],[102.5857,14.1954],[102.5857,14.2117],[102.5915,14.225],[102.6047,14.2502],[102.6064,14.2517],[102.6122,14.262],[102.6172,14.2754],[102.618,14.2813],[102.6172,14.2857],[102.6147,14.2872],[102.6114,14.2887],[102.6039,14.2917],[102.6014,14.2976],[102.5981,14.3065],[102.5948,14.3406],[102.5931,14.348],[102.5923,14.3509],[102.5898,14.3539],[102.5881,14.3569],[102.5798,14.3643],[102.5757,14.3702],[102.5749,14.3746],[102.5749,14.3791],[102.5807,14.4013],[102.5807,14.4072],[102.5807,14.4117],[102.5724,14.4354],[102.5657,14.4472],[102.5591,14.4547],[102.5176,14.4873],[102.5151,14.4902],[102.5101,14.4976],[102.5035,14.511],[102.4869,14.5584],[102.4844,14.5673],[102.4852,14.5717],[102.486,14.5762],[102.5076,14.631],[102.5101,14.6458],[102.5093,14.6532],[102.5085,14.6576],[102.5026,14.6665],[102.4968,14.6754],[102.491,14.6888],[102.4827,14.7154],[102.4819,14.7243],[102.4827,14.7495],[102.4827,14.751],[102.4811,14.754],[102.4645,14.7732],[102.4445,14.8354],[102.4429,14.8488],[102.4421,14.8532],[102.447,14.8488],[102.452,14.8443],[102.4578,14.8414],[102.4645,14.8384],[102.4802,14.834],[102.4827,14.8325],[102.4852,14.831],[102.4877,14.828],[102.496,14.8147],[102.4985,14.8117],[102.5002,14.8103],[102.5018,14.8088],[102.5043,14.8088],[102.53,14.8058],[102.5383,14.8073],[102.5616,14.8117],[102.5682,14.8147],[102.5707,14.8177],[102.574,14.8206],[102.5765,14.828],[102.5765,14.834],[102.5757,14.8369],[102.5566,14.868],[102.5541,14.8725],[102.5491,14.8903],[102.5483,14.8977],[102.5483,14.9036],[102.5566,14.9229],[102.5591,14.9303],[102.5591,14.9362],[102.5574,14.9392],[102.5549,14.9406],[102.53,14.9555],[102.5267,14.9569],[102.5226,14.9614],[102.5217,14.9643],[102.5234,14.9673],[102.5267,14.9688],[102.5309,14.9688],[102.535,14.9688],[102.5724,14.9584],[102.5915,14.948],[102.6056,14.9436],[102.6205,14.9392],[102.6388,14.9392],[102.6728,14.9421],[102.6869,14.9451],[102.7077,14.9525],[102.7541,14.9851],[102.76,14.9984],[102.7641,15.0147],[102.7699,15.0281],[102.7724,15.031],[102.7791,15.0384],[102.7832,15.0473],[102.7849,15.0518],[102.784,15.0577],[102.7799,15.0695],[102.7799,15.0725],[102.7807,15.0755],[102.7898,15.0829],[102.7948,15.0873],[102.8297,15.1318],[102.8538,15.154],[102.8596,15.157],[102.8737,15.1629],[102.8803,15.1644],[102.887,15.1673],[102.9019,15.1747],[102.9185,15.1822],[102.9218,15.1822],[102.926,15.1822],[102.9293,15.1807],[102.9351,15.1762],[102.9384,15.1762],[102.9417,15.1747],[102.9683,15.1822],[102.9725,15.1836],[102.9766,15.1866],[102.9832,15.194],[102.9849,15.1984],[102.9849,15.2029],[102.9824,15.2044],[102.9799,15.2073],[102.9783,15.2103],[102.9766,15.2133],[102.9758,15.2162],[102.9758,15.2503],[102.9749,15.2518],[102.9749,15.2533],[102.9741,15.2577],[102.9749,15.2651],[102.9791,15.2829],[102.9791,15.2888],[102.9783,15.2918],[102.9758,15.2992],[102.9749,15.3022],[102.9741,15.3066],[102.9749,15.3303],[102.9766,15.3362],[102.9783,15.3392],[102.9816,15.3422],[102.9932,15.3451],[102.999,15.3496],[103.0007,15.3525],[103.0015,15.357],[103.0007,15.3585],[102.999,15.3614],[102.9974,15.3629],[102.9915,15.3659],[102.9658,15.3703],[102.9625,15.3718],[102.9592,15.3733],[102.9567,15.3748],[102.9525,15.3851],[102.9534,15.3881],[102.9749,15.4296],[102.9799,15.4296],[102.9816,15.4281],[102.9832,15.4266],[102.9899,15.4222],[102.9957,15.4222],[103.0015,15.4311],[103.0164,15.44],[103.0181,15.4444],[103.0123,15.4577],[103.009,15.4637],[103.004,15.4681],[103.0023,15.4696],[102.9957,15.4726],[102.994,15.474],[102.9882,15.474],[102.9683,15.4726],[102.965,15.4726],[102.9617,15.4755],[102.9592,15.48],[102.9575,15.4844],[102.9542,15.4859],[102.9509,15.4874],[102.9484,15.4889],[102.9459,15.4918],[102.9451,15.4948],[102.9434,15.5007],[102.9417,15.5037],[102.9384,15.5052],[102.9351,15.5052],[102.9309,15.5066],[102.9218,15.5111],[102.9185,15.5126],[102.9143,15.5126],[102.9027,15.5126],[102.8944,15.514],[102.8911,15.514],[102.8878,15.5126],[102.8778,15.5081],[102.8745,15.5066],[102.8662,15.5066],[102.8621,15.5066],[102.8513,15.5111],[102.8471,15.5111],[102.8438,15.5096],[102.8405,15.5081],[102.8372,15.5081],[102.8338,15.5081],[102.8305,15.5096],[102.828,15.5111],[102.8206,15.5185],[102.8123,15.5289],[102.8089,15.5348],[102.8048,15.5392],[102.8006,15.5437],[102.799,15.5452],[102.7981,15.5481],[102.7965,15.554],[102.7957,15.5837],[102.7915,15.6074],[102.789,15.64],[102.794,15.6341],[102.8015,15.6281],[102.8064,15.6237],[102.8098,15.6222],[102.8172,15.6207],[102.8222,15.6207],[102.8264,15.6222],[102.8338,15.6237],[102.8579,15.6311],[102.8662,15.6355],[102.8687,15.637],[102.8728,15.6429],[102.8787,15.6533],[102.8886,15.6844],[102.8903,15.6918],[102.8894,15.6963],[102.8919,15.7511],[102.8919,15.7541],[102.8961,15.763],[102.9002,15.7689],[102.9036,15.7733],[102.9102,15.7763],[102.9143,15.7793],[102.9467,15.7896],[102.9683,15.7644],[102.9791,15.757],[102.9824,15.7556],[102.9849,15.7541],[102.9874,15.7526],[102.9891,15.7511],[102.9982,15.7363],[102.9998,15.7333],[103.0023,15.7333],[103.0057,15.7304],[103.009,15.7259],[103.0115,15.7141],[103.0123,15.7067],[103.0115,15.7022],[103.0106,15.6993],[103.009,15.6963],[103.0048,15.6918],[102.9841,15.68],[102.9799,15.677],[102.9783,15.6741],[102.9766,15.6711],[102.9783,15.6667],[102.9832,15.6607],[103.0247,15.6178],[103.0314,15.6133],[103.0364,15.6104],[103.0389,15.6089],[103.0447,15.6059],[103.0472,15.6029],[103.0488,15.6],[103.0505,15.5911],[103.0505,15.5866],[103.0521,15.5807],[103.0546,15.5748],[103.0687,15.5629],[103.0862,15.5526],[103.0887,15.5496],[103.0903,15.5437],[103.0911,15.5348],[103.0903,15.5303],[103.0878,15.5274],[103.0853,15.5259],[103.0828,15.5244],[103.0804,15.5215],[103.0795,15.5185],[103.0795,15.5155],[103.0795,15.5111],[103.0837,15.5066],[103.087,15.5022],[103.116,15.4829]]]}},{"type":"Feature","id":"TH.CY","properties":{"code":"TH.CY","name_en":"Chaiyaphum"},"geometry":{"type":"Polygon","coordinates":[[[101.7515,16.6697],[101.7664,16.6579],[101.7772,16.6505],[101.7838,16.6431],[101.7888,16.6431],[101.7921,16.6431],[101.8237,16.6594],[101.827,16.6594],[101.8353,16.6608],[101.8436,16.6594],[101.8519,16.6579],[101.9108,16.6342],[101.9191,16.6342],[101.9399,16.6357],[101.9482,16.6342],[101.9523,16.6342],[101.9556,16.6327],[101.959,16.6312],[101.9623,16.6283],[101.9664,16.6223],[101.9698,16.6164],[101.9722,16.6105],[101.9764,16.5957],[101.9797,16.5868],[101.9864,16.5764],[101.9905,16.5734],[101.9947,16.5705],[102.0021,16.5675],[102.0138,16.5645],[102.0171,16.5631],[102.0204,16.5616],[102.0262,16.5542],[102.0486,16.5245],[102.0544,16.5186],[102.0602,16.5142],[102.0669,16.5112],[102.0727,16.5068],[102.0768,16.5038],[102.0818,16.5023],[102.1623,16.5023],[102.1706,16.5023],[102.1764,16.5008],[102.1781,16.4993],[102.1814,16.5008],[102.1822,16.5008],[102.1839,16.5008],[102.1889,16.5038],[102.1922,16.5053],[102.1955,16.5053],[102.2038,16.5053],[102.2146,16.5023],[102.2179,16.5008],[102.2246,16.4964],[102.2379,16.4905],[102.2412,16.489],[102.2437,16.4875],[102.2561,16.4742],[102.2586,16.4712],[102.2653,16.4667],[102.2686,16.4653],[102.2877,16.4608],[102.291,16.4593],[102.3009,16.4505],[102.3043,16.4505],[102.3076,16.4505],[102.3109,16.4505],[102.3134,16.449],[102.3167,16.4475],[102.32,16.446],[102.3234,16.446],[102.33,16.4475],[102.3424,16.4505],[102.3466,16.4519],[102.3499,16.4519],[102.3532,16.4505],[102.3557,16.449],[102.359,16.446],[102.3624,16.4416],[102.3657,16.4401],[102.369,16.4386],[102.3723,16.4371],[102.3765,16.4371],[102.3798,16.4386],[102.3864,16.4401],[102.3889,16.4416],[102.3923,16.443],[102.3939,16.4445],[102.3939,16.4475],[102.3923,16.4534],[102.3931,16.4564],[102.3956,16.4579],[102.3989,16.4579],[102.4022,16.4579],[102.4055,16.4593],[102.4089,16.4564],[102.4113,16.4534],[102.4138,16.4401],[102.4155,16.4342],[102.418,16.4282],[102.4196,16.4267],[102.4296,16.4208],[102.4371,16.4149],[102.4396,16.4134],[102.4528,16.4075],[102.4537,16.3971],[102.452,16.3838],[102.4329,16.3215],[102.4196,16.2919],[102.4064,16.243],[102.4039,16.2386],[102.3989,16.2297],[102.3889,16.2178],[102.3831,16.2075],[102.3773,16.2001],[102.3756,16.1971],[102.3507,16.1689],[102.3474,16.1645],[102.3375,16.1408],[102.33,16.1304],[102.2926,16.0919],[102.2736,16.0786],[102.2669,16.0726],[102.2669,16.0711],[102.2677,16.0667],[102.276,16.0534],[102.2802,16.0489],[102.2968,16.0386],[102.3333,16.0267],[102.3466,16.0193],[102.3624,16.0074],[102.3665,16.003],[102.3682,16.0015],[102.3682,16.0],[102.369,16.0],[102.3715,15.9985],[102.3748,15.9971],[102.3864,15.9941],[102.3923,15.9837],[102.3889,15.9822],[102.3823,15.9763],[102.3798,15.9659],[102.3781,15.9541],[102.3698,15.9289],[102.3715,15.923],[102.3649,15.9082],[102.3566,15.8948],[102.3524,15.8904],[102.3491,15.88],[102.335,15.8637],[102.3317,15.8504],[102.3333,15.8356],[102.3366,15.8267],[102.3366,15.8163],[102.3317,15.8059],[102.3234,15.8074],[102.3076,15.8015],[102.2769,15.7852],[102.2536,15.7615],[102.2404,15.7526],[102.2221,15.7511],[102.2146,15.7644],[102.2146,15.76],[102.2146,15.7585],[102.213,15.757],[102.2088,15.757],[102.2146,15.7511],[102.2038,15.7452],[102.1756,15.7452],[102.1607,15.7363],[102.1623,15.7259],[102.159,15.717],[102.1466,15.7022],[102.1457,15.6978],[102.1474,15.6874],[102.1466,15.683],[102.1432,15.6785],[102.1391,15.677],[102.1358,15.677],[102.1333,15.6755],[102.1241,15.6548],[102.1192,15.6474],[102.1034,15.6326],[102.0843,15.6192],[102.0777,15.6311],[102.0403,15.6592],[102.0312,15.6444],[102.0038,15.5926],[102.0021,15.5911],[101.9988,15.5881],[101.9888,15.5807],[101.9673,15.5689],[101.9623,15.5644],[101.959,15.5585],[101.9556,15.5526],[101.9515,15.5348],[101.9515,15.5259],[101.954,15.5155],[101.9631,15.4933],[101.9648,15.4859],[101.9656,15.4814],[101.9648,15.477],[101.9639,15.474],[101.959,15.4696],[101.9183,15.4503],[101.9108,15.4429],[101.9025,15.434],[101.9,15.4311],[101.8934,15.4148],[101.8909,15.4074],[101.8884,15.3955],[101.8851,15.3851],[101.8834,15.3822],[101.8793,15.3792],[101.8735,15.3792],[101.8627,15.3807],[101.856,15.3837],[101.8461,15.3881],[101.8436,15.3881],[101.837,15.3896],[101.8295,15.3881],[101.8021,15.3807],[101.7871,15.3748],[101.7249,15.3407],[101.6859,15.3229],[101.6452,15.314],[101.6386,15.3111],[101.6303,15.3051],[101.6004,15.2755],[101.5871,15.2651],[101.5655,15.2533],[101.4261,15.2147],[101.4153,15.2147],[101.4062,15.2147],[101.402,15.2162],[101.397,15.2207],[101.3879,15.234],[101.3862,15.2385],[101.3846,15.2459],[101.3829,15.2503],[101.3796,15.2548],[101.3763,15.2607],[101.3696,15.2681],[101.3555,15.277],[101.3007,15.3022],[101.3331,15.3362],[101.3422,15.3481],[101.3705,15.4059],[101.373,15.4148],[101.373,15.437],[101.3754,15.4607],[101.3738,15.5007],[101.3705,15.5185],[101.3688,15.5348],[101.3655,15.5496],[101.3655,15.557],[101.3696,15.6],[101.3771,15.6355],[101.3929,15.68],[101.3945,15.6918],[101.3962,15.6993],[101.3945,15.7022],[101.3937,15.7067],[101.392,15.7096],[101.3896,15.7126],[101.3871,15.7141],[101.3846,15.7155],[101.3804,15.717],[101.3763,15.717],[101.3638,15.717],[101.3605,15.7185],[101.3572,15.72],[101.3348,15.7393],[101.3331,15.7422],[101.3323,15.7452],[101.3306,15.7481],[101.3298,15.7541],[101.3265,15.8415],[101.3273,15.8519],[101.329,15.8563],[101.3306,15.8593],[101.3348,15.8637],[101.3398,15.8682],[101.3481,15.8741],[101.353,15.8785],[101.3588,15.883],[101.3613,15.8874],[101.3655,15.8963],[101.3738,15.9319],[101.3837,15.9526],[101.3846,15.9585],[101.3846,15.963],[101.3821,15.9659],[101.3796,15.9674],[101.3763,15.9689],[101.368,15.9704],[101.3597,15.9719],[101.3522,15.9734],[101.3489,15.9748],[101.3464,15.9763],[101.3431,15.9793],[101.3414,15.9808],[101.3381,15.9867],[101.3331,15.9985],[101.329,16.0148],[101.324,16.0667],[101.324,16.0756],[101.3456,16.1763],[101.3456,16.1867],[101.3439,16.1956],[101.3439,16.2015],[101.3447,16.2045],[101.3489,16.2104],[101.3514,16.2134],[101.3564,16.2178],[101.3588,16.2208],[101.3622,16.2252],[101.3655,16.2341],[101.3663,16.2401],[101.3647,16.243],[101.358,16.246],[101.3547,16.2489],[101.3522,16.2519],[101.3505,16.2549],[101.3481,16.2593],[101.3489,16.2623],[101.3505,16.2652],[101.3547,16.2697],[101.3588,16.2756],[101.3622,16.2815],[101.3788,16.3571],[101.3804,16.3616],[101.3846,16.366],[101.3929,16.3719],[101.3962,16.3749],[101.3987,16.3779],[101.402,16.3838],[101.4028,16.3882],[101.4028,16.3941],[101.4003,16.4001],[101.4012,16.403],[101.4028,16.406],[101.407,16.4104],[101.4128,16.4149],[101.4311,16.4342],[101.4402,16.4386],[101.4427,16.4416],[101.4452,16.446],[101.4502,16.4564],[101.4518,16.4593],[101.4568,16.4638],[101.4609,16.4697],[101.4643,16.4742],[101.4676,16.4816],[101.4676,16.486],[101.4676,16.4919],[101.4634,16.5053],[101.4634,16.5112],[101.4651,16.5142],[101.4668,16.5171],[101.4692,16.5186],[101.4809,16.526],[101.4917,16.5334],[101.5049,16.5408],[101.5083,16.5438],[101.5124,16.5482],[101.5124,16.5527],[101.5124,16.5556],[101.5099,16.5571],[101.5008,16.566],[101.4991,16.5675],[101.4975,16.5719],[101.4966,16.5808],[101.4966,16.6001],[101.4983,16.609],[101.5,16.6149],[101.5008,16.6164],[101.5083,16.6194],[101.5124,16.6223],[101.5166,16.6297],[101.5174,16.6357],[101.5166,16.6401],[101.5124,16.6445],[101.5107,16.649],[101.5091,16.6549],[101.5083,16.6653],[101.5091,16.6712],[101.5107,16.6757],[101.5132,16.6771],[101.5157,16.6801],[101.519,16.6816],[101.5224,16.6816],[101.5265,16.6816],[101.5298,16.6801],[101.5332,16.6786],[101.5423,16.6742],[101.5498,16.6712],[101.5531,16.6712],[101.5572,16.6727],[101.5597,16.6742],[101.5622,16.6757],[101.5705,16.686],[101.573,16.689],[101.5755,16.6905],[101.5846,16.6949],[101.5929,16.7023],[101.5954,16.7038],[101.5987,16.7038],[101.602,16.7038],[101.6054,16.7023],[101.6079,16.6994],[101.6103,16.6979],[101.6137,16.692],[101.6162,16.6905],[101.6187,16.6875],[101.622,16.686],[101.6253,16.6846],[101.6294,16.6831],[101.6336,16.6831],[101.6369,16.6846],[101.6485,16.686],[101.6602,16.689],[101.6734,16.689],[101.6851,16.686],[101.6925,16.6831],[101.695,16.6816],[101.6975,16.6801],[101.7133,16.6623],[101.7191,16.6594],[101.7249,16.6549],[101.7282,16.6549],[101.7315,16.6564],[101.734,16.6594],[101.7373,16.6638],[101.7432,16.6683],[101.7515,16.6697]]]}},{"type":"Feature","id":"TH.KK","properties":{"code":"TH.KK","name_en":"Khon Kaen"},"geometry":{"type":"Polygon","coordinates":[[[103.1127,16.9127],[103.131,16.8949],[103.1343,16.8861],[103.1343,16.8831],[103.1326,16.8801],[103.1268,16.8683],[103.1252,16.8624],[103.1235,16.8535],[103.1235,16.8372],[103.1252,16.8312],[103.1277,16.8268],[103.131,16.8253],[103.1343,16.8268],[103.1385,16.8283],[103.1409,16.8298],[103.1459,16.8327],[103.1509,16.8372],[103.1534,16.8401],[103.1551,16.8431],[103.1559,16.8475],[103.1567,16.8505],[103.1567,16.8579],[103.1575,16.8609],[103.1609,16.8624],[103.165,16.8638],[103.1717,16.8624],[103.1808,16.8579],[103.1841,16.8535],[103.1916,16.8357],[103.1941,16.8223],[103.1932,16.8046],[103.1891,16.7853],[103.1858,16.7794],[103.1825,16.7735],[103.1775,16.769],[103.1725,16.7646],[103.1708,16.7601],[103.1692,16.7542],[103.1683,16.726],[103.1683,16.7216],[103.1667,16.7053],[103.1683,16.6846],[103.1683,16.6757],[103.1675,16.6683],[103.1658,16.6638],[103.1642,16.6608],[103.1625,16.6431],[103.1642,16.6283],[103.1642,16.6223],[103.1625,16.6164],[103.1584,16.6075],[103.1509,16.6001],[103.1476,16.5986],[103.136,16.5912],[103.1343,16.5897],[103.1326,16.5868],[103.121,16.5586],[103.1169,16.5527],[103.1136,16.5468],[103.1111,16.5453],[103.1053,16.5319],[103.1019,16.526],[103.0911,16.5127],[103.0812,16.5053],[103.0729,16.5008],[103.0654,16.4979],[103.0621,16.4964],[103.0579,16.4964],[103.0496,16.4964],[103.0463,16.4964],[103.043,16.4949],[103.0405,16.4919],[103.0289,16.4756],[103.0264,16.4742],[103.0231,16.4712],[103.0181,16.4682],[103.0115,16.4653],[102.9484,16.449],[102.9409,16.446],[102.9434,16.443],[102.9509,16.4327],[102.955,16.4223],[102.9567,16.4149],[102.9534,16.403],[102.9409,16.3808],[102.9359,16.3749],[102.9334,16.3734],[102.9309,16.3704],[102.9293,16.3675],[102.9226,16.3601],[102.921,16.3571],[102.9168,16.3467],[102.9152,16.3438],[102.9127,16.3423],[102.9102,16.3378],[102.9069,16.3334],[102.9036,16.323],[102.8986,16.3141],[102.8803,16.2993],[102.8778,16.2978],[102.8637,16.2875],[102.8587,16.283],[102.8546,16.2786],[102.8529,16.2741],[102.8513,16.2682],[102.8504,16.2578],[102.8521,16.2356],[102.8513,16.2149],[102.8521,16.2089],[102.8546,16.2001],[102.8604,16.1838],[102.8654,16.1675],[102.8637,16.1512],[102.8679,16.1171],[102.8679,16.1097],[102.867,16.1037],[102.8596,16.0874],[102.8587,16.0815],[102.8604,16.0726],[102.8645,16.0563],[102.872,16.046],[102.8778,16.0415],[102.8861,16.0386],[102.8894,16.0371],[102.8919,16.0341],[102.8944,16.0326],[102.9011,16.0208],[102.9094,16.0],[102.9119,15.9971],[102.9127,15.9911],[102.9135,15.9852],[102.9127,15.9719],[102.9102,15.96],[102.9094,15.9556],[102.9077,15.9526],[102.9069,15.9363],[102.9069,15.9289],[102.9102,15.92],[102.9376,15.8652],[102.9384,15.8593],[102.9392,15.8519],[102.9368,15.8296],[102.9368,15.8207],[102.9376,15.8163],[102.9467,15.7896],[102.9143,15.7793],[102.9102,15.7763],[102.9036,15.7733],[102.9002,15.7689],[102.8961,15.763],[102.8919,15.7541],[102.8919,15.7511],[102.8894,15.6963],[102.8903,15.6918],[102.8886,15.6844],[102.8787,15.6533],[102.8728,15.6429],[102.8687,15.637],[102.8662,15.6355],[102.8579,15.6311],[102.8338,15.6237],[102.8264,15.6222],[102.8222,15.6207],[102.8172,15.6207],[102.8098,15.6222],[102.8064,15.6237],[102.8015,15.6281],[102.794,15.6341],[102.789,15.64],[102.7608,15.6607],[102.7558,15.6637],[102.7475,15.6652],[102.7409,15.6652],[102.7292,15.6667],[102.7243,15.6696],[102.7209,15.6726],[102.7143,15.683],[102.7052,15.6933],[102.7035,15.6978],[102.7027,15.7007],[102.7019,15.7096],[102.6994,15.7155],[102.696,15.7185],[102.6927,15.72],[102.6894,15.7185],[102.6828,15.7155],[102.6803,15.7141],[102.677,15.7126],[102.6662,15.7096],[102.6587,15.7096],[102.6487,15.7111],[102.628,15.717],[102.618,15.7185],[102.6114,15.717],[102.6023,15.7081],[102.5989,15.7067],[102.5964,15.7052],[102.5857,15.7052],[102.5184,15.7155],[102.5076,15.717],[102.4894,15.7111],[102.4653,15.7096],[102.4611,15.7081],[102.4578,15.7067],[102.4421,15.6978],[102.4288,15.6948],[102.4238,15.6948],[102.4205,15.6963],[102.4047,15.7141],[102.4006,15.717],[102.3939,15.7215],[102.3798,15.7274],[102.374,15.7318],[102.3707,15.7363],[102.3698,15.7393],[102.3715,15.7526],[102.3715,15.7556],[102.3707,15.76],[102.369,15.763],[102.3673,15.7659],[102.3649,15.7674],[102.3615,15.7704],[102.3491,15.7807],[102.3466,15.7822],[102.3449,15.7852],[102.3317,15.8059],[102.3366,15.8163],[102.3366,15.8267],[102.3333,15.8356],[102.3317,15.8504],[102.335,15.8637],[102.3491,15.88],[102.3524,15.8904],[102.3566,15.8948],[102.3649,15.9082],[102.3715,15.923],[102.3698,15.9289],[102.3781,15.9541],[102.3798,15.9659],[102.3823,15.9763],[102.3889,15.9822],[102.3923,15.9837],[102.3864,15.9941],[102.3748,15.9971],[102.3715,15.9985],[102.369,16.0],[102.3682,16.0],[102.3682,16.0015],[102.3665,16.003],[102.3624,16.0074],[102.3466,16.0193],[102.3333,16.0267],[102.2968,16.0386],[102.2802,16.0489],[102.276,16.0534],[102.2677,16.0667],[102.2669,16.0711],[102.2669,16.0726],[102.2736,16.0786],[102.2926,16.0919],[102.33,16.1304],[102.3375,16.1408],[102.3474,16.1645],[102.3507,16.1689],[102.3756,16.1971],[102.3773,16.2001],[102.3831,16.2075],[102.3889,16.2178],[102.3989,16.2297],[102.4039,16.2386],[102.4064,16.243],[102.4196,16.2919],[102.4329,16.3215],[102.452,16.3838],[102.4537,16.3971],[102.4528,16.4075],[102.4396,16.4134],[102.4371,16.4149],[102.4296,16.4208],[102.4196,16.4267],[102.418,16.4282],[102.4155,16.4342],[102.4138,16.4401],[102.4113,16.4534],[102.4089,16.4564],[102.4055,16.4593],[102.4022,16.4579],[102.3989,16.4579],[102.3956,16.4579],[102.3931,16.4564],[102.3923,16.4534],[102.3939,16.4475],[102.3939,16.4445],[102.3923,16.443],[102.3889,16.4416],[102.3864,16.4401],[102.3798,16.4386],[102.3765,16.4371],[102.3723,16.4371],[102.369,16.4386],[102.3657,16.4401],[102.3624,16.4416],[102.359,16.446],[102.3557,16.449],[102.3532,16.4505],[102.3499,16.4519],[102.3466,16.4519],[102.3424,16.4505],[102.33,16.4475],[102.3234,16.446],[102.32,16.446],[102.3167,16.4475],[102.3134,16.449],[102.3109,16.4505],[102.3076,16.4505],[102.3043,16.4505],[102.3009,16.4505],[102.291,16.4593],[102.2877,16.4608],[102.2686,16.4653],[102.2653,16.4667],[102.2586,16.4712],[102.2561,16.4742],[102.2437,16.4875],[102.2412,16.489],[102.2379,16.4905],[102.2246,16.4964],[102.2179,16.5008],[102.2146,16.5023],[102.2038,16.5053],[102.1955,16.5053],[102.1922,16.5053],[102.1889,16.5038],[102.1839,16.5008],[102.1822,16.5008],[102.1814,16.5008],[102.1781,16.4993],[102.1764,16.5008],[102.1706,16.5023],[102.1623,16.5023],[102.0818,16.5023],[102.0768,16.5038],[102.0727,16.5068],[102.0669,16.5112],[102.0602,16.5142],[102.0544,16.5186],[102.0486,16.5245],[102.0262,16.5542],[102.0204,16.5616],[102.0171,16.5631],[102.0138,16.5645],[102.0021,16.5675],[101.9947,16.5705],[101.9905,16.5734],[101.9864,16.5764],[101.9797,16.5868],[101.9764,16.5957],[101.9722,16.6105],[101.9698,16.6164],[101.9664,16.6223],[101.9623,16.6283],[101.959,16.6312],[101.9556,16.6327],[101.9523,16.6342],[101.9482,16.6342],[101.9399,16.6357],[101.9191,16.6342],[101.9108,16.6342],[101.8519,16.6579],[101.8436,16.6594],[101.8353,16.6608],[101.827,16.6594],[101.8237,16.6594],[101.7921,16.6431],[101.7888,16.6431],[101.7838,16.6431],[101.7772,16.6505],[101.7664,16.6579],[101.7515,16.6697],[101.7564,16.6816],[101.7739,16.7009],[101.7871,16.7246],[101.788,16.732],[101.788,16.7379],[101.7871,16.7423],[101.7905,16.766],[101.871,16.7957],[101.9341,16.8372],[101.9556,16.8475],[101.9598,16.849],[101.9639,16.849],[101.9673,16.849],[101.9781,16.8446],[101.9855,16.8431],[101.9913,16.8446],[101.9963,16.8475],[102.0104,16.8579],[102.0171,16.8609],[102.0254,16.8624],[102.0387,16.8638],[102.0461,16.8668],[102.0519,16.8698],[102.0553,16.8727],[102.071,16.8861],[102.1075,16.8831],[102.1258,16.8787],[102.1366,16.8772],[102.1407,16.8772],[102.1432,16.8757],[102.1565,16.8683],[102.1623,16.8653],[102.1756,16.8624],[102.1781,16.8624],[102.1881,16.8579],[102.1914,16.8579],[102.1955,16.8564],[102.2005,16.8579],[102.2055,16.8594],[102.2163,16.8668],[102.2196,16.8698],[102.2221,16.8727],[102.2254,16.8742],[102.2312,16.8757],[102.2354,16.8787],[102.2379,16.8801],[102.2412,16.8861],[102.2437,16.8875],[102.2462,16.889],[102.2495,16.8905],[102.2553,16.8905],[102.2636,16.8905],[102.2752,16.889],[102.281,16.8861],[102.2868,16.8831],[102.2926,16.8801],[102.2951,16.8787],[102.2985,16.8727],[102.3001,16.8712],[102.3051,16.8683],[102.3076,16.8668],[102.3084,16.8638],[102.3084,16.8594],[102.3101,16.8579],[102.3126,16.8564],[102.3159,16.8549],[102.3192,16.8535],[102.3209,16.852],[102.3225,16.849],[102.3225,16.8461],[102.3225,16.8431],[102.3234,16.8401],[102.3275,16.8357],[102.3292,16.8342],[102.3308,16.8312],[102.3325,16.8253],[102.3341,16.8223],[102.3366,16.8194],[102.3416,16.8194],[102.3499,16.8179],[102.3574,16.8149],[102.359,16.8149],[102.3632,16.812],[102.3732,16.8105],[102.3756,16.809],[102.3765,16.809],[102.3781,16.8075],[102.3923,16.8031],[102.4105,16.7927],[102.4213,16.7898],[102.4255,16.7898],[102.4304,16.7883],[102.447,16.7912],[102.4636,16.7972],[102.467,16.7986],[102.4711,16.7986],[102.4753,16.7986],[102.506,16.7942],[102.5217,16.7898],[102.5284,16.7883],[102.535,16.7853],[102.5408,16.7809],[102.5433,16.7779],[102.5475,16.7735],[102.5533,16.766],[102.5549,16.7631],[102.5591,16.7616],[102.5632,16.7616],[102.579,16.766],[102.5873,16.766],[102.6039,16.7675],[102.6097,16.769],[102.6114,16.7705],[102.6139,16.7749],[102.628,16.8312],[102.6761,16.9438],[102.6828,16.9572],[102.6844,16.9616],[102.6853,16.9646],[102.6853,16.9735],[102.6919,17.0046],[102.6919,17.0298],[102.6919,17.0342],[102.6936,17.0387],[102.6952,17.0416],[102.6994,17.0461],[102.7068,17.0579],[102.7118,17.0713],[102.7143,17.0727],[102.7168,17.0742],[102.7201,17.0727],[102.7234,17.0683],[102.7243,17.0639],[102.7243,17.055],[102.7251,17.052],[102.7276,17.0446],[102.7301,17.0431],[102.7359,17.0387],[102.7874,17.0135],[102.7981,17.0061],[102.8006,17.0046],[102.8031,17.0016],[102.8048,17.0001],[102.8081,16.9927],[102.8106,16.9898],[102.8147,16.9883],[102.828,16.9794],[102.8322,16.9764],[102.8338,16.972],[102.833,16.969],[102.8305,16.9676],[102.8247,16.9631],[102.8222,16.9616],[102.8222,16.9587],[102.823,16.9557],[102.828,16.9468],[102.8289,16.9438],[102.8297,16.9394],[102.8305,16.9305],[102.8289,16.9142],[102.8289,16.9112],[102.8322,16.892],[102.833,16.8875],[102.8322,16.8831],[102.8322,16.8801],[102.833,16.8757],[102.8372,16.8742],[102.8446,16.8742],[102.8637,16.8772],[102.8745,16.8787],[102.8894,16.8787],[102.9002,16.8742],[102.911,16.8668],[102.9243,16.852],[102.9293,16.8475],[102.9318,16.8446],[102.9351,16.8431],[102.9426,16.8416],[102.9467,16.8416],[102.9558,16.8416],[103.1127,16.9127]]]}},{"type":"Feature","id":"TH.KL","properties":{"code":"TH.KL","name_en":"Kalasin"},"geometry":{"type":"Polygon","coordinates":[[[103.6498,17.0446],[103.6473,17.0372],[103.6456,17.0342],[103.644,17.0313],[103.644,17.0268],[103.6448,17.0239],[103.6473,17.0224],[103.6506,17.0194],[103.6564,17.0194],[103.6647,17.0194],[103.6738,17.0209],[103.6772,17.0224],[103.6855,17.0239],[103.6921,17.0224],[103.6996,17.0194],[103.7137,17.009],[103.722,17.0001],[103.7228,17.0001],[103.7236,17.0001],[103.7427,16.9853],[103.7519,16.9779],[103.7776,16.9616],[103.7834,16.9557],[103.7859,16.9513],[103.7867,16.9483],[103.7859,16.9438],[103.7817,16.935],[103.7809,16.9275],[103.7809,16.9231],[103.7817,16.9157],[103.7826,16.9127],[103.7859,16.9053],[103.7892,16.8994],[103.795,16.892],[103.7975,16.889],[103.8241,16.8757],[103.8299,16.8712],[103.8332,16.8683],[103.8365,16.8624],[103.8398,16.852],[103.8415,16.849],[103.8432,16.8461],[103.8457,16.8431],[103.8764,16.8223],[103.8805,16.8209],[103.9038,16.812],[103.9071,16.8105],[103.9096,16.8075],[103.9162,16.8001],[103.9245,16.7942],[103.9295,16.7898],[103.9328,16.7853],[103.9378,16.7794],[103.9411,16.7794],[103.9444,16.7809],[103.9494,16.7868],[103.9519,16.7912],[103.9552,16.8075],[103.9585,16.8149],[103.961,16.8164],[103.9644,16.8179],[103.9702,16.8164],[103.9743,16.8164],[103.9776,16.8194],[103.9826,16.8298],[103.9868,16.8327],[103.9917,16.8357],[104.0017,16.8386],[104.0067,16.8416],[104.0108,16.8431],[104.0133,16.8461],[104.0191,16.8535],[104.0225,16.8549],[104.0283,16.8549],[104.0382,16.849],[104.0507,16.8461],[104.0573,16.8431],[104.0731,16.8327],[104.0872,16.812],[104.0938,16.8046],[104.098,16.7986],[104.1021,16.7912],[104.1187,16.7705],[104.1237,16.766],[104.1254,16.7631],[104.1279,16.7616],[104.132,16.7572],[104.1362,16.7497],[104.1436,16.7349],[104.1619,16.7068],[104.1661,16.6994],[104.1694,16.6949],[104.1702,16.6875],[104.1719,16.6816],[104.1785,16.6742],[104.1827,16.6712],[104.1843,16.6668],[104.1793,16.6534],[104.1785,16.649],[104.1818,16.6223],[104.1827,16.6179],[104.186,16.612],[104.2051,16.5853],[104.2125,16.5705],[104.2142,16.5675],[104.2208,16.5601],[104.2374,16.5275],[104.2399,16.5097],[104.2399,16.4845],[104.2449,16.4534],[104.2441,16.4327],[104.2283,16.4356],[104.2208,16.4371],[104.21,16.4371],[104.1984,16.4356],[104.1918,16.4356],[104.1868,16.4356],[104.1818,16.4416],[104.1802,16.443],[104.1768,16.4445],[104.1727,16.446],[104.1685,16.446],[104.1644,16.4445],[104.1602,16.443],[104.1387,16.4312],[104.064,16.3971],[104.059,16.3956],[104.0515,16.3971],[104.0482,16.4001],[104.0457,16.4045],[104.0415,16.4386],[104.0407,16.4401],[104.0399,16.4416],[104.0166,16.443],[104.0092,16.4445],[104.0025,16.4445],[103.9942,16.4445],[103.9776,16.4401],[103.9693,16.4386],[103.9635,16.4401],[103.9561,16.4416],[103.9494,16.4416],[103.9336,16.4416],[103.9295,16.4416],[103.9253,16.443],[103.922,16.4445],[103.9195,16.446],[103.9179,16.449],[103.9154,16.4519],[103.9121,16.4534],[103.9079,16.4534],[103.8996,16.4534],[103.8955,16.4534],[103.8921,16.4549],[103.8896,16.4564],[103.8755,16.4667],[103.8722,16.4682],[103.8681,16.4682],[103.8598,16.4682],[103.8523,16.4667],[103.8473,16.4667],[103.8307,16.4667],[103.8249,16.4667],[103.8174,16.4638],[103.8058,16.4579],[103.7162,16.3912],[103.7112,16.3867],[103.7079,16.3853],[103.7054,16.3823],[103.7045,16.3764],[103.7062,16.3719],[103.7079,16.369],[103.7145,16.3616],[103.7162,16.3586],[103.7203,16.3541],[103.722,16.3512],[103.7228,16.3467],[103.7236,16.3438],[103.7236,16.3393],[103.7236,16.3364],[103.7245,16.3319],[103.7261,16.329],[103.7278,16.326],[103.7444,16.3141],[103.7477,16.3112],[103.7494,16.3097],[103.7502,16.3067],[103.751,16.3038],[103.751,16.2964],[103.7469,16.2667],[103.7452,16.2638],[103.7436,16.2608],[103.7419,16.2578],[103.7353,16.2504],[103.7336,16.246],[103.7303,16.2312],[103.727,16.2208],[103.7128,16.2252],[103.7021,16.2297],[103.6954,16.2297],[103.6954,16.2163],[103.6871,16.2193],[103.6788,16.2223],[103.6614,16.2223],[103.6614,16.2163],[103.6655,16.2134],[103.6697,16.2075],[103.6747,16.203],[103.668,16.1956],[103.6606,16.2015],[103.6547,16.1986],[103.6464,16.1956],[103.6348,16.1956],[103.6307,16.2001],[103.6249,16.2075],[103.6174,16.2163],[103.6066,16.2223],[103.6066,16.206],[103.5883,16.2015],[103.5676,16.206],[103.5585,16.2223],[103.5485,16.2193],[103.5336,16.2119],[103.5253,16.2104],[103.5236,16.2089],[103.4887,16.2104],[103.4763,16.2089],[103.4705,16.206],[103.463,16.1926],[103.4589,16.1897],[103.453,16.1912],[103.4514,16.1971],[103.4506,16.2045],[103.4481,16.2089],[103.4215,16.2445],[103.424,16.2564],[103.4223,16.2667],[103.4207,16.2727],[103.4165,16.2801],[103.4132,16.283],[103.3999,16.289],[103.3891,16.2934],[103.3709,16.3097],[103.3676,16.3141],[103.3601,16.3364],[103.3568,16.3423],[103.3493,16.3541],[103.3451,16.3601],[103.3418,16.363],[103.3385,16.363],[103.3302,16.3645],[103.3236,16.3645],[103.3153,16.3675],[103.3103,16.3704],[103.3078,16.3734],[103.3078,16.3779],[103.3078,16.3808],[103.307,16.3867],[103.3053,16.3927],[103.302,16.4001],[103.2978,16.4016],[103.2953,16.4016],[103.2937,16.3986],[103.2887,16.3897],[103.2845,16.3838],[103.2821,16.3808],[103.2796,16.3793],[103.2762,16.3779],[103.2181,16.363],[103.2115,16.363],[103.204,16.363],[103.1908,16.366],[103.1858,16.369],[103.1825,16.3734],[103.1791,16.3808],[103.1775,16.3912],[103.1775,16.3956],[103.1783,16.3986],[103.18,16.4016],[103.1866,16.409],[103.1916,16.4223],[103.1957,16.4282],[103.1974,16.4312],[103.1974,16.4356],[103.1957,16.4416],[103.1924,16.4475],[103.1808,16.4653],[103.1783,16.4712],[103.1758,16.486],[103.175,16.4905],[103.1758,16.4949],[103.1766,16.4993],[103.1932,16.5423],[103.1941,16.5453],[103.1941,16.5497],[103.1916,16.5556],[103.1866,16.5631],[103.1858,16.5675],[103.1858,16.5749],[103.1849,16.5823],[103.1816,16.5971],[103.1816,16.6016],[103.1825,16.6045],[103.1841,16.6075],[103.1858,16.6105],[103.1883,16.612],[103.1974,16.6179],[103.1991,16.6208],[103.1999,16.6253],[103.1991,16.6342],[103.1957,16.6371],[103.1916,16.6386],[103.1733,16.6401],[103.1625,16.6431],[103.1642,16.6608],[103.1658,16.6638],[103.1675,16.6683],[103.1683,16.6757],[103.1683,16.6846],[103.1667,16.7053],[103.1683,16.7216],[103.1683,16.726],[103.1692,16.7542],[103.1708,16.7601],[103.1725,16.7646],[103.1775,16.769],[103.1825,16.7735],[103.1858,16.7794],[103.1891,16.7853],[103.1932,16.8046],[103.1941,16.8223],[103.1916,16.8357],[103.1841,16.8535],[103.1808,16.8579],[103.1717,16.8624],[103.165,16.8638],[103.1609,16.8624],[103.1575,16.8609],[103.1567,16.8579],[103.1567,16.8505],[103.1559,16.8475],[103.1551,16.8431],[103.1534,16.8401],[103.1509,16.8372],[103.1459,16.8327],[103.1409,16.8298],[103.1385,16.8283],[103.1343,16.8268],[103.131,16.8253],[103.1277,16.8268],[103.1252,16.8312],[103.1235,16.8372],[103.1235,16.8535],[103.1252,16.8624],[103.1268,16.8683],[103.1326,16.8801],[103.1343,16.8831],[103.1343,16.8861],[103.131,16.8949],[103.1127,16.9127],[103.136,16.9498],[103.1426,16.9572],[103.1443,16.9587],[103.1476,16.9587],[103.1534,16.9572],[103.1642,16.9542],[103.1725,16.9527],[103.1775,16.9527],[103.1899,16.9542],[103.1949,16.9542],[103.1999,16.9542],[103.2065,16.9542],[103.2173,16.9557],[103.2256,16.9601],[103.2314,16.9616],[103.2372,16.9616],[103.2505,16.9601],[103.2605,16.9572],[103.2671,16.9542],[103.2787,16.9498],[103.2837,16.9468],[103.287,16.9453],[103.292,16.9409],[103.2937,16.9379],[103.2995,16.9364],[103.3086,16.9335],[103.3302,16.9305],[103.3509,16.9246],[103.3692,16.9187],[103.3842,16.9098],[103.3941,16.9053],[103.3999,16.9024],[103.414,16.892],[103.4223,16.8816],[103.424,16.8787],[103.4248,16.8757],[103.424,16.8683],[103.4223,16.8609],[103.4223,16.8564],[103.4223,16.852],[103.429,16.8357],[103.4306,16.8312],[103.4331,16.8283],[103.4356,16.8283],[103.4373,16.8298],[103.4406,16.8342],[103.4423,16.8372],[103.4431,16.8401],[103.4423,16.8461],[103.4431,16.849],[103.4464,16.852],[103.4506,16.8624],[103.4522,16.8638],[103.4539,16.8668],[103.4597,16.8727],[103.463,16.8772],[103.468,16.8846],[103.4696,16.8875],[103.4738,16.892],[103.4771,16.8964],[103.4804,16.9009],[103.4821,16.9038],[103.4829,16.9068],[103.4838,16.9098],[103.4829,16.9216],[103.4804,16.935],[103.4813,16.9424],[103.4846,16.9587],[103.4862,16.9616],[103.4879,16.9646],[103.4979,16.975],[103.5012,16.9838],[103.507,16.9898],[103.5087,16.9927],[103.5095,16.9957],[103.5095,17.0001],[103.5103,17.0253],[103.5103,17.0298],[103.507,17.0387],[103.5062,17.0416],[103.507,17.0446],[103.5087,17.0476],[103.5103,17.049],[103.5128,17.0505],[103.5153,17.052],[103.517,17.055],[103.5186,17.0565],[103.5261,17.0653],[103.5294,17.0713],[103.5311,17.0742],[103.536,17.0787],[103.5668,17.095],[103.5767,17.0994],[103.5834,17.1009],[103.5925,17.0965],[103.6091,17.0935],[103.6141,17.0905],[103.6166,17.089],[103.6191,17.0861],[103.6323,17.0713],[103.6381,17.0594],[103.6415,17.055],[103.6473,17.049],[103.6498,17.0446]]]}},{"type":"Feature","id":"TH.MS","properties":{"code":"TH.MS","name_en":"Maha Sarakham"},"geometry":{"type":"Polygon","coordinates":[[[103.5253,16.2104],[103.4763,16.1304],[103.4688,16.1052],[103.468,16.0786],[103.468,16.0741],[103.4696,16.0667],[103.4713,16.0637],[103.4796,16.0489],[103.4813,16.0415],[103.4821,15.9793],[103.4937,15.9437],[103.4954,15.9319],[103.4954,15.9245],[103.4945,15.9185],[103.4929,15.9156],[103.4804,15.9008],[103.4788,15.8978],[103.4688,15.8652],[103.4389,15.7215],[103.4356,15.7126],[103.4331,15.7096],[103.4298,15.7081],[103.4265,15.7067],[103.4232,15.7067],[103.414,15.7067],[103.3941,15.7111],[103.3858,15.7111],[103.3775,15.7111],[103.37,15.7096],[103.3667,15.7081],[103.3543,15.7022],[103.3451,15.6918],[103.3393,15.6844],[103.3153,15.6281],[103.3119,15.6222],[103.3078,15.6192],[103.2987,15.6074],[103.297,15.6029],[103.297,15.5985],[103.2987,15.5955],[103.3011,15.5941],[103.3045,15.5926],[103.3086,15.5926],[103.3119,15.5911],[103.3144,15.5881],[103.3169,15.5866],[103.3177,15.5822],[103.3177,15.5792],[103.3186,15.5748],[103.3186,15.5718],[103.3202,15.5674],[103.3211,15.5644],[103.3236,15.5615],[103.3285,15.557],[103.3402,15.5496],[103.346,15.5466],[103.3534,15.5452],[103.3568,15.5437],[103.3642,15.5407],[103.3667,15.5392],[103.3783,15.5274],[103.3808,15.5259],[103.385,15.5259],[103.3883,15.5259],[103.3966,15.5318],[103.3999,15.5333],[103.4041,15.5333],[103.4124,15.5333],[103.4207,15.5333],[103.4248,15.5318],[103.4281,15.5303],[103.434,15.5274],[103.4364,15.5244],[103.4389,15.52],[103.4414,15.5111],[103.4414,15.5052],[103.4406,15.5022],[103.4406,15.5007],[103.4356,15.4918],[103.4174,15.4281],[103.3601,15.4044],[103.3435,15.4014],[103.3285,15.4088],[103.2904,15.4207],[103.2837,15.4237],[103.2812,15.4251],[103.2787,15.4281],[103.2746,15.4311],[103.2679,15.4355],[103.243,15.4429],[103.2372,15.4459],[103.2347,15.4474],[103.2314,15.4503],[103.116,15.4829],[103.087,15.5022],[103.0837,15.5066],[103.0795,15.5111],[103.0795,15.5155],[103.0795,15.5185],[103.0804,15.5215],[103.0828,15.5244],[103.0853,15.5259],[103.0878,15.5274],[103.0903,15.5303],[103.0911,15.5348],[103.0903,15.5437],[103.0887,15.5496],[103.0862,15.5526],[103.0687,15.5629],[103.0546,15.5748],[103.0521,15.5807],[103.0505,15.5866],[103.0505,15.5911],[103.0488,15.6],[103.0472,15.6029],[103.0447,15.6059],[103.0389,15.6089],[103.0364,15.6104],[103.0314,15.6133],[103.0247,15.6178],[102.9832,15.6607],[102.9783,15.6667],[102.9766,15.6711],[102.9783,15.6741],[102.9799,15.677],[102.9841,15.68],[103.0048,15.6918],[103.009,15.6963],[103.0106,15.6993],[103.0115,15.7022],[103.0123,15.7067],[103.0115,15.7141],[103.009,15.7259],[103.0057,15.7304],[103.0023,15.7333],[102.9998,15.7333],[102.9982,15.7363],[102.9891,15.7511],[102.9874,15.7526],[102.9849,15.7541],[102.9824,15.7556],[102.9791,15.757],[102.9683,15.7644],[102.9467,15.7896],[102.9376,15.8163],[102.9368,15.8207],[102.9368,15.8296],[102.9392,15.8519],[102.9384,15.8593],[102.9376,15.8652],[102.9102,15.92],[102.9069,15.9289],[102.9069,15.9363],[102.9077,15.9526],[102.9094,15.9556],[102.9102,15.96],[102.9127,15.9719],[102.9135,15.9852],[102.9127,15.9911],[102.9119,15.9971],[102.9094,16.0],[102.9011,16.0208],[102.8944,16.0326],[102.8919,16.0341],[102.8894,16.0371],[102.8861,16.0386],[102.8778,16.0415],[102.872,16.046],[102.8645,16.0563],[102.8604,16.0726],[102.8587,16.0815],[102.8596,16.0874],[102.867,16.1037],[102.8679,16.1097],[102.8679,16.1171],[102.8637,16.1512],[102.8654,16.1675],[102.8604,16.1838],[102.8546,16.2001],[102.8521,16.2089],[102.8513,16.2149],[102.8521,16.2356],[102.8504,16.2578],[102.8513,16.2682],[102.8529,16.2741],[102.8546,16.2786],[102.8587,16.283],[102.8637,16.2875],[102.8778,16.2978],[102.8803,16.2993],[102.8986,16.3141],[102.9036,16.323],[102.9069,16.3334],[102.9102,16.3378],[102.9127,16.3423],[102.9152,16.3438],[102.9168,16.3467],[102.921,16.3571],[102.9226,16.3601],[102.9293,16.3675],[102.9309,16.3704],[102.9334,16.3734],[102.9359,16.3749],[102.9409,16.3808],[102.9534,16.403],[102.9567,16.4149],[102.955,16.4223],[102.9509,16.4327],[102.9434,16.443],[102.9409,16.446],[102.9484,16.449],[103.0115,16.4653],[103.0181,16.4682],[103.0231,16.4712],[103.0264,16.4742],[103.0289,16.4756],[103.0405,16.4919],[103.043,16.4949],[103.0463,16.4964],[103.0496,16.4964],[103.0579,16.4964],[103.0621,16.4964],[103.0654,16.4979],[103.0729,16.5008],[103.0812,16.5053],[103.0911,16.5127],[103.1019,16.526],[103.1053,16.5319],[103.1111,16.5453],[103.1136,16.5468],[103.1169,16.5527],[103.121,16.5586],[103.1326,16.5868],[103.1343,16.5897],[103.136,16.5912],[103.1476,16.5986],[103.1509,16.6001],[103.1584,16.6075],[103.1625,16.6164],[103.1642,16.6223],[103.1642,16.6283],[103.1625,16.6431],[103.1733,16.6401],[103.1916,16.6386],[103.1957,16.6371],[103.1991,16.6342],[103.1999,16.6253],[103.1991,16.6208],[103.1974,16.6179],[103.1883,16.612],[103.1858,16.6105],[103.1841,16.6075],[103.1825,16.6045],[103.1816,16.6016],[103.1816,16.5971],[103.1849,16.5823],[103.1858,16.5749],[103.1858,16.5675],[103.1866,16.5631],[103.1916,16.5556],[103.1941,16.5497],[103.1941,16.5453],[103.1932,16.5423],[103.1766,16.4993],[103.1758,16.4949],[103.175,16.4905],[103.1758,16.486],[103.1783,16.4712],[103.1808,16.4653],[103.1924,16.4475],[103.1957,16.4416],[103.1974,16.4356],[103.1974,16.4312],[103.1957,16.4282],[103.1916,16.4223],[103.1866,16.409],[103.18,16.4016],[103.1783,16.3986],[103.1775,16.3956],[103.1775,16.3912],[103.1791,16.3808],[103.1825,16.3734],[103.1858,16.369],[103.1908,16.366],[103.204,16.363],[103.2115,16.363],[103.2181,16.363],[103.2762,16.3779],[103.2796,16.3793],[103.2821,16.3808],[103.2845,16.3838],[103.2887,16.3897],[103.2937,16.3986],[103.2953,16.4016],[103.2978,16.4016],[103.302,16.4001],[103.3053,16.3927],[103.307,16.3867],[103.3078,16.3808],[103.3078,16.3779],[103.3078,16.3734],[103.3103,16.3704],[103.3153,16.3675],[103.3236,16.3645],[103.3302,16.3645],[103.3385,16.363],[103.3418,16.363],[103.3451,16.3601],[103.3493,16.3541],[103.3568,16.3423],[103.3601,16.3364],[103.3676,16.3141],[103.3709,16.3097],[103.3891,16.2934],[103.3999,16.289],[103.4132,16.283],[103.4165,16.2801],[103.4207,16.2727],[103.4223,16.2667],[103.424,16.2564],[103.4215,16.2445],[103.4481,16.2089],[103.4506,16.2045],[103.4514,16.1971],[103.453,16.1912],[103.4589,16.1897],[103.463,16.1926],[103.4705,16.206],[103.4763,16.2089],[103.4887,16.2104],[103.5236,16.2089],[103.5253,16.2104]]]}},{"type":"Feature","id":"TH.NR","properties":{"code":"TH.NR","name_en":"Nakhon Ratchasima"},"geometry":{"type":"Polygon","coordinates":[[[102.3317,15.8059],[102.3449,15.7852],[102.3466,15.7822],[102.3491,15.7807],[102.3615,15.7704],[102.3649,15.7674],[102.3673,15.7659],[102.369,15.763],[102.3707,15.76],[102.3715,15.7556],[102.3715,15.7526],[102.3698,15.7393],[102.3707,15.7363],[102.374,15.7318],[102.3798,15.7274],[102.3939,15.7215],[102.4006,15.717],[102.4047,15.7141],[102.4205,15.6963],[102.4238,15.6948],[102.4288,15.6948],[102.4421,15.6978],[102.4578,15.7067],[102.4611,15.7081],[102.4653,15.7096],[102.4894,15.7111],[102.5076,15.717],[102.5184,15.7155],[102.5857,15.7052],[102.5964,15.7052],[102.5989,15.7067],[102.6023,15.7081],[102.6114,15.717],[102.618,15.7185],[102.628,15.717],[102.6487,15.7111],[102.6587,15.7096],[102.6662,15.7096],[102.677,15.7126],[102.6803,15.7141],[102.6828,15.7155],[102.6894,15.7185],[102.6927,15.72],[102.696,15.7185],[102.6994,15.7155],[102.7019,15.7096],[102.7027,15.7007],[102.7035,15.6978],[102.7052,15.6933],[102.7143,15.683],[102.7209,15.6726],[102.7243,15.6696],[102.7292,15.6667],[102.7409,15.6652],[102.7475,15.6652],[102.7558,15.6637],[102.7608,15.6607],[102.789,15.64],[102.7915,15.6074],[102.7957,15.5837],[102.7965,15.554],[102.7981,15.5481],[102.799,15.5452],[102.8006,15.5437],[102.8048,15.5392],[102.8089,15.5348],[102.8123,15.5289],[102.8206,15.5185],[102.828,15.5111],[102.8305,15.5096],[102.8338,15.5081],[102.8372,15.5081],[102.8405,15.5081],[102.8438,15.5096],[102.8471,15.5111],[102.8513,15.5111],[102.8621,15.5066],[102.8662,15.5066],[102.8745,15.5066],[102.8778,15.5081],[102.8878,15.5126],[102.8911,15.514],[102.8944,15.514],[102.9027,15.5126],[102.9143,15.5126],[102.9185,15.5126],[102.9218,15.5111],[102.9309,15.5066],[102.9351,15.5052],[102.9384,15.5052],[102.9417,15.5037],[102.9434,15.5007],[102.9451,15.4948],[102.9459,15.4918],[102.9484,15.4889],[102.9509,15.4874],[102.9542,15.4859],[102.9575,15.4844],[102.9592,15.48],[102.9617,15.4755],[102.965,15.4726],[102.9683,15.4726],[102.9882,15.474],[102.994,15.474],[102.9957,15.4726],[103.0023,15.4696],[103.004,15.4681],[103.009,15.4637],[103.0123,15.4577],[103.0181,15.4444],[103.0164,15.44],[103.0015,15.4311],[102.9957,15.4222],[102.9899,15.4222],[102.9832,15.4266],[102.9816,15.4281],[102.9799,15.4296],[102.9749,15.4296],[102.9534,15.3881],[102.9525,15.3851],[102.9567,15.3748],[102.9592,15.3733],[102.9625,15.3718],[102.9658,15.3703],[102.9915,15.3659],[102.9974,15.3629],[102.999,15.3614],[103.0007,15.3585],[103.0015,15.357],[103.0007,15.3525],[102.999,15.3496],[102.9932,15.3451],[102.9816,15.3422],[102.9783,15.3392],[102.9766,15.3362],[102.9749,15.3303],[102.9741,15.3066],[102.9749,15.3022],[102.9758,15.2992],[102.9783,15.2918],[102.9791,15.2888],[102.9791,15.2829],[102.9749,15.2651],[102.9741,15.2577],[102.9749,15.2533],[102.9749,15.2518],[102.9758,15.2503],[102.9758,15.2162],[102.9766,15.2133],[102.9783,15.2103],[102.9799,15.2073],[102.9824,15.2044],[102.9849,15.2029],[102.9849,15.1984],[102.9832,15.194],[102.9766,15.1866],[102.9725,15.1836],[102.9683,15.1822],[102.9417,15.1747],[102.9384,15.1762],[102.9351,15.1762],[102.9293,15.1807],[102.926,15.1822],[102.9218,15.1822],[102.9185,15.1822],[102.9019,15.1747],[102.887,15.1673],[102.8803,15.1644],[102.8737,15.1629],[102.8596,15.157],[102.8538,15.154],[102.8297,15.1318],[102.7948,15.0873],[102.7898,15.0829],[102.7807,15.0755],[102.7799,15.0725],[102.7799,15.0695],[102.784,15.0577],[102.7849,15.0518],[102.7832,15.0473],[102.7791,15.0384],[102.7724,15.031],[102.7699,15.0281],[102.7641,15.0147],[102.76,14.9984],[102.7541,14.9851],[102.7077,14.9525],[102.6869,14.9451],[102.6728,14.9421],[102.6388,14.9392],[102.6205,14.9392],[102.6056,14.9436],[102.5915,14.948],[102.5724,14.9584],[102.535,14.9688],[102.5309,14.9688],[102.5267,14.9688],[102.5234,14.9673],[102.5217,14.9643],[102.5226,14.9614],[102.5267,14.9569],[102.53,14.9555],[102.5549,14.9406],[102.5574,14.9392],[102.5591,14.9362],[102.5591,14.9303],[102.5566,14.9229],[102.5483,14.9036],[102.5483,14.8977],[102.5491,14.8903],[102.5541,14.8725],[102.5566,14.868],[102.5757,14.8369],[102.5765,14.834],[102.5765,14.828],[102.574,14.8206],[102.5707,14.8177],[102.5682,14.8147],[102.5616,14.8117],[102.5383,14.8073],[102.53,14.8058],[102.5043,14.8088],[102.5018,14.8088],[102.5002,14.8103],[102.4985,14.8117],[102.496,14.8147],[102.4877,14.828],[102.4852,14.831],[102.4827,14.8325],[102.4802,14.834],[102.4645,14.8384],[102.4578,14.8414],[102.452,14.8443],[102.447,14.8488],[102.4421,14.8532],[102.4429,14.8488],[102.4445,14.8354],[102.4645,14.7732],[102.4811,14.754],[102.4827,14.751],[102.4827,14.7495],[102.4819,14.7243],[102.4827,14.7154],[102.491,14.6888],[102.4968,14.6754],[102.5026,14.6665],[102.5085,14.6576],[102.5093,14.6532],[102.5101,14.6458],[102.5076,14.631],[102.486,14.5762],[102.4852,14.5717],[102.4844,14.5673],[102.4869,14.5584],[102.5035,14.511],[102.5101,14.4976],[102.5151,14.4902],[102.5176,14.4873],[102.5591,14.4547],[102.5657,14.4472],[102.5724,14.4354],[102.5807,14.4117],[102.5807,14.4072],[102.5807,14.4013],[102.5749,14.3791],[102.5749,14.3746],[102.5757,14.3702],[102.5798,14.3643],[102.5881,14.3569],[102.5898,14.3539],[102.5923,14.3509],[102.5931,14.348],[102.5948,14.3406],[102.5981,14.3065],[102.6014,14.2976],[102.6039,14.2917],[102.6114,14.2887],[102.6147,14.2872],[102.6172,14.2857],[102.618,14.2813],[102.6172,14.2754],[102.6122,14.262],[102.6064,14.2517],[102.6047,14.2502],[102.5915,14.225],[102.5857,14.2117],[102.5857,14.1954],[102.594,14.148],[102.5857,14.1435],[102.5765,14.1346],[102.574,14.1317],[102.5674,14.1287],[102.5649,14.1272],[102.5574,14.1257],[102.5541,14.1242],[102.55,14.1242],[102.5458,14.1228],[102.5425,14.1228],[102.54,14.1198],[102.5375,14.1168],[102.5367,14.1139],[102.5358,14.1109],[102.5367,14.1065],[102.5383,14.105],[102.5425,14.1035],[102.5491,14.1005],[102.5524,14.0991],[102.5533,14.0961],[102.5516,14.0946],[102.5491,14.0916],[102.5466,14.0902],[102.5425,14.0902],[102.5383,14.0887],[102.5226,14.0872],[102.5176,14.0872],[102.5134,14.0872],[102.5085,14.0902],[102.5043,14.0946],[102.5026,14.0991],[102.501,14.102],[102.5002,14.1065],[102.4993,14.1168],[102.501,14.1257],[102.501,14.1317],[102.5002,14.1346],[102.4985,14.1361],[102.4952,14.142],[102.491,14.1435],[102.4852,14.1435],[102.4628,14.1405],[102.457,14.1405],[102.4479,14.145],[102.4429,14.148],[102.4387,14.1494],[102.4371,14.1524],[102.4338,14.1539],[102.4296,14.1554],[102.4238,14.1554],[102.4147,14.1524],[102.4064,14.1465],[102.4022,14.145],[102.3972,14.1465],[102.3898,14.148],[102.3723,14.1539],[102.3665,14.1554],[102.3615,14.1568],[102.3408,14.1494],[102.3366,14.148],[102.3217,14.1465],[102.3184,14.145],[102.3151,14.1435],[102.3134,14.1405],[102.3101,14.1346],[102.3076,14.1317],[102.3051,14.1302],[102.3026,14.1287],[102.2985,14.1272],[102.2943,14.1272],[102.2902,14.1272],[102.286,14.1287],[102.2819,14.1331],[102.2777,14.1376],[102.2727,14.1391],[102.2395,14.1391],[102.2345,14.1391],[102.2296,14.142],[102.2246,14.148],[102.2221,14.1524],[102.2221,14.1568],[102.2221,14.1598],[102.2221,14.1643],[102.2213,14.1672],[102.2188,14.1687],[102.2163,14.1717],[102.2088,14.1776],[102.2013,14.1835],[102.1972,14.185],[102.1922,14.185],[102.1831,14.182],[102.1789,14.1791],[102.1756,14.1761],[102.1715,14.1717],[102.1706,14.1672],[102.1698,14.1643],[102.1723,14.1494],[102.1715,14.145],[102.1706,14.142],[102.1681,14.1391],[102.1656,14.1376],[102.1623,14.1361],[102.1582,14.1361],[102.154,14.1361],[102.1474,14.1361],[102.1374,14.1391],[102.086,14.1583],[102.076,14.1643],[102.0528,14.185],[102.0353,14.2013],[102.0237,14.2072],[102.0129,14.2161],[101.9955,14.2265],[101.9797,14.2383],[101.9706,14.2472],[101.9673,14.2502],[101.9648,14.2517],[101.9623,14.2532],[101.9615,14.2561],[101.9598,14.2635],[101.9581,14.268],[101.9565,14.2694],[101.9498,14.2783],[101.9482,14.2813],[101.9482,14.2843],[101.9482,14.2887],[101.949,14.2917],[101.9498,14.2946],[101.954,14.3006],[101.9656,14.3124],[101.983,14.342],[101.9839,14.345],[101.9855,14.348],[101.9864,14.3524],[101.9855,14.3598],[101.9839,14.3643],[101.9822,14.3658],[101.9789,14.3687],[101.9648,14.3776],[101.9615,14.3791],[101.9573,14.3791],[101.9507,14.3746],[101.9473,14.3732],[101.9407,14.3643],[101.9382,14.3628],[101.9349,14.3613],[101.9316,14.3598],[101.9274,14.3613],[101.9216,14.3643],[101.9183,14.3672],[101.9158,14.3702],[101.9042,14.3865],[101.8992,14.3909],[101.8967,14.3924],[101.8934,14.3939],[101.8901,14.3939],[101.8851,14.3895],[101.8826,14.3865],[101.8809,14.3821],[101.8768,14.3732],[101.8743,14.3702],[101.8726,14.3672],[101.8693,14.3658],[101.866,14.3643],[101.8627,14.3628],[101.8411,14.3613],[101.832,14.3569],[101.8278,14.3569],[101.8204,14.3569],[101.8096,14.3598],[101.7988,14.3583],[101.793,14.3569],[101.7896,14.3554],[101.7871,14.3524],[101.7838,14.3509],[101.7805,14.3495],[101.7764,14.348],[101.7647,14.348],[101.7622,14.345],[101.7606,14.3435],[101.7598,14.3391],[101.7606,14.3272],[101.7598,14.3243],[101.7589,14.3198],[101.7564,14.3169],[101.7531,14.3169],[101.749,14.3169],[101.7415,14.3228],[101.734,14.3287],[101.7133,14.3539],[101.7091,14.3583],[101.666,14.3909],[101.6643,14.3939],[101.6568,14.4043],[101.6535,14.4072],[101.6394,14.4147],[101.6319,14.4265],[101.6286,14.428],[101.6195,14.4324],[101.6079,14.4339],[101.5929,14.4354],[101.5481,14.4265],[101.5415,14.4265],[101.5249,14.4309],[101.5174,14.4339],[101.5116,14.4384],[101.5058,14.4413],[101.5033,14.4443],[101.4958,14.4547],[101.4933,14.4576],[101.4908,14.4591],[101.4867,14.4606],[101.4825,14.4606],[101.4751,14.4591],[101.4676,14.4547],[101.4526,14.4428],[101.4485,14.4369],[101.446,14.4309],[101.4419,14.428],[101.4385,14.4265],[101.4095,14.425],[101.3223,14.4769],[101.3182,14.4813],[101.3157,14.4828],[101.3132,14.4902],[101.309,14.4917],[101.3032,14.4947],[101.2924,14.4961],[101.285,14.5006],[101.2841,14.5006],[101.2833,14.5036],[101.28,14.5021],[101.275,14.5006],[101.2684,14.4917],[101.2667,14.4858],[101.2651,14.4798],[101.2634,14.4769],[101.2609,14.4754],[101.2426,14.4798],[101.2277,14.4947],[101.2211,14.5021],[101.2177,14.5065],[101.2111,14.5184],[101.2094,14.5213],[101.2069,14.5243],[101.1953,14.5302],[101.1903,14.5347],[101.1879,14.5376],[101.187,14.5421],[101.1879,14.5465],[101.1912,14.5554],[101.1953,14.5658],[101.2069,14.5821],[101.1928,14.7554],[101.202,14.7554],[101.2128,14.7525],[101.2186,14.7495],[101.2194,14.7495],[101.2277,14.7421],[101.2302,14.7406],[101.2335,14.7406],[101.246,14.7391],[101.2651,14.7332],[101.2717,14.7302],[101.275,14.7302],[101.2783,14.7302],[101.2808,14.7317],[101.2841,14.7377],[101.2858,14.7406],[101.2883,14.7421],[101.2958,14.7436],[101.2983,14.7451],[101.3007,14.7465],[101.3032,14.7495],[101.3082,14.754],[101.3107,14.7569],[101.3132,14.7584],[101.3265,14.7643],[101.3298,14.7658],[101.3323,14.7673],[101.3339,14.7702],[101.3364,14.7747],[101.3389,14.7806],[101.3414,14.794],[101.3439,14.7999],[101.3464,14.8043],[101.3489,14.8073],[101.3514,14.8088],[101.3771,14.8191],[101.3804,14.8206],[101.3871,14.828],[101.3896,14.8295],[101.3929,14.8325],[101.3995,14.834],[101.4062,14.8369],[101.4319,14.8532],[101.4385,14.8562],[101.4443,14.8591],[101.4468,14.8621],[101.4493,14.8636],[101.4518,14.8666],[101.4526,14.871],[101.4543,14.8754],[101.4535,14.9066],[101.4526,14.914],[101.4493,14.9214],[101.4053,15.0073],[101.402,15.0192],[101.3995,15.031],[101.3954,15.0399],[101.3862,15.0547],[101.3804,15.0607],[101.3779,15.0636],[101.3754,15.0636],[101.3713,15.0636],[101.3638,15.0636],[101.3588,15.0636],[101.3514,15.0651],[101.3373,15.0695],[101.3149,15.0844],[101.3115,15.0858],[101.3082,15.0873],[101.3041,15.0873],[101.2966,15.0858],[101.2924,15.0858],[101.2883,15.0858],[101.2841,15.0858],[101.2808,15.0873],[101.2783,15.0992],[101.2775,15.117],[101.2808,15.1984],[101.2792,15.2147],[101.2783,15.2399],[101.2825,15.2503],[101.2983,15.2755],[101.3007,15.2844],[101.3007,15.3022],[101.3555,15.277],[101.3696,15.2681],[101.3763,15.2607],[101.3796,15.2548],[101.3829,15.2503],[101.3846,15.2459],[101.3862,15.2385],[101.3879,15.234],[101.397,15.2207],[101.402,15.2162],[101.4062,15.2147],[101.4153,15.2147],[101.4261,15.2147],[101.5655,15.2533],[101.5871,15.2651],[101.6004,15.2755],[101.6303,15.3051],[101.6386,15.3111],[101.6452,15.314],[101.6859,15.3229],[101.7249,15.3407],[101.7871,15.3748],[101.8021,15.3807],[101.8295,15.3881],[101.837,15.3896],[101.8436,15.3881],[101.8461,15.3881],[101.856,15.3837],[101.8627,15.3807],[101.8735,15.3792],[101.8793,15.3792],[101.8834,15.3822],[101.8851,15.3851],[101.8884,15.3955],[101.8909,15.4074],[101.8934,15.4148],[101.9,15.4311],[101.9025,15.434],[101.9108,15.4429],[101.9183,15.4503],[101.959,15.4696],[101.9639,15.474],[101.9648,15.477],[101.9656,15.4814],[101.9648,15.4859],[101.9631,15.4933],[101.954,15.5155],[101.9515,15.5259],[101.9515,15.5348],[101.9556,15.5526],[101.959,15.5585],[101.9623,15.5644],[101.9673,15.5689],[101.9888,15.5807],[101.9988,15.5881],[102.0021,15.5911],[102.0038,15.5926],[102.0312,15.6444],[102.0403,15.6592],[102.0777,15.6311],[102.0843,15.6192],[102.1034,15.6326],[102.1192,15.6474],[102.1241,15.6548],[102.1333,15.6755],[102.1358,15.677],[102.1391,15.677],[102.1432,15.6785],[102.1466,15.683],[102.1474,15.6874],[102.1457,15.6978],[102.1466,15.7022],[102.159,15.717],[102.1623,15.7259],[102.1607,15.7363],[102.1756,15.7452],[102.2038,15.7452],[102.2146,15.7511],[102.2088,15.757],[102.213,15.757],[102.2146,15.7585],[102.2146,15.76],[102.2146,15.7644],[102.2221,15.7511],[102.2404,15.7526],[102.2536,15.7615],[102.2769,15.7852],[102.3076,15.8015],[102.3234,15.8074],[102.3317,15.8059]]]}},{"type":"Feature","id":"TH.RE","properties":{"code":"TH.RE","name_en":"Roi Et"},"geometry":{"type":"Polygon","coordinates":[[[104.3561,16.323],[104.3279,16.2608],[104.3254,16.2578],[104.3238,16.2564],[104.3204,16.2534],[104.3171,16.2534],[104.313,16.2519],[104.3088,16.2519],[104.2972,16.2534],[104.293,16.2534],[104.2897,16.2519],[104.2872,16.2504],[104.2764,16.2415],[104.2723,16.2356],[104.2582,16.2178],[104.2565,16.2134],[104.2491,16.1926],[104.2441,16.1838],[104.2325,16.1675],[104.2275,16.163],[104.225,16.1615],[104.2208,16.16],[104.2092,16.1586],[104.2042,16.1556],[104.2026,16.1556],[104.1984,16.1512],[104.1959,16.1482],[104.1926,16.1467],[104.1793,16.1423],[104.1768,16.1408],[104.1669,16.1304],[104.1627,16.126],[104.1611,16.123],[104.1511,16.1141],[104.1478,16.1126],[104.1445,16.1112],[104.1262,16.1067],[104.1229,16.1052],[104.1196,16.1037],[104.1138,16.1008],[104.1088,16.0963],[104.1046,16.0904],[104.1013,16.086],[104.1005,16.0815],[104.1005,16.0756],[104.1046,16.0652],[104.1071,16.0593],[104.1154,16.0474],[104.1171,16.0445],[104.1179,16.0386],[104.1179,16.0326],[104.1129,16.0104],[104.1121,15.9941],[104.1113,15.9882],[104.1096,15.9852],[104.1079,15.9822],[104.1055,15.9808],[104.1021,15.9793],[104.098,15.9793],[104.0938,15.9778],[104.0897,15.9793],[104.0747,15.9822],[104.0664,15.9837],[104.0482,15.9837],[104.0399,15.9837],[104.0266,15.9808],[104.0216,15.9778],[104.0191,15.9763],[104.0175,15.9704],[104.0175,15.96],[104.0191,15.9363],[104.0183,15.9259],[104.0175,15.92],[104.015,15.9171],[104.0108,15.9126],[104.0133,15.8993],[104.0208,15.8874],[104.0291,15.8785],[104.0382,15.8667],[104.0274,15.8622],[104.0183,15.8548],[104.0133,15.8459],[104.0175,15.84],[104.0175,15.8326],[104.0083,15.8282],[104.0042,15.8207],[104.0042,15.8104],[104.01,15.7985],[104.0308,15.8044],[104.0557,15.8089],[104.0739,15.8207],[104.0723,15.8474],[104.1121,15.8237],[104.132,15.7881],[104.1362,15.7452],[104.127,15.7022],[104.1337,15.7022],[104.1445,15.7081],[104.1561,15.7022],[104.1661,15.6874],[104.1951,15.6281],[104.2109,15.6059],[104.1984,15.6],[104.1768,15.5941],[104.1519,15.5837],[104.142,15.5778],[104.1295,15.5644],[104.1154,15.557],[104.1063,15.5496],[104.1005,15.5422],[104.0938,15.5392],[104.0889,15.5377],[104.0847,15.5363],[104.0797,15.5318],[104.0723,15.5185],[104.0623,15.5081],[104.0573,15.4977],[104.0482,15.4859],[104.0274,15.4696],[103.9917,15.4266],[103.9859,15.4103],[103.9776,15.4163],[103.9768,15.4296],[103.9619,15.4237],[103.9453,15.4222],[103.9361,15.4266],[103.9419,15.4414],[103.9253,15.44],[103.9162,15.44],[103.9096,15.4429],[103.9004,15.4488],[103.8979,15.4533],[103.8963,15.4666],[103.8946,15.4696],[103.8872,15.4711],[103.883,15.4681],[103.8789,15.4651],[103.8739,15.4637],[103.8457,15.4637],[103.8266,15.4533],[103.8166,15.4474],[103.8141,15.4474],[103.7992,15.4444],[103.7859,15.4385],[103.6406,15.4488],[103.6058,15.4637],[103.5975,15.4651],[103.5908,15.4651],[103.5751,15.4637],[103.5717,15.4622],[103.5651,15.4592],[103.5618,15.4577],[103.5435,15.4429],[103.5402,15.44],[103.5352,15.4385],[103.5253,15.4355],[103.5194,15.4355],[103.5145,15.4355],[103.4987,15.44],[103.4672,15.4459],[103.4597,15.4474],[103.4547,15.4459],[103.4514,15.4459],[103.4381,15.44],[103.4174,15.4281],[103.4356,15.4918],[103.4406,15.5007],[103.4406,15.5022],[103.4414,15.5052],[103.4414,15.5111],[103.4389,15.52],[103.4364,15.5244],[103.434,15.5274],[103.4281,15.5303],[103.4248,15.5318],[103.4207,15.5333],[103.4124,15.5333],[103.4041,15.5333],[103.3999,15.5333],[103.3966,15.5318],[103.3883,15.5259],[103.385,15.5259],[103.3808,15.5259],[103.3783,15.5274],[103.3667,15.5392],[103.3642,15.5407],[103.3568,15.5437],[103.3534,15.5452],[103.346,15.5466],[103.3402,15.5496],[103.3285,15.557],[103.3236,15.5615],[103.3211,15.5644],[103.3202,15.5674],[103.3186,15.5718],[103.3186,15.5748],[103.3177,15.5792],[103.3177,15.5822],[103.3169,15.5866],[103.3144,15.5881],[103.3119,15.5911],[103.3086,15.5926],[103.3045,15.5926],[103.3011,15.5941],[103.2987,15.5955],[103.297,15.5985],[103.297,15.6029],[103.2987,15.6074],[103.3078,15.6192],[103.3119,15.6222],[103.3153,15.6281],[103.3393,15.6844],[103.3451,15.6918],[103.3543,15.7022],[103.3667,15.7081],[103.37,15.7096],[103.3775,15.7111],[103.3858,15.7111],[103.3941,15.7111],[103.414,15.7067],[103.4232,15.7067],[103.4265,15.7067],[103.4298,15.7081],[103.4331,15.7096],[103.4356,15.7126],[103.4389,15.7215],[103.4688,15.8652],[103.4788,15.8978],[103.4804,15.9008],[103.4929,15.9156],[103.4945,15.9185],[103.4954,15.9245],[103.4954,15.9319],[103.4937,15.9437],[103.4821,15.9793],[103.4813,16.0415],[103.4796,16.0489],[103.4713,16.0637],[103.4696,16.0667],[103.468,16.0741],[103.468,16.0786],[103.4688,16.1052],[103.4763,16.1304],[103.5253,16.2104],[103.5336,16.2119],[103.5485,16.2193],[103.5585,16.2223],[103.5676,16.206],[103.5883,16.2015],[103.6066,16.206],[103.6066,16.2223],[103.6174,16.2163],[103.6249,16.2075],[103.6307,16.2001],[103.6348,16.1956],[103.6464,16.1956],[103.6547,16.1986],[103.6606,16.2015],[103.668,16.1956],[103.6747,16.203],[103.6697,16.2075],[103.6655,16.2134],[103.6614,16.2163],[103.6614,16.2223],[103.6788,16.2223],[103.6871,16.2193],[103.6954,16.2163],[103.6954,16.2297],[103.7021,16.2297],[103.7128,16.2252],[103.727,16.2208],[103.7303,16.2312],[103.7336,16.246],[103.7353,16.2504],[103.7419,16.2578],[103.7436,16.2608],[103.7452,16.2638],[103.7469,16.2667],[103.751,16.2964],[103.751,16.3038],[103.7502,16.3067],[103.7494,16.3097],[103.7477,16.3112],[103.7444,16.3141],[103.7278,16.326],[103.7261,16.329],[103.7245,16.3319],[103.7236,16.3364],[103.7236,16.3393],[103.7236,16.3438],[103.7228,16.3467],[103.722,16.3512],[103.7203,16.3541],[103.7162,16.3586],[103.7145,16.3616],[103.7079,16.369],[103.7062,16.3719],[103.7045,16.3764],[103.7054,16.3823],[103.7079,16.3853],[103.7112,16.3867],[103.7162,16.3912],[103.8058,16.4579],[103.8174,16.4638],[103.8249,16.4667],[103.8307,16.4667],[103.8473,16.4667],[103.8523,16.4667],[103.8598,16.4682],[103.8681,16.4682],[103.8722,16.4682],[103.8755,16.4667],[103.8896,16.4564],[103.8921,16.4549],[103.8955,16.4534],[103.8996,16.4534],[103.9079,16.4534],[103.9121,16.4534],[103.9154,16.4519],[103.9179,16.449],[103.9195,16.446],[103.922,16.4445],[103.9253,16.443],[103.9295,16.4416],[103.9336,16.4416],[103.9494,16.4416],[103.9561,16.4416],[103.9635,16.4401],[103.9693,16.4386],[103.9776,16.4401],[103.9942,16.4445],[104.0025,16.4445],[104.0092,16.4445],[104.0166,16.443],[104.0399,16.4416],[104.0407,16.4401],[104.0415,16.4386],[104.0457,16.4045],[104.0482,16.4001],[104.0515,16.3971],[104.059,16.3956],[104.064,16.3971],[104.1387,16.4312],[104.1602,16.443],[104.1644,16.4445],[104.1685,16.446],[104.1727,16.446],[104.1768,16.4445],[104.1802,16.443],[104.1818,16.4416],[104.1868,16.4356],[104.1918,16.4356],[104.1984,16.4356],[104.21,16.4371],[104.2208,16.4371],[104.2283,16.4356],[104.2441,16.4327],[104.2507,16.4342],[104.2565,16.4371],[104.2623,16.4401],[104.2648,16.4416],[104.2798,16.446],[104.2831,16.4475],[104.2856,16.4505],[104.2872,16.4519],[104.2889,16.4549],[104.293,16.4653],[104.2947,16.4682],[104.2972,16.4712],[104.3005,16.4727],[104.3038,16.4727],[104.308,16.4653],[104.3121,16.4534],[104.3204,16.409],[104.3213,16.3941],[104.3296,16.3541],[104.3296,16.3497],[104.3296,16.3408],[104.3287,16.3378],[104.3304,16.3334],[104.3329,16.3304],[104.3561,16.323]]]}},{"type":"Feature","id":"TH.SU","properties":{"code":"TH.SU","name_en":"Surin"},"geometry":{"type":"Polygon","coordinates":[[[103.4174,15.4281],[103.4381,15.44],[103.4514,15.4459],[103.4547,15.4459],[103.4597,15.4474],[103.4672,15.4459],[103.4987,15.44],[103.5145,15.4355],[103.5194,15.4355],[103.5253,15.4355],[103.5352,15.4385],[103.5402,15.44],[103.5435,15.4429],[103.5618,15.4577],[103.5651,15.4592],[103.5717,15.4622],[103.5751,15.4637],[103.5908,15.4651],[103.5975,15.4651],[103.6058,15.4637],[103.6406,15.4488],[103.7859,15.4385],[103.7992,15.4444],[103.8141,15.4474],[103.8166,15.4474],[103.8266,15.4533],[103.8457,15.4637],[103.8739,15.4637],[103.8789,15.4651],[103.883,15.4681],[103.8872,15.4711],[103.8946,15.4696],[103.8963,15.4666],[103.8979,15.4533],[103.9004,15.4488],[103.9096,15.4429],[103.9162,15.44],[103.9253,15.44],[103.9419,15.4414],[103.9361,15.4266],[103.9453,15.4222],[103.9619,15.4237],[103.9768,15.4296],[103.9776,15.4163],[103.9859,15.4103],[104.0,15.4088],[104.0341,15.4088],[104.0498,15.4074],[104.0606,15.4014],[104.0656,15.3911],[104.0681,15.3762],[104.0764,15.3644],[104.0764,15.354],[104.0731,15.3466],[104.0706,15.3422],[104.0673,15.3392],[104.064,15.3377],[104.0498,15.3333],[104.0432,15.3303],[104.0407,15.3288],[104.0332,15.3229],[104.0308,15.3199],[104.0291,15.317],[104.0283,15.3125],[104.0266,15.3081],[104.0241,15.3051],[104.02,15.3036],[104.0175,15.3022],[104.015,15.2977],[104.0125,15.2888],[104.01,15.2859],[104.0067,15.2829],[104.0017,15.2799],[104.0,15.2799],[104.0,15.2785],[103.9984,15.274],[103.9967,15.2711],[103.9934,15.2681],[103.9909,15.2666],[103.9868,15.2666],[103.9834,15.2651],[103.9801,15.2651],[103.9776,15.2622],[103.9776,15.2577],[103.981,15.2518],[103.9843,15.2473],[103.9868,15.2444],[103.9893,15.2399],[103.9893,15.234],[103.9868,15.2222],[103.9843,15.2177],[103.9818,15.2133],[103.9793,15.2088],[103.9776,15.2029],[103.976,15.1896],[103.9751,15.1836],[103.9718,15.1747],[103.9718,15.1703],[103.9727,15.1644],[103.9768,15.1555],[103.9801,15.1525],[103.9843,15.1496],[103.9901,15.1451],[103.9934,15.1377],[103.9967,15.1244],[104.0009,15.0933],[104.0067,15.0725],[104.0133,15.0651],[104.0158,15.0607],[104.0175,15.0532],[104.0175,15.0384],[104.015,15.0266],[104.0125,15.0192],[104.0092,15.0162],[104.0067,15.0147],[104.0017,15.0103],[104.0009,15.0088],[103.9992,15.0058],[103.9984,14.994],[103.9967,14.9895],[103.9951,14.9866],[103.9926,14.9836],[103.981,14.9762],[103.9793,14.9747],[103.9776,14.9718],[103.976,14.9688],[103.9743,14.9614],[103.9718,14.954],[103.9536,14.9362],[103.9419,14.9184],[103.9378,14.908],[103.9361,14.9051],[103.9328,14.8992],[103.9253,14.874],[103.9228,14.8666],[103.9204,14.8651],[103.917,14.8591],[103.917,14.8532],[103.9179,14.8488],[103.9228,14.8399],[103.9262,14.8354],[103.9295,14.8325],[103.9635,14.8147],[103.971,14.8132],[103.9793,14.8117],[103.9834,14.8103],[103.9917,14.8103],[103.9951,14.8088],[103.9984,14.8058],[104.0,14.8043],[104.0067,14.7925],[104.0075,14.7851],[104.0067,14.7362],[104.0083,14.7302],[104.0158,14.7169],[104.0581,14.6636],[104.0598,14.6621],[104.0623,14.6547],[104.0623,14.625],[104.0523,14.5658],[104.0465,14.5524],[104.0457,14.5436],[104.0465,14.5332],[104.0498,14.5065],[104.0548,14.4873],[104.0565,14.4843],[104.0581,14.4769],[104.0623,14.4547],[104.0457,14.3569],[104.0449,14.3569],[104.0357,14.3524],[104.0017,14.345],[103.9743,14.3672],[103.9195,14.3643],[103.9104,14.3569],[103.9079,14.348],[103.9029,14.342],[103.8855,14.3406],[103.8706,14.3435],[103.8589,14.3495],[103.849,14.3569],[103.8382,14.3628],[103.8241,14.3687],[103.8158,14.3672],[103.8075,14.3658],[103.7942,14.3643],[103.7751,14.3672],[103.7162,14.3821],[103.6821,14.3835],[103.6747,14.3865],[103.6713,14.3954],[103.6738,14.4191],[103.6713,14.4295],[103.6655,14.4354],[103.6572,14.4413],[103.6473,14.4443],[103.6373,14.4428],[103.6274,14.4384],[103.6249,14.4309],[103.6232,14.4221],[103.6166,14.4147],[103.5958,14.4043],[103.5817,14.4072],[103.5684,14.4161],[103.5502,14.4221],[103.5336,14.4191],[103.4945,14.3998],[103.4572,14.3746],[103.4497,14.3717],[103.4389,14.3732],[103.4315,14.3776],[103.4265,14.3821],[103.4223,14.385],[103.4082,14.3806],[103.38,14.3613],[103.3626,14.3539],[103.341,14.3509],[103.2738,14.3509],[103.243,14.342],[103.2406,14.3628],[103.2406,14.3702],[103.2422,14.3776],[103.2464,14.388],[103.2455,14.3939],[103.243,14.4043],[103.243,14.4087],[103.2455,14.4161],[103.2489,14.4221],[103.2547,14.4354],[103.2563,14.4443],[103.2572,14.4502],[103.2572,14.4532],[103.2489,14.4769],[103.2381,14.5006],[103.2306,14.5332],[103.2314,14.5436],[103.2331,14.5584],[103.2314,14.5806],[103.2323,14.591],[103.2331,14.5984],[103.2347,14.6013],[103.2447,14.6102],[103.2472,14.6117],[103.2489,14.6162],[103.2505,14.6191],[103.2538,14.6384],[103.2547,14.6413],[103.2688,14.6651],[103.2738,14.6784],[103.2862,14.7228],[103.2887,14.7377],[103.2862,14.7599],[103.287,14.7658],[103.2879,14.7702],[103.2928,14.7747],[103.2978,14.7791],[103.3036,14.788],[103.3078,14.7969],[103.3103,14.8014],[103.3144,14.8043],[103.3202,14.8088],[103.3236,14.8103],[103.326,14.8117],[103.3402,14.8251],[103.3426,14.828],[103.3601,14.8384],[103.3659,14.8414],[103.3775,14.8532],[103.3908,14.8636],[103.3958,14.8666],[103.3974,14.8695],[103.4041,14.8799],[103.419,14.9095],[103.4232,14.914],[103.4257,14.9155],[103.4306,14.9169],[103.4348,14.9214],[103.4406,14.9288],[103.4431,14.9332],[103.4439,14.9377],[103.4431,14.9495],[103.4414,14.9747],[103.4389,14.9881],[103.4389,14.9969],[103.4398,15.0029],[103.4414,15.0073],[103.4431,15.0103],[103.4456,15.0118],[103.4481,15.0147],[103.4539,15.0177],[103.463,15.0251],[103.4655,15.0295],[103.4663,15.0325],[103.4655,15.0369],[103.4647,15.0399],[103.4638,15.0429],[103.4597,15.0488],[103.4572,15.0518],[103.4547,15.0547],[103.4522,15.0607],[103.453,15.0666],[103.4572,15.074],[103.4589,15.0784],[103.4597,15.0829],[103.4597,15.0873],[103.458,15.0903],[103.4572,15.0933],[103.453,15.0992],[103.4514,15.1021],[103.4506,15.1051],[103.4497,15.1081],[103.4497,15.1258],[103.4472,15.1496],[103.4472,15.1629],[103.4447,15.1866],[103.4464,15.194],[103.4564,15.2236],[103.4622,15.2385],[103.4672,15.2429],[103.4763,15.2473],[103.4804,15.2503],[103.4813,15.2518],[103.4846,15.2636],[103.4879,15.2696],[103.497,15.2888],[103.5004,15.2992],[103.4979,15.3007],[103.4979,15.3051],[103.4987,15.3081],[103.497,15.3111],[103.4912,15.314],[103.4871,15.314],[103.4821,15.3155],[103.4763,15.3185],[103.4688,15.3318],[103.4688,15.3333],[103.4539,15.3392],[103.4348,15.3466],[103.4348,15.3392],[103.4414,15.3392],[103.4298,15.3229],[103.4124,15.3214],[103.4032,15.3303],[103.4149,15.3392],[103.4115,15.3407],[103.4082,15.3407],[103.4066,15.3407],[103.4074,15.3466],[103.4008,15.3466],[103.3916,15.3407],[103.3825,15.3437],[103.3742,15.3496],[103.3667,15.3525],[103.3543,15.3496],[103.3327,15.3362],[103.3219,15.3333],[103.3161,15.3288],[103.3036,15.3155],[103.2945,15.3111],[103.287,15.3155],[103.2796,15.3214],[103.2696,15.3214],[103.2572,15.3111],[103.2522,15.3229],[103.2331,15.3333],[103.2289,15.3466],[103.2231,15.3466],[103.2123,15.3437],[103.204,15.3585],[103.1916,15.3718],[103.1675,15.3659],[103.1634,15.3807],[103.1501,15.4059],[103.1476,15.4222],[103.1401,15.4222],[103.1401,15.4148],[103.1335,15.4148],[103.1335,15.4222],[103.1302,15.4192],[103.1194,15.4148],[103.1102,15.4222],[103.1028,15.4296],[103.1003,15.4385],[103.1061,15.4488],[103.1094,15.4518],[103.116,15.4829],[103.2314,15.4503],[103.2347,15.4474],[103.2372,15.4459],[103.243,15.4429],[103.2679,15.4355],[103.2746,15.4311],[103.2787,15.4281],[103.2812,15.4251],[103.2837,15.4237],[103.2904,15.4207],[103.3285,15.4088],[103.3435,15.4014],[103.3601,15.4044],[103.4174,15.4281]]]}},{"type":"Feature","id":"TH.LE","properties":{"code":"TH.LE","name_en":"Loei"},"geometry":{"type":"Polygon","coordinates":[[[102.1075,18.2121],[102.1084,18.2092],[102.1075,18.1795],[102.1059,18.1751],[102.1026,18.1707],[102.0943,18.1633],[102.0851,18.1558],[102.0793,18.1529],[102.0719,18.1395],[102.0586,18.0877],[102.0553,18.0521],[102.0536,18.0462],[102.0511,18.0388],[102.042,18.018],[102.0395,18.0077],[102.0387,17.9929],[102.0362,17.9884],[102.0328,17.9855],[102.0287,17.984],[102.0245,17.981],[102.0237,17.978],[102.0237,17.9751],[102.0254,17.9677],[102.0279,17.9469],[102.0353,17.9099],[102.0378,17.8891],[102.0387,17.8862],[102.042,17.8803],[102.0445,17.8788],[102.0486,17.864],[102.0519,17.8373],[102.0519,17.8299],[102.0511,17.8254],[102.0445,17.8032],[102.0445,17.7973],[102.0461,17.7884],[102.0453,17.7839],[102.0428,17.781],[102.037,17.778],[102.0345,17.7765],[102.0328,17.7721],[102.0254,17.7454],[102.0245,17.738],[102.0254,17.7336],[102.0362,17.6728],[102.0378,17.6654],[102.0411,17.6595],[102.0445,17.658],[102.047,17.6565],[102.0503,17.6565],[102.0536,17.6595],[102.0561,17.661],[102.0569,17.6654],[102.0577,17.6684],[102.0586,17.6728],[102.0627,17.6787],[102.0636,17.6817],[102.0644,17.6862],[102.0652,17.6891],[102.0677,17.6906],[102.071,17.6862],[102.0743,17.6773],[102.0843,17.6373],[102.086,17.6343],[102.0893,17.6269],[102.0909,17.6224],[102.0934,17.6195],[102.0959,17.6165],[102.1017,17.6121],[102.1042,17.6106],[102.1059,17.6076],[102.1084,17.6047],[102.1125,17.5973],[102.115,17.5913],[102.1217,17.5839],[102.1407,17.5261],[102.1416,17.5084],[102.1333,17.4995],[102.125,17.4832],[102.1192,17.4772],[102.1117,17.4728],[102.0959,17.4624],[102.076,17.4521],[102.0685,17.4506],[102.0627,17.4491],[102.0544,17.4506],[102.0428,17.4521],[102.0337,17.4521],[102.0254,17.4521],[102.0046,17.4521],[101.993,17.4491],[101.988,17.4461],[101.9847,17.4417],[101.9839,17.4372],[101.983,17.4328],[101.983,17.4298],[101.983,17.4254],[101.9847,17.418],[101.9872,17.4106],[101.9897,17.4046],[101.9971,17.3943],[101.9988,17.3913],[102.0138,17.378],[102.0187,17.372],[102.0204,17.3691],[102.0212,17.3661],[102.0221,17.3632],[102.0221,17.3587],[102.0196,17.3483],[102.0196,17.3439],[102.0204,17.3409],[102.0229,17.3335],[102.0237,17.3291],[102.0237,17.3231],[102.0221,17.3187],[102.0196,17.3157],[102.0162,17.3113],[102.0088,17.3054],[101.9905,17.2861],[101.9855,17.2802],[101.9814,17.2743],[101.9805,17.2713],[101.9797,17.2668],[101.9805,17.2476],[101.9789,17.2431],[101.9764,17.2402],[101.9739,17.2372],[101.9698,17.2328],[101.9523,17.212],[101.9482,17.2046],[101.9465,17.1987],[101.954,17.1735],[101.9573,17.1676],[101.9781,17.1468],[101.9905,17.1394],[101.9938,17.1394],[102.0063,17.1365],[102.0138,17.1335],[102.027,17.1246],[102.0312,17.1231],[102.0345,17.1216],[102.0478,17.1202],[102.0553,17.1187],[102.0636,17.1128],[102.0702,17.1098],[102.0735,17.1083],[102.081,17.1068],[102.0885,17.1053],[102.0909,17.1024],[102.0959,17.0979],[102.1026,17.0861],[102.1059,17.0772],[102.1092,17.0624],[102.1109,17.0579],[102.1134,17.0565],[102.1225,17.0505],[102.125,17.049],[102.1266,17.0461],[102.1283,17.0431],[102.13,17.0402],[102.1316,17.0372],[102.1341,17.0342],[102.1441,17.0283],[102.1474,17.0268],[102.1507,17.0224],[102.1515,17.0194],[102.1499,17.0164],[102.1466,17.015],[102.1158,17.0046],[102.1084,17.0001],[102.0934,16.9838],[102.0893,16.9794],[102.086,16.9779],[102.0802,16.975],[102.0453,16.9616],[102.042,16.9601],[102.0387,16.9572],[102.0353,16.9527],[102.0345,16.9498],[102.0353,16.9453],[102.0528,16.9127],[102.0561,16.9068],[102.0652,16.8964],[102.0669,16.8935],[102.071,16.8861],[102.0553,16.8727],[102.0519,16.8698],[102.0461,16.8668],[102.0387,16.8638],[102.0254,16.8624],[102.0171,16.8609],[102.0104,16.8579],[101.9963,16.8475],[101.9913,16.8446],[101.9855,16.8431],[101.9781,16.8446],[101.9673,16.849],[101.9639,16.849],[101.9598,16.849],[101.9556,16.8475],[101.9341,16.8372],[101.871,16.7957],[101.7905,16.766],[101.7473,16.7601],[101.7324,16.7586],[101.7282,16.7601],[101.7249,16.7616],[101.7216,16.766],[101.7199,16.769],[101.7191,16.7735],[101.7183,16.7779],[101.7191,16.7853],[101.7241,16.8001],[101.7241,16.8046],[101.7232,16.8105],[101.7149,16.8298],[101.7149,16.8327],[101.7191,16.889],[101.7174,16.9038],[101.7133,16.9201],[101.7083,16.932],[101.705,16.9364],[101.6867,16.9557],[101.6826,16.9601],[101.6535,17.0209],[101.6477,17.0431],[101.6427,17.0461],[101.6386,17.0476],[101.6353,17.0461],[101.6294,17.0431],[101.6261,17.0416],[101.6236,17.0387],[101.6153,17.0283],[101.6128,17.0224],[101.6103,17.015],[101.6087,17.012],[101.607,17.009],[101.6045,17.0061],[101.602,17.0046],[101.5996,17.0031],[101.5863,16.9972],[101.5821,16.9957],[101.5755,16.9942],[101.5672,16.9927],[101.5614,16.9927],[101.5556,16.9942],[101.5431,17.0001],[101.5415,17.0016],[101.5232,17.0431],[101.5207,17.0461],[101.5166,17.049],[101.5024,17.0535],[101.4975,17.055],[101.4684,17.0727],[101.4601,17.0772],[101.4535,17.0772],[101.4502,17.0772],[101.4344,17.0683],[101.4311,17.0668],[101.4261,17.0668],[101.4194,17.0683],[101.4095,17.0742],[101.4028,17.0757],[101.3979,17.0757],[101.3945,17.0742],[101.3929,17.0727],[101.3896,17.0713],[101.3862,17.0698],[101.3779,17.0698],[101.3613,17.0742],[101.3572,17.0742],[101.353,17.0742],[101.3447,17.0742],[101.3381,17.0713],[101.3265,17.0668],[101.3207,17.0653],[101.3165,17.0668],[101.3124,17.0698],[101.3082,17.0772],[101.3041,17.0802],[101.2734,17.089],[101.236,17.1068],[101.2094,17.1157],[101.1986,17.1128],[101.1962,17.1113],[101.1937,17.1083],[101.1928,17.1053],[101.1928,17.1009],[101.1945,17.0935],[101.1945,17.0905],[101.1928,17.0831],[101.1903,17.0757],[101.1887,17.0727],[101.1812,17.0639],[101.1746,17.0535],[101.1737,17.0505],[101.1696,17.0461],[101.1671,17.0431],[101.1646,17.0416],[101.1571,17.0387],[101.1488,17.0387],[101.1422,17.0387],[101.1381,17.0387],[101.1339,17.0372],[101.1306,17.0357],[101.1281,17.0327],[101.1264,17.0313],[101.1239,17.0224],[101.1239,17.0194],[101.1239,17.015],[101.1248,17.0105],[101.1298,16.9987],[101.1306,16.9972],[101.1314,16.9942],[101.1314,16.9913],[101.1281,16.975],[101.1239,16.9646],[101.1223,16.9572],[101.1223,16.9527],[101.1231,16.9364],[101.1231,16.9335],[101.1223,16.9305],[101.1198,16.9275],[101.1165,16.9261],[101.1098,16.9231],[101.1073,16.9216],[101.1057,16.9187],[101.1049,16.9157],[101.1007,16.9112],[101.099,16.9083],[101.0658,16.9068],[101.0634,16.9231],[101.0575,16.9275],[101.0542,16.929],[101.0418,16.935],[101.031,16.9409],[101.0277,16.9453],[101.0277,16.9498],[101.0293,16.9527],[101.0326,16.9542],[101.036,16.9572],[101.0385,16.9616],[101.0393,16.972],[101.0368,16.9779],[101.0335,16.9838],[101.0268,16.9927],[101.0252,16.9972],[101.0243,17.0001],[101.0268,17.0016],[101.0293,17.0031],[101.031,17.0046],[101.0385,17.0164],[101.0401,17.0239],[101.0418,17.0327],[101.0426,17.0653],[101.0434,17.0727],[101.0484,17.0816],[101.0575,17.1098],[101.0667,17.1646],[101.0708,17.175],[101.0741,17.1809],[101.0849,17.1928],[101.0874,17.1987],[101.0932,17.215],[101.0932,17.2224],[101.0932,17.2268],[101.0916,17.2298],[101.0783,17.2491],[101.0741,17.2594],[101.0717,17.2639],[101.0683,17.2668],[101.0658,17.2683],[101.0625,17.2698],[101.0584,17.2698],[101.0492,17.2713],[101.0443,17.2713],[101.0409,17.2713],[101.0376,17.2743],[101.0351,17.2757],[101.0326,17.2787],[101.0252,17.2935],[101.0227,17.2965],[101.0202,17.298],[101.0169,17.2994],[101.0135,17.2994],[101.0086,17.3024],[101.0036,17.3054],[100.9945,17.3217],[100.9911,17.3246],[100.9878,17.3276],[100.9845,17.3291],[100.9803,17.3291],[100.9762,17.3291],[100.9596,17.3276],[100.9554,17.3276],[100.9513,17.3276],[100.948,17.3291],[100.9405,17.3306],[100.9372,17.332],[100.933,17.332],[100.9264,17.3306],[100.9231,17.3291],[100.9189,17.3291],[100.9131,17.3306],[100.9056,17.3365],[100.9032,17.3424],[100.9015,17.3483],[100.9015,17.3572],[100.9023,17.3661],[100.904,17.3735],[100.909,17.3869],[100.909,17.3928],[100.9015,17.4343],[100.899,17.4417],[100.8957,17.4461],[100.8907,17.4491],[100.8849,17.4565],[100.8832,17.4624],[100.8824,17.4669],[100.8841,17.4698],[100.8866,17.4728],[100.8998,17.4861],[100.9015,17.4906],[100.9032,17.4965],[100.9032,17.5128],[100.904,17.5172],[100.9056,17.5202],[100.9081,17.5232],[100.9131,17.5276],[100.9222,17.5321],[100.9247,17.5335],[100.9272,17.5365],[100.9297,17.538],[100.933,17.5439],[100.938,17.5558],[100.9812,17.5469],[101.0011,17.538],[101.0194,17.5261],[101.0351,17.5128],[101.0492,17.495],[101.0658,17.4921],[101.0957,17.4758],[101.1248,17.4639],[101.1289,17.4609],[101.1322,17.4609],[101.1422,17.4669],[101.1472,17.4728],[101.1646,17.495],[101.1646,17.4965],[101.1671,17.5113],[101.1771,17.5158],[101.1903,17.5187],[101.202,17.5232],[101.2086,17.5306],[101.2285,17.5691],[101.2468,17.5928],[101.3572,17.6787],[101.3696,17.6832],[101.3771,17.6832],[101.3837,17.6847],[101.402,17.7069],[101.4028,17.7099],[101.4037,17.7158],[101.3987,17.7173],[101.3887,17.7173],[101.3821,17.7202],[101.3879,17.7291],[101.402,17.7336],[101.417,17.7321],[101.4319,17.7336],[101.4452,17.7454],[101.4502,17.7499],[101.4535,17.7513],[101.456,17.7499],[101.4576,17.7454],[101.4593,17.7395],[101.4684,17.7202],[101.4701,17.7232],[101.4742,17.7306],[101.4792,17.738],[101.4834,17.7454],[101.5024,17.7647],[101.5365,17.7795],[101.5564,17.7928],[101.534,17.8091],[101.5456,17.8136],[101.5639,17.821],[101.5705,17.8284],[101.5755,17.8402],[101.5771,17.8536],[101.5771,17.8684],[101.6004,17.8551],[101.6112,17.8654],[101.6195,17.8847],[101.6361,17.8951],[101.729,17.9128],[101.7324,17.9321],[101.7573,17.9973],[101.7656,18.0403],[101.7739,18.0581],[101.7905,18.0729],[101.7963,18.0729],[101.8062,18.0625],[101.8453,18.0521],[101.8834,18.0314],[101.9042,18.0373],[102.0553,18.1929],[102.071,18.2092],[102.0785,18.2136],[102.1075,18.2121]]]}},{"type":"Feature","id":"TH.NK","properties":{"code":"TH.NK","name_en":"Nong Khai"},"geometry":{"type":"Polygon","coordinates":[[[103.4356,17.9899],[103.4315,17.9869],[103.4265,17.9825],[103.4223,17.981],[103.419,17.981],[103.4099,17.984],[103.4032,17.9855],[103.3999,17.9855],[103.3925,17.9855],[103.3891,17.984],[103.3858,17.9825],[103.3833,17.981],[103.3808,17.9795],[103.3808,17.9751],[103.3817,17.9692],[103.3883,17.9558],[103.3991,17.944],[103.4024,17.9366],[103.4024,17.9336],[103.3991,17.9321],[103.3925,17.9291],[103.3916,17.9247],[103.3925,17.9188],[103.3983,17.9054],[103.4066,17.8936],[103.4074,17.8803],[103.3999,17.8669],[103.3526,17.8551],[103.3393,17.8491],[103.3194,17.8343],[103.3128,17.8328],[103.3078,17.8328],[103.3053,17.8343],[103.2962,17.8388],[103.2879,17.8491],[103.2754,17.8699],[103.2729,17.8728],[103.2704,17.8758],[103.2655,17.8788],[103.2613,17.8788],[103.258,17.8773],[103.2555,17.8758],[103.2439,17.8699],[103.2173,17.8625],[103.2082,17.858],[103.2024,17.8536],[103.1957,17.8462],[103.1941,17.8447],[103.1924,17.8417],[103.1883,17.8299],[103.1849,17.8151],[103.1833,17.8106],[103.18,17.8077],[103.1733,17.8032],[103.1692,17.8017],[103.165,17.8032],[103.1551,17.8121],[103.1534,17.8136],[103.1476,17.8225],[103.1451,17.8254],[103.1393,17.8284],[103.136,17.8299],[103.1235,17.8328],[103.1202,17.8358],[103.1185,17.8373],[103.1177,17.8388],[103.1169,17.8417],[103.1152,17.8447],[103.1127,17.8477],[103.1069,17.8491],[103.1036,17.8521],[103.0994,17.858],[103.0961,17.8595],[103.0853,17.8625],[103.082,17.864],[103.0804,17.8654],[103.0795,17.8684],[103.0787,17.8699],[103.077,17.8714],[103.0754,17.8728],[103.0687,17.8773],[103.0588,17.8862],[103.0555,17.8862],[103.0546,17.8847],[103.0538,17.8803],[103.053,17.8773],[103.0488,17.8743],[103.0347,17.8699],[103.0306,17.8684],[103.0281,17.8654],[103.0264,17.864],[103.0247,17.8595],[103.0206,17.8551],[103.0164,17.8491],[103.0148,17.8462],[103.0115,17.8402],[103.009,17.8388],[103.004,17.8343],[103.0023,17.8314],[102.999,17.8284],[102.9957,17.8269],[102.9874,17.8225],[102.9832,17.8225],[102.9799,17.824],[102.9783,17.8269],[102.9733,17.8402],[102.9708,17.8462],[102.9691,17.8491],[102.9666,17.8521],[102.9641,17.8536],[102.9617,17.8565],[102.96,17.8595],[102.9567,17.8654],[102.9558,17.8684],[102.9542,17.8714],[102.95,17.8773],[102.9426,17.8803],[102.9309,17.8832],[102.9036,17.8862],[102.8919,17.8862],[102.8853,17.8847],[102.8828,17.8832],[102.882,17.8788],[102.8811,17.8758],[102.882,17.8714],[102.8853,17.8654],[102.8853,17.8625],[102.8853,17.8595],[102.8803,17.8506],[102.8795,17.8462],[102.877,17.8432],[102.8745,17.8417],[102.867,17.8358],[102.8645,17.8343],[102.8621,17.8314],[102.8596,17.824],[102.8554,17.8195],[102.8529,17.8151],[102.8504,17.8106],[102.8496,17.8062],[102.8496,17.8032],[102.8529,17.7958],[102.8554,17.7869],[102.8571,17.7839],[102.8587,17.781],[102.8621,17.778],[102.8637,17.7765],[102.8654,17.7736],[102.8654,17.7691],[102.8637,17.7499],[102.8629,17.7469],[102.8604,17.7425],[102.8587,17.7395],[102.8596,17.7351],[102.8621,17.7291],[102.8621,17.7262],[102.8612,17.7232],[102.8604,17.7202],[102.8521,17.7143],[102.8496,17.7113],[102.8488,17.7084],[102.8479,17.6995],[102.8438,17.695],[102.8372,17.6906],[102.7981,17.6699],[102.7957,17.6684],[102.7882,17.661],[102.7857,17.6595],[102.784,17.6565],[102.7832,17.6521],[102.7824,17.6447],[102.7791,17.6343],[102.7791,17.6299],[102.7757,17.6239],[102.7691,17.618],[102.7517,17.6061],[102.7425,17.6032],[102.7359,17.6002],[102.7317,17.6002],[102.7251,17.6032],[102.7168,17.6032],[102.7043,17.6032],[102.677,17.5958],[102.6653,17.5958],[102.6587,17.5973],[102.6545,17.6061],[102.6521,17.6091],[102.6496,17.6106],[102.6462,17.6121],[102.6222,17.618],[102.6114,17.618],[102.6072,17.621],[102.6064,17.6239],[102.6089,17.6299],[102.6106,17.6328],[102.6114,17.6373],[102.6114,17.6417],[102.6106,17.6491],[102.6072,17.6639],[102.6064,17.6713],[102.6072,17.6743],[102.6089,17.6817],[102.6097,17.6862],[102.6097,17.6891],[102.6081,17.6921],[102.6056,17.695],[102.5873,17.7099],[102.5724,17.7173],[102.55,17.738],[102.5458,17.7425],[102.54,17.7499],[102.4728,17.7543],[102.4661,17.7573],[102.4636,17.7588],[102.4611,17.7617],[102.4595,17.7647],[102.4578,17.7676],[102.4562,17.7706],[102.4545,17.7736],[102.4429,17.7854],[102.4412,17.7884],[102.4396,17.7914],[102.4387,17.7943],[102.4396,17.7973],[102.4429,17.8047],[102.4437,17.8077],[102.4445,17.8106],[102.4429,17.8151],[102.4396,17.818],[102.4279,17.8225],[102.4246,17.824],[102.4196,17.8284],[102.4155,17.8358],[102.4138,17.8373],[102.4113,17.8388],[102.4097,17.8417],[102.408,17.8447],[102.4064,17.8477],[102.4055,17.8506],[102.4047,17.8669],[102.4039,17.8714],[102.3997,17.8803],[102.3939,17.8891],[102.3923,17.8921],[102.3889,17.8936],[102.3773,17.901],[102.3748,17.904],[102.3732,17.9054],[102.3715,17.9084],[102.3698,17.9114],[102.3665,17.9143],[102.3499,17.9217],[102.3391,17.9291],[102.335,17.9336],[102.3325,17.941],[102.3317,17.944],[102.33,17.9469],[102.3275,17.9499],[102.3068,17.9617],[102.2968,17.9706],[102.2943,17.9736],[102.2902,17.9751],[102.2719,17.981],[102.2619,17.9855],[102.2594,17.9869],[102.2437,18.0003],[102.2428,18.0003],[102.2246,18.0047],[102.2171,18.0062],[102.2146,18.0077],[102.2113,18.0106],[102.2047,18.018],[102.2013,18.0195],[102.1989,18.018],[102.1955,18.0166],[102.1839,18.0136],[102.1806,18.0121],[102.1715,18.0032],[102.1681,17.9988],[102.1665,17.9973],[102.1632,17.9943],[102.1582,17.9929],[102.154,17.9929],[102.1515,17.9943],[102.1474,18.0003],[102.1474,18.0017],[102.1457,18.0047],[102.1432,18.0092],[102.1416,18.0121],[102.1416,18.0166],[102.1432,18.0195],[102.1449,18.0225],[102.1449,18.0255],[102.1432,18.0284],[102.13,18.0343],[102.1258,18.0373],[102.1233,18.0388],[102.1217,18.0418],[102.12,18.0447],[102.1167,18.0536],[102.1142,18.0595],[102.11,18.061],[102.1042,18.061],[102.0959,18.0581],[102.0918,18.0581],[102.0885,18.0595],[102.0818,18.0655],[102.0777,18.0699],[102.0586,18.0877],[102.0719,18.1395],[102.0793,18.1529],[102.0851,18.1558],[102.0943,18.1633],[102.1026,18.1707],[102.1059,18.1751],[102.1075,18.1795],[102.1084,18.2092],[102.1075,18.2121],[102.1532,18.2107],[102.1723,18.2003],[102.1781,18.1855],[102.1822,18.1692],[102.1914,18.1514],[102.2221,18.1321],[102.2254,18.1277],[102.2329,18.1247],[102.257,18.0936],[102.3068,18.0521],[102.3366,18.0373],[102.3665,18.0388],[102.3848,18.0166],[102.4122,17.9943],[102.4454,17.978],[102.4819,17.9706],[102.5674,17.9706],[102.5998,17.9558],[102.6122,17.9158],[102.5956,17.8506],[102.5956,17.8402],[102.6097,17.8373],[102.6612,17.8136],[102.6828,17.8106],[102.6828,17.818],[102.6736,17.8314],[102.6678,17.8506],[102.6728,17.8654],[102.6869,17.8728],[102.7218,17.8817],[102.7375,17.8906],[102.7741,17.9232],[102.8322,17.9529],[102.838,17.9632],[102.8529,17.9721],[102.9384,18.0092],[102.955,18.0121],[102.9733,18.0077],[103.004,17.9884],[103.0206,17.984],[103.038,17.9914],[103.0496,18.0047],[103.0579,18.0195],[103.0679,18.0255],[103.0729,18.0358],[103.0646,18.0936],[103.0662,18.1129],[103.0712,18.1262],[103.0804,18.1351],[103.0878,18.1381],[103.092,18.141],[103.0928,18.141],[103.0903,18.1366],[103.0895,18.1351],[103.1102,18.1425],[103.1268,18.1514],[103.1385,18.1662],[103.1451,18.1884],[103.1509,18.221],[103.1575,18.2373],[103.1683,18.2492],[103.1766,18.2551],[103.1849,18.2581],[103.2148,18.2625],[103.2364,18.2699],[103.2738,18.2759],[103.2862,18.2803],[103.2953,18.2877],[103.2962,18.2951],[103.3003,18.2714],[103.2904,18.2521],[103.3003,18.2359],[103.3302,18.2329],[103.3601,18.2196],[103.3717,18.1884],[103.3617,18.1662],[103.3302,18.147],[103.3153,18.1173],[103.3219,18.0773],[103.3584,18.0418],[103.4016,18.018],[103.4356,17.9899]]]}},{"type":"Feature","id":"TH.SN","properties":{"code":"TH.SN","name_en":"Sakon Nakhon"},"geometry":{"type":"Polygon","coordinates":[[[104.01,17.8017],[104.0158,17.7854],[104.0175,17.7676],[104.02,17.7602],[104.0233,17.7558],[104.0258,17.7558],[104.0291,17.7558],[104.0349,17.7588],[104.0374,17.7588],[104.0399,17.7588],[104.0482,17.7499],[104.0482,17.7484],[104.0498,17.7425],[104.0523,17.7365],[104.0548,17.7351],[104.0573,17.7351],[104.0606,17.7351],[104.0631,17.7321],[104.0656,17.7276],[104.0681,17.7143],[104.0706,17.7084],[104.0714,17.7025],[104.0714,17.698],[104.0681,17.6921],[104.0673,17.6876],[104.0698,17.6832],[104.0731,17.6817],[104.0756,17.6787],[104.0764,17.6743],[104.0615,17.6491],[104.0581,17.6447],[104.0548,17.6432],[104.0482,17.6402],[104.0399,17.6402],[104.0357,17.6387],[104.0332,17.6373],[104.0316,17.6343],[104.0308,17.6299],[104.0382,17.6091],[104.0399,17.6061],[104.044,17.6017],[104.0465,17.5987],[104.0474,17.5958],[104.049,17.5913],[104.0482,17.5869],[104.0465,17.5795],[104.0399,17.5661],[104.0366,17.5558],[104.0349,17.5395],[104.0349,17.5321],[104.0324,17.5187],[104.0216,17.4995],[104.0117,17.4832],[104.0108,17.4802],[104.0092,17.4758],[104.0092,17.4728],[104.01,17.4684],[104.0424,17.4106],[104.044,17.4076],[104.0457,17.3987],[104.0482,17.3943],[104.0515,17.3913],[104.059,17.3854],[104.064,17.3854],[104.0681,17.3839],[104.0714,17.3839],[104.0747,17.3824],[104.0772,17.3795],[104.0806,17.378],[104.0847,17.378],[104.0889,17.378],[104.0922,17.378],[104.0955,17.3795],[104.0972,17.3824],[104.098,17.3854],[104.0972,17.3883],[104.0963,17.3928],[104.0955,17.3958],[104.0955,17.3987],[104.0972,17.4002],[104.1005,17.3987],[104.1038,17.3972],[104.1071,17.3958],[104.1104,17.3943],[104.1138,17.3898],[104.1171,17.3883],[104.1229,17.3839],[104.1254,17.3839],[104.1279,17.3824],[104.1312,17.3824],[104.1345,17.3824],[104.137,17.3839],[104.1387,17.3869],[104.1453,17.4002],[104.1486,17.4061],[104.1511,17.4076],[104.1536,17.4106],[104.1578,17.4106],[104.1611,17.4106],[104.1876,17.4091],[104.2051,17.4091],[104.21,17.4091],[104.2217,17.4061],[104.2258,17.4061],[104.23,17.4061],[104.2408,17.4091],[104.2657,17.4106],[104.269,17.412],[104.2748,17.415],[104.2781,17.4165],[104.2823,17.418],[104.2955,17.4195],[104.303,17.4195],[104.3063,17.4209],[104.3105,17.4224],[104.3229,17.4224],[104.3586,17.4195],[104.4109,17.4209],[104.4134,17.4209],[104.4151,17.415],[104.4159,17.4046],[104.4142,17.3765],[104.4159,17.3572],[104.4225,17.3498],[104.4242,17.3469],[104.4267,17.3409],[104.4275,17.3365],[104.4259,17.3202],[104.4267,17.3143],[104.4275,17.3098],[104.4317,17.3054],[104.4325,17.3009],[104.4333,17.2965],[104.4325,17.2787],[104.4325,17.2743],[104.4358,17.2668],[104.4425,17.2565],[104.4441,17.2491],[104.4441,17.2476],[104.4433,17.2431],[104.4408,17.2372],[104.4317,17.2268],[104.4259,17.2209],[104.42,17.2135],[104.4167,17.2076],[104.4051,17.1765],[104.4001,17.1483],[104.401,17.1305],[104.3993,17.1261],[104.3968,17.1202],[104.3819,17.1083],[104.3736,17.0979],[104.3711,17.0965],[104.3678,17.095],[104.3644,17.0905],[104.3619,17.0831],[104.3603,17.0668],[104.3619,17.0594],[104.3636,17.055],[104.3761,17.0505],[104.3877,17.0416],[104.3927,17.0387],[104.3943,17.0372],[104.3951,17.0342],[104.3935,17.0224],[104.3827,17.0105],[104.3354,16.9838],[104.3238,16.9764],[104.3221,16.9735],[104.3188,16.9676],[104.3105,16.9453],[104.3063,16.9394],[104.303,16.935],[104.2972,16.932],[104.2897,16.929],[104.2764,16.9231],[104.2391,16.8964],[104.1968,16.8861],[104.1827,16.8875],[104.176,16.889],[104.1685,16.892],[104.1602,16.8935],[104.142,16.8949],[104.137,16.8935],[104.1328,16.889],[104.1287,16.8801],[104.127,16.8757],[104.1254,16.8653],[104.1237,16.8624],[104.1212,16.8579],[104.1113,16.8461],[104.1013,16.8372],[104.0731,16.8327],[104.0573,16.8431],[104.0507,16.8461],[104.0382,16.849],[104.0283,16.8549],[104.0225,16.8549],[104.0191,16.8535],[104.0133,16.8461],[104.0108,16.8431],[104.0067,16.8416],[104.0017,16.8386],[103.9917,16.8357],[103.9868,16.8327],[103.9826,16.8298],[103.9776,16.8194],[103.9743,16.8164],[103.9702,16.8164],[103.9644,16.8179],[103.961,16.8164],[103.9585,16.8149],[103.9552,16.8075],[103.9519,16.7912],[103.9494,16.7868],[103.9444,16.7809],[103.9411,16.7794],[103.9378,16.7794],[103.9328,16.7853],[103.9295,16.7898],[103.9245,16.7942],[103.9162,16.8001],[103.9096,16.8075],[103.9071,16.8105],[103.9038,16.812],[103.8805,16.8209],[103.8764,16.8223],[103.8457,16.8431],[103.8432,16.8461],[103.8415,16.849],[103.8398,16.852],[103.8365,16.8624],[103.8332,16.8683],[103.8299,16.8712],[103.8241,16.8757],[103.7975,16.889],[103.795,16.892],[103.7892,16.8994],[103.7859,16.9053],[103.7826,16.9127],[103.7817,16.9157],[103.7809,16.9231],[103.7809,16.9275],[103.7817,16.935],[103.7859,16.9438],[103.7867,16.9483],[103.7859,16.9513],[103.7834,16.9557],[103.7776,16.9616],[103.7519,16.9779],[103.7427,16.9853],[103.7236,17.0001],[103.7228,17.0001],[103.722,17.0001],[103.7137,17.009],[103.6996,17.0194],[103.6921,17.0224],[103.6855,17.0239],[103.6772,17.0224],[103.6738,17.0209],[103.6647,17.0194],[103.6564,17.0194],[103.6506,17.0194],[103.6473,17.0224],[103.6448,17.0239],[103.644,17.0268],[103.644,17.0313],[103.6456,17.0342],[103.6473,17.0372],[103.6498,17.0446],[103.6572,17.0476],[103.6564,17.0905],[103.6539,17.1009],[103.6514,17.1068],[103.6481,17.1083],[103.639,17.1098],[103.634,17.1113],[103.6282,17.1157],[103.6141,17.1379],[103.6041,17.1498],[103.5908,17.1616],[103.585,17.1646],[103.58,17.1646],[103.5767,17.1646],[103.5734,17.1631],[103.5701,17.1616],[103.5668,17.1602],[103.5618,17.1616],[103.5543,17.1661],[103.5286,17.1898],[103.5161,17.1972],[103.4854,17.2105],[103.4755,17.2165],[103.4696,17.2224],[103.4655,17.2283],[103.4638,17.2298],[103.4622,17.2298],[103.4589,17.2254],[103.4564,17.2224],[103.4514,17.2194],[103.4489,17.218],[103.4464,17.2165],[103.4398,17.215],[103.4356,17.215],[103.4323,17.215],[103.429,17.2165],[103.4232,17.218],[103.4198,17.2194],[103.4165,17.218],[103.4099,17.2165],[103.4057,17.2165],[103.4024,17.2165],[103.3958,17.2194],[103.3385,17.2505],[103.3194,17.255],[103.3078,17.2594],[103.3003,17.2609],[103.2771,17.2624],[103.2729,17.2654],[103.2696,17.2668],[103.2671,17.2728],[103.2646,17.2772],[103.2522,17.295],[103.2489,17.3009],[103.2472,17.3069],[103.2464,17.3113],[103.2472,17.3157],[103.2513,17.3202],[103.258,17.3246],[103.2596,17.3276],[103.2621,17.3291],[103.263,17.332],[103.2655,17.3424],[103.2679,17.3483],[103.2688,17.3498],[103.2721,17.3557],[103.2746,17.3646],[103.2762,17.3676],[103.2779,17.3706],[103.2821,17.375],[103.2887,17.3795],[103.2904,17.3824],[103.292,17.3839],[103.2928,17.3869],[103.2928,17.3883],[103.2912,17.3928],[103.2771,17.415],[103.2729,17.4239],[103.2713,17.4298],[103.2704,17.4343],[103.2713,17.4372],[103.2721,17.4402],[103.2762,17.4491],[103.2771,17.4521],[103.2796,17.4609],[103.2804,17.4772],[103.2812,17.4802],[103.2821,17.4832],[103.2879,17.4906],[103.2904,17.4995],[103.2904,17.5009],[103.292,17.5024],[103.3045,17.5143],[103.3061,17.5158],[103.3078,17.5187],[103.3144,17.541],[103.3161,17.5439],[103.3177,17.5454],[103.3202,17.5469],[103.3227,17.5484],[103.3244,17.5513],[103.3285,17.5676],[103.3319,17.5721],[103.3352,17.5765],[103.3368,17.5795],[103.3418,17.5824],[103.3476,17.5854],[103.3509,17.5854],[103.3543,17.5854],[103.3601,17.5824],[103.3634,17.5824],[103.3667,17.5824],[103.37,17.5839],[103.3725,17.5854],[103.3783,17.5913],[103.3808,17.5928],[103.3833,17.5943],[103.3866,17.5958],[103.39,17.5958],[103.3933,17.5958],[103.3958,17.5958],[103.3974,17.5987],[103.3958,17.6076],[103.3958,17.618],[103.3966,17.621],[103.3949,17.6447],[103.3966,17.655],[103.3974,17.6624],[103.3949,17.6802],[103.3949,17.6832],[103.3966,17.6906],[103.4024,17.7113],[103.4032,17.7173],[103.4024,17.7247],[103.4008,17.738],[103.3974,17.7484],[103.3966,17.7499],[103.3941,17.7513],[103.3908,17.7513],[103.3858,17.7543],[103.38,17.7588],[103.3709,17.7736],[103.3684,17.781],[103.3676,17.7854],[103.3717,17.7899],[103.3734,17.7928],[103.3734,17.7958],[103.3734,17.7988],[103.3734,17.8017],[103.375,17.8077],[103.375,17.8151],[103.3759,17.818],[103.3783,17.8195],[103.3792,17.8225],[103.3783,17.8299],[103.3792,17.8328],[103.3808,17.8358],[103.3825,17.8373],[103.385,17.8373],[103.3875,17.8373],[103.3908,17.8328],[103.3933,17.8314],[103.3966,17.8328],[103.3991,17.8328],[103.4024,17.8343],[103.4057,17.8358],[103.4099,17.8358],[103.4099,17.8373],[103.4091,17.8402],[103.4016,17.8432],[103.3966,17.8447],[103.3949,17.8477],[103.3958,17.8521],[103.3966,17.8536],[103.3999,17.8669],[103.4074,17.8803],[103.4066,17.8936],[103.3983,17.9054],[103.3925,17.9188],[103.3916,17.9247],[103.3925,17.9291],[103.3991,17.9321],[103.4024,17.9336],[103.4024,17.9366],[103.3991,17.944],[103.3883,17.9558],[103.3817,17.9692],[103.3808,17.9751],[103.3808,17.9795],[103.3833,17.981],[103.3858,17.9825],[103.3891,17.984],[103.3925,17.9855],[103.3999,17.9855],[103.4032,17.9855],[103.4099,17.984],[103.419,17.981],[103.4223,17.981],[103.4265,17.9825],[103.4315,17.9869],[103.4356,17.9899],[103.4398,17.9914],[103.4514,17.9914],[103.4547,17.9929],[103.4597,17.9958],[103.4672,18.0032],[103.4746,18.0106],[103.4779,18.0151],[103.4796,18.0195],[103.4804,18.024],[103.4804,18.0269],[103.4771,18.0432],[103.4788,18.0462],[103.4804,18.0477],[103.4838,18.0492],[103.4904,18.0521],[103.4937,18.0536],[103.497,18.0551],[103.5012,18.0595],[103.5037,18.0625],[103.507,18.064],[103.5103,18.064],[103.5203,18.0625],[103.5344,18.0625],[103.5377,18.0625],[103.5419,18.061],[103.5535,18.0566],[103.5618,18.0521],[103.5643,18.0506],[103.5659,18.0492],[103.5676,18.0462],[103.5709,18.0447],[103.5742,18.0432],[103.5825,18.0432],[103.5867,18.0418],[103.5892,18.0403],[103.5925,18.0358],[103.6,18.0269],[103.6074,18.018],[103.6099,18.0151],[103.6132,18.0151],[103.6307,18.0121],[103.634,18.0106],[103.6365,18.0092],[103.6373,18.0077],[103.6365,18.0047],[103.6348,18.0032],[103.6315,18.0017],[103.6232,18.0003],[103.6215,17.9988],[103.6191,17.9973],[103.6182,17.9958],[103.6174,17.9914],[103.6174,17.9884],[103.6199,17.978],[103.6207,17.9751],[103.6232,17.9721],[103.6348,17.9647],[103.639,17.9632],[103.6506,17.9632],[103.6564,17.9617],[103.6597,17.9603],[103.6597,17.9573],[103.6597,17.9543],[103.6622,17.9514],[103.6664,17.9484],[103.6796,17.9469],[103.6863,17.9454],[103.6904,17.944],[103.6929,17.9425],[103.6946,17.9395],[103.6979,17.9395],[103.7045,17.9366],[103.707,17.9351],[103.7095,17.9336],[103.717,17.9247],[103.7261,17.9173],[103.7328,17.9128],[103.7394,17.9114],[103.7427,17.9114],[103.7444,17.9143],[103.746,17.9277],[103.7469,17.9306],[103.7485,17.9336],[103.7502,17.938],[103.7535,17.941],[103.7593,17.9454],[103.7618,17.944],[103.7627,17.9425],[103.761,17.9366],[103.7602,17.9336],[103.761,17.9291],[103.7635,17.9262],[103.7718,17.9232],[103.7743,17.9203],[103.7751,17.9173],[103.7734,17.9114],[103.7726,17.9084],[103.7734,17.9054],[103.7743,17.9025],[103.7768,17.8966],[103.7776,17.8936],[103.7768,17.8921],[103.7751,17.8891],[103.7726,17.8877],[103.7668,17.8847],[103.7643,17.8832],[103.7618,17.8817],[103.761,17.8788],[103.7602,17.8758],[103.761,17.8728],[103.7635,17.8669],[103.7676,17.864],[103.7768,17.8551],[103.7784,17.8536],[103.7859,17.8477],[103.795,17.8432],[103.8,17.8432],[103.8042,17.8432],[103.805,17.8462],[103.805,17.8491],[103.8033,17.8506],[103.7983,17.858],[103.7975,17.861],[103.7975,17.864],[103.8025,17.8684],[103.8091,17.8684],[103.8291,17.8654],[103.8349,17.8654],[103.8382,17.8669],[103.8407,17.8684],[103.8457,17.8728],[103.8506,17.8743],[103.854,17.8743],[103.8564,17.8743],[103.8581,17.8714],[103.8598,17.864],[103.8614,17.861],[103.8656,17.858],[103.8681,17.8565],[103.8706,17.858],[103.873,17.861],[103.8755,17.8654],[103.8789,17.8684],[103.8838,17.8714],[103.8938,17.8743],[103.8988,17.8758],[103.9021,17.8743],[103.9029,17.8714],[103.9021,17.8699],[103.9004,17.8669],[103.8996,17.8654],[103.8988,17.8625],[103.8979,17.8551],[103.8963,17.8521],[103.8963,17.8477],[103.8971,17.8447],[103.9013,17.8417],[103.9038,17.8417],[103.9062,17.8432],[103.9087,17.8462],[103.9112,17.8477],[103.9162,17.8506],[103.9187,17.8506],[103.9212,17.8491],[103.922,17.8417],[103.922,17.8343],[103.9204,17.8284],[103.9195,17.8254],[103.9187,17.8225],[103.9187,17.8195],[103.9195,17.8151],[103.9204,17.8121],[103.922,17.8106],[103.9237,17.8077],[103.932,17.8032],[103.9345,17.8017],[103.9353,17.7988],[103.9353,17.7884],[103.9386,17.7854],[103.9436,17.7825],[103.9569,17.7795],[103.9627,17.7751],[103.966,17.7721],[103.9685,17.7676],[103.971,17.7676],[103.9735,17.7691],[103.9785,17.7765],[103.981,17.778],[103.9834,17.7795],[103.9901,17.781],[103.9926,17.7825],[103.9942,17.7854],[103.9942,17.7884],[103.9959,17.7943],[104.01,17.8017]]]}},{"type":"Feature","id":"TH.UN","properties":{"code":"TH.UN","name_en":"Udon Thani"},"geometry":{"type":"Polygon","coordinates":[[[103.3999,17.8669],[103.3966,17.8536],[103.3958,17.8521],[103.3949,17.8477],[103.3966,17.8447],[103.4016,17.8432],[103.4091,17.8402],[103.4099,17.8373],[103.4099,17.8358],[103.4057,17.8358],[103.4024,17.8343],[103.3991,17.8328],[103.3966,17.8328],[103.3933,17.8314],[103.3908,17.8328],[103.3875,17.8373],[103.385,17.8373],[103.3825,17.8373],[103.3808,17.8358],[103.3792,17.8328],[103.3783,17.8299],[103.3792,17.8225],[103.3783,17.8195],[103.3759,17.818],[103.375,17.8151],[103.375,17.8077],[103.3734,17.8017],[103.3734,17.7988],[103.3734,17.7958],[103.3734,17.7928],[103.3717,17.7899],[103.3676,17.7854],[103.3684,17.781],[103.3709,17.7736],[103.38,17.7588],[103.3858,17.7543],[103.3908,17.7513],[103.3941,17.7513],[103.3966,17.7499],[103.3974,17.7484],[103.4008,17.738],[103.4024,17.7247],[103.4032,17.7173],[103.4024,17.7113],[103.3966,17.6906],[103.3949,17.6832],[103.3949,17.6802],[103.3974,17.6624],[103.3966,17.655],[103.3949,17.6447],[103.3966,17.621],[103.3958,17.618],[103.3958,17.6076],[103.3974,17.5987],[103.3958,17.5958],[103.3933,17.5958],[103.39,17.5958],[103.3866,17.5958],[103.3833,17.5943],[103.3808,17.5928],[103.3783,17.5913],[103.3725,17.5854],[103.37,17.5839],[103.3667,17.5824],[103.3634,17.5824],[103.3601,17.5824],[103.3543,17.5854],[103.3509,17.5854],[103.3476,17.5854],[103.3418,17.5824],[103.3368,17.5795],[103.3352,17.5765],[103.3319,17.5721],[103.3285,17.5676],[103.3244,17.5513],[103.3227,17.5484],[103.3202,17.5469],[103.3177,17.5454],[103.3161,17.5439],[103.3144,17.541],[103.3078,17.5187],[103.3061,17.5158],[103.3045,17.5143],[103.292,17.5024],[103.2904,17.5009],[103.2904,17.4995],[103.2879,17.4906],[103.2821,17.4832],[103.2812,17.4802],[103.2804,17.4772],[103.2796,17.4609],[103.2771,17.4521],[103.2762,17.4491],[103.2721,17.4402],[103.2713,17.4372],[103.2704,17.4343],[103.2713,17.4298],[103.2729,17.4239],[103.2771,17.415],[103.2912,17.3928],[103.2928,17.3883],[103.2928,17.3869],[103.292,17.3839],[103.2904,17.3824],[103.2887,17.3795],[103.2821,17.375],[103.2779,17.3706],[103.2762,17.3676],[103.2746,17.3646],[103.2721,17.3557],[103.2688,17.3498],[103.2679,17.3483],[103.2655,17.3424],[103.263,17.332],[103.2621,17.3291],[103.2596,17.3276],[103.258,17.3246],[103.2513,17.3202],[103.2472,17.3157],[103.2464,17.3113],[103.2472,17.3069],[103.2489,17.3009],[103.2522,17.295],[103.2646,17.2772],[103.2671,17.2728],[103.2696,17.2668],[103.2729,17.2654],[103.2771,17.2624],[103.3003,17.2609],[103.3078,17.2594],[103.3194,17.255],[103.3385,17.2505],[103.3958,17.2194],[103.4024,17.2165],[103.4057,17.2165],[103.4099,17.2165],[103.4165,17.218],[103.4198,17.2194],[103.4232,17.218],[103.429,17.2165],[103.4323,17.215],[103.4356,17.215],[103.4398,17.215],[103.4464,17.2165],[103.4489,17.218],[103.4514,17.2194],[103.4564,17.2224],[103.4589,17.2254],[103.4622,17.2298],[103.4638,17.2298],[103.4655,17.2283],[103.4696,17.2224],[103.4755,17.2165],[103.4854,17.2105],[103.5161,17.1972],[103.5286,17.1898],[103.5543,17.1661],[103.5618,17.1616],[103.5668,17.1602],[103.5701,17.1616],[103.5734,17.1631],[103.5767,17.1646],[103.58,17.1646],[103.585,17.1646],[103.5908,17.1616],[103.6041,17.1498],[103.6141,17.1379],[103.6282,17.1157],[103.634,17.1113],[103.639,17.1098],[103.6481,17.1083],[103.6514,17.1068],[103.6539,17.1009],[103.6564,17.0905],[103.6572,17.0476],[103.6498,17.0446],[103.6473,17.049],[103.6415,17.055],[103.6381,17.0594],[103.6323,17.0713],[103.6191,17.0861],[103.6166,17.089],[103.6141,17.0905],[103.6091,17.0935],[103.5925,17.0965],[103.5834,17.1009],[103.5767,17.0994],[103.5668,17.095],[103.536,17.0787],[103.5311,17.0742],[103.5294,17.0713],[103.5261,17.0653],[103.5186,17.0565],[103.517,17.055],[103.5153,17.052],[103.5128,17.0505],[103.5103,17.049],[103.5087,17.0476],[103.507,17.0446],[103.5062,17.0416],[103.507,17.0387],[103.5103,17.0298],[103.5103,17.0253],[103.5095,17.0001],[103.5095,16.9957],[103.5087,16.9927],[103.507,16.9898],[103.5012,16.9838],[103.4979,16.975],[103.4879,16.9646],[103.4862,16.9616],[103.4846,16.9587],[103.4813,16.9424],[103.4804,16.935],[103.4829,16.9216],[103.4838,16.9098],[103.4829,16.9068],[103.4821,16.9038],[103.4804,16.9009],[103.4771,16.8964],[103.4738,16.892],[103.4696,16.8875],[103.468,16.8846],[103.463,16.8772],[103.4597,16.8727],[103.4539,16.8668],[103.4522,16.8638],[103.4506,16.8624],[103.4464,16.852],[103.4431,16.849],[103.4423,16.8461],[103.4431,16.8401],[103.4423,16.8372],[103.4406,16.8342],[103.4373,16.8298],[103.4356,16.8283],[103.4331,16.8283],[103.4306,16.8312],[103.429,16.8357],[103.4223,16.852],[103.4223,16.8564],[103.4223,16.8609],[103.424,16.8683],[103.4248,16.8757],[103.424,16.8787],[103.4223,16.8816],[103.414,16.892],[103.3999,16.9024],[103.3941,16.9053],[103.3842,16.9098],[103.3692,16.9187],[103.3509,16.9246],[103.3302,16.9305],[103.3086,16.9335],[103.2995,16.9364],[103.2937,16.9379],[103.292,16.9409],[103.287,16.9453],[103.2837,16.9468],[103.2787,16.9498],[103.2671,16.9542],[103.2605,16.9572],[103.2505,16.9601],[103.2372,16.9616],[103.2314,16.9616],[103.2256,16.9601],[103.2173,16.9557],[103.2065,16.9542],[103.1999,16.9542],[103.1949,16.9542],[103.1899,16.9542],[103.1775,16.9527],[103.1725,16.9527],[103.1642,16.9542],[103.1534,16.9572],[103.1476,16.9587],[103.1443,16.9587],[103.1426,16.9572],[103.136,16.9498],[103.1127,16.9127],[102.9558,16.8416],[102.9467,16.8416],[102.9426,16.8416],[102.9351,16.8431],[102.9318,16.8446],[102.9293,16.8475],[102.9243,16.852],[102.911,16.8668],[102.9002,16.8742],[102.8894,16.8787],[102.8745,16.8787],[102.8637,16.8772],[102.8446,16.8742],[102.8372,16.8742],[102.833,16.8757],[102.8322,16.8801],[102.8322,16.8831],[102.833,16.8875],[102.8322,16.892],[102.8289,16.9112],[102.8289,16.9142],[102.8305,16.9305],[102.8297,16.9394],[102.8289,16.9438],[102.828,16.9468],[102.823,16.9557],[102.8222,16.9587],[102.8222,16.9616],[102.8247,16.9631],[102.8305,16.9676],[102.833,16.969],[102.8338,16.972],[102.8322,16.9764],[102.828,16.9794],[102.8147,16.9883],[102.8106,16.9898],[102.8081,16.9927],[102.8048,17.0001],[102.8031,17.0016],[102.8006,17.0046],[102.7981,17.0061],[102.7874,17.0135],[102.7359,17.0387],[102.7301,17.0431],[102.7276,17.0446],[102.7251,17.052],[102.7243,17.055],[102.7243,17.0639],[102.7234,17.0683],[102.7201,17.0727],[102.7168,17.0742],[102.7143,17.0727],[102.7118,17.0713],[102.7068,17.0579],[102.6994,17.0461],[102.6952,17.0416],[102.6936,17.0387],[102.6919,17.0342],[102.6919,17.0298],[102.6919,17.0046],[102.6853,16.9735],[102.6853,16.9646],[102.6844,16.9616],[102.6828,16.9572],[102.6761,16.9438],[102.5558,17.0565],[102.545,17.0698],[102.5317,17.0994],[102.5134,17.1335],[102.5109,17.1409],[102.5109,17.1468],[102.5134,17.1513],[102.5192,17.1587],[102.5234,17.1616],[102.5275,17.1631],[102.5367,17.1646],[102.5491,17.1661],[102.5541,17.1661],[102.5591,17.1691],[102.579,17.1824],[102.5832,17.1883],[102.5848,17.1928],[102.5865,17.2061],[102.5906,17.2105],[102.6031,17.2165],[102.6031,17.2209],[102.594,17.2239],[102.5674,17.2209],[102.5458,17.215],[102.5209,17.2031],[102.5126,17.2046],[102.506,17.2135],[102.501,17.2224],[102.4927,17.2313],[102.4827,17.2342],[102.4753,17.2387],[102.4744,17.2461],[102.4753,17.2535],[102.4802,17.2728],[102.4877,17.2846],[102.486,17.2994],[102.4777,17.3083],[102.4512,17.3113],[102.4412,17.3157],[102.4346,17.3246],[102.4313,17.3439],[102.4321,17.3528],[102.4346,17.3602],[102.4379,17.3661],[102.4396,17.375],[102.4387,17.3854],[102.4346,17.4046],[102.4288,17.4239],[102.3923,17.495],[102.3848,17.5395],[102.3756,17.5617],[102.374,17.575],[102.3765,17.6076],[102.3756,17.6165],[102.3707,17.6224],[102.3524,17.6121],[102.3416,17.6091],[102.3283,17.6136],[102.3142,17.621],[102.2802,17.6284],[102.2594,17.6313],[102.2354,17.6402],[102.2246,17.6387],[102.2163,17.6328],[102.2013,17.618],[102.193,17.6121],[102.1856,17.6091],[102.1756,17.6091],[102.1698,17.6121],[102.1607,17.618],[102.1466,17.6136],[102.1217,17.5839],[102.115,17.5913],[102.1125,17.5973],[102.1084,17.6047],[102.1059,17.6076],[102.1042,17.6106],[102.1017,17.6121],[102.0959,17.6165],[102.0934,17.6195],[102.0909,17.6224],[102.0893,17.6269],[102.086,17.6343],[102.0843,17.6373],[102.0743,17.6773],[102.071,17.6862],[102.0677,17.6906],[102.0652,17.6891],[102.0644,17.6862],[102.0636,17.6817],[102.0627,17.6787],[102.0586,17.6728],[102.0577,17.6684],[102.0569,17.6654],[102.0561,17.661],[102.0536,17.6595],[102.0503,17.6565],[102.047,17.6565],[102.0445,17.658],[102.0411,17.6595],[102.0378,17.6654],[102.0362,17.6728],[102.0254,17.7336],[102.0245,17.738],[102.0254,17.7454],[102.0328,17.7721],[102.0345,17.7765],[102.037,17.778],[102.0428,17.781],[102.0453,17.7839],[102.0461,17.7884],[102.0445,17.7973],[102.0445,17.8032],[102.0511,17.8254],[102.0519,17.8299],[102.0519,17.8373],[102.0486,17.864],[102.0445,17.8788],[102.042,17.8803],[102.0387,17.8862],[102.0378,17.8891],[102.0353,17.9099],[102.0279,17.9469],[102.0254,17.9677],[102.0237,17.9751],[102.0237,17.978],[102.0245,17.981],[102.0287,17.984],[102.0328,17.9855],[102.0362,17.9884],[102.0387,17.9929],[102.0395,18.0077],[102.042,18.018],[102.0511,18.0388],[102.0536,18.0462],[102.0553,18.0521],[102.0586,18.0877],[102.0777,18.0699],[102.0818,18.0655],[102.0885,18.0595],[102.0918,18.0581],[102.0959,18.0581],[102.1042,18.061],[102.11,18.061],[102.1142,18.0595],[102.1167,18.0536],[102.12,18.0447],[102.1217,18.0418],[102.1233,18.0388],[102.1258,18.0373],[102.13,18.0343],[102.1432,18.0284],[102.1449,18.0255],[102.1449,18.0225],[102.1432,18.0195],[102.1416,18.0166],[102.1416,18.0121],[102.1432,18.0092],[102.1457,18.0047],[102.1474,18.0017],[102.1474,18.0003],[102.1515,17.9943],[102.154,17.9929],[102.1582,17.9929],[102.1632,17.9943],[102.1665,17.9973],[102.1681,17.9988],[102.1715,18.0032],[102.1806,18.0121],[102.1839,18.0136],[102.1955,18.0166],[102.1989,18.018],[102.2013,18.0195],[102.2047,18.018],[102.2113,18.0106],[102.2146,18.0077],[102.2171,18.0062],[102.2246,18.0047],[102.2428,18.0003],[102.2437,18.0003],[102.2594,17.9869],[102.2619,17.9855],[102.2719,17.981],[102.2902,17.9751],[102.2943,17.9736],[102.2968,17.9706],[102.3068,17.9617],[102.3275,17.9499],[102.33,17.9469],[102.3317,17.944],[102.3325,17.941],[102.335,17.9336],[102.3391,17.9291],[102.3499,17.9217],[102.3665,17.9143],[102.3698,17.9114],[102.3715,17.9084],[102.3732,17.9054],[102.3748,17.904],[102.3773,17.901],[102.3889,17.8936],[102.3923,17.8921],[102.3939,17.8891],[102.3997,17.8803],[102.4039,17.8714],[102.4047,17.8669],[102.4055,17.8506],[102.4064,17.8477],[102.408,17.8447],[102.4097,17.8417],[102.4113,17.8388],[102.4138,17.8373],[102.4155,17.8358],[102.4196,17.8284],[102.4246,17.824],[102.4279,17.8225],[102.4396,17.818],[102.4429,17.8151],[102.4445,17.8106],[102.4437,17.8077],[102.4429,17.8047],[102.4396,17.7973],[102.4387,17.7943],[102.4396,17.7914],[102.4412,17.7884],[102.4429,17.7854],[102.4545,17.7736],[102.4562,17.7706],[102.4578,17.7676],[102.4595,17.7647],[102.4611,17.7617],[102.4636,17.7588],[102.4661,17.7573],[102.4728,17.7543],[102.54,17.7499],[102.5458,17.7425],[102.55,17.738],[102.5724,17.7173],[102.5873,17.7099],[102.6056,17.695],[102.6081,17.6921],[102.6097,17.6891],[102.6097,17.6862],[102.6089,17.6817],[102.6072,17.6743],[102.6064,17.6713],[102.6072,17.6639],[102.6106,17.6491],[102.6114,17.6417],[102.6114,17.6373],[102.6106,17.6328],[102.6089,17.6299],[102.6064,17.6239],[102.6072,17.621],[102.6114,17.618],[102.6222,17.618],[102.6462,17.6121],[102.6496,17.6106],[102.6521,17.6091],[102.6545,17.6061],[102.6587,17.5973],[102.6653,17.5958],[102.677,17.5958],[102.7043,17.6032],[102.7168,17.6032],[102.7251,17.6032],[102.7317,17.6002],[102.7359,17.6002],[102.7425,17.6032],[102.7517,17.6061],[102.7691,17.618],[102.7757,17.6239],[102.7791,17.6299],[102.7791,17.6343],[102.7824,17.6447],[102.7832,17.6521],[102.784,17.6565],[102.7857,17.6595],[102.7882,17.661],[102.7957,17.6684],[102.7981,17.6699],[102.8372,17.6906],[102.8438,17.695],[102.8479,17.6995],[102.8488,17.7084],[102.8496,17.7113],[102.8521,17.7143],[102.8604,17.7202],[102.8612,17.7232],[102.8621,17.7262],[102.8621,17.7291],[102.8596,17.7351],[102.8587,17.7395],[102.8604,17.7425],[102.8629,17.7469],[102.8637,17.7499],[102.8654,17.7691],[102.8654,17.7736],[102.8637,17.7765],[102.8621,17.778],[102.8587,17.781],[102.8571,17.7839],[102.8554,17.7869],[102.8529,17.7958],[102.8496,17.8032],[102.8496,17.8062],[102.8504,17.8106],[102.8529,17.8151],[102.8554,17.8195],[102.8596,17.824],[102.8621,17.8314],[102.8645,17.8343],[102.867,17.8358],[102.8745,17.8417],[102.877,17.8432],[102.8795,17.8462],[102.8803,17.8506],[102.8853,17.8595],[102.8853,17.8625],[102.8853,17.8654],[102.882,17.8714],[102.8811,17.8758],[102.882,17.8788],[102.8828,17.8832],[102.8853,17.8847],[102.8919,17.8862],[102.9036,17.8862],[102.9309,17.8832],[102.9426,17.8803],[102.95,17.8773],[102.9542,17.8714],[102.9558,17.8684],[102.9567,17.8654],[102.96,17.8595],[102.9617,17.8565],[102.9641,17.8536],[102.9666,17.8521],[102.9691,17.8491],[102.9708,17.8462],[102.9733,17.8402],[102.9783,17.8269],[102.9799,17.824],[102.9832,17.8225],[102.9874,17.8225],[102.9957,17.8269],[102.999,17.8284],[103.0023,17.8314],[103.004,17.8343],[103.009,17.8388],[103.0115,17.8402],[103.0148,17.8462],[103.0164,17.8491],[103.0206,17.8551],[103.0247,17.8595],[103.0264,17.864],[103.0281,17.8654],[103.0306,17.8684],[103.0347,17.8699],[103.0488,17.8743],[103.053,17.8773],[103.0538,17.8803],[103.0546,17.8847],[103.0555,17.8862],[103.0588,17.8862],[103.0687,17.8773],[103.0754,17.8728],[103.077,17.8714],[103.0787,17.8699],[103.0795,17.8684],[103.0804,17.8654],[103.082,17.864],[103.0853,17.8625],[103.0961,17.8595],[103.0994,17.858],[103.1036,17.8521],[103.1069,17.8491],[103.1127,17.8477],[103.1152,17.8447],[103.1169,17.8417],[103.1177,17.8388],[103.1185,17.8373],[103.1202,17.8358],[103.1235,17.8328],[103.136,17.8299],[103.1393,17.8284],[103.1451,17.8254],[103.1476,17.8225],[103.1534,17.8136],[103.1551,17.8121],[103.165,17.8032],[103.1692,17.8017],[103.1733,17.8032],[103.18,17.8077],[103.1833,17.8106],[103.1849,17.8151],[103.1883,17.8299],[103.1924,17.8417],[103.1941,17.8447],[103.1957,17.8462],[103.2024,17.8536],[103.2082,17.858],[103.2173,17.8625],[103.2439,17.8699],[103.2555,17.8758],[103.258,17.8773],[103.2613,17.8788],[103.2655,17.8788],[103.2704,17.8758],[103.2729,17.8728],[103.2754,17.8699],[103.2879,17.8491],[103.2962,17.8388],[103.3053,17.8343],[103.3078,17.8328],[103.3128,17.8328],[103.3194,17.8343],[103.3393,17.8491],[103.3526,17.8551],[103.3999,17.8669]]]}},{"type":"Feature","id":"TH.NB","properties":{"code":"TH.NB","name_en":"Nong Bua Lam Phu"},"geometry":{"type":"Polygon","coordinates":[[[102.6761,16.9438],[102.628,16.8312],[102.6139,16.7749],[102.6114,16.7705],[102.6097,16.769],[102.6039,16.7675],[102.5873,16.766],[102.579,16.766],[102.5632,16.7616],[102.5591,16.7616],[102.5549,16.7631],[102.5533,16.766],[102.5475,16.7735],[102.5433,16.7779],[102.5408,16.7809],[102.535,16.7853],[102.5284,16.7883],[102.5217,16.7898],[102.506,16.7942],[102.4753,16.7986],[102.4711,16.7986],[102.467,16.7986],[102.4636,16.7972],[102.447,16.7912],[102.4304,16.7883],[102.4255,16.7898],[102.4213,16.7898],[102.4105,16.7927],[102.3923,16.8031],[102.3781,16.8075],[102.3765,16.809],[102.3756,16.809],[102.3732,16.8105],[102.3632,16.812],[102.359,16.8149],[102.3574,16.8149],[102.3499,16.8179],[102.3416,16.8194],[102.3366,16.8194],[102.3341,16.8223],[102.3325,16.8253],[102.3308,16.8312],[102.3292,16.8342],[102.3275,16.8357],[102.3234,16.8401],[102.3225,16.8431],[102.3225,16.8461],[102.3225,16.849],[102.3209,16.852],[102.3192,16.8535],[102.3159,16.8549],[102.3126,16.8564],[102.3101,16.8579],[102.3084,16.8594],[102.3084,16.8638],[102.3076,16.8668],[102.3051,16.8683],[102.3001,16.8712],[102.2985,16.8727],[102.2951,16.8787],[102.2926,16.8801],[102.2868,16.8831],[102.281,16.8861],[102.2752,16.889],[102.2636,16.8905],[102.2553,16.8905],[102.2495,16.8905],[102.2462,16.889],[102.2437,16.8875],[102.2412,16.8861],[102.2379,16.8801],[102.2354,16.8787],[102.2312,16.8757],[102.2254,16.8742],[102.2221,16.8727],[102.2196,16.8698],[102.2163,16.8668],[102.2055,16.8594],[102.2005,16.8579],[102.1955,16.8564],[102.1914,16.8579],[102.1881,16.8579],[102.1781,16.8624],[102.1756,16.8624],[102.1623,16.8653],[102.1565,16.8683],[102.1432,16.8757],[102.1407,16.8772],[102.1366,16.8772],[102.1258,16.8787],[102.1075,16.8831],[102.071,16.8861],[102.0669,16.8935],[102.0652,16.8964],[102.0561,16.9068],[102.0528,16.9127],[102.0353,16.9453],[102.0345,16.9498],[102.0353,16.9527],[102.0387,16.9572],[102.042,16.9601],[102.0453,16.9616],[102.0802,16.975],[102.086,16.9779],[102.0893,16.9794],[102.0934,16.9838],[102.1084,17.0001],[102.1158,17.0046],[102.1466,17.015],[102.1499,17.0164],[102.1515,17.0194],[102.1507,17.0224],[102.1474,17.0268],[102.1441,17.0283],[102.1341,17.0342],[102.1316,17.0372],[102.13,17.0402],[102.1283,17.0431],[102.1266,17.0461],[102.125,17.049],[102.1225,17.0505],[102.1134,17.0565],[102.1109,17.0579],[102.1092,17.0624],[102.1059,17.0772],[102.1026,17.0861],[102.0959,17.0979],[102.0909,17.1024],[102.0885,17.1053],[102.081,17.1068],[102.0735,17.1083],[102.0702,17.1098],[102.0636,17.1128],[102.0553,17.1187],[102.0478,17.1202],[102.0345,17.1216],[102.0312,17.1231],[102.027,17.1246],[102.0138,17.1335],[102.0063,17.1365],[101.9938,17.1394],[101.9905,17.1394],[101.9781,17.1468],[101.9573,17.1676],[101.954,17.1735],[101.9465,17.1987],[101.9482,17.2046],[101.9523,17.212],[101.9698,17.2328],[101.9739,17.2372],[101.9764,17.2402],[101.9789,17.2431],[101.9805,17.2476],[101.9797,17.2668],[101.9805,17.2713],[101.9814,17.2743],[101.9855,17.2802],[101.9905,17.2861],[102.0088,17.3054],[102.0162,17.3113],[102.0196,17.3157],[102.0221,17.3187],[102.0237,17.3231],[102.0237,17.3291],[102.0229,17.3335],[102.0204,17.3409],[102.0196,17.3439],[102.0196,17.3483],[102.0221,17.3587],[102.0221,17.3632],[102.0212,17.3661],[102.0204,17.3691],[102.0187,17.372],[102.0138,17.378],[101.9988,17.3913],[101.9971,17.3943],[101.9897,17.4046],[101.9872,17.4106],[101.9847,17.418],[101.983,17.4254],[101.983,17.4298],[101.983,17.4328],[101.9839,17.4372],[101.9847,17.4417],[101.988,17.4461],[101.993,17.4491],[102.0046,17.4521],[102.0254,17.4521],[102.0337,17.4521],[102.0428,17.4521],[102.0544,17.4506],[102.0627,17.4491],[102.0685,17.4506],[102.076,17.4521],[102.0959,17.4624],[102.1117,17.4728],[102.1192,17.4772],[102.125,17.4832],[102.1333,17.4995],[102.1416,17.5084],[102.1407,17.5261],[102.1217,17.5839],[102.1466,17.6136],[102.1607,17.618],[102.1698,17.6121],[102.1756,17.6091],[102.1856,17.6091],[102.193,17.6121],[102.2013,17.618],[102.2163,17.6328],[102.2246,17.6387],[102.2354,17.6402],[102.2594,17.6313],[102.2802,17.6284],[102.3142,17.621],[102.3283,17.6136],[102.3416,17.6091],[102.3524,17.6121],[102.3707,17.6224],[102.3756,17.6165],[102.3765,17.6076],[102.374,17.575],[102.3756,17.5617],[102.3848,17.5395],[102.3923,17.495],[102.4288,17.4239],[102.4346,17.4046],[102.4387,17.3854],[102.4396,17.375],[102.4379,17.3661],[102.4346,17.3602],[102.4321,17.3528],[102.4313,17.3439],[102.4346,17.3246],[102.4412,17.3157],[102.4512,17.3113],[102.4777,17.3083],[102.486,17.2994],[102.4877,17.2846],[102.4802,17.2728],[102.4753,17.2535],[102.4744,17.2461],[102.4753,17.2387],[102.4827,17.2342],[102.4927,17.2313],[102.501,17.2224],[102.506,17.2135],[102.5126,17.2046],[102.5209,17.2031],[102.5458,17.215],[102.5674,17.2209],[102.594,17.2239],[102.6031,17.2209],[102.6031,17.2165],[102.5906,17.2105],[102.5865,17.2061],[102.5848,17.1928],[102.5832,17.1883],[102.579,17.1824],[102.5591,17.1691],[102.5541,17.1661],[102.5491,17.1661],[102.5367,17.1646],[102.5275,17.1631],[102.5234,17.1616],[102.5192,17.1587],[102.5134,17.1513],[102.5109,17.1468],[102.5109,17.1409],[102.5134,17.1335],[102.5317,17.0994],[102.545,17.0698],[102.5558,17.0565],[102.6761,16.9438]]]}},{"type":"Feature","id":"TH.NF","properties":{"code":"TH.NF","name_en":"Nakhon Phanom"},"geometry":{"type":"Polygon","coordinates":[[[104.7579,16.8194],[104.7537,16.8164],[104.7413,16.8135],[104.7388,16.8105],[104.7346,16.8046],[104.7338,16.7986],[104.7346,16.7912],[104.7371,16.7853],[104.7463,16.7705],[104.7471,16.7616],[104.7454,16.7557],[104.7404,16.7497],[104.7338,16.7497],[104.7247,16.7512],[104.6848,16.772],[104.6815,16.7749],[104.6807,16.7809],[104.6823,16.7868],[104.684,16.7986],[104.684,16.8046],[104.6832,16.812],[104.6807,16.8209],[104.6674,16.8268],[104.645,16.8312],[104.596,16.8342],[104.5736,16.8298],[104.5587,16.8253],[104.5495,16.8179],[104.5404,16.8149],[104.5288,16.8149],[104.5172,16.8223],[104.5047,16.8431],[104.4947,16.8505],[104.4748,16.8416],[104.4665,16.8475],[104.4508,16.8579],[104.4408,16.8624],[104.4325,16.8594],[104.4267,16.8564],[104.42,16.8505],[104.4126,16.849],[104.401,16.852],[104.3777,16.8668],[104.3644,16.8712],[104.3412,16.8698],[104.3279,16.8653],[104.3171,16.8579],[104.3038,16.8535],[104.2872,16.8564],[104.2673,16.8683],[104.2391,16.8964],[104.2764,16.9231],[104.2897,16.929],[104.2972,16.932],[104.303,16.935],[104.3063,16.9394],[104.3105,16.9453],[104.3188,16.9676],[104.3221,16.9735],[104.3238,16.9764],[104.3354,16.9838],[104.3827,17.0105],[104.3935,17.0224],[104.3951,17.0342],[104.3943,17.0372],[104.3927,17.0387],[104.3877,17.0416],[104.3761,17.0505],[104.3636,17.055],[104.3619,17.0594],[104.3603,17.0668],[104.3619,17.0831],[104.3644,17.0905],[104.3678,17.095],[104.3711,17.0965],[104.3736,17.0979],[104.3819,17.1083],[104.3968,17.1202],[104.3993,17.1261],[104.401,17.1305],[104.4001,17.1483],[104.4051,17.1765],[104.4167,17.2076],[104.42,17.2135],[104.4259,17.2209],[104.4317,17.2268],[104.4408,17.2372],[104.4433,17.2431],[104.4441,17.2476],[104.4441,17.2491],[104.4425,17.2565],[104.4358,17.2668],[104.4325,17.2743],[104.4325,17.2787],[104.4333,17.2965],[104.4325,17.3009],[104.4317,17.3054],[104.4275,17.3098],[104.4267,17.3143],[104.4259,17.3202],[104.4275,17.3365],[104.4267,17.3409],[104.4242,17.3469],[104.4225,17.3498],[104.4159,17.3572],[104.4142,17.3765],[104.4159,17.4046],[104.4151,17.415],[104.4134,17.4209],[104.4109,17.4209],[104.3586,17.4195],[104.3229,17.4224],[104.3105,17.4224],[104.3063,17.4209],[104.303,17.4195],[104.2955,17.4195],[104.2823,17.418],[104.2781,17.4165],[104.2748,17.415],[104.269,17.412],[104.2657,17.4106],[104.2408,17.4091],[104.23,17.4061],[104.2258,17.4061],[104.2217,17.4061],[104.21,17.4091],[104.2051,17.4091],[104.1876,17.4091],[104.1611,17.4106],[104.1578,17.4106],[104.1536,17.4106],[104.1511,17.4076],[104.1486,17.4061],[104.1453,17.4002],[104.1387,17.3869],[104.137,17.3839],[104.1345,17.3824],[104.1312,17.3824],[104.1279,17.3824],[104.1254,17.3839],[104.1229,17.3839],[104.1171,17.3883],[104.1138,17.3898],[104.1104,17.3943],[104.1071,17.3958],[104.1038,17.3972],[104.1005,17.3987],[104.0972,17.4002],[104.0955,17.3987],[104.0955,17.3958],[104.0963,17.3928],[104.0972,17.3883],[104.098,17.3854],[104.0972,17.3824],[104.0955,17.3795],[104.0922,17.378],[104.0889,17.378],[104.0847,17.378],[104.0806,17.378],[104.0772,17.3795],[104.0747,17.3824],[104.0714,17.3839],[104.0681,17.3839],[104.064,17.3854],[104.059,17.3854],[104.0515,17.3913],[104.0482,17.3943],[104.0457,17.3987],[104.044,17.4076],[104.0424,17.4106],[104.01,17.4684],[104.0092,17.4728],[104.0092,17.4758],[104.0108,17.4802],[104.0117,17.4832],[104.0216,17.4995],[104.0324,17.5187],[104.0349,17.5321],[104.0349,17.5395],[104.0366,17.5558],[104.0399,17.5661],[104.0465,17.5795],[104.0482,17.5869],[104.049,17.5913],[104.0474,17.5958],[104.0465,17.5987],[104.044,17.6017],[104.0399,17.6061],[104.0382,17.6091],[104.0308,17.6299],[104.0316,17.6343],[104.0332,17.6373],[104.0357,17.6387],[104.0399,17.6402],[104.0482,17.6402],[104.0548,17.6432],[104.0581,17.6447],[104.0615,17.6491],[104.0764,17.6743],[104.0756,17.6787],[104.0731,17.6817],[104.0698,17.6832],[104.0673,17.6876],[104.0681,17.6921],[104.0714,17.698],[104.0714,17.7025],[104.0706,17.7084],[104.0681,17.7143],[104.0656,17.7276],[104.0631,17.7321],[104.0606,17.7351],[104.0573,17.7351],[104.0548,17.7351],[104.0523,17.7365],[104.0498,17.7425],[104.0482,17.7484],[104.0482,17.7499],[104.0399,17.7588],[104.0374,17.7588],[104.0349,17.7588],[104.0291,17.7558],[104.0258,17.7558],[104.0233,17.7558],[104.02,17.7602],[104.0175,17.7676],[104.0158,17.7854],[104.01,17.8017],[104.0133,17.824],[104.0108,17.8328],[104.0075,17.8388],[104.0009,17.8447],[103.9909,17.861],[103.9884,17.8669],[103.9884,17.8728],[103.9893,17.8758],[103.9942,17.8817],[103.9959,17.8877],[103.9976,17.8951],[104.0,17.9114],[104.0025,17.9188],[104.0059,17.9232],[104.0092,17.9247],[104.0324,17.9336],[104.0357,17.9351],[104.0399,17.9351],[104.044,17.9336],[104.0465,17.9321],[104.0474,17.9291],[104.0507,17.9173],[104.0523,17.9143],[104.0557,17.9099],[104.0648,17.8995],[104.0656,17.8966],[104.0664,17.8936],[104.0664,17.8891],[104.0673,17.8862],[104.0681,17.8832],[104.0706,17.8803],[104.0731,17.8773],[104.0756,17.8758],[104.088,17.8699],[104.0972,17.864],[104.1013,17.8625],[104.1079,17.864],[104.1113,17.8654],[104.1129,17.8699],[104.1187,17.8832],[104.1279,17.8966],[104.132,17.904],[104.1345,17.9099],[104.1345,17.9143],[104.1304,17.9277],[104.1304,17.9366],[104.1328,17.9514],[104.132,17.9558],[104.1312,17.9588],[104.1295,17.9617],[104.1262,17.9632],[104.1237,17.9647],[104.1204,17.9677],[104.1187,17.9692],[104.1179,17.9751],[104.1187,17.981],[104.1212,17.9929],[104.1245,18.0003],[104.1254,18.0003],[104.1287,18.0003],[104.1362,18.0003],[104.1395,18.0003],[104.1677,17.9988],[104.171,17.9988],[104.1735,18.0003],[104.1744,18.0003],[104.1959,18.0151],[104.2034,18.018],[104.2109,18.0092],[104.2549,17.9143],[104.264,17.8847],[104.2706,17.8743],[104.2781,17.864],[104.2823,17.861],[104.2872,17.8565],[104.3528,17.8195],[104.3678,17.8002],[104.3902,17.7573],[104.4051,17.7395],[104.4093,17.7336],[104.4117,17.7276],[104.4176,17.7069],[104.4225,17.6995],[104.4524,17.6654],[104.4815,17.6402],[104.6367,17.5632],[104.6549,17.5558],[104.7023,17.5276],[104.7147,17.5158],[104.7346,17.4876],[104.7496,17.458],[104.757,17.4506],[104.7645,17.4446],[104.7819,17.4358],[104.7886,17.4283],[104.7927,17.4239],[104.8168,17.3735],[104.8193,17.3617],[104.8201,17.3483],[104.8168,17.2994],[104.8185,17.2402],[104.8143,17.1942],[104.8102,17.172],[104.7454,17.0253],[104.7404,17.0031],[104.7463,16.9438],[104.7496,16.9112],[104.7529,16.8994],[104.7629,16.8787],[104.7662,16.8683],[104.767,16.8564],[104.7653,16.8446],[104.7587,16.8223],[104.7579,16.8194]]]}},{"type":"Feature","id":"TH.MD","properties":{"code":"TH.MD","name_en":"Mukdahan"},"geometry":{"type":"Polygon","coordinates":[[[104.7579,16.8194],[104.7562,16.8105],[104.757,16.7986],[104.7786,16.7157],[104.7786,16.7053],[104.7778,16.6934],[104.7637,16.6564],[104.7529,16.6149],[104.7487,16.5719],[104.7496,16.5497],[104.7546,16.529],[104.7653,16.5112],[104.7828,16.4964],[104.8392,16.4682],[104.8558,16.4534],[104.8691,16.4386],[104.8791,16.4223],[104.8874,16.4045],[104.8973,16.3734],[104.9015,16.363],[104.9081,16.3527],[104.9172,16.3453],[104.9438,16.3304],[104.9521,16.3245],[104.9712,16.3038],[104.9795,16.2993],[104.9878,16.2934],[104.9803,16.289],[104.9687,16.2727],[104.9679,16.2712],[104.9637,16.2667],[104.9131,16.2341],[104.8948,16.2193],[104.8932,16.2163],[104.8874,16.2119],[104.8774,16.2075],[104.8351,16.1926],[104.8127,16.1912],[104.8019,16.1986],[104.7139,16.2134],[104.7023,16.2163],[104.6981,16.2208],[104.6915,16.2252],[104.6881,16.2282],[104.6857,16.2312],[104.684,16.2356],[104.6815,16.2401],[104.679,16.2401],[104.6749,16.2401],[104.6715,16.2386],[104.6691,16.2371],[104.6674,16.2341],[104.6649,16.2267],[104.6641,16.2238],[104.6608,16.2193],[104.6558,16.2163],[104.6425,16.2134],[104.6359,16.2134],[104.6309,16.2149],[104.6284,16.2178],[104.6201,16.2282],[104.6168,16.2312],[104.611,16.2356],[104.5993,16.2415],[104.5902,16.2489],[104.5869,16.2519],[104.5844,16.2578],[104.5811,16.2667],[104.5711,16.286],[104.5653,16.2993],[104.5628,16.3023],[104.5595,16.3082],[104.5553,16.3097],[104.5512,16.3112],[104.5288,16.3127],[104.5238,16.3127],[104.5213,16.3141],[104.5138,16.3275],[104.5105,16.3319],[104.5047,16.3378],[104.5006,16.3408],[104.4972,16.3423],[104.4889,16.3423],[104.4848,16.3408],[104.4748,16.3378],[104.4698,16.3378],[104.4657,16.3378],[104.4466,16.3423],[104.4333,16.3438],[104.4242,16.3438],[104.4043,16.3453],[104.396,16.3453],[104.3877,16.3438],[104.3777,16.3393],[104.3719,16.3364],[104.3561,16.323],[104.3329,16.3304],[104.3304,16.3334],[104.3287,16.3378],[104.3296,16.3408],[104.3296,16.3497],[104.3296,16.3541],[104.3213,16.3941],[104.3204,16.409],[104.3121,16.4534],[104.308,16.4653],[104.3038,16.4727],[104.3005,16.4727],[104.2972,16.4712],[104.2947,16.4682],[104.293,16.4653],[104.2889,16.4549],[104.2872,16.4519],[104.2856,16.4505],[104.2831,16.4475],[104.2798,16.446],[104.2648,16.4416],[104.2623,16.4401],[104.2565,16.4371],[104.2507,16.4342],[104.2441,16.4327],[104.2449,16.4534],[104.2399,16.4845],[104.2399,16.5097],[104.2374,16.5275],[104.2208,16.5601],[104.2142,16.5675],[104.2125,16.5705],[104.2051,16.5853],[104.186,16.612],[104.1827,16.6179],[104.1818,16.6223],[104.1785,16.649],[104.1793,16.6534],[104.1843,16.6668],[104.1827,16.6712],[104.1785,16.6742],[104.1719,16.6816],[104.1702,16.6875],[104.1694,16.6949],[104.1661,16.6994],[104.1619,16.7068],[104.1436,16.7349],[104.1362,16.7497],[104.132,16.7572],[104.1279,16.7616],[104.1254,16.7631],[104.1237,16.766],[104.1187,16.7705],[104.1021,16.7912],[104.098,16.7986],[104.0938,16.8046],[104.0872,16.812],[104.0731,16.8327],[104.1013,16.8372],[104.1113,16.8461],[104.1212,16.8579],[104.1237,16.8624],[104.1254,16.8653],[104.127,16.8757],[104.1287,16.8801],[104.1328,16.889],[104.137,16.8935],[104.142,16.8949],[104.1602,16.8935],[104.1685,16.892],[104.176,16.889],[104.1827,16.8875],[104.1968,16.8861],[104.2391,16.8964],[104.2673,16.8683],[104.2872,16.8564],[104.3038,16.8535],[104.3171,16.8579],[104.3279,16.8653],[104.3412,16.8698],[104.3644,16.8712],[104.3777,16.8668],[104.401,16.852],[104.4126,16.849],[104.42,16.8505],[104.4267,16.8564],[104.4325,16.8594],[104.4408,16.8624],[104.4508,16.8579],[104.4665,16.8475],[104.4748,16.8416],[104.4947,16.8505],[104.5047,16.8431],[104.5172,16.8223],[104.5288,16.8149],[104.5404,16.8149],[104.5495,16.8179],[104.5587,16.8253],[104.5736,16.8298],[104.596,16.8342],[104.645,16.8312],[104.6674,16.8268],[104.6807,16.8209],[104.6832,16.812],[104.684,16.8046],[104.684,16.7986],[104.6823,16.7868],[104.6807,16.7809],[104.6815,16.7749],[104.6848,16.772],[104.7247,16.7512],[104.7338,16.7497],[104.7404,16.7497],[104.7454,16.7557],[104.7471,16.7616],[104.7463,16.7705],[104.7371,16.7853],[104.7346,16.7912],[104.7338,16.7986],[104.7346,16.8046],[104.7388,16.8105],[104.7413,16.8135],[104.7537,16.8164],[104.7579,16.8194]]]}},{"type":"Feature","id":"TH.NW","properties":{"code":"TH.NW","name_en":"Narathiwat"},"geometry":{"type":"Polygon","coordinates":[[[101.7232,6.5737],[101.7714,6.5011],[101.8087,6.4641],[101.9083,6.4018],[102.0204,6.2952],[102.0727,6.2581],[102.0735,6.2581],[102.0669,6.2048],[102.071,6.1262],[102.0602,6.0951],[102.0337,6.0685],[101.9598,6.0122],[101.9349,5.981],[101.92,5.9396],[101.9191,5.8981],[101.9133,5.8595],[101.8801,5.8314],[101.8693,5.824],[101.8643,5.8151],[101.861,5.8062],[101.8544,5.7973],[101.8253,5.7795],[101.8204,5.7736],[101.8121,5.7529],[101.8004,5.7395],[101.7838,5.7381],[101.7631,5.7499],[101.7539,5.7603],[101.7481,5.7721],[101.7398,5.7825],[101.7266,5.7869],[101.7149,5.7825],[101.6975,5.7677],[101.6967,5.7662],[101.6867,5.7618],[101.666,5.7662],[101.6502,5.7825],[101.6311,5.8284],[101.6311,5.8373],[101.6344,5.8477],[101.6344,5.8551],[101.6245,5.8595],[101.6128,5.861],[101.6054,5.8655],[101.5996,5.8744],[101.5954,5.8847],[101.5796,5.907],[101.5581,5.9114],[101.5348,5.9055],[101.5,5.8921],[101.5,5.8936],[101.4958,5.901],[101.495,5.9055],[101.495,5.9084],[101.4975,5.9425],[101.4966,5.9499],[101.4958,5.9559],[101.4917,5.9603],[101.4858,5.9722],[101.485,5.9751],[101.4842,5.984],[101.4883,6.0448],[101.4867,6.0522],[101.4825,6.0611],[101.4784,6.067],[101.4759,6.0685],[101.4734,6.0714],[101.4634,6.0744],[101.4576,6.0788],[101.451,6.0848],[101.4493,6.0877],[101.4485,6.0922],[101.446,6.1114],[101.4435,6.1188],[101.4427,6.1203],[101.4352,6.1322],[101.4311,6.1366],[101.402,6.1544],[101.4003,6.1559],[101.3987,6.1588],[101.3954,6.1648],[101.3887,6.184],[101.3821,6.1959],[101.3821,6.2003],[101.3837,6.2048],[101.3912,6.2122],[101.3995,6.2181],[101.402,6.2211],[101.4037,6.2255],[101.4053,6.2374],[101.407,6.264],[101.436,6.4122],[101.4369,6.4152],[101.4402,6.4196],[101.4443,6.4226],[101.485,6.4359],[101.5033,6.4389],[101.5365,6.4433],[101.5431,6.4478],[101.5514,6.4581],[101.5697,6.4833],[101.5871,6.5026],[101.5954,6.5144],[101.602,6.5218],[101.6112,6.5307],[101.6128,6.5337],[101.6137,6.5411],[101.602,6.5559],[101.6079,6.5752],[101.6079,6.5796],[101.6062,6.5841],[101.6037,6.5856],[101.6012,6.5885],[101.5937,6.5915],[101.5888,6.5945],[101.5821,6.6019],[101.5805,6.6063],[101.5813,6.6107],[101.5863,6.6182],[101.5879,6.6196],[101.5896,6.6211],[101.5921,6.6211],[101.5996,6.6226],[101.6029,6.6226],[101.6153,6.627],[101.6195,6.627],[101.6228,6.627],[101.6253,6.6256],[101.6278,6.6241],[101.6311,6.6241],[101.6336,6.6256],[101.6411,6.6285],[101.6436,6.627],[101.646,6.6256],[101.6485,6.6226],[101.6519,6.6211],[101.6552,6.6211],[101.6585,6.6196],[101.661,6.6182],[101.6635,6.6152],[101.6651,6.6122],[101.6651,6.6004],[101.666,6.5959],[101.6676,6.593],[101.6718,6.5885],[101.6784,6.5767],[101.6842,6.5752],[101.6884,6.5737],[101.7207,6.5737],[101.7232,6.5737]]]}},{"type":"Feature","id":"TH.PI","properties":{"code":"TH.PI","name_en":"Pattani"},"geometry":{"type":"Polygon","coordinates":[[[101.7232,6.5737],[101.7207,6.5737],[101.6884,6.5737],[101.6842,6.5752],[101.6784,6.5767],[101.6718,6.5885],[101.6676,6.593],[101.666,6.5959],[101.6651,6.6004],[101.6651,6.6122],[101.6635,6.6152],[101.661,6.6182],[101.6585,6.6196],[101.6552,6.6211],[101.6519,6.6211],[101.6485,6.6226],[101.646,6.6256],[101.6436,6.627],[101.6411,6.6285],[101.6336,6.6256],[101.6311,6.6241],[101.6278,6.6241],[101.6253,6.6256],[101.6228,6.627],[101.6195,6.627],[101.6153,6.627],[101.6029,6.6226],[101.5996,6.6226],[101.5921,6.6211],[101.5896,6.6211],[101.5879,6.6196],[101.5863,6.6182],[101.5813,6.6107],[101.5805,6.6063],[101.5821,6.6019],[101.5888,6.5945],[101.5937,6.5915],[101.6012,6.5885],[101.6037,6.5856],[101.6062,6.5841],[101.6079,6.5796],[101.6079,6.5752],[101.602,6.5559],[101.5788,6.5456],[101.568,6.5426],[101.563,6.5441],[101.5581,6.5456],[101.5498,6.55],[101.5464,6.5544],[101.5439,6.5574],[101.5373,6.5693],[101.5224,6.5915],[101.5207,6.593],[101.5182,6.5959],[101.5141,6.5959],[101.5091,6.5959],[101.5008,6.593],[101.4842,6.5841],[101.4767,6.5782],[101.4701,6.5752],[101.4626,6.5693],[101.4585,6.5693],[101.4526,6.5693],[101.4419,6.5722],[101.4244,6.5722],[101.3912,6.5633],[101.3746,6.5619],[101.3572,6.5559],[101.3456,6.55],[101.3422,6.55],[101.3381,6.55],[101.3331,6.5515],[101.3273,6.5574],[101.3248,6.5604],[101.3149,6.5796],[101.3124,6.5841],[101.309,6.587],[101.3057,6.593],[101.3049,6.5959],[101.3041,6.5974],[101.3041,6.6004],[101.3041,6.6048],[101.3049,6.6078],[101.3074,6.6152],[101.3074,6.6182],[101.3074,6.6226],[101.3074,6.6256],[101.3007,6.6508],[101.2999,6.6582],[101.3007,6.67],[101.2999,6.6745],[101.2983,6.6759],[101.2941,6.6759],[101.2883,6.67],[101.285,6.6671],[101.2717,6.6374],[101.2675,6.633],[101.2659,6.63],[101.2634,6.627],[101.2617,6.6256],[101.2451,6.6107],[101.2343,6.6019],[101.2177,6.5959],[101.2078,6.5945],[101.1978,6.5945],[101.1912,6.5959],[101.1771,6.6004],[101.1713,6.6019],[101.1663,6.6004],[101.1588,6.6004],[101.1522,6.6019],[101.1447,6.6078],[101.1215,6.627],[101.1015,6.6374],[101.0741,6.6463],[101.0675,6.6493],[101.065,6.6522],[101.0625,6.6537],[101.0609,6.6611],[101.0526,6.71],[101.0385,6.7322],[101.0376,6.7397],[101.0376,6.7485],[101.0409,6.7989],[101.0443,6.8063],[101.0492,6.8182],[101.0675,6.8463],[101.0683,6.8582],[101.1912,6.8626],[101.2319,6.8804],[101.2443,6.9026],[101.2775,6.8967],[101.2916,6.8849],[101.3099,6.8804],[101.3173,6.876],[101.319,6.8774],[101.3514,6.876],[101.3439,6.8967],[101.3281,6.9175],[101.2626,6.9441],[101.2916,6.9545],[101.3207,6.9486],[101.3464,6.9293],[101.3854,6.9056],[101.4194,6.8937],[101.4369,6.8908],[101.4518,6.8878],[101.4709,6.8834],[101.4883,6.8789],[101.495,6.873],[101.5232,6.8611],[101.5572,6.8419],[101.5664,6.8315],[101.6685,6.6582],[101.7232,6.5737]]]}},{"type":"Feature","id":"TH.BK","properties":{"code":"TH.BK","name_en":"Bueng Kan"},"geometry":{"type":"Polygon","coordinates":[[[104.2034,18.018],[104.1959,18.0151],[104.1744,18.0003],[104.1735,18.0003],[104.171,17.9988],[104.1677,17.9988],[104.1395,18.0003],[104.1362,18.0003],[104.1287,18.0003],[104.1254,18.0003],[104.1245,18.0003],[104.1212,17.9929],[104.1187,17.981],[104.1179,17.9751],[104.1187,17.9692],[104.1204,17.9677],[104.1237,17.9647],[104.1262,17.9632],[104.1295,17.9617],[104.1312,17.9588],[104.132,17.9558],[104.1328,17.9514],[104.1304,17.9366],[104.1304,17.9277],[104.1345,17.9143],[104.1345,17.9099],[104.132,17.904],[104.1279,17.8966],[104.1187,17.8832],[104.1129,17.8699],[104.1113,17.8654],[104.1079,17.864],[104.1013,17.8625],[104.0972,17.864],[104.088,17.8699],[104.0756,17.8758],[104.0731,17.8773],[104.0706,17.8803],[104.0681,17.8832],[104.0673,17.8862],[104.0664,17.8891],[104.0664,17.8936],[104.0656,17.8966],[104.0648,17.8995],[104.0557,17.9099],[104.0523,17.9143],[104.0507,17.9173],[104.0474,17.9291],[104.0465,17.9321],[104.044,17.9336],[104.0399,17.9351],[104.0357,17.9351],[104.0324,17.9336],[104.0092,17.9247],[104.0059,17.9232],[104.0025,17.9188],[104.0,17.9114],[103.9976,17.8951],[103.9959,17.8877],[103.9942,17.8817],[103.9893,17.8758],[103.9884,17.8728],[103.9884,17.8669],[103.9909,17.861],[104.0009,17.8447],[104.0075,17.8388],[104.0108,17.8328],[104.0133,17.824],[104.01,17.8017],[103.9959,17.7943],[103.9942,17.7884],[103.9942,17.7854],[103.9926,17.7825],[103.9901,17.781],[103.9834,17.7795],[103.981,17.778],[103.9785,17.7765],[103.9735,17.7691],[103.971,17.7676],[103.9685,17.7676],[103.966,17.7721],[103.9627,17.7751],[103.9569,17.7795],[103.9436,17.7825],[103.9386,17.7854],[103.9353,17.7884],[103.9353,17.7988],[103.9345,17.8017],[103.932,17.8032],[103.9237,17.8077],[103.922,17.8106],[103.9204,17.8121],[103.9195,17.8151],[103.9187,17.8195],[103.9187,17.8225],[103.9195,17.8254],[103.9204,17.8284],[103.922,17.8343],[103.922,17.8417],[103.9212,17.8491],[103.9187,17.8506],[103.9162,17.8506],[103.9112,17.8477],[103.9087,17.8462],[103.9062,17.8432],[103.9038,17.8417],[103.9013,17.8417],[103.8971,17.8447],[103.8963,17.8477],[103.8963,17.8521],[103.8979,17.8551],[103.8988,17.8625],[103.8996,17.8654],[103.9004,17.8669],[103.9021,17.8699],[103.9029,17.8714],[103.9021,17.8743],[103.8988,17.8758],[103.8938,17.8743],[103.8838,17.8714],[103.8789,17.8684],[103.8755,17.8654],[103.873,17.861],[103.8706,17.858],[103.8681,17.8565],[103.8656,17.858],[103.8614,17.861],[103.8598,17.864],[103.8581,17.8714],[103.8564,17.8743],[103.854,17.8743],[103.8506,17.8743],[103.8457,17.8728],[103.8407,17.8684],[103.8382,17.8669],[103.8349,17.8654],[103.8291,17.8654],[103.8091,17.8684],[103.8025,17.8684],[103.7975,17.864],[103.7975,17.861],[103.7983,17.858],[103.8033,17.8506],[103.805,17.8491],[103.805,17.8462],[103.8042,17.8432],[103.8,17.8432],[103.795,17.8432],[103.7859,17.8477],[103.7784,17.8536],[103.7768,17.8551],[103.7676,17.864],[103.7635,17.8669],[103.761,17.8728],[103.7602,17.8758],[103.761,17.8788],[103.7618,17.8817],[103.7643,17.8832],[103.7668,17.8847],[103.7726,17.8877],[103.7751,17.8891],[103.7768,17.8921],[103.7776,17.8936],[103.7768,17.8966],[103.7743,17.9025],[103.7734,17.9054],[103.7726,17.9084],[103.7734,17.9114],[103.7751,17.9173],[103.7743,17.9203],[103.7718,17.9232],[103.7635,17.9262],[103.761,17.9291],[103.7602,17.9336],[103.761,17.9366],[103.7627,17.9425],[103.7618,17.944],[103.7593,17.9454],[103.7535,17.941],[103.7502,17.938],[103.7485,17.9336],[103.7469,17.9306],[103.746,17.9277],[103.7444,17.9143],[103.7427,17.9114],[103.7394,17.9114],[103.7328,17.9128],[103.7261,17.9173],[103.717,17.9247],[103.7095,17.9336],[103.707,17.9351],[103.7045,17.9366],[103.6979,17.9395],[103.6946,17.9395],[103.6929,17.9425],[103.6904,17.944],[103.6863,17.9454],[103.6796,17.9469],[103.6664,17.9484],[103.6622,17.9514],[103.6597,17.9543],[103.6597,17.9573],[103.6597,17.9603],[103.6564,17.9617],[103.6506,17.9632],[103.639,17.9632],[103.6348,17.9647],[103.6232,17.9721],[103.6207,17.9751],[103.6199,17.978],[103.6174,17.9884],[103.6174,17.9914],[103.6182,17.9958],[103.6191,17.9973],[103.6215,17.9988],[103.6232,18.0003],[103.6315,18.0017],[103.6348,18.0032],[103.6365,18.0047],[103.6373,18.0077],[103.6365,18.0092],[103.634,18.0106],[103.6307,18.0121],[103.6132,18.0151],[103.6099,18.0151],[103.6074,18.018],[103.6,18.0269],[103.5925,18.0358],[103.5892,18.0403],[103.5867,18.0418],[103.5825,18.0432],[103.5742,18.0432],[103.5709,18.0447],[103.5676,18.0462],[103.5659,18.0492],[103.5643,18.0506],[103.5618,18.0521],[103.5535,18.0566],[103.5419,18.061],[103.5377,18.0625],[103.5344,18.0625],[103.5203,18.0625],[103.5103,18.064],[103.507,18.064],[103.5037,18.0625],[103.5012,18.0595],[103.497,18.0551],[103.4937,18.0536],[103.4904,18.0521],[103.4838,18.0492],[103.4804,18.0477],[103.4788,18.0462],[103.4771,18.0432],[103.4804,18.0269],[103.4804,18.024],[103.4796,18.0195],[103.4779,18.0151],[103.4746,18.0106],[103.4672,18.0032],[103.4597,17.9958],[103.4547,17.9929],[103.4514,17.9914],[103.4398,17.9914],[103.4356,17.9899],[103.4016,18.018],[103.3584,18.0418],[103.3219,18.0773],[103.3153,18.1173],[103.3302,18.147],[103.3617,18.1662],[103.3717,18.1884],[103.3601,18.2196],[103.3302,18.2329],[103.3003,18.2359],[103.2904,18.2521],[103.3003,18.2714],[103.2962,18.2951],[103.2962,18.2966],[103.2904,18.3055],[103.2489,18.3322],[103.2406,18.3366],[103.2381,18.341],[103.2356,18.3455],[103.2339,18.3499],[103.2339,18.3559],[103.2439,18.3796],[103.2605,18.4003],[103.2829,18.4151],[103.307,18.4255],[103.3866,18.4418],[103.3966,18.4418],[103.4514,18.4255],[103.4696,18.4225],[103.4746,18.4225],[103.4887,18.424],[103.4979,18.424],[103.5228,18.4181],[103.5485,18.4151],[103.6074,18.4003],[103.6215,18.3914],[103.6298,18.3825],[103.639,18.3781],[103.6954,18.3529],[103.7087,18.3499],[103.7668,18.347],[103.7842,18.344],[103.8017,18.3381],[103.8174,18.3307],[103.8324,18.3203],[103.8423,18.3085],[103.849,18.2966],[103.8581,18.2862],[103.8739,18.2833],[103.8813,18.2847],[103.8863,18.2877],[103.8896,18.2907],[103.8938,18.2966],[103.9104,18.3159],[103.9295,18.3277],[103.9511,18.3336],[103.9751,18.3307],[104.0,18.3188],[104.0183,18.2996],[104.0681,18.2151],[104.1113,18.1144],[104.1221,18.0951],[104.1353,18.0803],[104.1984,18.0255],[104.2034,18.018]]]}}]}