province,disease,age_group,sex,persons
กระบี่,โรคติดเชื้อทางเดินหายใจส่วนบนเฉียบพลัน,0-4,ชาย,35841
กระบี่,โรคติดเชื้อทางเดินหายใจส่วนบนเฉียบพลัน,0-4,หญิง,31577
กระบี่,โรคติดเชื้อทางเดินหายใจส่วนบนเฉียบพลัน,0-4,ไม่ระบุ,1
กระบี่,โรคติดเชื้อทางเดินหายใจส่วนบนเฉียบพลัน,10-14,ชาย,14705
กระบี่,โรคติดเชื้อทางเดินหายใจส่วนบนเฉียบพลัน,10-14,หญิง,13810
กระบี่,โรคติดเชื้อทางเดินหายใจส่วนบนเฉียบพลัน,15-19,ชาย,6561
กระบี่,โรคติดเชื้อทางเดินหายใจส่วนบนเฉียบพลัน,15-19,หญิง,9147
กระบี่,โรคติดเชื้อทางเดินหายใจส่วนบนเฉียบพลัน,20-24,ชาย,5836
กระบี่,โรคติดเชื้อทางเดินหายใจส่วนบนเฉียบพลัน,20-24,หญิง,8817
กระบี่,โรคติดเชื้อทางเดินหายใจส่วนบนเฉียบพลัน,25-29,ชาย,6656
กระบี่,โรคติดเชื้อทางเดินหายใจส่วนบนเฉียบพลัน,25-29,หญิง,11398
กระบี่,โรคติดเชื้อทางเดินหายใจส่วนบนเฉียบพลัน,30-34,ชาย,6598
กระบี่,โรคติดเชื้อทางเดินหายใจส่วนบนเฉียบพลัน,30-34,หญิง,12146
กระบี่,โรคติดเชื้อทางเดินหายใจส่วนบนเฉียบพลัน,35-39,ชาย,6078
กระบี่,โรคติดเชื้อทางเดินหายใจส่วนบนเฉียบพลัน,35-39,หญิง,11958
กระบี่,โรคติดเชื้อทางเดินหายใจส่วนบนเฉียบพลัน,40-44,ชาย,5702
กระบี่,โรคติดเชื้อทางเดินหายใจส่วนบนเฉียบพลัน,40-44,หญิง,11605
กระบี่,โรคติดเชื้อทางเดินหายใจส่วนบนเฉียบพลัน,45-49,ชาย,4943
กระบี่,โรคติดเชื้อทางเดินหายใจส่วนบนเฉียบพลัน,45-49,หญิง,11473
กระบี่,โรคติดเชื้อทางเดินหายใจส่วนบนเฉียบพลัน,5-9,ชาย,26956
กระบี่,โรคติดเชื้อทางเดินหายใจส่วนบนเฉียบพลัน,5-9,หญิง,26930
กระบี่,โรคติดเชื้อทางเดินหายใจส่วนบนเฉียบพลัน,50-54,ชาย,4552
กระบี่,โรคติดเชื้อทางเดินหายใจส่วนบนเฉียบพลัน,50-54,หญิง,10888
กระบี่,โรคติดเชื้อทางเดินหายใจส่วนบนเฉียบพลัน,55-59,ชาย,4328
กระบี่,โรคติดเชื้อทางเดินหายใจส่วนบนเฉียบพลัน,55-59,หญิง,9583
กระบี่,โรคติดเชื้อทางเดินหายใจส่วนบนเฉียบพลัน,60-64,ชาย,4147
กระบี่,โรคติดเชื้อทางเดินหายใจส่วนบนเฉียบพลัน,60-64,หญิง,7615
กระบี่,โรคติดเชื้อทางเดินหายใจส่วนบนเฉียบพลัน,65-69,ชาย,3479
กระบี่,โรคติดเชื้อทางเดินหายใจส่วนบนเฉียบพลัน,65-69,หญิง,5303
กระบี่,โรคติดเชื้อทางเดินหายใจส่วนบนเฉียบพลัน,70-74,ชาย,2888
กระบี่,โรคติดเชื้อทางเดินหายใจส่วนบนเฉียบพลัน,70-74,หญิง,3692
กระบี่,โรคติดเชื้อทางเดินหายใจส่วนบนเฉียบพลัน,75-79,ชาย,1801
กระบี่,โรคติดเชื้อทางเดินหายใจส่วนบนเฉียบพลัน,75-79,หญิง,2032
กระบี่,โรคติดเชื้อทางเดินหายใจส่วนบนเฉียบพลัน,80+,ชาย,2040
กระบี่,โรคติดเชื้อทางเดินหายใจส่วนบนเฉียบพลัน,80+,หญิง,2565
กระบี่,โรคติดเชื้อทางเดินหายใจส่วนบนเฉียบพลัน,ไม่ทราบ,ชาย,43
กระบี่,โรคติดเชื้อทางเดินหายใจส่วนบนเฉียบพลัน,ไม่ทราบ,หญิง,30
กระบี่,โรคติดเชื้อทางเดินหายใจส่วนบนเฉียบพลัน,ไม่ทราบ,ไม่ระบุ,18485
กระบี่,โรคปอดอุดกั้นเรื้อรัง,0-4,ชาย,42
กระบี่,โรคปอดอุดกั้นเรื้อรัง,0-4,หญิง,38
กระบี่,โรคปอดอุดกั้นเรื้อรัง,10-14,ชาย,34
กระบี่,โรคปอดอุดกั้นเรื้อรัง,10-14,หญิง,23
กระบี่,โรคปอดอุดกั้นเรื้อรัง,15-19,ชาย,14
กระบี่,โรคปอดอุดกั้นเรื้อรัง,15-19,หญิง,5
กระบี่,โรคปอดอุดกั้นเรื้อรัง,20-24,ชาย,22
กระบี่,โรคปอดอุดกั้นเรื้อรัง,20-24,หญิง,23
กระบี่,โรคปอดอุดกั้นเรื้อรัง,25-29,ชาย,82
กระบี่,โรคปอดอุดกั้นเรื้อรัง,25-29,หญิง,24
กระบี่,โรคปอดอุดกั้นเรื้อรัง,30-34,ชาย,168
กระบี่,โรคปอดอุดกั้นเรื้อรัง,30-34,หญิง,19
กระบี่,โรคปอดอุดกั้นเรื้อรัง,35-39,ชาย,223
กระบี่,โรคปอดอุดกั้นเรื้อรัง,35-39,หญิง,69
กระบี่,โรคปอดอุดกั้นเรื้อรัง,40-44,ชาย,562
กระบี่,โรคปอดอุดกั้นเรื้อรัง,40-44,หญิง,61
กระบี่,โรคปอดอุดกั้นเรื้อรัง,45-49,ชาย,1074
กระบี่,โรคปอดอุดกั้นเรื้อรัง,45-49,หญิง,109
กระบี่,โรคปอดอุดกั้นเรื้อรัง,5-9,ชาย,35
กระบี่,โรคปอดอุดกั้นเรื้อรัง,5-9,หญิง,17
กระบี่,โรคปอดอุดกั้นเรื้อรัง,50-54,ชาย,1936
กระบี่,โรคปอดอุดกั้นเรื้อรัง,50-54,หญิง,175
กระบี่,โรคปอดอุดกั้นเรื้อรัง,55-59,ชาย,3019
กระบี่,โรคปอดอุดกั้นเรื้อรัง,55-59,หญิง,238
กระบี่,โรคปอดอุดกั้นเรื้อรัง,60-64,ชาย,3975
กระบี่,โรคปอดอุดกั้นเรื้อรัง,60-64,หญิง,406
กระบี่,โรคปอดอุดกั้นเรื้อรัง,65-69,ชาย,4446
กระบี่,โรคปอดอุดกั้นเรื้อรัง,65-69,หญิง,449
กระบี่,โรคปอดอุดกั้นเรื้อรัง,70-74,ชาย,3807
กระบี่,โรคปอดอุดกั้นเรื้อรัง,70-74,หญิง,318
กระบี่,โรคปอดอุดกั้นเรื้อรัง,75-79,ชาย,2771
กระบี่,โรคปอดอุดกั้นเรื้อรัง,75-79,หญิง,366
กระบี่,โรคปอดอุดกั้นเรื้อรัง,80+,ชาย,4106
กระบี่,โรคปอดอุดกั้นเรื้อรัง,80+,หญิง,918
กระบี่,โรคปอดอุดกั้นเรื้อรัง,ไม่ทราบ,ชาย,21
กระบี่,โรคปอดอุดกั้นเรื้อรัง,ไม่ทราบ,หญิง,13
กระบี่,โรคปอดอุดกั้นเรื้อรัง,ไม่ทราบ,ไม่ระบุ,2104
กระบี่,โรคผิวหนังอักเสบ,0-4,ชาย,953
กระบี่,โรคผิวหนังอักเสบ,0-4,หญิง,817
กระบี่,โรคผิวหนังอักเสบ,10-14,ชาย,553
กระบี่,โรคผิวหนังอักเสบ,10-14,หญิง,471
กระบี่,โรคผิวหนังอักเสบ,15-19,ชาย,263
กระบี่,โรคผิวหนังอักเสบ,15-19,หญิง,440
กระบี่,โรคผิวหนังอักเสบ,20-24,ชาย,213
กระบี่,โรคผิวหนังอักเสบ,20-24,หญิง,326
กระบี่,โรคผิวหนังอักเสบ,25-29,ชาย,267
กระบี่,โรคผิวหนังอักเสบ,25-29,หญิง,468
กระบี่,โรคผิวหนังอักเสบ,30-34,ชาย,296
กระบี่,โรคผิวหนังอักเสบ,30-34,หญิง,537
กระบี่,โรคผิวหนังอักเสบ,35-39,ชาย,296
กระบี่,โรคผิวหนังอักเสบ,35-39,หญิง,541
กระบี่,โรคผิวหนังอักเสบ,40-44,ชาย,319
กระบี่,โรคผิวหนังอักเสบ,40-44,หญิง,629
กระบี่,โรคผิวหนังอักเสบ,45-49,ชาย,356
กระบี่,โรคผิวหนังอักเสบ,45-49,หญิง,658
กระบี่,โรคผิวหนังอักเสบ,5-9,ชาย,811
กระบี่,โรคผิวหนังอักเสบ,5-9,หญิง,669
กระบี่,โรคผิวหนังอักเสบ,50-54,ชาย,387
กระบี่,โรคผิวหนังอักเสบ,50-54,หญิง,678
กระบี่,โรคผิวหนังอักเสบ,55-59,ชาย,401
กระบี่,โรคผิวหนังอักเสบ,55-59,หญิง,659
กระบี่,โรคผิวหนังอักเสบ,60-64,ชาย,378
กระบี่,โรคผิวหนังอักเสบ,60-64,หญิง,496
กระบี่,โรคผิวหนังอักเสบ,65-69,ชาย,310
กระบี่,โรคผิวหนังอักเสบ,65-69,หญิง,384
กระบี่,โรคผิวหนังอักเสบ,70-74,ชาย,234
กระบี่,โรคผิวหนังอักเสบ,70-74,หญิง,287
กระบี่,โรคผิวหนังอักเสบ,75-79,ชาย,184
กระบี่,โรคผิวหนังอักเสบ,75-79,หญิง,174
กระบี่,โรคผิวหนังอักเสบ,80+,ชาย,172
กระบี่,โรคผิวหนังอักเสบ,80+,หญิง,194
กระบี่,โรคผิวหนังอักเสบ,ไม่ทราบ,ชาย,3
กระบี่,โรคผิวหนังอักเสบ,ไม่ทราบ,หญิง,2
กระบี่,โรคผิวหนังอักเสบ,ไม่ทราบ,ไม่ระบุ,1421
กระบี่,โรคลมพิษ,0-4,ชาย,612
กระบี่,โรคลมพิษ,0-4,หญิง,523
กระบี่,โรคลมพิษ,10-14,ชาย,413
กระบี่,โรคลมพิษ,10-14,หญิง,434
กระบี่,โรคลมพิษ,15-19,ชาย,253
กระบี่,โรคลมพิษ,15-19,หญิง,434
กระบี่,โรคลมพิษ,20-24,ชาย,202
กระบี่,โรคลมพิษ,20-24,หญิง,351
กระบี่,โรคลมพิษ,25-29,ชาย,157
กระบี่,โรคลมพิษ,25-29,หญิง,475
กระบี่,โรคลมพิษ,30-34,ชาย,157
กระบี่,โรคลมพิษ,30-34,หญิง,544
กระบี่,โรคลมพิษ,35-39,ชาย,180
กระบี่,โรคลมพิษ,35-39,หญิง,539
กระบี่,โรคลมพิษ,40-44,ชาย,160
กระบี่,โรคลมพิษ,40-44,หญิง,461
กระบี่,โรคลมพิษ,45-49,ชาย,162
กระบี่,โรคลมพิษ,45-49,หญิง,435
กระบี่,โรคลมพิษ,5-9,ชาย,586
กระบี่,โรคลมพิษ,5-9,หญิง,527
กระบี่,โรคลมพิษ,50-54,ชาย,147
กระบี่,โรคลมพิษ,50-54,หญิง,357
กระบี่,โรคลมพิษ,55-59,ชาย,150
กระบี่,โรคลมพิษ,55-59,หญิง,294
กระบี่,โรคลมพิษ,60-64,ชาย,106
กระบี่,โรคลมพิษ,60-64,หญิง,223
กระบี่,โรคลมพิษ,65-69,ชาย,105
กระบี่,โรคลมพิษ,65-69,หญิง,172
กระบี่,โรคลมพิษ,70-74,ชาย,62
กระบี่,โรคลมพิษ,70-74,หญิง,77
กระบี่,โรคลมพิษ,75-79,ชาย,27
กระบี่,โรคลมพิษ,75-79,หญิง,47
กระบี่,โรคลมพิษ,80+,ชาย,37
กระบี่,โรคลมพิษ,80+,หญิง,42
กระบี่,โรคลมพิษ,ไม่ทราบ,ชาย,3
กระบี่,โรคลมพิษ,ไม่ทราบ,หญิง,1
กระบี่,โรคลมพิษ,ไม่ทราบ,ไม่ระบุ,802
กระบี่,โรคหอบหืด,0-4,ชาย,1613
กระบี่,โรคหอบหืด,0-4,หญิง,896
กระบี่,โรคหอบหืด,10-14,ชาย,2008
กระบี่,โรคหอบหืด,10-14,หญิง,1319
กระบี่,โรคหอบหืด,15-19,ชาย,704
กระบี่,โรคหอบหืด,15-19,หญิง,635
กระบี่,โรคหอบหืด,20-24,ชาย,416
กระบี่,โรคหอบหืด,20-24,หญิง,466
กระบี่,โรคหอบหืด,25-29,ชาย,367
กระบี่,โรคหอบหืด,25-29,หญิง,707
กระบี่,โรคหอบหืด,30-34,ชาย,561
กระบี่,โรคหอบหืด,30-34,หญิง,1082
กระบี่,โรคหอบหืด,35-39,ชาย,558
กระบี่,โรคหอบหืด,35-39,หญิง,1418
กระบี่,โรคหอบหืด,40-44,ชาย,574
กระบี่,โรคหอบหืด,40-44,หญิง,1441
กระบี่,โรคหอบหืด,45-49,ชาย,608
กระบี่,โรคหอบหืด,45-49,หญิง,2111
กระบี่,โรคหอบหืด,5-9,ชาย,3114
กระบี่,โรคหอบหืด,5-9,หญิง,1800
กระบี่,โรคหอบหืด,50-54,ชาย,637
กระบี่,โรคหอบหืด,50-54,หญิง,2226
กระบี่,โรคหอบหืด,55-59,ชาย,706
กระบี่,โรคหอบหืด,55-59,หญิง,2258
กระบี่,โรคหอบหืด,60-64,ชาย,517
กระบี่,โรคหอบหืด,60-64,หญิง,1846
กระบี่,โรคหอบหืด,65-69,ชาย,297
กระบี่,โรคหอบหืด,65-69,หญิง,1724
กระบี่,โรคหอบหืด,70-74,ชาย,212
กระบี่,โรคหอบหืด,70-74,หญิง,1329
กระบี่,โรคหอบหืด,75-79,ชาย,96
กระบี่,โรคหอบหืด,75-79,หญิง,705
กระบี่,โรคหอบหืด,80+,ชาย,89
กระบี่,โรคหอบหืด,80+,หญิง,827
กระบี่,โรคหอบหืด,ไม่ทราบ,ชาย,6
กระบี่,โรคหอบหืด,ไม่ทราบ,หญิง,6
กระบี่,โรคหอบหืด,ไม่ทราบ,ไม่ระบุ,4023
กระบี่,โรคเยื่อจมูกอักเสบจากภูมิแพ้,0-4,ชาย,279
กระบี่,โรคเยื่อจมูกอักเสบจากภูมิแพ้,0-4,หญิง,250
กระบี่,โรคเยื่อจมูกอักเสบจากภูมิแพ้,10-14,ชาย,396
กระบี่,โรคเยื่อจมูกอักเสบจากภูมิแพ้,10-14,หญิง,285
กระบี่,โรคเยื่อจมูกอักเสบจากภูมิแพ้,15-19,ชาย,162
กระบี่,โรคเยื่อจมูกอักเสบจากภูมิแพ้,15-19,หญิง,227
กระบี่,โรคเยื่อจมูกอักเสบจากภูมิแพ้,20-24,ชาย,151
กระบี่,โรคเยื่อจมูกอักเสบจากภูมิแพ้,20-24,หญิง,303
กระบี่,โรคเยื่อจมูกอักเสบจากภูมิแพ้,25-29,ชาย,159
กระบี่,โรคเยื่อจมูกอักเสบจากภูมิแพ้,25-29,หญิง,447
กระบี่,โรคเยื่อจมูกอักเสบจากภูมิแพ้,30-34,ชาย,200
กระบี่,โรคเยื่อจมูกอักเสบจากภูมิแพ้,30-34,หญิง,545
กระบี่,โรคเยื่อจมูกอักเสบจากภูมิแพ้,35-39,ชาย,146
กระบี่,โรคเยื่อจมูกอักเสบจากภูมิแพ้,35-39,หญิง,596
กระบี่,โรคเยื่อจมูกอักเสบจากภูมิแพ้,40-44,ชาย,187
กระบี่,โรคเยื่อจมูกอักเสบจากภูมิแพ้,40-44,หญิง,643
กระบี่,โรคเยื่อจมูกอักเสบจากภูมิแพ้,45-49,ชาย,170
กระบี่,โรคเยื่อจมูกอักเสบจากภูมิแพ้,45-49,หญิง,643
กระบี่,โรคเยื่อจมูกอักเสบจากภูมิแพ้,5-9,ชาย,450
กระบี่,โรคเยื่อจมูกอักเสบจากภูมิแพ้,5-9,หญิง,391
กระบี่,โรคเยื่อจมูกอักเสบจากภูมิแพ้,50-54,ชาย,193
กระบี่,โรคเยื่อจมูกอักเสบจากภูมิแพ้,50-54,หญิง,596
กระบี่,โรคเยื่อจมูกอักเสบจากภูมิแพ้,55-59,ชาย,244
กระบี่,โรคเยื่อจมูกอักเสบจากภูมิแพ้,55-59,หญิง,520
กระบี่,โรคเยื่อจมูกอักเสบจากภูมิแพ้,60-64,ชาย,241
กระบี่,โรคเยื่อจมูกอักเสบจากภูมิแพ้,60-64,หญิง,345
กระบี่,โรคเยื่อจมูกอักเสบจากภูมิแพ้,65-69,ชาย,223
กระบี่,โรคเยื่อจมูกอักเสบจากภูมิแพ้,65-69,หญิง,271
กระบี่,โรคเยื่อจมูกอักเสบจากภูมิแพ้,70-74,ชาย,166
กระบี่,โรคเยื่อจมูกอักเสบจากภูมิแพ้,70-74,หญิง,129
กระบี่,โรคเยื่อจมูกอักเสบจากภูมิแพ้,75-79,ชาย,144
กระบี่,โรคเยื่อจมูกอักเสบจากภูมิแพ้,75-79,หญิง,71
กระบี่,โรคเยื่อจมูกอักเสบจากภูมิแพ้,80+,ชาย,93
กระบี่,โรคเยื่อจมูกอักเสบจากภูมิแพ้,80+,หญิง,80
กระบี่,โรคเยื่อจมูกอักเสบจากภูมิแพ้,ไม่ทราบ,ไม่ระบุ,2062
กระบี่,โรคเยื่อบุตาอักเสบ,0-4,ชาย,651
กระบี่,โรคเยื่อบุตาอักเสบ,0-4,หญิง,533
กระบี่,โรคเยื่อบุตาอักเสบ,10-14,ชาย,921
กระบี่,โรคเยื่อบุตาอักเสบ,10-14,หญิง,715
กระบี่,โรคเยื่อบุตาอักเสบ,15-19,ชาย,507
กระบี่,โรคเยื่อบุตาอักเสบ,15-19,หญิง,609
กระบี่,โรคเยื่อบุตาอักเสบ,20-24,ชาย,455
กระบี่,โรคเยื่อบุตาอักเสบ,20-24,หญิง,503
กระบี่,โรคเยื่อบุตาอักเสบ,25-29,ชาย,589
กระบี่,โรคเยื่อบุตาอักเสบ,25-29,หญิง,673
กระบี่,โรคเยื่อบุตาอักเสบ,30-34,ชาย,598
กระบี่,โรคเยื่อบุตาอักเสบ,30-34,หญิง,756
กระบี่,โรคเยื่อบุตาอักเสบ,35-39,ชาย,656
กระบี่,โรคเยื่อบุตาอักเสบ,35-39,หญิง,880
กระบี่,โรคเยื่อบุตาอักเสบ,40-44,ชาย,740
กระบี่,โรคเยื่อบุตาอักเสบ,40-44,หญิง,846
กระบี่,โรคเยื่อบุตาอักเสบ,45-49,ชาย,710
กระบี่,โรคเยื่อบุตาอักเสบ,45-49,หญิง,871
กระบี่,โรคเยื่อบุตาอักเสบ,5-9,ชาย,973
กระบี่,โรคเยื่อบุตาอักเสบ,5-9,หญิง,808
กระบี่,โรคเยื่อบุตาอักเสบ,50-54,ชาย,718
กระบี่,โรคเยื่อบุตาอักเสบ,50-54,หญิง,857
กระบี่,โรคเยื่อบุตาอักเสบ,55-59,ชาย,551
กระบี่,โรคเยื่อบุตาอักเสบ,55-59,หญิง,787
กระบี่,โรคเยื่อบุตาอักเสบ,60-64,ชาย,528
กระบี่,โรคเยื่อบุตาอักเสบ,60-64,หญิง,697
กระบี่,โรคเยื่อบุตาอักเสบ,65-69,ชาย,432
กระบี่,โรคเยื่อบุตาอักเสบ,65-69,หญิง,463
กระบี่,โรคเยื่อบุตาอักเสบ,70-74,ชาย,314
กระบี่,โรคเยื่อบุตาอักเสบ,70-74,หญิง,400
กระบี่,โรคเยื่อบุตาอักเสบ,75-79,ชาย,221
กระบี่,โรคเยื่อบุตาอักเสบ,75-79,หญิง,198
กระบี่,โรคเยื่อบุตาอักเสบ,80+,ชาย,192
กระบี่,โรคเยื่อบุตาอักเสบ,80+,หญิง,288
กระบี่,โรคเยื่อบุตาอักเสบ,ไม่ทราบ,ชาย,2
กระบี่,โรคเยื่อบุตาอักเสบ,ไม่ทราบ,หญิง,2
กระบี่,โรคเยื่อบุตาอักเสบ,ไม่ทราบ,ไม่ระบุ,950
กรุงเทพมหานคร,โรคติดเชื้อทางเดินหายใจส่วนบนเฉียบพลัน,0-4,ชาย,33690
กรุงเทพมหานคร,โรคติดเชื้อทางเดินหายใจส่วนบนเฉียบพลัน,0-4,หญิง,28474
กรุงเทพมหานคร,โรคติดเชื้อทางเดินหายใจส่วนบนเฉียบพลัน,10-14,ชาย,10116
กรุงเทพมหานคร,โรคติดเชื้อทางเดินหายใจส่วนบนเฉียบพลัน,10-14,หญิง,8516
กรุงเทพมหานคร,โรคติดเชื้อทางเดินหายใจส่วนบนเฉียบพลัน,15-19,ชาย,7828
กรุงเทพมหานคร,โรคติดเชื้อทางเดินหายใจส่วนบนเฉียบพลัน,15-19,หญิง,10195
กรุงเทพมหานคร,โรคติดเชื้อทางเดินหายใจส่วนบนเฉียบพลัน,20-24,ชาย,11708
กรุงเทพมหานคร,โรคติดเชื้อทางเดินหายใจส่วนบนเฉียบพลัน,20-24,หญิง,19192
กรุงเทพมหานคร,โรคติดเชื้อทางเดินหายใจส่วนบนเฉียบพลัน,25-29,ชาย,14989
กรุงเทพมหานคร,โรคติดเชื้อทางเดินหายใจส่วนบนเฉียบพลัน,25-29,หญิง,23639
กรุงเทพมหานคร,โรคติดเชื้อทางเดินหายใจส่วนบนเฉียบพลัน,30-34,ชาย,11644
กรุงเทพมหานคร,โรคติดเชื้อทางเดินหายใจส่วนบนเฉียบพลัน,30-34,หญิง,19116
กรุงเทพมหานคร,โรคติดเชื้อทางเดินหายใจส่วนบนเฉียบพลัน,35-39,ชาย,9330
กรุงเทพมหานคร,โรคติดเชื้อทางเดินหายใจส่วนบนเฉียบพลัน,35-39,หญิง,16134
กรุงเทพมหานคร,โรคติดเชื้อทางเดินหายใจส่วนบนเฉียบพลัน,40-44,ชาย,9246
กรุงเทพมหานคร,โรคติดเชื้อทางเดินหายใจส่วนบนเฉียบพลัน,40-44,หญิง,15705
กรุงเทพมหานคร,โรคติดเชื้อทางเดินหายใจส่วนบนเฉียบพลัน,45-49,ชาย,8570
กรุงเทพมหานคร,โรคติดเชื้อทางเดินหายใจส่วนบนเฉียบพลัน,45-49,หญิง,14611
กรุงเทพมหานคร,โรคติดเชื้อทางเดินหายใจส่วนบนเฉียบพลัน,5-9,ชาย,18683
กรุงเทพมหานคร,โรคติดเชื้อทางเดินหายใจส่วนบนเฉียบพลัน,5-9,หญิง,16409
กรุงเทพมหานคร,โรคติดเชื้อทางเดินหายใจส่วนบนเฉียบพลัน,50-54,ชาย,7553
กรุงเทพมหานคร,โรคติดเชื้อทางเดินหายใจส่วนบนเฉียบพลัน,50-54,หญิง,13077
กรุงเทพมหานคร,โรคติดเชื้อทางเดินหายใจส่วนบนเฉียบพลัน,55-59,ชาย,7115
กรุงเทพมหานคร,โรคติดเชื้อทางเดินหายใจส่วนบนเฉียบพลัน,55-59,หญิง,12625
กรุงเทพมหานคร,โรคติดเชื้อทางเดินหายใจส่วนบนเฉียบพลัน,60-64,ชาย,6359
กรุงเทพมหานคร,โรคติดเชื้อทางเดินหายใจส่วนบนเฉียบพลัน,60-64,หญิง,10412
กรุงเทพมหานคร,โรคติดเชื้อทางเดินหายใจส่วนบนเฉียบพลัน,65-69,ชาย,5563
กรุงเทพมหานคร,โรคติดเชื้อทางเดินหายใจส่วนบนเฉียบพลัน,65-69,หญิง,8731
กรุงเทพมหานคร,โรคติดเชื้อทางเดินหายใจส่วนบนเฉียบพลัน,70-74,ชาย,4521
กรุงเทพมหานคร,โรคติดเชื้อทางเดินหายใจส่วนบนเฉียบพลัน,70-74,หญิง,6551
กรุงเทพมหานคร,โรคติดเชื้อทางเดินหายใจส่วนบนเฉียบพลัน,75-79,ชาย,2680
กรุงเทพมหานคร,โรคติดเชื้อทางเดินหายใจส่วนบนเฉียบพลัน,75-79,หญิง,3850
กรุงเทพมหานคร,โรคติดเชื้อทางเดินหายใจส่วนบนเฉียบพลัน,80+,ชาย,2632
กรุงเทพมหานคร,โรคติดเชื้อทางเดินหายใจส่วนบนเฉียบพลัน,80+,หญิง,4327
กรุงเทพมหานคร,โรคติดเชื้อทางเดินหายใจส่วนบนเฉียบพลัน,ไม่ทราบ,ชาย,3
กรุงเทพมหานคร,โรคติดเชื้อทางเดินหายใจส่วนบนเฉียบพลัน,ไม่ทราบ,หญิง,2
กรุงเทพมหานคร,โรคติดเชื้อทางเดินหายใจส่วนบนเฉียบพลัน,ไม่ทราบ,ไม่ระบุ,20080
กรุงเทพมหานคร,โรคปอดอุดกั้นเรื้อรัง,0-4,ชาย,169
กรุงเทพมหานคร,โรคปอดอุดกั้นเรื้อรัง,0-4,หญิง,90
กรุงเทพมหานคร,โรคปอดอุดกั้นเรื้อรัง,10-14,ชาย,32
กรุงเทพมหานคร,โรคปอดอุดกั้นเรื้อรัง,10-14,หญิง,16
กรุงเทพมหานคร,โรคปอดอุดกั้นเรื้อรัง,15-19,ชาย,29
กรุงเทพมหานคร,โรคปอดอุดกั้นเรื้อรัง,15-19,หญิง,6
กรุงเทพมหานคร,โรคปอดอุดกั้นเรื้อรัง,20-24,ชาย,14
กรุงเทพมหานคร,โรคปอดอุดกั้นเรื้อรัง,20-24,หญิง,4
กรุงเทพมหานคร,โรคปอดอุดกั้นเรื้อรัง,25-29,ชาย,42
กรุงเทพมหานคร,โรคปอดอุดกั้นเรื้อรัง,25-29,หญิง,8
กรุงเทพมหานคร,โรคปอดอุดกั้นเรื้อรัง,30-34,ชาย,67
กรุงเทพมหานคร,โรคปอดอุดกั้นเรื้อรัง,30-34,หญิง,21
กรุงเทพมหานคร,โรคปอดอุดกั้นเรื้อรัง,35-39,ชาย,153
กรุงเทพมหานคร,โรคปอดอุดกั้นเรื้อรัง,35-39,หญิง,16
กรุงเทพมหานคร,โรคปอดอุดกั้นเรื้อรัง,40-44,ชาย,349
กรุงเทพมหานคร,โรคปอดอุดกั้นเรื้อรัง,40-44,หญิง,63
กรุงเทพมหานคร,โรคปอดอุดกั้นเรื้อรัง,45-49,ชาย,894
กรุงเทพมหานคร,โรคปอดอุดกั้นเรื้อรัง,45-49,หญิง,86
กรุงเทพมหานคร,โรคปอดอุดกั้นเรื้อรัง,5-9,ชาย,73
กรุงเทพมหานคร,โรคปอดอุดกั้นเรื้อรัง,5-9,หญิง,55
กรุงเทพมหานคร,โรคปอดอุดกั้นเรื้อรัง,50-54,ชาย,1557
กรุงเทพมหานคร,โรคปอดอุดกั้นเรื้อรัง,50-54,หญิง,298
กรุงเทพมหานคร,โรคปอดอุดกั้นเรื้อรัง,55-59,ชาย,2843
กรุงเทพมหานคร,โรคปอดอุดกั้นเรื้อรัง,55-59,หญิง,316
กรุงเทพมหานคร,โรคปอดอุดกั้นเรื้อรัง,60-64,ชาย,4301
กรุงเทพมหานคร,โรคปอดอุดกั้นเรื้อรัง,60-64,หญิง,545
กรุงเทพมหานคร,โรคปอดอุดกั้นเรื้อรัง,65-69,ชาย,5710
กรุงเทพมหานคร,โรคปอดอุดกั้นเรื้อรัง,65-69,หญิง,966
กรุงเทพมหานคร,โรคปอดอุดกั้นเรื้อรัง,70-74,ชาย,6038
กรุงเทพมหานคร,โรคปอดอุดกั้นเรื้อรัง,70-74,หญิง,974
กรุงเทพมหานคร,โรคปอดอุดกั้นเรื้อรัง,75-79,ชาย,4616
กรุงเทพมหานคร,โรคปอดอุดกั้นเรื้อรัง,75-79,หญิง,860
กรุงเทพมหานคร,โรคปอดอุดกั้นเรื้อรัง,80+,ชาย,5493
กรุงเทพมหานคร,โรคปอดอุดกั้นเรื้อรัง,80+,หญิง,1511
กรุงเทพมหานคร,โรคปอดอุดกั้นเรื้อรัง,ไม่ทราบ,ไม่ระบุ,826
กรุงเทพมหานคร,โรคผิวหนังอักเสบ,0-4,ชาย,2300
กรุงเทพมหานคร,โรคผิวหนังอักเสบ,0-4,หญิง,2040
กรุงเทพมหานคร,โรคผิวหนังอักเสบ,10-14,ชาย,1428
กรุงเทพมหานคร,โรคผิวหนังอักเสบ,10-14,หญิง,1393
กรุงเทพมหานคร,โรคผิวหนังอักเสบ,15-19,ชาย,1325
กรุงเทพมหานคร,โรคผิวหนังอักเสบ,15-19,หญิง,2056
กรุงเทพมหานคร,โรคผิวหนังอักเสบ,20-24,ชาย,1673
กรุงเทพมหานคร,โรคผิวหนังอักเสบ,20-24,หญิง,3887
กรุงเทพมหานคร,โรคผิวหนังอักเสบ,25-29,ชาย,2580
กรุงเทพมหานคร,โรคผิวหนังอักเสบ,25-29,หญิง,6158
กรุงเทพมหานคร,โรคผิวหนังอักเสบ,30-34,ชาย,2528
กรุงเทพมหานคร,โรคผิวหนังอักเสบ,30-34,หญิง,5829
กรุงเทพมหานคร,โรคผิวหนังอักเสบ,35-39,ชาย,2224
กรุงเทพมหานคร,โรคผิวหนังอักเสบ,35-39,หญิง,5236
กรุงเทพมหานคร,โรคผิวหนังอักเสบ,40-44,ชาย,2399
กรุงเทพมหานคร,โรคผิวหนังอักเสบ,40-44,หญิง,5531
กรุงเทพมหานคร,โรคผิวหนังอักเสบ,45-49,ชาย,2591
กรุงเทพมหานคร,โรคผิวหนังอักเสบ,45-49,หญิง,5839
กรุงเทพมหานคร,โรคผิวหนังอักเสบ,5-9,ชาย,1429
กรุงเทพมหานคร,โรคผิวหนังอักเสบ,5-9,หญิง,1378
กรุงเทพมหานคร,โรคผิวหนังอักเสบ,50-54,ชาย,2970
กรุงเทพมหานคร,โรคผิวหนังอักเสบ,50-54,หญิง,6104
กรุงเทพมหานคร,โรคผิวหนังอักเสบ,55-59,ชาย,3433
กรุงเทพมหานคร,โรคผิวหนังอักเสบ,55-59,หญิง,6217
กรุงเทพมหานคร,โรคผิวหนังอักเสบ,60-64,ชาย,4129
กรุงเทพมหานคร,โรคผิวหนังอักเสบ,60-64,หญิง,7060
กรุงเทพมหานคร,โรคผิวหนังอักเสบ,65-69,ชาย,4558
กรุงเทพมหานคร,โรคผิวหนังอักเสบ,65-69,หญิง,6367
กรุงเทพมหานคร,โรคผิวหนังอักเสบ,70-74,ชาย,3974
กรุงเทพมหานคร,โรคผิวหนังอักเสบ,70-74,หญิง,5176
กรุงเทพมหานคร,โรคผิวหนังอักเสบ,75-79,ชาย,2732
กรุงเทพมหานคร,โรคผิวหนังอักเสบ,75-79,หญิง,3224
กรุงเทพมหานคร,โรคผิวหนังอักเสบ,80+,ชาย,2751
กรุงเทพมหานคร,โรคผิวหนังอักเสบ,80+,หญิง,3469
กรุงเทพมหานคร,โรคผิวหนังอักเสบ,ไม่ทราบ,ชาย,1
กรุงเทพมหานคร,โรคผิวหนังอักเสบ,ไม่ทราบ,หญิง,1
กรุงเทพมหานคร,โรคผิวหนังอักเสบ,ไม่ทราบ,ไม่ระบุ,6404
กรุงเทพมหานคร,โรคลมพิษ,0-4,ชาย,1106
กรุงเทพมหานคร,โรคลมพิษ,0-4,หญิง,845
กรุงเทพมหานคร,โรคลมพิษ,10-14,ชาย,514
กรุงเทพมหานคร,โรคลมพิษ,10-14,หญิง,566
กรุงเทพมหานคร,โรคลมพิษ,15-19,ชาย,418
กรุงเทพมหานคร,โรคลมพิษ,15-19,หญิง,794
กรุงเทพมหานคร,โรคลมพิษ,20-24,ชาย,561
กรุงเทพมหานคร,โรคลมพิษ,20-24,หญิง,1481
กรุงเทพมหานคร,โรคลมพิษ,25-29,ชาย,703
กรุงเทพมหานคร,โรคลมพิษ,25-29,หญิง,2319
กรุงเทพมหานคร,โรคลมพิษ,30-34,ชาย,722
กรุงเทพมหานคร,โรคลมพิษ,30-34,หญิง,2198
กรุงเทพมหานคร,โรคลมพิษ,35-39,ชาย,569
กรุงเทพมหานคร,โรคลมพิษ,35-39,หญิง,2060
กรุงเทพมหานคร,โรคลมพิษ,40-44,ชาย,608
กรุงเทพมหานคร,โรคลมพิษ,40-44,หญิง,1866
กรุงเทพมหานคร,โรคลมพิษ,45-49,ชาย,502
กรุงเทพมหานคร,โรคลมพิษ,45-49,หญิง,1798
กรุงเทพมหานคร,โรคลมพิษ,5-9,ชาย,733
กรุงเทพมหานคร,โรคลมพิษ,5-9,หญิง,667
กรุงเทพมหานคร,โรคลมพิษ,50-54,ชาย,531
กรุงเทพมหานคร,โรคลมพิษ,50-54,หญิง,1529
กรุงเทพมหานคร,โรคลมพิษ,55-59,ชาย,454
กรุงเทพมหานคร,โรคลมพิษ,55-59,หญิง,1277
กรุงเทพมหานคร,โรคลมพิษ,60-64,ชาย,499
กรุงเทพมหานคร,โรคลมพิษ,60-64,หญิง,1181
กรุงเทพมหานคร,โรคลมพิษ,65-69,ชาย,378
กรุงเทพมหานคร,โรคลมพิษ,65-69,หญิง,786
กรุงเทพมหานคร,โรคลมพิษ,70-74,ชาย,234
กรุงเทพมหานคร,โรคลมพิษ,70-74,หญิง,462
กรุงเทพมหานคร,โรคลมพิษ,75-79,ชาย,100
กรุงเทพมหานคร,โรคลมพิษ,75-79,หญิง,187
กรุงเทพมหานคร,โรคลมพิษ,80+,ชาย,82
กรุงเทพมหานคร,โรคลมพิษ,80+,หญิง,173
กรุงเทพมหานคร,โรคลมพิษ,ไม่ทราบ,หญิง,1
กรุงเทพมหานคร,โรคลมพิษ,ไม่ทราบ,ไม่ระบุ,1588
กรุงเทพมหานคร,โรคหอบหืด,0-4,ชาย,2832
กรุงเทพมหานคร,โรคหอบหืด,0-4,หญิง,1597
กรุงเทพมหานคร,โรคหอบหืด,10-14,ชาย,3408
กรุงเทพมหานคร,โรคหอบหืด,10-14,หญิง,1711
กรุงเทพมหานคร,โรคหอบหืด,15-19,ชาย,1111
กรุงเทพมหานคร,โรคหอบหืด,15-19,หญิง,869
กรุงเทพมหานคร,โรคหอบหืด,20-24,ชาย,601
กรุงเทพมหานคร,โรคหอบหืด,20-24,หญิง,769
กรุงเทพมหานคร,โรคหอบหืด,25-29,ชาย,750
กรุงเทพมหานคร,โรคหอบหืด,25-29,หญิง,1222
กรุงเทพมหานคร,โรคหอบหืด,30-34,ชาย,784
กรุงเทพมหานคร,โรคหอบหืด,30-34,หญิง,1613
กรุงเทพมหานคร,โรคหอบหืด,35-39,ชาย,1044
กรุงเทพมหานคร,โรคหอบหืด,35-39,หญิง,1936
กรุงเทพมหานคร,โรคหอบหืด,40-44,ชาย,1355
กรุงเทพมหานคร,โรคหอบหืด,40-44,หญิง,2676
กรุงเทพมหานคร,โรคหอบหืด,45-49,ชาย,1693
กรุงเทพมหานคร,โรคหอบหืด,45-49,หญิง,3694
กรุงเทพมหานคร,โรคหอบหืด,5-9,ชาย,5941
กรุงเทพมหานคร,โรคหอบหืด,5-9,หญิง,3599
กรุงเทพมหานคร,โรคหอบหืด,50-54,ชาย,1875
กรุงเทพมหานคร,โรคหอบหืด,50-54,หญิง,4634
กรุงเทพมหานคร,โรคหอบหืด,55-59,ชาย,1944
กรุงเทพมหานคร,โรคหอบหืด,55-59,หญิง,5050
กรุงเทพมหานคร,โรคหอบหืด,60-64,ชาย,1758
กรุงเทพมหานคร,โรคหอบหืด,60-64,หญิง,5391
กรุงเทพมหานคร,โรคหอบหืด,65-69,ชาย,1718
กรุงเทพมหานคร,โรคหอบหืด,65-69,หญิง,4951
กรุงเทพมหานคร,โรคหอบหืด,70-74,ชาย,1331
กรุงเทพมหานคร,โรคหอบหืด,70-74,หญิง,4393
กรุงเทพมหานคร,โรคหอบหืด,75-79,ชาย,834
กรุงเทพมหานคร,โรคหอบหืด,75-79,หญิง,2624
กรุงเทพมหานคร,โรคหอบหืด,80+,ชาย,608
กรุงเทพมหานคร,โรคหอบหืด,80+,หญิง,2942
กรุงเทพมหานคร,โรคหอบหืด,ไม่ทราบ,ไม่ระบุ,2183
กรุงเทพมหานคร,โรคเยื่อจมูกอักเสบจากภูมิแพ้,0-4,ชาย,3154
กรุงเทพมหานคร,โรคเยื่อจมูกอักเสบจากภูมิแพ้,0-4,หญิง,2315
กรุงเทพมหานคร,โรคเยื่อจมูกอักเสบจากภูมิแพ้,10-14,ชาย,5228
กรุงเทพมหานคร,โรคเยื่อจมูกอักเสบจากภูมิแพ้,10-14,หญิง,3040
กรุงเทพมหานคร,โรคเยื่อจมูกอักเสบจากภูมิแพ้,15-19,ชาย,1518
กรุงเทพมหานคร,โรคเยื่อจมูกอักเสบจากภูมิแพ้,15-19,หญิง,1456
กรุงเทพมหานคร,โรคเยื่อจมูกอักเสบจากภูมิแพ้,20-24,ชาย,1058
กรุงเทพมหานคร,โรคเยื่อจมูกอักเสบจากภูมิแพ้,20-24,หญิง,1983
กรุงเทพมหานคร,โรคเยื่อจมูกอักเสบจากภูมิแพ้,25-29,ชาย,1769
กรุงเทพมหานคร,โรคเยื่อจมูกอักเสบจากภูมิแพ้,25-29,หญิง,3661
กรุงเทพมหานคร,โรคเยื่อจมูกอักเสบจากภูมิแพ้,30-34,ชาย,1700
กรุงเทพมหานคร,โรคเยื่อจมูกอักเสบจากภูมิแพ้,30-34,หญิง,3978
กรุงเทพมหานคร,โรคเยื่อจมูกอักเสบจากภูมิแพ้,35-39,ชาย,1458
กรุงเทพมหานคร,โรคเยื่อจมูกอักเสบจากภูมิแพ้,35-39,หญิง,3726
กรุงเทพมหานคร,โรคเยื่อจมูกอักเสบจากภูมิแพ้,40-44,ชาย,1558
กรุงเทพมหานคร,โรคเยื่อจมูกอักเสบจากภูมิแพ้,40-44,หญิง,3837
กรุงเทพมหานคร,โรคเยื่อจมูกอักเสบจากภูมิแพ้,45-49,ชาย,1645
กรุงเทพมหานคร,โรคเยื่อจมูกอักเสบจากภูมิแพ้,45-49,หญิง,3808
กรุงเทพมหานคร,โรคเยื่อจมูกอักเสบจากภูมิแพ้,5-9,ชาย,7708
กรุงเทพมหานคร,โรคเยื่อจมูกอักเสบจากภูมิแพ้,5-9,หญิง,5324
กรุงเทพมหานคร,โรคเยื่อจมูกอักเสบจากภูมิแพ้,50-54,ชาย,1489
กรุงเทพมหานคร,โรคเยื่อจมูกอักเสบจากภูมิแพ้,50-54,หญิง,3732
กรุงเทพมหานคร,โรคเยื่อจมูกอักเสบจากภูมิแพ้,55-59,ชาย,1766
กรุงเทพมหานคร,โรคเยื่อจมูกอักเสบจากภูมิแพ้,55-59,หญิง,4090
กรุงเทพมหานคร,โรคเยื่อจมูกอักเสบจากภูมิแพ้,60-64,ชาย,1894
กรุงเทพมหานคร,โรคเยื่อจมูกอักเสบจากภูมิแพ้,60-64,หญิง,3617
กรุงเทพมหานคร,โรคเยื่อจมูกอักเสบจากภูมิแพ้,65-69,ชาย,1928
กรุงเทพมหานคร,โรคเยื่อจมูกอักเสบจากภูมิแพ้,65-69,หญิง,3172
กรุงเทพมหานคร,โรคเยื่อจมูกอักเสบจากภูมิแพ้,70-74,ชาย,1627
กรุงเทพมหานคร,โรคเยื่อจมูกอักเสบจากภูมิแพ้,70-74,หญิง,2467
กรุงเทพมหานคร,โรคเยื่อจมูกอักเสบจากภูมิแพ้,75-79,ชาย,965
กรุงเทพมหานคร,โรคเยื่อจมูกอักเสบจากภูมิแพ้,75-79,หญิง,1203
กรุงเทพมหานคร,โรคเยื่อจมูกอักเสบจากภูมิแพ้,80+,ชาย,629
กรุงเทพมหานคร,โรคเยื่อจมูกอักเสบจากภูมิแพ้,80+,หญิง,861
กรุงเทพมหานคร,โรคเยื่อจมูกอักเสบจากภูมิแพ้,ไม่ทราบ,ไม่ระบุ,3133
กรุงเทพมหานคร,โรคเยื่อบุตาอักเสบ,0-4,ชาย,1099
กรุงเทพมหานคร,โรคเยื่อบุตาอักเสบ,0-4,หญิง,803
กรุงเทพมหานคร,โรคเยื่อบุตาอักเสบ,10-14,ชาย,881
กรุงเทพมหานคร,โรคเยื่อบุตาอักเสบ,10-14,หญิง,434
กรุงเทพมหานคร,โรคเยื่อบุตาอักเสบ,15-19,ชาย,570
กรุงเทพมหานคร,โรคเยื่อบุตาอักเสบ,15-19,หญิง,623
กรุงเทพมหานคร,โรคเยื่อบุตาอักเสบ,20-24,ชาย,797
กรุงเทพมหานคร,โรคเยื่อบุตาอักเสบ,20-24,หญิง,1108
กรุงเทพมหานคร,โรคเยื่อบุตาอักเสบ,25-29,ชาย,1111
กรุงเทพมหานคร,โรคเยื่อบุตาอักเสบ,25-29,หญิง,1619
กรุงเทพมหานคร,โรคเยื่อบุตาอักเสบ,30-34,ชาย,975
กรุงเทพมหานคร,โรคเยื่อบุตาอักเสบ,30-34,หญิง,1468
กรุงเทพมหานคร,โรคเยื่อบุตาอักเสบ,35-39,ชาย,826
กรุงเทพมหานคร,โรคเยื่อบุตาอักเสบ,35-39,หญิง,1332
กรุงเทพมหานคร,โรคเยื่อบุตาอักเสบ,40-44,ชาย,913
กรุงเทพมหานคร,โรคเยื่อบุตาอักเสบ,40-44,หญิง,1498
กรุงเทพมหานคร,โรคเยื่อบุตาอักเสบ,45-49,ชาย,964
กรุงเทพมหานคร,โรคเยื่อบุตาอักเสบ,45-49,หญิง,1703
กรุงเทพมหานคร,โรคเยื่อบุตาอักเสบ,5-9,ชาย,1407
กรุงเทพมหานคร,โรคเยื่อบุตาอักเสบ,5-9,หญิง,742
กรุงเทพมหานคร,โรคเยื่อบุตาอักเสบ,50-54,ชาย,980
กรุงเทพมหานคร,โรคเยื่อบุตาอักเสบ,50-54,หญิง,1999
กรุงเทพมหานคร,โรคเยื่อบุตาอักเสบ,55-59,ชาย,942
กรุงเทพมหานคร,โรคเยื่อบุตาอักเสบ,55-59,หญิง,2578
กรุงเทพมหานคร,โรคเยื่อบุตาอักเสบ,60-64,ชาย,978
กรุงเทพมหานคร,โรคเยื่อบุตาอักเสบ,60-64,หญิง,2934
กรุงเทพมหานคร,โรคเยื่อบุตาอักเสบ,65-69,ชาย,1156
กรุงเทพมหานคร,โรคเยื่อบุตาอักเสบ,65-69,หญิง,3345
กรุงเทพมหานคร,โรคเยื่อบุตาอักเสบ,70-74,ชาย,1012
กรุงเทพมหานคร,โรคเยื่อบุตาอักเสบ,70-74,หญิง,3092
กรุงเทพมหานคร,โรคเยื่อบุตาอักเสบ,75-79,ชาย,698
กรุงเทพมหานคร,โรคเยื่อบุตาอักเสบ,75-79,หญิง,1897
กรุงเทพมหานคร,โรคเยื่อบุตาอักเสบ,80+,ชาย,625
กรุงเทพมหานคร,โรคเยื่อบุตาอักเสบ,80+,หญิง,1473
กรุงเทพมหานคร,โรคเยื่อบุตาอักเสบ,ไม่ทราบ,ไม่ระบุ,1835
กาญจนบุรี,โรคติดเชื้อทางเดินหายใจส่วนบนเฉียบพลัน,0-4,ชาย,75502
กาญจนบุรี,โรคติดเชื้อทางเดินหายใจส่วนบนเฉียบพลัน,0-4,หญิง,68014
กาญจนบุรี,โรคติดเชื้อทางเดินหายใจส่วนบนเฉียบพลัน,0-4,ไม่ระบุ,19
กาญจนบุรี,โรคติดเชื้อทางเดินหายใจส่วนบนเฉียบพลัน,10-14,ชาย,33561
กาญจนบุรี,โรคติดเชื้อทางเดินหายใจส่วนบนเฉียบพลัน,10-14,หญิง,31896
กาญจนบุรี,โรคติดเชื้อทางเดินหายใจส่วนบนเฉียบพลัน,10-14,ไม่ระบุ,1
กาญจนบุรี,โรคติดเชื้อทางเดินหายใจส่วนบนเฉียบพลัน,15-19,ชาย,15992
กาญจนบุรี,โรคติดเชื้อทางเดินหายใจส่วนบนเฉียบพลัน,15-19,หญิง,21937
กาญจนบุรี,โรคติดเชื้อทางเดินหายใจส่วนบนเฉียบพลัน,15-19,ไม่ระบุ,4
กาญจนบุรี,โรคติดเชื้อทางเดินหายใจส่วนบนเฉียบพลัน,20-24,ชาย,15070
กาญจนบุรี,โรคติดเชื้อทางเดินหายใจส่วนบนเฉียบพลัน,20-24,หญิง,21520
กาญจนบุรี,โรคติดเชื้อทางเดินหายใจส่วนบนเฉียบพลัน,20-24,ไม่ระบุ,2
กาญจนบุรี,โรคติดเชื้อทางเดินหายใจส่วนบนเฉียบพลัน,25-29,ชาย,14830
กาญจนบุรี,โรคติดเชื้อทางเดินหายใจส่วนบนเฉียบพลัน,25-29,หญิง,26751
กาญจนบุรี,โรคติดเชื้อทางเดินหายใจส่วนบนเฉียบพลัน,30-34,ชาย,12766
กาญจนบุรี,โรคติดเชื้อทางเดินหายใจส่วนบนเฉียบพลัน,30-34,หญิง,24683
กาญจนบุรี,โรคติดเชื้อทางเดินหายใจส่วนบนเฉียบพลัน,35-39,ชาย,11273
กาญจนบุรี,โรคติดเชื้อทางเดินหายใจส่วนบนเฉียบพลัน,35-39,หญิง,21879
กาญจนบุรี,โรคติดเชื้อทางเดินหายใจส่วนบนเฉียบพลัน,40-44,ชาย,10853
กาญจนบุรี,โรคติดเชื้อทางเดินหายใจส่วนบนเฉียบพลัน,40-44,หญิง,20907
กาญจนบุรี,โรคติดเชื้อทางเดินหายใจส่วนบนเฉียบพลัน,45-49,ชาย,10623
กาญจนบุรี,โรคติดเชื้อทางเดินหายใจส่วนบนเฉียบพลัน,45-49,หญิง,21628
กาญจนบุรี,โรคติดเชื้อทางเดินหายใจส่วนบนเฉียบพลัน,45-49,ไม่ระบุ,1
กาญจนบุรี,โรคติดเชื้อทางเดินหายใจส่วนบนเฉียบพลัน,5-9,ชาย,57628
กาญจนบุรี,โรคติดเชื้อทางเดินหายใจส่วนบนเฉียบพลัน,5-9,หญิง,53182
กาญจนบุรี,โรคติดเชื้อทางเดินหายใจส่วนบนเฉียบพลัน,5-9,ไม่ระบุ,3
กาญจนบุรี,โรคติดเชื้อทางเดินหายใจส่วนบนเฉียบพลัน,50-54,ชาย,10174
กาญจนบุรี,โรคติดเชื้อทางเดินหายใจส่วนบนเฉียบพลัน,50-54,หญิง,21640
กาญจนบุรี,โรคติดเชื้อทางเดินหายใจส่วนบนเฉียบพลัน,50-54,ไม่ระบุ,3
กาญจนบุรี,โรคติดเชื้อทางเดินหายใจส่วนบนเฉียบพลัน,55-59,ชาย,9989
กาญจนบุรี,โรคติดเชื้อทางเดินหายใจส่วนบนเฉียบพลัน,55-59,หญิง,21007
กาญจนบุรี,โรคติดเชื้อทางเดินหายใจส่วนบนเฉียบพลัน,60-64,ชาย,9968
กาญจนบุรี,โรคติดเชื้อทางเดินหายใจส่วนบนเฉียบพลัน,60-64,หญิง,18022
กาญจนบุรี,โรคติดเชื้อทางเดินหายใจส่วนบนเฉียบพลัน,65-69,ชาย,8997
กาญจนบุรี,โรคติดเชื้อทางเดินหายใจส่วนบนเฉียบพลัน,65-69,หญิง,14093
กาญจนบุรี,โรคติดเชื้อทางเดินหายใจส่วนบนเฉียบพลัน,70-74,ชาย,7484
กาญจนบุรี,โรคติดเชื้อทางเดินหายใจส่วนบนเฉียบพลัน,70-74,หญิง,10253
กาญจนบุรี,โรคติดเชื้อทางเดินหายใจส่วนบนเฉียบพลัน,75-79,ชาย,4690
กาญจนบุรี,โรคติดเชื้อทางเดินหายใจส่วนบนเฉียบพลัน,75-79,หญิง,5758
กาญจนบุรี,โรคติดเชื้อทางเดินหายใจส่วนบนเฉียบพลัน,80+,ชาย,4358
กาญจนบุรี,โรคติดเชื้อทางเดินหายใจส่วนบนเฉียบพลัน,80+,หญิง,6136
กาญจนบุรี,โรคติดเชื้อทางเดินหายใจส่วนบนเฉียบพลัน,80+,ไม่ระบุ,3
กาญจนบุรี,โรคติดเชื้อทางเดินหายใจส่วนบนเฉียบพลัน,ไม่ทราบ,ชาย,151
กาญจนบุรี,โรคติดเชื้อทางเดินหายใจส่วนบนเฉียบพลัน,ไม่ทราบ,หญิง,128
กาญจนบุรี,โรคติดเชื้อทางเดินหายใจส่วนบนเฉียบพลัน,ไม่ทราบ,ไม่ระบุ,3948
กาญจนบุรี,โรคปอดอุดกั้นเรื้อรัง,0-4,ชาย,40
กาญจนบุรี,โรคปอดอุดกั้นเรื้อรัง,0-4,หญิง,24
กาญจนบุรี,โรคปอดอุดกั้นเรื้อรัง,10-14,ชาย,9
กาญจนบุรี,โรคปอดอุดกั้นเรื้อรัง,10-14,หญิง,4
กาญจนบุรี,โรคปอดอุดกั้นเรื้อรัง,15-19,ชาย,6
กาญจนบุรี,โรคปอดอุดกั้นเรื้อรัง,15-19,หญิง,9
กาญจนบุรี,โรคปอดอุดกั้นเรื้อรัง,20-24,ชาย,20
กาญจนบุรี,โรคปอดอุดกั้นเรื้อรัง,20-24,หญิง,14
กาญจนบุรี,โรคปอดอุดกั้นเรื้อรัง,25-29,ชาย,44
กาญจนบุรี,โรคปอดอุดกั้นเรื้อรัง,25-29,หญิง,17
กาญจนบุรี,โรคปอดอุดกั้นเรื้อรัง,30-34,ชาย,131
กาญจนบุรี,โรคปอดอุดกั้นเรื้อรัง,30-34,หญิง,24
กาญจนบุรี,โรคปอดอุดกั้นเรื้อรัง,35-39,ชาย,357
กาญจนบุรี,โรคปอดอุดกั้นเรื้อรัง,35-39,หญิง,90
กาญจนบุรี,โรคปอดอุดกั้นเรื้อรัง,40-44,ชาย,582
กาญจนบุรี,โรคปอดอุดกั้นเรื้อรัง,40-44,หญิง,211
กาญจนบุรี,โรคปอดอุดกั้นเรื้อรัง,45-49,ชาย,1043
กาญจนบุรี,โรคปอดอุดกั้นเรื้อรัง,45-49,หญิง,387
กาญจนบุรี,โรคปอดอุดกั้นเรื้อรัง,5-9,ชาย,15
กาญจนบุรี,โรคปอดอุดกั้นเรื้อรัง,5-9,หญิง,8
กาญจนบุรี,โรคปอดอุดกั้นเรื้อรัง,50-54,ชาย,2155
กาญจนบุรี,โรคปอดอุดกั้นเรื้อรัง,50-54,หญิง,890
กาญจนบุรี,โรคปอดอุดกั้นเรื้อรัง,55-59,ชาย,3734
กาญจนบุรี,โรคปอดอุดกั้นเรื้อรัง,55-59,หญิง,1536
กาญจนบุรี,โรคปอดอุดกั้นเรื้อรัง,60-64,ชาย,5777
กาญจนบุรี,โรคปอดอุดกั้นเรื้อรัง,60-64,หญิง,2352
กาญจนบุรี,โรคปอดอุดกั้นเรื้อรัง,65-69,ชาย,7311
กาญจนบุรี,โรคปอดอุดกั้นเรื้อรัง,65-69,หญิง,2969
กาญจนบุรี,โรคปอดอุดกั้นเรื้อรัง,70-74,ชาย,7233
กาญจนบุรี,โรคปอดอุดกั้นเรื้อรัง,70-74,หญิง,2470
กาญจนบุรี,โรคปอดอุดกั้นเรื้อรัง,75-79,ชาย,5401
กาญจนบุรี,โรคปอดอุดกั้นเรื้อรัง,75-79,หญิง,1795
กาญจนบุรี,โรคปอดอุดกั้นเรื้อรัง,80+,ชาย,7440
กาญจนบุรี,โรคปอดอุดกั้นเรื้อรัง,80+,หญิง,2593
กาญจนบุรี,โรคปอดอุดกั้นเรื้อรัง,ไม่ทราบ,ไม่ระบุ,236
กาญจนบุรี,โรคผิวหนังอักเสบ,0-4,ชาย,1430
กาญจนบุรี,โรคผิวหนังอักเสบ,0-4,หญิง,1365
กาญจนบุรี,โรคผิวหนังอักเสบ,10-14,ชาย,809
กาญจนบุรี,โรคผิวหนังอักเสบ,10-14,หญิง,742
กาญจนบุรี,โรคผิวหนังอักเสบ,15-19,ชาย,503
กาญจนบุรี,โรคผิวหนังอักเสบ,15-19,หญิง,740
กาญจนบุรี,โรคผิวหนังอักเสบ,20-24,ชาย,433
กาญจนบุรี,โรคผิวหนังอักเสบ,20-24,หญิง,760
กาญจนบุรี,โรคผิวหนังอักเสบ,25-29,ชาย,495
กาญจนบุรี,โรคผิวหนังอักเสบ,25-29,หญิง,916
กาญจนบุรี,โรคผิวหนังอักเสบ,30-34,ชาย,426
กาญจนบุรี,โรคผิวหนังอักเสบ,30-34,หญิง,1016
กาญจนบุรี,โรคผิวหนังอักเสบ,35-39,ชาย,471
กาญจนบุรี,โรคผิวหนังอักเสบ,35-39,หญิง,972
กาญจนบุรี,โรคผิวหนังอักเสบ,40-44,ชาย,555
กาญจนบุรี,โรคผิวหนังอักเสบ,40-44,หญิง,982
กาญจนบุรี,โรคผิวหนังอักเสบ,45-49,ชาย,633
กาญจนบุรี,โรคผิวหนังอักเสบ,45-49,หญิง,1259
กาญจนบุรี,โรคผิวหนังอักเสบ,5-9,ชาย,980
กาญจนบุรี,โรคผิวหนังอักเสบ,5-9,หญิง,852
กาญจนบุรี,โรคผิวหนังอักเสบ,50-54,ชาย,659
กาญจนบุรี,โรคผิวหนังอักเสบ,50-54,หญิง,1293
กาญจนบุรี,โรคผิวหนังอักเสบ,55-59,ชาย,697
กาญจนบุรี,โรคผิวหนังอักเสบ,55-59,หญิง,1263
กาญจนบุรี,โรคผิวหนังอักเสบ,60-64,ชาย,879
กาญจนบุรี,โรคผิวหนังอักเสบ,60-64,หญิง,1137
กาญจนบุรี,โรคผิวหนังอักเสบ,65-69,ชาย,879
กาญจนบุรี,โรคผิวหนังอักเสบ,65-69,หญิง,1020
กาญจนบุรี,โรคผิวหนังอักเสบ,70-74,ชาย,701
กาญจนบุรี,โรคผิวหนังอักเสบ,70-74,หญิง,735
กาญจนบุรี,โรคผิวหนังอักเสบ,75-79,ชาย,437
กาญจนบุรี,โรคผิวหนังอักเสบ,75-79,หญิง,480
กาญจนบุรี,โรคผิวหนังอักเสบ,80+,ชาย,496
กาญจนบุรี,โรคผิวหนังอักเสบ,80+,หญิง,551
กาญจนบุรี,โรคผิวหนังอักเสบ,ไม่ทราบ,ชาย,1
กาญจนบุรี,โรคผิวหนังอักเสบ,ไม่ทราบ,หญิง,2
กาญจนบุรี,โรคผิวหนังอักเสบ,ไม่ทราบ,ไม่ระบุ,120
กาญจนบุรี,โรคลมพิษ,0-4,ชาย,1430
กาญจนบุรี,โรคลมพิษ,0-4,หญิง,1257
กาญจนบุรี,โรคลมพิษ,10-14,ชาย,1115
กาญจนบุรี,โรคลมพิษ,10-14,หญิง,1067
กาญจนบุรี,โรคลมพิษ,15-19,ชาย,692
กาญจนบุรี,โรคลมพิษ,15-19,หญิง,1161
กาญจนบุรี,โรคลมพิษ,20-24,ชาย,556
กาญจนบุรี,โรคลมพิษ,20-24,หญิง,1099
กาญจนบุรี,โรคลมพิษ,25-29,ชาย,480
กาญจนบุรี,โรคลมพิษ,25-29,หญิง,1228
กาญจนบุรี,โรคลมพิษ,30-34,ชาย,439
กาญจนบุรี,โรคลมพิษ,30-34,หญิง,1182
กาญจนบุรี,โรคลมพิษ,35-39,ชาย,369
กาญจนบุรี,โรคลมพิษ,35-39,หญิง,1163
กาญจนบุรี,โรคลมพิษ,40-44,ชาย,409
กาญจนบุรี,โรคลมพิษ,40-44,หญิง,1094
กาญจนบุรี,โรคลมพิษ,45-49,ชาย,385
กาญจนบุรี,โรคลมพิษ,45-49,หญิง,1193
กาญจนบุรี,โรคลมพิษ,5-9,ชาย,1335
กาญจนบุรี,โรคลมพิษ,5-9,หญิง,1034
กาญจนบุรี,โรคลมพิษ,50-54,ชาย,438
กาญจนบุรี,โรคลมพิษ,50-54,หญิง,1113
กาญจนบุรี,โรคลมพิษ,55-59,ชาย,449
กาญจนบุรี,โรคลมพิษ,55-59,หญิง,1018
กาญจนบุรี,โรคลมพิษ,55-59,ไม่ระบุ,1
กาญจนบุรี,โรคลมพิษ,60-64,ชาย,480
กาญจนบุรี,โรคลมพิษ,60-64,หญิง,858
กาญจนบุรี,โรคลมพิษ,65-69,ชาย,419
กาญจนบุรี,โรคลมพิษ,65-69,หญิง,579
กาญจนบุรี,โรคลมพิษ,70-74,ชาย,375
กาญจนบุรี,โรคลมพิษ,70-74,หญิง,408
กาญจนบุรี,โรคลมพิษ,75-79,ชาย,202
กาญจนบุรี,โรคลมพิษ,75-79,หญิง,252
กาญจนบุรี,โรคลมพิษ,80+,ชาย,213
กาญจนบุรี,โรคลมพิษ,80+,หญิง,254
กาญจนบุรี,โรคลมพิษ,ไม่ทราบ,หญิง,1
กาญจนบุรี,โรคลมพิษ,ไม่ทราบ,ไม่ระบุ,140
กาญจนบุรี,โรคหอบหืด,0-4,ชาย,2986
กาญจนบุรี,โรคหอบหืด,0-4,หญิง,1813
กาญจนบุรี,โรคหอบหืด,10-14,ชาย,2619
กาญจนบุรี,โรคหอบหืด,10-14,หญิง,1505
กาญจนบุรี,โรคหอบหืด,15-19,ชาย,712
กาญจนบุรี,โรคหอบหืด,15-19,หญิง,776
กาญจนบุรี,โรคหอบหืด,20-24,ชาย,525
กาญจนบุรี,โรคหอบหืด,20-24,หญิง,573
กาญจนบุรี,โรคหอบหืด,25-29,ชาย,715
กาญจนบุรี,โรคหอบหืด,25-29,หญิง,1009
กาญจนบุรี,โรคหอบหืด,30-34,ชาย,757
กาญจนบุรี,โรคหอบหืด,30-34,หญิง,1397
กาญจนบุรี,โรคหอบหืด,35-39,ชาย,804
กาญจนบุรี,โรคหอบหืด,35-39,หญิง,1985
กาญจนบุรี,โรคหอบหืด,40-44,ชาย,1086
กาญจนบุรี,โรคหอบหืด,40-44,หญิง,2554
กาญจนบุรี,โรคหอบหืด,45-49,ชาย,1427
กาญจนบุรี,โรคหอบหืด,45-49,หญิง,3015
กาญจนบุรี,โรคหอบหืด,5-9,ชาย,5228
กาญจนบุรี,โรคหอบหืด,5-9,หญิง,2957
กาญจนบุรี,โรคหอบหืด,50-54,ชาย,1228
กาญจนบุรี,โรคหอบหืด,50-54,หญิง,3618
กาญจนบุรี,โรคหอบหืด,55-59,ชาย,1285
กาญจนบุรี,โรคหอบหืด,55-59,หญิง,3915
กาญจนบุรี,โรคหอบหืด,60-64,ชาย,1503
กาญจนบุรี,โรคหอบหืด,60-64,หญิง,3455
กาญจนบุรี,โรคหอบหืด,65-69,ชาย,958
กาญจนบุรี,โรคหอบหืด,65-69,หญิง,3066
กาญจนบุรี,โรคหอบหืด,70-74,ชาย,651
กาญจนบุรี,โรคหอบหืด,70-74,หญิง,2228
กาญจนบุรี,โรคหอบหืด,75-79,ชาย,338
กาญจนบุรี,โรคหอบหืด,75-79,หญิง,1205
กาญจนบุรี,โรคหอบหืด,80+,ชาย,332
กาญจนบุรี,โรคหอบหืด,80+,หญิง,843
กาญจนบุรี,โรคหอบหืด,ไม่ทราบ,ชาย,1
กาญจนบุรี,โรคหอบหืด,ไม่ทราบ,หญิง,4
กาญจนบุรี,โรคหอบหืด,ไม่ทราบ,ไม่ระบุ,162
กาญจนบุรี,โรคเยื่อจมูกอักเสบจากภูมิแพ้,0-4,ชาย,1463
กาญจนบุรี,โรคเยื่อจมูกอักเสบจากภูมิแพ้,0-4,หญิง,1092
กาญจนบุรี,โรคเยื่อจมูกอักเสบจากภูมิแพ้,10-14,ชาย,1837
กาญจนบุรี,โรคเยื่อจมูกอักเสบจากภูมิแพ้,10-14,หญิง,1196
กาญจนบุรี,โรคเยื่อจมูกอักเสบจากภูมิแพ้,15-19,ชาย,563
กาญจนบุรี,โรคเยื่อจมูกอักเสบจากภูมิแพ้,15-19,หญิง,773
กาญจนบุรี,โรคเยื่อจมูกอักเสบจากภูมิแพ้,20-24,ชาย,462
กาญจนบุรี,โรคเยื่อจมูกอักเสบจากภูมิแพ้,20-24,หญิง,759
กาญจนบุรี,โรคเยื่อจมูกอักเสบจากภูมิแพ้,25-29,ชาย,546
กาญจนบุรี,โรคเยื่อจมูกอักเสบจากภูมิแพ้,25-29,หญิง,1256
กาญจนบุรี,โรคเยื่อจมูกอักเสบจากภูมิแพ้,30-34,ชาย,576
กาญจนบุรี,โรคเยื่อจมูกอักเสบจากภูมิแพ้,30-34,หญิง,1482
กาญจนบุรี,โรคเยื่อจมูกอักเสบจากภูมิแพ้,35-39,ชาย,514
กาญจนบุรี,โรคเยื่อจมูกอักเสบจากภูมิแพ้,35-39,หญิง,1376
กาญจนบุรี,โรคเยื่อจมูกอักเสบจากภูมิแพ้,40-44,ชาย,609
กาญจนบุรี,โรคเยื่อจมูกอักเสบจากภูมิแพ้,40-44,หญิง,1544
กาญจนบุรี,โรคเยื่อจมูกอักเสบจากภูมิแพ้,45-49,ชาย,533
กาญจนบุรี,โรคเยื่อจมูกอักเสบจากภูมิแพ้,45-49,หญิง,1715
กาญจนบุรี,โรคเยื่อจมูกอักเสบจากภูมิแพ้,5-9,ชาย,2907
กาญจนบุรี,โรคเยื่อจมูกอักเสบจากภูมิแพ้,5-9,หญิง,1874
กาญจนบุรี,โรคเยื่อจมูกอักเสบจากภูมิแพ้,50-54,ชาย,770
กาญจนบุรี,โรคเยื่อจมูกอักเสบจากภูมิแพ้,50-54,หญิง,1754
กาญจนบุรี,โรคเยื่อจมูกอักเสบจากภูมิแพ้,55-59,ชาย,836
กาญจนบุรี,โรคเยื่อจมูกอักเสบจากภูมิแพ้,55-59,หญิง,1700
กาญจนบุรี,โรคเยื่อจมูกอักเสบจากภูมิแพ้,60-64,ชาย,850
กาญจนบุรี,โรคเยื่อจมูกอักเสบจากภูมิแพ้,60-64,หญิง,1444
กาญจนบุรี,โรคเยื่อจมูกอักเสบจากภูมิแพ้,65-69,ชาย,980
กาญจนบุรี,โรคเยื่อจมูกอักเสบจากภูมิแพ้,65-69,หญิง,1181
กาญจนบุรี,โรคเยื่อจมูกอักเสบจากภูมิแพ้,70-74,ชาย,699
กาญจนบุรี,โรคเยื่อจมูกอักเสบจากภูมิแพ้,70-74,หญิง,822
กาญจนบุรี,โรคเยื่อจมูกอักเสบจากภูมิแพ้,75-79,ชาย,447
กาญจนบุรี,โรคเยื่อจมูกอักเสบจากภูมิแพ้,75-79,หญิง,437
กาญจนบุรี,โรคเยื่อจมูกอักเสบจากภูมิแพ้,80+,ชาย,386
กาญจนบุรี,โรคเยื่อจมูกอักเสบจากภูมิแพ้,80+,หญิง,469
กาญจนบุรี,โรคเยื่อจมูกอักเสบจากภูมิแพ้,ไม่ทราบ,ไม่ระบุ,48
กาญจนบุรี,โรคเยื่อบุตาอักเสบ,0-4,ชาย,1423
กาญจนบุรี,โรคเยื่อบุตาอักเสบ,0-4,หญิง,1141
กาญจนบุรี,โรคเยื่อบุตาอักเสบ,10-14,ชาย,1237
กาญจนบุรี,โรคเยื่อบุตาอักเสบ,10-14,หญิง,1088
กาญจนบุรี,โรคเยื่อบุตาอักเสบ,15-19,ชาย,997
กาญจนบุรี,โรคเยื่อบุตาอักเสบ,15-19,หญิง,1158
กาญจนบุรี,โรคเยื่อบุตาอักเสบ,20-24,ชาย,1056
กาญจนบุรี,โรคเยื่อบุตาอักเสบ,20-24,หญิง,1060
กาญจนบุรี,โรคเยื่อบุตาอักเสบ,20-24,ไม่ระบุ,1
กาญจนบุรี,โรคเยื่อบุตาอักเสบ,25-29,ชาย,1145
กาญจนบุรี,โรคเยื่อบุตาอักเสบ,25-29,หญิง,1386
กาญจนบุรี,โรคเยื่อบุตาอักเสบ,30-34,ชาย,1068
กาญจนบุรี,โรคเยื่อบุตาอักเสบ,30-34,หญิง,1340
กาญจนบุรี,โรคเยื่อบุตาอักเสบ,30-34,ไม่ระบุ,1
กาญจนบุรี,โรคเยื่อบุตาอักเสบ,35-39,ชาย,1250
กาญจนบุรี,โรคเยื่อบุตาอักเสบ,35-39,หญิง,1332
กาญจนบุรี,โรคเยื่อบุตาอักเสบ,40-44,ชาย,1247
กาญจนบุรี,โรคเยื่อบุตาอักเสบ,40-44,หญิง,1291
กาญจนบุรี,โรคเยื่อบุตาอักเสบ,45-49,ชาย,1163
กาญจนบุรี,โรคเยื่อบุตาอักเสบ,45-49,หญิง,1602
กาญจนบุรี,โรคเยื่อบุตาอักเสบ,5-9,ชาย,1526
กาญจนบุรี,โรคเยื่อบุตาอักเสบ,5-9,หญิง,1024
กาญจนบุรี,โรคเยื่อบุตาอักเสบ,50-54,ชาย,1112
กาญจนบุรี,โรคเยื่อบุตาอักเสบ,50-54,หญิง,1793
กาญจนบุรี,โรคเยื่อบุตาอักเสบ,55-59,ชาย,1125
กาญจนบุรี,โรคเยื่อบุตาอักเสบ,55-59,หญิง,1954
กาญจนบุรี,โรคเยื่อบุตาอักเสบ,60-64,ชาย,1210
กาญจนบุรี,โรคเยื่อบุตาอักเสบ,60-64,หญิง,1891
กาญจนบุรี,โรคเยื่อบุตาอักเสบ,65-69,ชาย,967
กาญจนบุรี,โรคเยื่อบุตาอักเสบ,65-69,หญิง,1496
กาญจนบุรี,โรคเยื่อบุตาอักเสบ,70-74,ชาย,783
กาญจนบุรี,โรคเยื่อบุตาอักเสบ,70-74,หญิง,1187
กาญจนบุรี,โรคเยื่อบุตาอักเสบ,75-79,ชาย,532
กาญจนบุรี,โรคเยื่อบุตาอักเสบ,75-79,หญิง,685
กาญจนบุรี,โรคเยื่อบุตาอักเสบ,80+,ชาย,494
กาญจนบุรี,โรคเยื่อบุตาอักเสบ,80+,หญิง,750
กาญจนบุรี,โรคเยื่อบุตาอักเสบ,ไม่ทราบ,หญิง,1
กาญจนบุรี,โรคเยื่อบุตาอักเสบ,ไม่ทราบ,ไม่ระบุ,206
กาฬสินธุ์,โรคติดเชื้อทางเดินหายใจส่วนบนเฉียบพลัน,0-4,ชาย,82781
กาฬสินธุ์,โรคติดเชื้อทางเดินหายใจส่วนบนเฉียบพลัน,0-4,หญิง,75087
กาฬสินธุ์,โรคติดเชื้อทางเดินหายใจส่วนบนเฉียบพลัน,0-4,ไม่ระบุ,4
กาฬสินธุ์,โรคติดเชื้อทางเดินหายใจส่วนบนเฉียบพลัน,10-14,ชาย,33339
กาฬสินธุ์,โรคติดเชื้อทางเดินหายใจส่วนบนเฉียบพลัน,10-14,หญิง,29643
กาฬสินธุ์,โรคติดเชื้อทางเดินหายใจส่วนบนเฉียบพลัน,10-14,ไม่ระบุ,1
กาฬสินธุ์,โรคติดเชื้อทางเดินหายใจส่วนบนเฉียบพลัน,15-19,ชาย,13981
กาฬสินธุ์,โรคติดเชื้อทางเดินหายใจส่วนบนเฉียบพลัน,15-19,หญิง,18577
กาฬสินธุ์,โรคติดเชื้อทางเดินหายใจส่วนบนเฉียบพลัน,20-24,ชาย,7579
กาฬสินธุ์,โรคติดเชื้อทางเดินหายใจส่วนบนเฉียบพลัน,20-24,หญิง,12004
กาฬสินธุ์,โรคติดเชื้อทางเดินหายใจส่วนบนเฉียบพลัน,25-29,ชาย,8214
กาฬสินธุ์,โรคติดเชื้อทางเดินหายใจส่วนบนเฉียบพลัน,25-29,หญิง,15794
กาฬสินธุ์,โรคติดเชื้อทางเดินหายใจส่วนบนเฉียบพลัน,25-29,ไม่ระบุ,1
กาฬสินธุ์,โรคติดเชื้อทางเดินหายใจส่วนบนเฉียบพลัน,30-34,ชาย,8505
กาฬสินธุ์,โรคติดเชื้อทางเดินหายใจส่วนบนเฉียบพลัน,30-34,หญิง,17512
กาฬสินธุ์,โรคติดเชื้อทางเดินหายใจส่วนบนเฉียบพลัน,35-39,ชาย,8794
กาฬสินธุ์,โรคติดเชื้อทางเดินหายใจส่วนบนเฉียบพลัน,35-39,หญิง,18425
กาฬสินธุ์,โรคติดเชื้อทางเดินหายใจส่วนบนเฉียบพลัน,40-44,ชาย,9354
กาฬสินธุ์,โรคติดเชื้อทางเดินหายใจส่วนบนเฉียบพลัน,40-44,หญิง,20243
กาฬสินธุ์,โรคติดเชื้อทางเดินหายใจส่วนบนเฉียบพลัน,45-49,ชาย,10282
กาฬสินธุ์,โรคติดเชื้อทางเดินหายใจส่วนบนเฉียบพลัน,45-49,หญิง,24602
กาฬสินธุ์,โรคติดเชื้อทางเดินหายใจส่วนบนเฉียบพลัน,5-9,ชาย,69496
กาฬสินธุ์,โรคติดเชื้อทางเดินหายใจส่วนบนเฉียบพลัน,5-9,หญิง,63017
กาฬสินธุ์,โรคติดเชื้อทางเดินหายใจส่วนบนเฉียบพลัน,5-9,ไม่ระบุ,2
กาฬสินธุ์,โรคติดเชื้อทางเดินหายใจส่วนบนเฉียบพลัน,50-54,ชาย,12021
กาฬสินธุ์,โรคติดเชื้อทางเดินหายใจส่วนบนเฉียบพลัน,50-54,หญิง,30234
กาฬสินธุ์,โรคติดเชื้อทางเดินหายใจส่วนบนเฉียบพลัน,55-59,ชาย,11916
กาฬสินธุ์,โรคติดเชื้อทางเดินหายใจส่วนบนเฉียบพลัน,55-59,หญิง,28707
กาฬสินธุ์,โรคติดเชื้อทางเดินหายใจส่วนบนเฉียบพลัน,60-64,ชาย,10536
กาฬสินธุ์,โรคติดเชื้อทางเดินหายใจส่วนบนเฉียบพลัน,60-64,หญิง,21486
กาฬสินธุ์,โรคติดเชื้อทางเดินหายใจส่วนบนเฉียบพลัน,65-69,ชาย,9496
กาฬสินธุ์,โรคติดเชื้อทางเดินหายใจส่วนบนเฉียบพลัน,65-69,หญิง,16165
กาฬสินธุ์,โรคติดเชื้อทางเดินหายใจส่วนบนเฉียบพลัน,65-69,ไม่ระบุ,1
กาฬสินธุ์,โรคติดเชื้อทางเดินหายใจส่วนบนเฉียบพลัน,70-74,ชาย,7964
กาฬสินธุ์,โรคติดเชื้อทางเดินหายใจส่วนบนเฉียบพลัน,70-74,หญิง,11995
กาฬสินธุ์,โรคติดเชื้อทางเดินหายใจส่วนบนเฉียบพลัน,75-79,ชาย,5528
กาฬสินธุ์,โรคติดเชื้อทางเดินหายใจส่วนบนเฉียบพลัน,75-79,หญิง,7577
กาฬสินธุ์,โรคติดเชื้อทางเดินหายใจส่วนบนเฉียบพลัน,80+,ชาย,5130
กาฬสินธุ์,โรคติดเชื้อทางเดินหายใจส่วนบนเฉียบพลัน,80+,หญิง,7041
กาฬสินธุ์,โรคติดเชื้อทางเดินหายใจส่วนบนเฉียบพลัน,ไม่ทราบ,ชาย,37
กาฬสินธุ์,โรคติดเชื้อทางเดินหายใจส่วนบนเฉียบพลัน,ไม่ทราบ,หญิง,43
กาฬสินธุ์,โรคติดเชื้อทางเดินหายใจส่วนบนเฉียบพลัน,ไม่ทราบ,ไม่ระบุ,1246
กาฬสินธุ์,โรคปอดอุดกั้นเรื้อรัง,0-4,ชาย,84
กาฬสินธุ์,โรคปอดอุดกั้นเรื้อรัง,0-4,หญิง,49
กาฬสินธุ์,โรคปอดอุดกั้นเรื้อรัง,10-14,ชาย,35
กาฬสินธุ์,โรคปอดอุดกั้นเรื้อรัง,10-14,หญิง,12
กาฬสินธุ์,โรคปอดอุดกั้นเรื้อรัง,15-19,ชาย,37
กาฬสินธุ์,โรคปอดอุดกั้นเรื้อรัง,15-19,หญิง,17
กาฬสินธุ์,โรคปอดอุดกั้นเรื้อรัง,20-24,ชาย,38
กาฬสินธุ์,โรคปอดอุดกั้นเรื้อรัง,20-24,หญิง,18
กาฬสินธุ์,โรคปอดอุดกั้นเรื้อรัง,25-29,ชาย,91
กาฬสินธุ์,โรคปอดอุดกั้นเรื้อรัง,25-29,หญิง,50
กาฬสินธุ์,โรคปอดอุดกั้นเรื้อรัง,30-34,ชาย,179
กาฬสินธุ์,โรคปอดอุดกั้นเรื้อรัง,30-34,หญิง,26
กาฬสินธุ์,โรคปอดอุดกั้นเรื้อรัง,35-39,ชาย,232
กาฬสินธุ์,โรคปอดอุดกั้นเรื้อรัง,35-39,หญิง,76
กาฬสินธุ์,โรคปอดอุดกั้นเรื้อรัง,40-44,ชาย,516
กาฬสินธุ์,โรคปอดอุดกั้นเรื้อรัง,40-44,หญิง,170
กาฬสินธุ์,โรคปอดอุดกั้นเรื้อรัง,45-49,ชาย,1277
กาฬสินธุ์,โรคปอดอุดกั้นเรื้อรัง,45-49,หญิง,336
กาฬสินธุ์,โรคปอดอุดกั้นเรื้อรัง,5-9,ชาย,39
กาฬสินธุ์,โรคปอดอุดกั้นเรื้อรัง,5-9,หญิง,28
กาฬสินธุ์,โรคปอดอุดกั้นเรื้อรัง,50-54,ชาย,2168
กาฬสินธุ์,โรคปอดอุดกั้นเรื้อรัง,50-54,หญิง,660
กาฬสินธุ์,โรคปอดอุดกั้นเรื้อรัง,55-59,ชาย,4087
กาฬสินธุ์,โรคปอดอุดกั้นเรื้อรัง,55-59,หญิง,1142
กาฬสินธุ์,โรคปอดอุดกั้นเรื้อรัง,60-64,ชาย,5654
กาฬสินธุ์,โรคปอดอุดกั้นเรื้อรัง,60-64,หญิง,1645
กาฬสินธุ์,โรคปอดอุดกั้นเรื้อรัง,65-69,ชาย,7676
กาฬสินธุ์,โรคปอดอุดกั้นเรื้อรัง,65-69,หญิง,1804
กาฬสินธุ์,โรคปอดอุดกั้นเรื้อรัง,70-74,ชาย,8407
กาฬสินธุ์,โรคปอดอุดกั้นเรื้อรัง,70-74,หญิง,2090
กาฬสินธุ์,โรคปอดอุดกั้นเรื้อรัง,75-79,ชาย,7421
กาฬสินธุ์,โรคปอดอุดกั้นเรื้อรัง,75-79,หญิง,1806
กาฬสินธุ์,โรคปอดอุดกั้นเรื้อรัง,80+,ชาย,8310
กาฬสินธุ์,โรคปอดอุดกั้นเรื้อรัง,80+,หญิง,2435
กาฬสินธุ์,โรคปอดอุดกั้นเรื้อรัง,ไม่ทราบ,ไม่ระบุ,55
กาฬสินธุ์,โรคผิวหนังอักเสบ,0-4,ชาย,1186
กาฬสินธุ์,โรคผิวหนังอักเสบ,0-4,หญิง,1173
กาฬสินธุ์,โรคผิวหนังอักเสบ,10-14,ชาย,775
กาฬสินธุ์,โรคผิวหนังอักเสบ,10-14,หญิง,654
กาฬสินธุ์,โรคผิวหนังอักเสบ,15-19,ชาย,436
กาฬสินธุ์,โรคผิวหนังอักเสบ,15-19,หญิง,674
กาฬสินธุ์,โรคผิวหนังอักเสบ,20-24,ชาย,338
กาฬสินธุ์,โรคผิวหนังอักเสบ,20-24,หญิง,515
กาฬสินธุ์,โรคผิวหนังอักเสบ,25-29,ชาย,378
กาฬสินธุ์,โรคผิวหนังอักเสบ,25-29,หญิง,613
กาฬสินธุ์,โรคผิวหนังอักเสบ,30-34,ชาย,432
กาฬสินธุ์,โรคผิวหนังอักเสบ,30-34,หญิง,718
กาฬสินธุ์,โรคผิวหนังอักเสบ,35-39,ชาย,443
กาฬสินธุ์,โรคผิวหนังอักเสบ,35-39,หญิง,745
กาฬสินธุ์,โรคผิวหนังอักเสบ,40-44,ชาย,593
กาฬสินธุ์,โรคผิวหนังอักเสบ,40-44,หญิง,968
กาฬสินธุ์,โรคผิวหนังอักเสบ,45-49,ชาย,712
กาฬสินธุ์,โรคผิวหนังอักเสบ,45-49,หญิง,1376
กาฬสินธุ์,โรคผิวหนังอักเสบ,5-9,ชาย,1104
กาฬสินธุ์,โรคผิวหนังอักเสบ,5-9,หญิง,923
กาฬสินธุ์,โรคผิวหนังอักเสบ,50-54,ชาย,969
กาฬสินธุ์,โรคผิวหนังอักเสบ,50-54,หญิง,1750
กาฬสินธุ์,โรคผิวหนังอักเสบ,55-59,ชาย,1027
กาฬสินธุ์,โรคผิวหนังอักเสบ,55-59,หญิง,1747
กาฬสินธุ์,โรคผิวหนังอักเสบ,60-64,ชาย,1177
กาฬสินธุ์,โรคผิวหนังอักเสบ,60-64,หญิง,1436
กาฬสินธุ์,โรคผิวหนังอักเสบ,65-69,ชาย,1041
กาฬสินธุ์,โรคผิวหนังอักเสบ,65-69,หญิง,1134
กาฬสินธุ์,โรคผิวหนังอักเสบ,70-74,ชาย,946
กาฬสินธุ์,โรคผิวหนังอักเสบ,70-74,หญิง,918
กาฬสินธุ์,โรคผิวหนังอักเสบ,75-79,ชาย,666
กาฬสินธุ์,โรคผิวหนังอักเสบ,75-79,หญิง,649
กาฬสินธุ์,โรคผิวหนังอักเสบ,80+,ชาย,544
กาฬสินธุ์,โรคผิวหนังอักเสบ,80+,หญิง,664
กาฬสินธุ์,โรคผิวหนังอักเสบ,ไม่ทราบ,ชาย,1
กาฬสินธุ์,โรคผิวหนังอักเสบ,ไม่ทราบ,หญิง,3
กาฬสินธุ์,โรคผิวหนังอักเสบ,ไม่ทราบ,ไม่ระบุ,40
กาฬสินธุ์,โรคลมพิษ,0-4,ชาย,2032
กาฬสินธุ์,โรคลมพิษ,0-4,หญิง,1921
กาฬสินธุ์,โรคลมพิษ,10-14,ชาย,1414
กาฬสินธุ์,โรคลมพิษ,10-14,หญิง,1376
กาฬสินธุ์,โรคลมพิษ,15-19,ชาย,965
กาฬสินธุ์,โรคลมพิษ,15-19,หญิง,1531
กาฬสินธุ์,โรคลมพิษ,20-24,ชาย,602
กาฬสินธุ์,โรคลมพิษ,20-24,หญิง,1018
กาฬสินธุ์,โรคลมพิษ,25-29,ชาย,591
กาฬสินธุ์,โรคลมพิษ,25-29,หญิง,1263
กาฬสินธุ์,โรคลมพิษ,30-34,ชาย,572
กาฬสินธุ์,โรคลมพิษ,30-34,หญิง,1370
กาฬสินธุ์,โรคลมพิษ,35-39,ชาย,600
กาฬสินธุ์,โรคลมพิษ,35-39,หญิง,1477
กาฬสินธุ์,โรคลมพิษ,40-44,ชาย,757
กาฬสินธุ์,โรคลมพิษ,40-44,หญิง,1687
กาฬสินธุ์,โรคลมพิษ,45-49,ชาย,874
กาฬสินธุ์,โรคลมพิษ,45-49,หญิง,2047
กาฬสินธุ์,โรคลมพิษ,5-9,ชาย,1862
กาฬสินธุ์,โรคลมพิษ,5-9,หญิง,1525
กาฬสินธุ์,โรคลมพิษ,50-54,ชาย,958
กาฬสินธุ์,โรคลมพิษ,50-54,หญิง,2224
กาฬสินธุ์,โรคลมพิษ,55-59,ชาย,1101
กาฬสินธุ์,โรคลมพิษ,55-59,หญิง,2061
กาฬสินธุ์,โรคลมพิษ,60-64,ชาย,901
กาฬสินธุ์,โรคลมพิษ,60-64,หญิง,1651
กาฬสินธุ์,โรคลมพิษ,65-69,ชาย,866
กาฬสินธุ์,โรคลมพิษ,65-69,หญิง,1257
กาฬสินธุ์,โรคลมพิษ,70-74,ชาย,731
กาฬสินธุ์,โรคลมพิษ,70-74,หญิง,886
กาฬสินธุ์,โรคลมพิษ,75-79,ชาย,548
กาฬสินธุ์,โรคลมพิษ,75-79,หญิง,612
กาฬสินธุ์,โรคลมพิษ,80+,ชาย,459
กาฬสินธุ์,โรคลมพิษ,80+,หญิง,589
กาฬสินธุ์,โรคลมพิษ,ไม่ทราบ,ชาย,4
กาฬสินธุ์,โรคลมพิษ,ไม่ทราบ,หญิง,3
กาฬสินธุ์,โรคลมพิษ,ไม่ทราบ,ไม่ระบุ,84
กาฬสินธุ์,โรคหอบหืด,0-4,ชาย,5929
กาฬสินธุ์,โรคหอบหืด,0-4,หญิง,3332
กาฬสินธุ์,โรคหอบหืด,10-14,ชาย,4064
กาฬสินธุ์,โรคหอบหืด,10-14,หญิง,2188
กาฬสินธุ์,โรคหอบหืด,15-19,ชาย,820
กาฬสินธุ์,โรคหอบหืด,15-19,หญิง,707
กาฬสินธุ์,โรคหอบหืด,20-24,ชาย,421
กาฬสินธุ์,โรคหอบหืด,20-24,หญิง,493
กาฬสินธุ์,โรคหอบหืด,25-29,ชาย,439
กาฬสินธุ์,โรคหอบหืด,25-29,หญิง,749
กาฬสินธุ์,โรคหอบหืด,30-34,ชาย,585
กาฬสินธุ์,โรคหอบหืด,30-34,หญิง,1104
กาฬสินธุ์,โรคหอบหืด,35-39,ชาย,721
กาฬสินธุ์,โรคหอบหืด,35-39,หญิง,1696
กาฬสินธุ์,โรคหอบหืด,40-44,ชาย,738
กาฬสินธุ์,โรคหอบหืด,40-44,หญิง,2162
กาฬสินธุ์,โรคหอบหืด,45-49,ชาย,1371
กาฬสินธุ์,โรคหอบหืด,45-49,หญิง,3258
กาฬสินธุ์,โรคหอบหืด,5-9,ชาย,9110
กาฬสินธุ์,โรคหอบหืด,5-9,หญิง,5329
กาฬสินธุ์,โรคหอบหืด,50-54,ชาย,1528
กาฬสินธุ์,โรคหอบหืด,50-54,หญิง,4765
กาฬสินธุ์,โรคหอบหืด,55-59,ชาย,1632
กาฬสินธุ์,โรคหอบหืด,55-59,หญิง,5352
กาฬสินธุ์,โรคหอบหืด,60-64,ชาย,1739
กาฬสินธุ์,โรคหอบหืด,60-64,หญิง,5462
กาฬสินธุ์,โรคหอบหืด,65-69,ชาย,1649
กาฬสินธุ์,โรคหอบหืด,65-69,หญิง,5101
กาฬสินธุ์,โรคหอบหืด,70-74,ชาย,1166
กาฬสินธุ์,โรคหอบหืด,70-74,หญิง,4190
กาฬสินธุ์,โรคหอบหืด,75-79,ชาย,632
กาฬสินธุ์,โรคหอบหืด,75-79,หญิง,3013
กาฬสินธุ์,โรคหอบหืด,80+,ชาย,631
กาฬสินธุ์,โรคหอบหืด,80+,หญิง,2581
กาฬสินธุ์,โรคหอบหืด,ไม่ทราบ,หญิง,1
กาฬสินธุ์,โรคหอบหืด,ไม่ทราบ,ไม่ระบุ,103
กาฬสินธุ์,โรคเยื่อจมูกอักเสบจากภูมิแพ้,0-4,ชาย,1075
กาฬสินธุ์,โรคเยื่อจมูกอักเสบจากภูมิแพ้,0-4,หญิง,967
กาฬสินธุ์,โรคเยื่อจมูกอักเสบจากภูมิแพ้,10-14,ชาย,1249
กาฬสินธุ์,โรคเยื่อจมูกอักเสบจากภูมิแพ้,10-14,หญิง,803
กาฬสินธุ์,โรคเยื่อจมูกอักเสบจากภูมิแพ้,15-19,ชาย,452
กาฬสินธุ์,โรคเยื่อจมูกอักเสบจากภูมิแพ้,15-19,หญิง,620
กาฬสินธุ์,โรคเยื่อจมูกอักเสบจากภูมิแพ้,20-24,ชาย,292
กาฬสินธุ์,โรคเยื่อจมูกอักเสบจากภูมิแพ้,20-24,หญิง,502
กาฬสินธุ์,โรคเยื่อจมูกอักเสบจากภูมิแพ้,25-29,ชาย,316
กาฬสินธุ์,โรคเยื่อจมูกอักเสบจากภูมิแพ้,25-29,หญิง,808
กาฬสินธุ์,โรคเยื่อจมูกอักเสบจากภูมิแพ้,30-34,ชาย,315
กาฬสินธุ์,โรคเยื่อจมูกอักเสบจากภูมิแพ้,30-34,หญิง,803
กาฬสินธุ์,โรคเยื่อจมูกอักเสบจากภูมิแพ้,35-39,ชาย,300
กาฬสินธุ์,โรคเยื่อจมูกอักเสบจากภูมิแพ้,35-39,หญิง,749
กาฬสินธุ์,โรคเยื่อจมูกอักเสบจากภูมิแพ้,40-44,ชาย,302
กาฬสินธุ์,โรคเยื่อจมูกอักเสบจากภูมิแพ้,40-44,หญิง,991
กาฬสินธุ์,โรคเยื่อจมูกอักเสบจากภูมิแพ้,45-49,ชาย,349
กาฬสินธุ์,โรคเยื่อจมูกอักเสบจากภูมิแพ้,45-49,หญิง,1149
กาฬสินธุ์,โรคเยื่อจมูกอักเสบจากภูมิแพ้,5-9,ชาย,1924
กาฬสินธุ์,โรคเยื่อจมูกอักเสบจากภูมิแพ้,5-9,หญิง,1501
กาฬสินธุ์,โรคเยื่อจมูกอักเสบจากภูมิแพ้,50-54,ชาย,412
กาฬสินธุ์,โรคเยื่อจมูกอักเสบจากภูมิแพ้,50-54,หญิง,1162
กาฬสินธุ์,โรคเยื่อจมูกอักเสบจากภูมิแพ้,55-59,ชาย,420
กาฬสินธุ์,โรคเยื่อจมูกอักเสบจากภูมิแพ้,55-59,หญิง,1012
กาฬสินธุ์,โรคเยื่อจมูกอักเสบจากภูมิแพ้,60-64,ชาย,382
กาฬสินธุ์,โรคเยื่อจมูกอักเสบจากภูมิแพ้,60-64,หญิง,726
กาฬสินธุ์,โรคเยื่อจมูกอักเสบจากภูมิแพ้,65-69,ชาย,330
กาฬสินธุ์,โรคเยื่อจมูกอักเสบจากภูมิแพ้,65-69,หญิง,623
กาฬสินธุ์,โรคเยื่อจมูกอักเสบจากภูมิแพ้,70-74,ชาย,256
กาฬสินธุ์,โรคเยื่อจมูกอักเสบจากภูมิแพ้,70-74,หญิง,297
กาฬสินธุ์,โรคเยื่อจมูกอักเสบจากภูมิแพ้,75-79,ชาย,164
กาฬสินธุ์,โรคเยื่อจมูกอักเสบจากภูมิแพ้,75-79,หญิง,185
กาฬสินธุ์,โรคเยื่อจมูกอักเสบจากภูมิแพ้,80+,ชาย,111
กาฬสินธุ์,โรคเยื่อจมูกอักเสบจากภูมิแพ้,80+,หญิง,167
กาฬสินธุ์,โรคเยื่อจมูกอักเสบจากภูมิแพ้,ไม่ทราบ,ไม่ระบุ,64
กาฬสินธุ์,โรคเยื่อบุตาอักเสบ,0-4,ชาย,1603
กาฬสินธุ์,โรคเยื่อบุตาอักเสบ,0-4,หญิง,1354
กาฬสินธุ์,โรคเยื่อบุตาอักเสบ,10-14,ชาย,1380
กาฬสินธุ์,โรคเยื่อบุตาอักเสบ,10-14,หญิง,1296
กาฬสินธุ์,โรคเยื่อบุตาอักเสบ,15-19,ชาย,1338
กาฬสินธุ์,โรคเยื่อบุตาอักเสบ,15-19,หญิง,1658
กาฬสินธุ์,โรคเยื่อบุตาอักเสบ,20-24,ชาย,1014
กาฬสินธุ์,โรคเยื่อบุตาอักเสบ,20-24,หญิง,1041
กาฬสินธุ์,โรคเยื่อบุตาอักเสบ,25-29,ชาย,1290
กาฬสินธุ์,โรคเยื่อบุตาอักเสบ,25-29,หญิง,1411
กาฬสินธุ์,โรคเยื่อบุตาอักเสบ,30-34,ชาย,1565
กาฬสินธุ์,โรคเยื่อบุตาอักเสบ,30-34,หญิง,1791
กาฬสินธุ์,โรคเยื่อบุตาอักเสบ,35-39,ชาย,1742
กาฬสินธุ์,โรคเยื่อบุตาอักเสบ,35-39,หญิง,2080
กาฬสินธุ์,โรคเยื่อบุตาอักเสบ,40-44,ชาย,2097
กาฬสินธุ์,โรคเยื่อบุตาอักเสบ,40-44,หญิง,2506
กาฬสินธุ์,โรคเยื่อบุตาอักเสบ,45-49,ชาย,2575
กาฬสินธุ์,โรคเยื่อบุตาอักเสบ,45-49,หญิง,3557
กาฬสินธุ์,โรคเยื่อบุตาอักเสบ,5-9,ชาย,1846
กาฬสินธุ์,โรคเยื่อบุตาอักเสบ,5-9,หญิง,1232
กาฬสินธุ์,โรคเยื่อบุตาอักเสบ,5-9,ไม่ระบุ,1
กาฬสินธุ์,โรคเยื่อบุตาอักเสบ,50-54,ชาย,3003
กาฬสินธุ์,โรคเยื่อบุตาอักเสบ,50-54,หญิง,4877
กาฬสินธุ์,โรคเยื่อบุตาอักเสบ,50-54,ไม่ระบุ,1
กาฬสินธุ์,โรคเยื่อบุตาอักเสบ,55-59,ชาย,3067
กาฬสินธุ์,โรคเยื่อบุตาอักเสบ,55-59,หญิง,5209
กาฬสินธุ์,โรคเยื่อบุตาอักเสบ,60-64,ชาย,2661
กาฬสินธุ์,โรคเยื่อบุตาอักเสบ,60-64,หญิง,4436
กาฬสินธุ์,โรคเยื่อบุตาอักเสบ,65-69,ชาย,2380
กาฬสินธุ์,โรคเยื่อบุตาอักเสบ,65-69,หญิง,3542
กาฬสินธุ์,โรคเยื่อบุตาอักเสบ,70-74,ชาย,1905
กาฬสินธุ์,โรคเยื่อบุตาอักเสบ,70-74,หญิง,2720
กาฬสินธุ์,โรคเยื่อบุตาอักเสบ,75-79,ชาย,1312
กาฬสินธุ์,โรคเยื่อบุตาอักเสบ,75-79,หญิง,1848
กาฬสินธุ์,โรคเยื่อบุตาอักเสบ,80+,ชาย,1232
กาฬสินธุ์,โรคเยื่อบุตาอักเสบ,80+,หญิง,1749
กาฬสินธุ์,โรคเยื่อบุตาอักเสบ,ไม่ทราบ,ชาย,4
กาฬสินธุ์,โรคเยื่อบุตาอักเสบ,ไม่ทราบ,หญิง,5
กาฬสินธุ์,โรคเยื่อบุตาอักเสบ,ไม่ทราบ,ไม่ระบุ,103
กำแพงเพชร,โรคติดเชื้อทางเดินหายใจส่วนบนเฉียบพลัน,0-4,ชาย,58809
กำแพงเพชร,โรคติดเชื้อทางเดินหายใจส่วนบนเฉียบพลัน,0-4,หญิง,52207
กำแพงเพชร,โรคติดเชื้อทางเดินหายใจส่วนบนเฉียบพลัน,10-14,ชาย,23491
กำแพงเพชร,โรคติดเชื้อทางเดินหายใจส่วนบนเฉียบพลัน,10-14,หญิง,20572
กำแพงเพชร,โรคติดเชื้อทางเดินหายใจส่วนบนเฉียบพลัน,15-19,ชาย,9607
กำแพงเพชร,โรคติดเชื้อทางเดินหายใจส่วนบนเฉียบพลัน,15-19,หญิง,12859
กำแพงเพชร,โรคติดเชื้อทางเดินหายใจส่วนบนเฉียบพลัน,20-24,ชาย,6236
กำแพงเพชร,โรคติดเชื้อทางเดินหายใจส่วนบนเฉียบพลัน,20-24,หญิง,10151
กำแพงเพชร,โรคติดเชื้อทางเดินหายใจส่วนบนเฉียบพลัน,25-29,ชาย,6622
กำแพงเพชร,โรคติดเชื้อทางเดินหายใจส่วนบนเฉียบพลัน,25-29,หญิง,13549
กำแพงเพชร,โรคติดเชื้อทางเดินหายใจส่วนบนเฉียบพลัน,30-34,ชาย,6376
กำแพงเพชร,โรคติดเชื้อทางเดินหายใจส่วนบนเฉียบพลัน,30-34,หญิง,13566
กำแพงเพชร,โรคติดเชื้อทางเดินหายใจส่วนบนเฉียบพลัน,30-34,ไม่ระบุ,1
กำแพงเพชร,โรคติดเชื้อทางเดินหายใจส่วนบนเฉียบพลัน,35-39,ชาย,5932
กำแพงเพชร,โรคติดเชื้อทางเดินหายใจส่วนบนเฉียบพลัน,35-39,หญิง,12988
กำแพงเพชร,โรคติดเชื้อทางเดินหายใจส่วนบนเฉียบพลัน,35-39,ไม่ระบุ,2
กำแพงเพชร,โรคติดเชื้อทางเดินหายใจส่วนบนเฉียบพลัน,40-44,ชาย,6537
กำแพงเพชร,โรคติดเชื้อทางเดินหายใจส่วนบนเฉียบพลัน,40-44,หญิง,14924
กำแพงเพชร,โรคติดเชื้อทางเดินหายใจส่วนบนเฉียบพลัน,45-49,ชาย,7635
กำแพงเพชร,โรคติดเชื้อทางเดินหายใจส่วนบนเฉียบพลัน,45-49,หญิง,17607
กำแพงเพชร,โรคติดเชื้อทางเดินหายใจส่วนบนเฉียบพลัน,5-9,ชาย,42990
กำแพงเพชร,โรคติดเชื้อทางเดินหายใจส่วนบนเฉียบพลัน,5-9,หญิง,38939
กำแพงเพชร,โรคติดเชื้อทางเดินหายใจส่วนบนเฉียบพลัน,50-54,ชาย,7809
กำแพงเพชร,โรคติดเชื้อทางเดินหายใจส่วนบนเฉียบพลัน,50-54,หญิง,18840
กำแพงเพชร,โรคติดเชื้อทางเดินหายใจส่วนบนเฉียบพลัน,55-59,ชาย,8707
กำแพงเพชร,โรคติดเชื้อทางเดินหายใจส่วนบนเฉียบพลัน,55-59,หญิง,20371
กำแพงเพชร,โรคติดเชื้อทางเดินหายใจส่วนบนเฉียบพลัน,55-59,ไม่ระบุ,1
กำแพงเพชร,โรคติดเชื้อทางเดินหายใจส่วนบนเฉียบพลัน,60-64,ชาย,9336
กำแพงเพชร,โรคติดเชื้อทางเดินหายใจส่วนบนเฉียบพลัน,60-64,หญิง,17789
กำแพงเพชร,โรคติดเชื้อทางเดินหายใจส่วนบนเฉียบพลัน,65-69,ชาย,8615
กำแพงเพชร,โรคติดเชื้อทางเดินหายใจส่วนบนเฉียบพลัน,65-69,หญิง,13790
กำแพงเพชร,โรคติดเชื้อทางเดินหายใจส่วนบนเฉียบพลัน,70-74,ชาย,7760
กำแพงเพชร,โรคติดเชื้อทางเดินหายใจส่วนบนเฉียบพลัน,70-74,หญิง,9548
กำแพงเพชร,โรคติดเชื้อทางเดินหายใจส่วนบนเฉียบพลัน,75-79,ชาย,4796
กำแพงเพชร,โรคติดเชื้อทางเดินหายใจส่วนบนเฉียบพลัน,75-79,หญิง,5298
กำแพงเพชร,โรคติดเชื้อทางเดินหายใจส่วนบนเฉียบพลัน,80+,ชาย,4531
กำแพงเพชร,โรคติดเชื้อทางเดินหายใจส่วนบนเฉียบพลัน,80+,หญิง,5949
กำแพงเพชร,โรคติดเชื้อทางเดินหายใจส่วนบนเฉียบพลัน,ไม่ทราบ,ชาย,30
กำแพงเพชร,โรคติดเชื้อทางเดินหายใจส่วนบนเฉียบพลัน,ไม่ทราบ,หญิง,53
กำแพงเพชร,โรคติดเชื้อทางเดินหายใจส่วนบนเฉียบพลัน,ไม่ทราบ,ไม่ระบุ,8111
กำแพงเพชร,โรคปอดอุดกั้นเรื้อรัง,0-4,ชาย,13
กำแพงเพชร,โรคปอดอุดกั้นเรื้อรัง,0-4,หญิง,11
กำแพงเพชร,โรคปอดอุดกั้นเรื้อรัง,10-14,ชาย,2
กำแพงเพชร,โรคปอดอุดกั้นเรื้อรัง,10-14,หญิง,2
กำแพงเพชร,โรคปอดอุดกั้นเรื้อรัง,15-19,ชาย,13
กำแพงเพชร,โรคปอดอุดกั้นเรื้อรัง,20-24,ชาย,16
กำแพงเพชร,โรคปอดอุดกั้นเรื้อรัง,20-24,หญิง,6
กำแพงเพชร,โรคปอดอุดกั้นเรื้อรัง,25-29,ชาย,23
กำแพงเพชร,โรคปอดอุดกั้นเรื้อรัง,25-29,หญิง,18
กำแพงเพชร,โรคปอดอุดกั้นเรื้อรัง,30-34,ชาย,91
กำแพงเพชร,โรคปอดอุดกั้นเรื้อรัง,30-34,หญิง,25
กำแพงเพชร,โรคปอดอุดกั้นเรื้อรัง,35-39,ชาย,90
กำแพงเพชร,โรคปอดอุดกั้นเรื้อรัง,35-39,หญิง,30
กำแพงเพชร,โรคปอดอุดกั้นเรื้อรัง,40-44,ชาย,275
กำแพงเพชร,โรคปอดอุดกั้นเรื้อรัง,40-44,หญิง,55
กำแพงเพชร,โรคปอดอุดกั้นเรื้อรัง,45-49,ชาย,627
กำแพงเพชร,โรคปอดอุดกั้นเรื้อรัง,45-49,หญิง,257
กำแพงเพชร,โรคปอดอุดกั้นเรื้อรัง,5-9,ชาย,5
กำแพงเพชร,โรคปอดอุดกั้นเรื้อรัง,5-9,หญิง,3
กำแพงเพชร,โรคปอดอุดกั้นเรื้อรัง,50-54,ชาย,1404
กำแพงเพชร,โรคปอดอุดกั้นเรื้อรัง,50-54,หญิง,421
กำแพงเพชร,โรคปอดอุดกั้นเรื้อรัง,55-59,ชาย,2357
กำแพงเพชร,โรคปอดอุดกั้นเรื้อรัง,55-59,หญิง,867
กำแพงเพชร,โรคปอดอุดกั้นเรื้อรัง,60-64,ชาย,3769
กำแพงเพชร,โรคปอดอุดกั้นเรื้อรัง,60-64,หญิง,1234
กำแพงเพชร,โรคปอดอุดกั้นเรื้อรัง,65-69,ชาย,5345
กำแพงเพชร,โรคปอดอุดกั้นเรื้อรัง,65-69,หญิง,1831
กำแพงเพชร,โรคปอดอุดกั้นเรื้อรัง,70-74,ชาย,5812
กำแพงเพชร,โรคปอดอุดกั้นเรื้อรัง,70-74,หญิง,1745
กำแพงเพชร,โรคปอดอุดกั้นเรื้อรัง,75-79,ชาย,4591
กำแพงเพชร,โรคปอดอุดกั้นเรื้อรัง,75-79,หญิง,1358
กำแพงเพชร,โรคปอดอุดกั้นเรื้อรัง,80+,ชาย,5558
กำแพงเพชร,โรคปอดอุดกั้นเรื้อรัง,80+,หญิง,2066
กำแพงเพชร,โรคปอดอุดกั้นเรื้อรัง,ไม่ทราบ,ไม่ระบุ,391
กำแพงเพชร,โรคผิวหนังอักเสบ,0-4,ชาย,798
กำแพงเพชร,โรคผิวหนังอักเสบ,0-4,หญิง,783
กำแพงเพชร,โรคผิวหนังอักเสบ,10-14,ชาย,440
กำแพงเพชร,โรคผิวหนังอักเสบ,10-14,หญิง,444
กำแพงเพชร,โรคผิวหนังอักเสบ,15-19,ชาย,277
กำแพงเพชร,โรคผิวหนังอักเสบ,15-19,หญิง,487
กำแพงเพชร,โรคผิวหนังอักเสบ,20-24,ชาย,220
กำแพงเพชร,โรคผิวหนังอักเสบ,20-24,หญิง,473
กำแพงเพชร,โรคผิวหนังอักเสบ,25-29,ชาย,235
กำแพงเพชร,โรคผิวหนังอักเสบ,25-29,หญิง,571
กำแพงเพชร,โรคผิวหนังอักเสบ,30-34,ชาย,221
กำแพงเพชร,โรคผิวหนังอักเสบ,30-34,หญิง,651
กำแพงเพชร,โรคผิวหนังอักเสบ,35-39,ชาย,263
กำแพงเพชร,โรคผิวหนังอักเสบ,35-39,หญิง,693
กำแพงเพชร,โรคผิวหนังอักเสบ,40-44,ชาย,298
กำแพงเพชร,โรคผิวหนังอักเสบ,40-44,หญิง,842
กำแพงเพชร,โรคผิวหนังอักเสบ,45-49,ชาย,497
กำแพงเพชร,โรคผิวหนังอักเสบ,45-49,หญิง,1055
กำแพงเพชร,โรคผิวหนังอักเสบ,5-9,ชาย,591
กำแพงเพชร,โรคผิวหนังอักเสบ,5-9,หญิง,534
กำแพงเพชร,โรคผิวหนังอักเสบ,50-54,ชาย,577
กำแพงเพชร,โรคผิวหนังอักเสบ,50-54,หญิง,1177
กำแพงเพชร,โรคผิวหนังอักเสบ,55-59,ชาย,638
กำแพงเพชร,โรคผิวหนังอักเสบ,55-59,หญิง,1330
กำแพงเพชร,โรคผิวหนังอักเสบ,60-64,ชาย,789
กำแพงเพชร,โรคผิวหนังอักเสบ,60-64,หญิง,1128
กำแพงเพชร,โรคผิวหนังอักเสบ,65-69,ชาย,889
กำแพงเพชร,โรคผิวหนังอักเสบ,65-69,หญิง,1055
กำแพงเพชร,โรคผิวหนังอักเสบ,70-74,ชาย,687
กำแพงเพชร,โรคผิวหนังอักเสบ,70-74,หญิง,634
กำแพงเพชร,โรคผิวหนังอักเสบ,75-79,ชาย,444
กำแพงเพชร,โรคผิวหนังอักเสบ,75-79,หญิง,452
กำแพงเพชร,โรคผิวหนังอักเสบ,80+,ชาย,413
กำแพงเพชร,โรคผิวหนังอักเสบ,80+,หญิง,434
กำแพงเพชร,โรคผิวหนังอักเสบ,ไม่ทราบ,ไม่ระบุ,261
กำแพงเพชร,โรคลมพิษ,0-4,ชาย,1176
กำแพงเพชร,โรคลมพิษ,0-4,หญิง,1045
กำแพงเพชร,โรคลมพิษ,10-14,ชาย,869
กำแพงเพชร,โรคลมพิษ,10-14,หญิง,906
กำแพงเพชร,โรคลมพิษ,15-19,ชาย,576
กำแพงเพชร,โรคลมพิษ,15-19,หญิง,877
กำแพงเพชร,โรคลมพิษ,20-24,ชาย,314
กำแพงเพชร,โรคลมพิษ,20-24,หญิง,700
กำแพงเพชร,โรคลมพิษ,25-29,ชาย,373
กำแพงเพชร,โรคลมพิษ,25-29,หญิง,746
กำแพงเพชร,โรคลมพิษ,30-34,ชาย,325
กำแพงเพชร,โรคลมพิษ,30-34,หญิง,840
กำแพงเพชร,โรคลมพิษ,35-39,ชาย,308
กำแพงเพชร,โรคลมพิษ,35-39,หญิง,870
กำแพงเพชร,โรคลมพิษ,40-44,ชาย,370
กำแพงเพชร,โรคลมพิษ,40-44,หญิง,888
กำแพงเพชร,โรคลมพิษ,45-49,ชาย,468
กำแพงเพชร,โรคลมพิษ,45-49,หญิง,1173
กำแพงเพชร,โรคลมพิษ,5-9,ชาย,1040
กำแพงเพชร,โรคลมพิษ,5-9,หญิง,940
กำแพงเพชร,โรคลมพิษ,50-54,ชาย,511
กำแพงเพชร,โรคลมพิษ,50-54,หญิง,1249
กำแพงเพชร,โรคลมพิษ,55-59,ชาย,640
กำแพงเพชร,โรคลมพิษ,55-59,หญิง,1349
กำแพงเพชร,โรคลมพิษ,60-64,ชาย,562
กำแพงเพชร,โรคลมพิษ,60-64,หญิง,1137
กำแพงเพชร,โรคลมพิษ,65-69,ชาย,575
กำแพงเพชร,โรคลมพิษ,65-69,หญิง,795
กำแพงเพชร,โรคลมพิษ,70-74,ชาย,521
กำแพงเพชร,โรคลมพิษ,70-74,หญิง,533
กำแพงเพชร,โรคลมพิษ,75-79,ชาย,265
กำแพงเพชร,โรคลมพิษ,75-79,หญิง,327
กำแพงเพชร,โรคลมพิษ,80+,ชาย,313
กำแพงเพชร,โรคลมพิษ,80+,หญิง,357
กำแพงเพชร,โรคลมพิษ,ไม่ทราบ,หญิง,1
กำแพงเพชร,โรคลมพิษ,ไม่ทราบ,ไม่ระบุ,288
กำแพงเพชร,โรคหอบหืด,0-4,ชาย,1480
กำแพงเพชร,โรคหอบหืด,0-4,หญิง,989
กำแพงเพชร,โรคหอบหืด,10-14,ชาย,1150
กำแพงเพชร,โรคหอบหืด,10-14,หญิง,544
กำแพงเพชร,โรคหอบหืด,15-19,ชาย,395
กำแพงเพชร,โรคหอบหืด,15-19,หญิง,336
กำแพงเพชร,โรคหอบหืด,20-24,ชาย,310
กำแพงเพชร,โรคหอบหืด,20-24,หญิง,307
กำแพงเพชร,โรคหอบหืด,25-29,ชาย,362
กำแพงเพชร,โรคหอบหืด,25-29,หญิง,509
กำแพงเพชร,โรคหอบหืด,30-34,ชาย,559
กำแพงเพชร,โรคหอบหืด,30-34,หญิง,899
กำแพงเพชร,โรคหอบหืด,35-39,ชาย,760
กำแพงเพชร,โรคหอบหืด,35-39,หญิง,1099
กำแพงเพชร,โรคหอบหืด,40-44,ชาย,883
กำแพงเพชร,โรคหอบหืด,40-44,หญิง,1718
กำแพงเพชร,โรคหอบหืด,45-49,ชาย,1124
กำแพงเพชร,โรคหอบหืด,45-49,หญิง,2393
กำแพงเพชร,โรคหอบหืด,5-9,ชาย,2210
กำแพงเพชร,โรคหอบหืด,5-9,หญิง,1090
กำแพงเพชร,โรคหอบหืด,50-54,ชาย,1440
กำแพงเพชร,โรคหอบหืด,50-54,หญิง,3017
กำแพงเพชร,โรคหอบหืด,55-59,ชาย,1500
กำแพงเพชร,โรคหอบหืด,55-59,หญิง,3272
กำแพงเพชร,โรคหอบหืด,60-64,ชาย,1598
กำแพงเพชร,โรคหอบหืด,60-64,หญิง,3533
กำแพงเพชร,โรคหอบหืด,65-69,ชาย,1444
กำแพงเพชร,โรคหอบหืด,65-69,หญิง,2412
กำแพงเพชร,โรคหอบหืด,70-74,ชาย,1010
กำแพงเพชร,โรคหอบหืด,70-74,หญิง,1724
กำแพงเพชร,โรคหอบหืด,75-79,ชาย,787
กำแพงเพชร,โรคหอบหืด,75-79,หญิง,1129
กำแพงเพชร,โรคหอบหืด,80+,ชาย,691
กำแพงเพชร,โรคหอบหืด,80+,หญิง,903
กำแพงเพชร,โรคหอบหืด,ไม่ทราบ,ชาย,2
กำแพงเพชร,โรคหอบหืด,ไม่ทราบ,หญิง,3
กำแพงเพชร,โรคหอบหืด,ไม่ทราบ,ไม่ระบุ,271
กำแพงเพชร,โรคเยื่อจมูกอักเสบจากภูมิแพ้,0-4,ชาย,446
กำแพงเพชร,โรคเยื่อจมูกอักเสบจากภูมิแพ้,0-4,หญิง,395
กำแพงเพชร,โรคเยื่อจมูกอักเสบจากภูมิแพ้,10-14,ชาย,582
กำแพงเพชร,โรคเยื่อจมูกอักเสบจากภูมิแพ้,10-14,หญิง,300
กำแพงเพชร,โรคเยื่อจมูกอักเสบจากภูมิแพ้,15-19,ชาย,178
กำแพงเพชร,โรคเยื่อจมูกอักเสบจากภูมิแพ้,15-19,หญิง,189
กำแพงเพชร,โรคเยื่อจมูกอักเสบจากภูมิแพ้,20-24,ชาย,159
กำแพงเพชร,โรคเยื่อจมูกอักเสบจากภูมิแพ้,20-24,หญิง,238
กำแพงเพชร,โรคเยื่อจมูกอักเสบจากภูมิแพ้,25-29,ชาย,233
กำแพงเพชร,โรคเยื่อจมูกอักเสบจากภูมิแพ้,25-29,หญิง,483
กำแพงเพชร,โรคเยื่อจมูกอักเสบจากภูมิแพ้,30-34,ชาย,153
กำแพงเพชร,โรคเยื่อจมูกอักเสบจากภูมิแพ้,30-34,หญิง,529
กำแพงเพชร,โรคเยื่อจมูกอักเสบจากภูมิแพ้,35-39,ชาย,213
กำแพงเพชร,โรคเยื่อจมูกอักเสบจากภูมิแพ้,35-39,หญิง,492
กำแพงเพชร,โรคเยื่อจมูกอักเสบจากภูมิแพ้,40-44,ชาย,135
กำแพงเพชร,โรคเยื่อจมูกอักเสบจากภูมิแพ้,40-44,หญิง,558
กำแพงเพชร,โรคเยื่อจมูกอักเสบจากภูมิแพ้,45-49,ชาย,269
กำแพงเพชร,โรคเยื่อจมูกอักเสบจากภูมิแพ้,45-49,หญิง,581
กำแพงเพชร,โรคเยื่อจมูกอักเสบจากภูมิแพ้,45-49,ไม่ระบุ,3
กำแพงเพชร,โรคเยื่อจมูกอักเสบจากภูมิแพ้,5-9,ชาย,916
กำแพงเพชร,โรคเยื่อจมูกอักเสบจากภูมิแพ้,5-9,หญิง,509
กำแพงเพชร,โรคเยื่อจมูกอักเสบจากภูมิแพ้,50-54,ชาย,209
กำแพงเพชร,โรคเยื่อจมูกอักเสบจากภูมิแพ้,50-54,หญิง,608
กำแพงเพชร,โรคเยื่อจมูกอักเสบจากภูมิแพ้,55-59,ชาย,237
กำแพงเพชร,โรคเยื่อจมูกอักเสบจากภูมิแพ้,55-59,หญิง,521
กำแพงเพชร,โรคเยื่อจมูกอักเสบจากภูมิแพ้,60-64,ชาย,249
กำแพงเพชร,โรคเยื่อจมูกอักเสบจากภูมิแพ้,60-64,หญิง,489
กำแพงเพชร,โรคเยื่อจมูกอักเสบจากภูมิแพ้,65-69,ชาย,316
กำแพงเพชร,โรคเยื่อจมูกอักเสบจากภูมิแพ้,65-69,หญิง,353
กำแพงเพชร,โรคเยื่อจมูกอักเสบจากภูมิแพ้,70-74,ชาย,210
กำแพงเพชร,โรคเยื่อจมูกอักเสบจากภูมิแพ้,70-74,หญิง,219
กำแพงเพชร,โรคเยื่อจมูกอักเสบจากภูมิแพ้,75-79,ชาย,107
กำแพงเพชร,โรคเยื่อจมูกอักเสบจากภูมิแพ้,75-79,หญิง,120
กำแพงเพชร,โรคเยื่อจมูกอักเสบจากภูมิแพ้,80+,ชาย,85
กำแพงเพชร,โรคเยื่อจมูกอักเสบจากภูมิแพ้,80+,หญิง,123
กำแพงเพชร,โรคเยื่อจมูกอักเสบจากภูมิแพ้,ไม่ทราบ,ไม่ระบุ,103
กำแพงเพชร,โรคเยื่อบุตาอักเสบ,0-4,ชาย,1073
กำแพงเพชร,โรคเยื่อบุตาอักเสบ,0-4,หญิง,899
กำแพงเพชร,โรคเยื่อบุตาอักเสบ,10-14,ชาย,1060
กำแพงเพชร,โรคเยื่อบุตาอักเสบ,10-14,หญิง,846
กำแพงเพชร,โรคเยื่อบุตาอักเสบ,15-19,ชาย,869
กำแพงเพชร,โรคเยื่อบุตาอักเสบ,15-19,หญิง,1088
กำแพงเพชร,โรคเยื่อบุตาอักเสบ,20-24,ชาย,642
กำแพงเพชร,โรคเยื่อบุตาอักเสบ,20-24,หญิง,718
กำแพงเพชร,โรคเยื่อบุตาอักเสบ,25-29,ชาย,793
กำแพงเพชร,โรคเยื่อบุตาอักเสบ,25-29,หญิง,983
กำแพงเพชร,โรคเยื่อบุตาอักเสบ,30-34,ชาย,776
กำแพงเพชร,โรคเยื่อบุตาอักเสบ,30-34,หญิง,1083
กำแพงเพชร,โรคเยื่อบุตาอักเสบ,35-39,ชาย,849
กำแพงเพชร,โรคเยื่อบุตาอักเสบ,35-39,หญิง,1077
กำแพงเพชร,โรคเยื่อบุตาอักเสบ,40-44,ชาย,969
กำแพงเพชร,โรคเยื่อบุตาอักเสบ,40-44,หญิง,1289
กำแพงเพชร,โรคเยื่อบุตาอักเสบ,45-49,ชาย,1219
กำแพงเพชร,โรคเยื่อบุตาอักเสบ,45-49,หญิง,1743
กำแพงเพชร,โรคเยื่อบุตาอักเสบ,5-9,ชาย,1148
กำแพงเพชร,โรคเยื่อบุตาอักเสบ,5-9,หญิง,812
กำแพงเพชร,โรคเยื่อบุตาอักเสบ,50-54,ชาย,1190
กำแพงเพชร,โรคเยื่อบุตาอักเสบ,50-54,หญิง,2079
กำแพงเพชร,โรคเยื่อบุตาอักเสบ,55-59,ชาย,1320
กำแพงเพชร,โรคเยื่อบุตาอักเสบ,55-59,หญิง,2535
กำแพงเพชร,โรคเยื่อบุตาอักเสบ,60-64,ชาย,1251
กำแพงเพชร,โรคเยื่อบุตาอักเสบ,60-64,หญิง,2383
กำแพงเพชร,โรคเยื่อบุตาอักเสบ,65-69,ชาย,1251
กำแพงเพชร,โรคเยื่อบุตาอักเสบ,65-69,หญิง,1911
กำแพงเพชร,โรคเยื่อบุตาอักเสบ,70-74,ชาย,1169
กำแพงเพชร,โรคเยื่อบุตาอักเสบ,70-74,หญิง,1378
กำแพงเพชร,โรคเยื่อบุตาอักเสบ,75-79,ชาย,689
กำแพงเพชร,โรคเยื่อบุตาอักเสบ,75-79,หญิง,712
กำแพงเพชร,โรคเยื่อบุตาอักเสบ,80+,ชาย,627
กำแพงเพชร,โรคเยื่อบุตาอักเสบ,80+,หญิง,778
กำแพงเพชร,โรคเยื่อบุตาอักเสบ,ไม่ทราบ,ไม่ระบุ,542
ขอนแก่น,โรคติดเชื้อทางเดินหายใจส่วนบนเฉียบพลัน,0-4,ชาย,154740
ขอนแก่น,โรคติดเชื้อทางเดินหายใจส่วนบนเฉียบพลัน,0-4,หญิง,136939
ขอนแก่น,โรคติดเชื้อทางเดินหายใจส่วนบนเฉียบพลัน,0-4,ไม่ระบุ,10
ขอนแก่น,โรคติดเชื้อทางเดินหายใจส่วนบนเฉียบพลัน,10-14,ชาย,71469
ขอนแก่น,โรคติดเชื้อทางเดินหายใจส่วนบนเฉียบพลัน,10-14,หญิง,64163
ขอนแก่น,โรคติดเชื้อทางเดินหายใจส่วนบนเฉียบพลัน,10-14,ไม่ระบุ,2
ขอนแก่น,โรคติดเชื้อทางเดินหายใจส่วนบนเฉียบพลัน,15-19,ชาย,37928
ขอนแก่น,โรคติดเชื้อทางเดินหายใจส่วนบนเฉียบพลัน,15-19,หญิง,48044
ขอนแก่น,โรคติดเชื้อทางเดินหายใจส่วนบนเฉียบพลัน,15-19,ไม่ระบุ,15
ขอนแก่น,โรคติดเชื้อทางเดินหายใจส่วนบนเฉียบพลัน,20-24,ชาย,36869
ขอนแก่น,โรคติดเชื้อทางเดินหายใจส่วนบนเฉียบพลัน,20-24,หญิง,47555
ขอนแก่น,โรคติดเชื้อทางเดินหายใจส่วนบนเฉียบพลัน,20-24,ไม่ระบุ,47
ขอนแก่น,โรคติดเชื้อทางเดินหายใจส่วนบนเฉียบพลัน,25-29,ชาย,41156
ขอนแก่น,โรคติดเชื้อทางเดินหายใจส่วนบนเฉียบพลัน,25-29,หญิง,55637
ขอนแก่น,โรคติดเชื้อทางเดินหายใจส่วนบนเฉียบพลัน,25-29,ไม่ระบุ,16
ขอนแก่น,โรคติดเชื้อทางเดินหายใจส่วนบนเฉียบพลัน,30-34,ชาย,35841
ขอนแก่น,โรคติดเชื้อทางเดินหายใจส่วนบนเฉียบพลัน,30-34,หญิง,52210
ขอนแก่น,โรคติดเชื้อทางเดินหายใจส่วนบนเฉียบพลัน,30-34,ไม่ระบุ,11
ขอนแก่น,โรคติดเชื้อทางเดินหายใจส่วนบนเฉียบพลัน,35-39,ชาย,30744
ขอนแก่น,โรคติดเชื้อทางเดินหายใจส่วนบนเฉียบพลัน,35-39,หญิง,48360
ขอนแก่น,โรคติดเชื้อทางเดินหายใจส่วนบนเฉียบพลัน,35-39,ไม่ระบุ,8
ขอนแก่น,โรคติดเชื้อทางเดินหายใจส่วนบนเฉียบพลัน,40-44,ชาย,30721
ขอนแก่น,โรคติดเชื้อทางเดินหายใจส่วนบนเฉียบพลัน,40-44,หญิง,48582
ขอนแก่น,โรคติดเชื้อทางเดินหายใจส่วนบนเฉียบพลัน,40-44,ไม่ระบุ,7
ขอนแก่น,โรคติดเชื้อทางเดินหายใจส่วนบนเฉียบพลัน,45-49,ชาย,27019
ขอนแก่น,โรคติดเชื้อทางเดินหายใจส่วนบนเฉียบพลัน,45-49,หญิง,50415
ขอนแก่น,โรคติดเชื้อทางเดินหายใจส่วนบนเฉียบพลัน,45-49,ไม่ระบุ,2
ขอนแก่น,โรคติดเชื้อทางเดินหายใจส่วนบนเฉียบพลัน,5-9,ชาย,132626
ขอนแก่น,โรคติดเชื้อทางเดินหายใจส่วนบนเฉียบพลัน,5-9,หญิง,120913
ขอนแก่น,โรคติดเชื้อทางเดินหายใจส่วนบนเฉียบพลัน,5-9,ไม่ระบุ,4
ขอนแก่น,โรคติดเชื้อทางเดินหายใจส่วนบนเฉียบพลัน,50-54,ชาย,26475
ขอนแก่น,โรคติดเชื้อทางเดินหายใจส่วนบนเฉียบพลัน,50-54,หญิง,59256
ขอนแก่น,โรคติดเชื้อทางเดินหายใจส่วนบนเฉียบพลัน,50-54,ไม่ระบุ,5
ขอนแก่น,โรคติดเชื้อทางเดินหายใจส่วนบนเฉียบพลัน,55-59,ชาย,26369
ขอนแก่น,โรคติดเชื้อทางเดินหายใจส่วนบนเฉียบพลัน,55-59,หญิง,58363
ขอนแก่น,โรคติดเชื้อทางเดินหายใจส่วนบนเฉียบพลัน,55-59,ไม่ระบุ,2
ขอนแก่น,โรคติดเชื้อทางเดินหายใจส่วนบนเฉียบพลัน,60-64,ชาย,23644
ขอนแก่น,โรคติดเชื้อทางเดินหายใจส่วนบนเฉียบพลัน,60-64,หญิง,45847
ขอนแก่น,โรคติดเชื้อทางเดินหายใจส่วนบนเฉียบพลัน,60-64,ไม่ระบุ,1
ขอนแก่น,โรคติดเชื้อทางเดินหายใจส่วนบนเฉียบพลัน,65-69,ชาย,21382
ขอนแก่น,โรคติดเชื้อทางเดินหายใจส่วนบนเฉียบพลัน,65-69,หญิง,35918
ขอนแก่น,โรคติดเชื้อทางเดินหายใจส่วนบนเฉียบพลัน,70-74,ชาย,18296
ขอนแก่น,โรคติดเชื้อทางเดินหายใจส่วนบนเฉียบพลัน,70-74,หญิง,26041
ขอนแก่น,โรคติดเชื้อทางเดินหายใจส่วนบนเฉียบพลัน,75-79,ชาย,12816
ขอนแก่น,โรคติดเชื้อทางเดินหายใจส่วนบนเฉียบพลัน,75-79,หญิง,16292
ขอนแก่น,โรคติดเชื้อทางเดินหายใจส่วนบนเฉียบพลัน,75-79,ไม่ระบุ,1
ขอนแก่น,โรคติดเชื้อทางเดินหายใจส่วนบนเฉียบพลัน,80+,ชาย,10234
ขอนแก่น,โรคติดเชื้อทางเดินหายใจส่วนบนเฉียบพลัน,80+,หญิง,13645
ขอนแก่น,โรคติดเชื้อทางเดินหายใจส่วนบนเฉียบพลัน,80+,ไม่ระบุ,3
ขอนแก่น,โรคติดเชื้อทางเดินหายใจส่วนบนเฉียบพลัน,ไม่ทราบ,ชาย,193
ขอนแก่น,โรคติดเชื้อทางเดินหายใจส่วนบนเฉียบพลัน,ไม่ทราบ,หญิง,164
ขอนแก่น,โรคติดเชื้อทางเดินหายใจส่วนบนเฉียบพลัน,ไม่ทราบ,ไม่ระบุ,16514
ขอนแก่น,โรคปอดอุดกั้นเรื้อรัง,0-4,ชาย,171
ขอนแก่น,โรคปอดอุดกั้นเรื้อรัง,0-4,หญิง,83
ขอนแก่น,โรคปอดอุดกั้นเรื้อรัง,10-14,ชาย,34
ขอนแก่น,โรคปอดอุดกั้นเรื้อรัง,10-14,หญิง,19
ขอนแก่น,โรคปอดอุดกั้นเรื้อรัง,15-19,ชาย,24
ขอนแก่น,โรคปอดอุดกั้นเรื้อรัง,15-19,หญิง,14
ขอนแก่น,โรคปอดอุดกั้นเรื้อรัง,20-24,ชาย,20
ขอนแก่น,โรคปอดอุดกั้นเรื้อรัง,20-24,หญิง,12
ขอนแก่น,โรคปอดอุดกั้นเรื้อรัง,25-29,ชาย,41
ขอนแก่น,โรคปอดอุดกั้นเรื้อรัง,25-29,หญิง,12
ขอนแก่น,โรคปอดอุดกั้นเรื้อรัง,30-34,ชาย,118
ขอนแก่น,โรคปอดอุดกั้นเรื้อรัง,30-34,หญิง,24
ขอนแก่น,โรคปอดอุดกั้นเรื้อรัง,35-39,ชาย,257
ขอนแก่น,โรคปอดอุดกั้นเรื้อรัง,35-39,หญิง,36
ขอนแก่น,โรคปอดอุดกั้นเรื้อรัง,40-44,ชาย,630
ขอนแก่น,โรคปอดอุดกั้นเรื้อรัง,40-44,หญิง,95
ขอนแก่น,โรคปอดอุดกั้นเรื้อรัง,45-49,ชาย,1436
ขอนแก่น,โรคปอดอุดกั้นเรื้อรัง,45-49,หญิง,151
ขอนแก่น,โรคปอดอุดกั้นเรื้อรัง,5-9,ชาย,43
ขอนแก่น,โรคปอดอุดกั้นเรื้อรัง,5-9,หญิง,41
ขอนแก่น,โรคปอดอุดกั้นเรื้อรัง,50-54,ชาย,2883
ขอนแก่น,โรคปอดอุดกั้นเรื้อรัง,50-54,หญิง,468
ขอนแก่น,โรคปอดอุดกั้นเรื้อรัง,55-59,ชาย,5382
ขอนแก่น,โรคปอดอุดกั้นเรื้อรัง,55-59,หญิง,836
ขอนแก่น,โรคปอดอุดกั้นเรื้อรัง,60-64,ชาย,8487
ขอนแก่น,โรคปอดอุดกั้นเรื้อรัง,60-64,หญิง,1133
ขอนแก่น,โรคปอดอุดกั้นเรื้อรัง,65-69,ชาย,12139
ขอนแก่น,โรคปอดอุดกั้นเรื้อรัง,65-69,หญิง,1701
ขอนแก่น,โรคปอดอุดกั้นเรื้อรัง,70-74,ชาย,14294
ขอนแก่น,โรคปอดอุดกั้นเรื้อรัง,70-74,หญิง,2588
ขอนแก่น,โรคปอดอุดกั้นเรื้อรัง,75-79,ชาย,12031
ขอนแก่น,โรคปอดอุดกั้นเรื้อรัง,75-79,หญิง,2294
ขอนแก่น,โรคปอดอุดกั้นเรื้อรัง,80+,ชาย,14524
ขอนแก่น,โรคปอดอุดกั้นเรื้อรัง,80+,หญิง,3078
ขอนแก่น,โรคปอดอุดกั้นเรื้อรัง,80+,ไม่ระบุ,1
ขอนแก่น,โรคปอดอุดกั้นเรื้อรัง,ไม่ทราบ,ชาย,29
ขอนแก่น,โรคปอดอุดกั้นเรื้อรัง,ไม่ทราบ,หญิง,1
ขอนแก่น,โรคปอดอุดกั้นเรื้อรัง,ไม่ทราบ,ไม่ระบุ,644
ขอนแก่น,โรคผิวหนังอักเสบ,0-4,ชาย,2572
ขอนแก่น,โรคผิวหนังอักเสบ,0-4,หญิง,2213
ขอนแก่น,โรคผิวหนังอักเสบ,10-14,ชาย,1687
ขอนแก่น,โรคผิวหนังอักเสบ,10-14,หญิง,1553
ขอนแก่น,โรคผิวหนังอักเสบ,15-19,ชาย,1209
ขอนแก่น,โรคผิวหนังอักเสบ,15-19,หญิง,1685
ขอนแก่น,โรคผิวหนังอักเสบ,20-24,ชาย,1265
ขอนแก่น,โรคผิวหนังอักเสบ,20-24,หญิง,1935
ขอนแก่น,โรคผิวหนังอักเสบ,25-29,ชาย,1334
ขอนแก่น,โรคผิวหนังอักเสบ,25-29,หญิง,2362
ขอนแก่น,โรคผิวหนังอักเสบ,30-34,ชาย,1417
ขอนแก่น,โรคผิวหนังอักเสบ,30-34,หญิง,2431
ขอนแก่น,โรคผิวหนังอักเสบ,30-34,ไม่ระบุ,1
ขอนแก่น,โรคผิวหนังอักเสบ,35-39,ชาย,1434
ขอนแก่น,โรคผิวหนังอักเสบ,35-39,หญิง,2338
ขอนแก่น,โรคผิวหนังอักเสบ,40-44,ชาย,1703
ขอนแก่น,โรคผิวหนังอักเสบ,40-44,หญิง,2879
ขอนแก่น,โรคผิวหนังอักเสบ,45-49,ชาย,1996
ขอนแก่น,โรคผิวหนังอักเสบ,45-49,หญิง,3488
ขอนแก่น,โรคผิวหนังอักเสบ,5-9,ชาย,2364
ขอนแก่น,โรคผิวหนังอักเสบ,5-9,หญิง,1778
ขอนแก่น,โรคผิวหนังอักเสบ,50-54,ชาย,2419
ขอนแก่น,โรคผิวหนังอักเสบ,50-54,หญิง,4381
ขอนแก่น,โรคผิวหนังอักเสบ,55-59,ชาย,2913
ขอนแก่น,โรคผิวหนังอักเสบ,55-59,หญิง,4504
ขอนแก่น,โรคผิวหนังอักเสบ,60-64,ชาย,3414
ขอนแก่น,โรคผิวหนังอักเสบ,60-64,หญิง,3882
ขอนแก่น,โรคผิวหนังอักเสบ,65-69,ชาย,3110
ขอนแก่น,โรคผิวหนังอักเสบ,65-69,หญิง,3314
ขอนแก่น,โรคผิวหนังอักเสบ,70-74,ชาย,2690
ขอนแก่น,โรคผิวหนังอักเสบ,70-74,หญิง,2286
ขอนแก่น,โรคผิวหนังอักเสบ,75-79,ชาย,1913
ขอนแก่น,โรคผิวหนังอักเสบ,75-79,หญิง,1604
ขอนแก่น,โรคผิวหนังอักเสบ,80+,ชาย,1768
ขอนแก่น,โรคผิวหนังอักเสบ,80+,หญิง,1672
ขอนแก่น,โรคผิวหนังอักเสบ,ไม่ทราบ,ชาย,2
ขอนแก่น,โรคผิวหนังอักเสบ,ไม่ทราบ,หญิง,1
ขอนแก่น,โรคผิวหนังอักเสบ,ไม่ทราบ,ไม่ระบุ,2004
ขอนแก่น,โรคลมพิษ,0-4,ชาย,3388
ขอนแก่น,โรคลมพิษ,0-4,หญิง,2852
ขอนแก่น,โรคลมพิษ,10-14,ชาย,2326
ขอนแก่น,โรคลมพิษ,10-14,หญิง,2408
ขอนแก่น,โรคลมพิษ,10-14,ไม่ระบุ,1
ขอนแก่น,โรคลมพิษ,15-19,ชาย,1622
ขอนแก่น,โรคลมพิษ,15-19,หญิง,2741
ขอนแก่น,โรคลมพิษ,20-24,ชาย,1460
ขอนแก่น,โรคลมพิษ,20-24,หญิง,2479
ขอนแก่น,โรคลมพิษ,25-29,ชาย,1767
ขอนแก่น,โรคลมพิษ,25-29,หญิง,3293
ขอนแก่น,โรคลมพิษ,30-34,ชาย,1602
ขอนแก่น,โรคลมพิษ,30-34,หญิง,3414
ขอนแก่น,โรคลมพิษ,35-39,ชาย,1433
ขอนแก่น,โรคลมพิษ,35-39,หญิง,3088
ขอนแก่น,โรคลมพิษ,40-44,ชาย,1538
ขอนแก่น,โรคลมพิษ,40-44,หญิง,3359
ขอนแก่น,โรคลมพิษ,45-49,ชาย,1579
ขอนแก่น,โรคลมพิษ,45-49,หญิง,3969
ขอนแก่น,โรคลมพิษ,5-9,ชาย,3120
ขอนแก่น,โรคลมพิษ,5-9,หญิง,2551
ขอนแก่น,โรคลมพิษ,50-54,ชาย,1616
ขอนแก่น,โรคลมพิษ,50-54,หญิง,4036
ขอนแก่น,โรคลมพิษ,55-59,ชาย,1704
ขอนแก่น,โรคลมพิษ,55-59,หญิง,3447
ขอนแก่น,โรคลมพิษ,60-64,ชาย,1491
ขอนแก่น,โรคลมพิษ,60-64,หญิง,2858
ขอนแก่น,โรคลมพิษ,65-69,ชาย,1250
ขอนแก่น,โรคลมพิษ,65-69,หญิง,2185
ขอนแก่น,โรคลมพิษ,70-74,ชาย,959
ขอนแก่น,โรคลมพิษ,70-74,หญิง,1434
ขอนแก่น,โรคลมพิษ,75-79,ชาย,711
ขอนแก่น,โรคลมพิษ,75-79,หญิง,868
ขอนแก่น,โรคลมพิษ,80+,ชาย,503
ขอนแก่น,โรคลมพิษ,80+,หญิง,803
ขอนแก่น,โรคลมพิษ,ไม่ทราบ,ชาย,1
ขอนแก่น,โรคลมพิษ,ไม่ทราบ,หญิง,5
ขอนแก่น,โรคลมพิษ,ไม่ทราบ,ไม่ระบุ,1113
ขอนแก่น,โรคหอบหืด,0-4,ชาย,12429
ขอนแก่น,โรคหอบหืด,0-4,หญิง,6906
ขอนแก่น,โรคหอบหืด,10-14,ชาย,8108
ขอนแก่น,โรคหอบหืด,10-14,หญิง,4150
ขอนแก่น,โรคหอบหืด,15-19,ชาย,2143
ขอนแก่น,โรคหอบหืด,15-19,หญิง,1847
ขอนแก่น,โรคหอบหืด,20-24,ชาย,1600
ขอนแก่น,โรคหอบหืด,20-24,หญิง,1276
ขอนแก่น,โรคหอบหืด,20-24,ไม่ระบุ,1
ขอนแก่น,โรคหอบหืด,25-29,ชาย,1237
ขอนแก่น,โรคหอบหืด,25-29,หญิง,1641
ขอนแก่น,โรคหอบหืด,30-34,ชาย,1251
ขอนแก่น,โรคหอบหืด,30-34,หญิง,2440
ขอนแก่น,โรคหอบหืด,35-39,ชาย,1427
ขอนแก่น,โรคหอบหืด,35-39,หญิง,3064
ขอนแก่น,โรคหอบหืด,40-44,ชาย,2107
ขอนแก่น,โรคหอบหืด,40-44,หญิง,4190
ขอนแก่น,โรคหอบหืด,45-49,ชาย,2676
ขอนแก่น,โรคหอบหืด,45-49,หญิง,6717
ขอนแก่น,โรคหอบหืด,5-9,ชาย,19873
ขอนแก่น,โรคหอบหืด,5-9,หญิง,10902
ขอนแก่น,โรคหอบหืด,50-54,ชาย,3675
ขอนแก่น,โรคหอบหืด,50-54,หญิง,9807
ขอนแก่น,โรคหอบหืด,55-59,ชาย,4638
ขอนแก่น,โรคหอบหืด,55-59,หญิง,11651
ขอนแก่น,โรคหอบหืด,60-64,ชาย,4992
ขอนแก่น,โรคหอบหืด,60-64,หญิง,11864
ขอนแก่น,โรคหอบหืด,65-69,ชาย,4841
ขอนแก่น,โรคหอบหืด,65-69,หญิง,12114
ขอนแก่น,โรคหอบหืด,70-74,ชาย,3698
ขอนแก่น,โรคหอบหืด,70-74,หญิง,9969
ขอนแก่น,โรคหอบหืด,75-79,ชาย,2528
ขอนแก่น,โรคหอบหืด,75-79,หญิง,6746
ขอนแก่น,โรคหอบหืด,75-79,ไม่ระบุ,1
ขอนแก่น,โรคหอบหืด,80+,ชาย,2121
ขอนแก่น,โรคหอบหืด,80+,หญิง,6025
ขอนแก่น,โรคหอบหืด,ไม่ทราบ,ชาย,6
ขอนแก่น,โรคหอบหืด,ไม่ทราบ,หญิง,30
ขอนแก่น,โรคหอบหืด,ไม่ทราบ,ไม่ระบุ,1183
ขอนแก่น,โรคเยื่อจมูกอักเสบจากภูมิแพ้,0-4,ชาย,4248
ขอนแก่น,โรคเยื่อจมูกอักเสบจากภูมิแพ้,0-4,หญิง,3408
ขอนแก่น,โรคเยื่อจมูกอักเสบจากภูมิแพ้,10-14,ชาย,4752
ขอนแก่น,โรคเยื่อจมูกอักเสบจากภูมิแพ้,10-14,หญิง,3112
ขอนแก่น,โรคเยื่อจมูกอักเสบจากภูมิแพ้,15-19,ชาย,1827
ขอนแก่น,โรคเยื่อจมูกอักเสบจากภูมิแพ้,15-19,หญิง,2034
ขอนแก่น,โรคเยื่อจมูกอักเสบจากภูมิแพ้,20-24,ชาย,1588
ขอนแก่น,โรคเยื่อจมูกอักเสบจากภูมิแพ้,20-24,หญิง,2307
ขอนแก่น,โรคเยื่อจมูกอักเสบจากภูมิแพ้,20-24,ไม่ระบุ,2
ขอนแก่น,โรคเยื่อจมูกอักเสบจากภูมิแพ้,25-29,ชาย,2076
ขอนแก่น,โรคเยื่อจมูกอักเสบจากภูมิแพ้,25-29,หญิง,3639
ขอนแก่น,โรคเยื่อจมูกอักเสบจากภูมิแพ้,25-29,ไม่ระบุ,1
ขอนแก่น,โรคเยื่อจมูกอักเสบจากภูมิแพ้,30-34,ชาย,1995
ขอนแก่น,โรคเยื่อจมูกอักเสบจากภูมิแพ้,30-34,หญิง,4013
ขอนแก่น,โรคเยื่อจมูกอักเสบจากภูมิแพ้,35-39,ชาย,1840
ขอนแก่น,โรคเยื่อจมูกอักเสบจากภูมิแพ้,35-39,หญิง,4069
ขอนแก่น,โรคเยื่อจมูกอักเสบจากภูมิแพ้,40-44,ชาย,1664
ขอนแก่น,โรคเยื่อจมูกอักเสบจากภูมิแพ้,40-44,หญิง,4068
ขอนแก่น,โรคเยื่อจมูกอักเสบจากภูมิแพ้,45-49,ชาย,1615
ขอนแก่น,โรคเยื่อจมูกอักเสบจากภูมิแพ้,45-49,หญิง,4405
ขอนแก่น,โรคเยื่อจมูกอักเสบจากภูมิแพ้,5-9,ชาย,8026
ขอนแก่น,โรคเยื่อจมูกอักเสบจากภูมิแพ้,5-9,หญิง,5423
ขอนแก่น,โรคเยื่อจมูกอักเสบจากภูมิแพ้,50-54,ชาย,1799
ขอนแก่น,โรคเยื่อจมูกอักเสบจากภูมิแพ้,50-54,หญิง,4178
ขอนแก่น,โรคเยื่อจมูกอักเสบจากภูมิแพ้,55-59,ชาย,2124
ขอนแก่น,โรคเยื่อจมูกอักเสบจากภูมิแพ้,55-59,หญิง,4846
ขอนแก่น,โรคเยื่อจมูกอักเสบจากภูมิแพ้,60-64,ชาย,2484
ขอนแก่น,โรคเยื่อจมูกอักเสบจากภูมิแพ้,60-64,หญิง,4149
ขอนแก่น,โรคเยื่อจมูกอักเสบจากภูมิแพ้,60-64,ไม่ระบุ,1
ขอนแก่น,โรคเยื่อจมูกอักเสบจากภูมิแพ้,65-69,ชาย,2327
ขอนแก่น,โรคเยื่อจมูกอักเสบจากภูมิแพ้,65-69,หญิง,3103
ขอนแก่น,โรคเยื่อจมูกอักเสบจากภูมิแพ้,70-74,ชาย,1561
ขอนแก่น,โรคเยื่อจมูกอักเสบจากภูมิแพ้,70-74,หญิง,1651
ขอนแก่น,โรคเยื่อจมูกอักเสบจากภูมิแพ้,75-79,ชาย,957
ขอนแก่น,โรคเยื่อจมูกอักเสบจากภูมิแพ้,75-79,หญิง,948
ขอนแก่น,โรคเยื่อจมูกอักเสบจากภูมิแพ้,80+,ชาย,591
ขอนแก่น,โรคเยื่อจมูกอักเสบจากภูมิแพ้,80+,หญิง,625
ขอนแก่น,โรคเยื่อจมูกอักเสบจากภูมิแพ้,ไม่ทราบ,ชาย,3
ขอนแก่น,โรคเยื่อจมูกอักเสบจากภูมิแพ้,ไม่ทราบ,หญิง,4
ขอนแก่น,โรคเยื่อจมูกอักเสบจากภูมิแพ้,ไม่ทราบ,ไม่ระบุ,1247
ขอนแก่น,โรคเยื่อบุตาอักเสบ,0-4,ชาย,3607
ขอนแก่น,โรคเยื่อบุตาอักเสบ,0-4,หญิง,2804
ขอนแก่น,โรคเยื่อบุตาอักเสบ,10-14,ชาย,3151
ขอนแก่น,โรคเยื่อบุตาอักเสบ,10-14,หญิง,2938
ขอนแก่น,โรคเยื่อบุตาอักเสบ,15-19,ชาย,2784
ขอนแก่น,โรคเยื่อบุตาอักเสบ,15-19,หญิง,3857
ขอนแก่น,โรคเยื่อบุตาอักเสบ,20-24,ชาย,2685
ขอนแก่น,โรคเยื่อบุตาอักเสบ,20-24,หญิง,2855
ขอนแก่น,โรคเยื่อบุตาอักเสบ,20-24,ไม่ระบุ,1
ขอนแก่น,โรคเยื่อบุตาอักเสบ,25-29,ชาย,3094
ขอนแก่น,โรคเยื่อบุตาอักเสบ,25-29,หญิง,3843
ขอนแก่น,โรคเยื่อบุตาอักเสบ,30-34,ชาย,3181
ขอนแก่น,โรคเยื่อบุตาอักเสบ,30-34,หญิง,3680
ขอนแก่น,โรคเยื่อบุตาอักเสบ,35-39,ชาย,3284
ขอนแก่น,โรคเยื่อบุตาอักเสบ,35-39,หญิง,3875
ขอนแก่น,โรคเยื่อบุตาอักเสบ,40-44,ชาย,3869
ขอนแก่น,โรคเยื่อบุตาอักเสบ,40-44,หญิง,4350
ขอนแก่น,โรคเยื่อบุตาอักเสบ,45-49,ชาย,4131
ขอนแก่น,โรคเยื่อบุตาอักเสบ,45-49,หญิง,5373
ขอนแก่น,โรคเยื่อบุตาอักเสบ,5-9,ชาย,4050
ขอนแก่น,โรคเยื่อบุตาอักเสบ,5-9,หญิง,2855
ขอนแก่น,โรคเยื่อบุตาอักเสบ,50-54,ชาย,4479
ขอนแก่น,โรคเยื่อบุตาอักเสบ,50-54,หญิง,7711
ขอนแก่น,โรคเยื่อบุตาอักเสบ,55-59,ชาย,4814
ขอนแก่น,โรคเยื่อบุตาอักเสบ,55-59,หญิง,8552
ขอนแก่น,โรคเยื่อบุตาอักเสบ,60-64,ชาย,4265
ขอนแก่น,โรคเยื่อบุตาอักเสบ,60-64,หญิง,7596
ขอนแก่น,โรคเยื่อบุตาอักเสบ,65-69,ชาย,4023
ขอนแก่น,โรคเยื่อบุตาอักเสบ,65-69,หญิง,6082
ขอนแก่น,โรคเยื่อบุตาอักเสบ,70-74,ชาย,3210
ขอนแก่น,โรคเยื่อบุตาอักเสบ,70-74,หญิง,4322
ขอนแก่น,โรคเยื่อบุตาอักเสบ,75-79,ชาย,2208
ขอนแก่น,โรคเยื่อบุตาอักเสบ,75-79,หญิง,2874
ขอนแก่น,โรคเยื่อบุตาอักเสบ,80+,ชาย,1738
ขอนแก่น,โรคเยื่อบุตาอักเสบ,80+,หญิง,2482
ขอนแก่น,โรคเยื่อบุตาอักเสบ,ไม่ทราบ,ชาย,11
ขอนแก่น,โรคเยื่อบุตาอักเสบ,ไม่ทราบ,หญิง,6
ขอนแก่น,โรคเยื่อบุตาอักเสบ,ไม่ทราบ,ไม่ระบุ,771
จันทบุรี,โรคติดเชื้อทางเดินหายใจส่วนบนเฉียบพลัน,0-4,ชาย,29806
จันทบุรี,โรคติดเชื้อทางเดินหายใจส่วนบนเฉียบพลัน,0-4,หญิง,25693
จันทบุรี,โรคติดเชื้อทางเดินหายใจส่วนบนเฉียบพลัน,10-14,ชาย,12730
จันทบุรี,โรคติดเชื้อทางเดินหายใจส่วนบนเฉียบพลัน,10-14,หญิง,11056
จันทบุรี,โรคติดเชื้อทางเดินหายใจส่วนบนเฉียบพลัน,15-19,ชาย,6899
จันทบุรี,โรคติดเชื้อทางเดินหายใจส่วนบนเฉียบพลัน,15-19,หญิง,8917
จันทบุรี,โรคติดเชื้อทางเดินหายใจส่วนบนเฉียบพลัน,15-19,ไม่ระบุ,2
จันทบุรี,โรคติดเชื้อทางเดินหายใจส่วนบนเฉียบพลัน,20-24,ชาย,7339
จันทบุรี,โรคติดเชื้อทางเดินหายใจส่วนบนเฉียบพลัน,20-24,หญิง,11160
จันทบุรี,โรคติดเชื้อทางเดินหายใจส่วนบนเฉียบพลัน,20-24,ไม่ระบุ,1
จันทบุรี,โรคติดเชื้อทางเดินหายใจส่วนบนเฉียบพลัน,25-29,ชาย,7845
จันทบุรี,โรคติดเชื้อทางเดินหายใจส่วนบนเฉียบพลัน,25-29,หญิง,12400
จันทบุรี,โรคติดเชื้อทางเดินหายใจส่วนบนเฉียบพลัน,30-34,ชาย,6826
จันทบุรี,โรคติดเชื้อทางเดินหายใจส่วนบนเฉียบพลัน,30-34,หญิง,11382
จันทบุรี,โรคติดเชื้อทางเดินหายใจส่วนบนเฉียบพลัน,30-34,ไม่ระบุ,1
จันทบุรี,โรคติดเชื้อทางเดินหายใจส่วนบนเฉียบพลัน,35-39,ชาย,6078
จันทบุรี,โรคติดเชื้อทางเดินหายใจส่วนบนเฉียบพลัน,35-39,หญิง,10248
จันทบุรี,โรคติดเชื้อทางเดินหายใจส่วนบนเฉียบพลัน,40-44,ชาย,6214
จันทบุรี,โรคติดเชื้อทางเดินหายใจส่วนบนเฉียบพลัน,40-44,หญิง,10466
จันทบุรี,โรคติดเชื้อทางเดินหายใจส่วนบนเฉียบพลัน,40-44,ไม่ระบุ,1
จันทบุรี,โรคติดเชื้อทางเดินหายใจส่วนบนเฉียบพลัน,45-49,ชาย,5811
จันทบุรี,โรคติดเชื้อทางเดินหายใจส่วนบนเฉียบพลัน,45-49,หญิง,10316
จันทบุรี,โรคติดเชื้อทางเดินหายใจส่วนบนเฉียบพลัน,45-49,ไม่ระบุ,1
จันทบุรี,โรคติดเชื้อทางเดินหายใจส่วนบนเฉียบพลัน,5-9,ชาย,20416
จันทบุรี,โรคติดเชื้อทางเดินหายใจส่วนบนเฉียบพลัน,5-9,หญิง,18739
จันทบุรี,โรคติดเชื้อทางเดินหายใจส่วนบนเฉียบพลัน,50-54,ชาย,5429
จันทบุรี,โรคติดเชื้อทางเดินหายใจส่วนบนเฉียบพลัน,50-54,หญิง,10244
จันทบุรี,โรคติดเชื้อทางเดินหายใจส่วนบนเฉียบพลัน,55-59,ชาย,5278
จันทบุรี,โรคติดเชื้อทางเดินหายใจส่วนบนเฉียบพลัน,55-59,หญิง,9960
จันทบุรี,โรคติดเชื้อทางเดินหายใจส่วนบนเฉียบพลัน,60-64,ชาย,5278
จันทบุรี,โรคติดเชื้อทางเดินหายใจส่วนบนเฉียบพลัน,60-64,หญิง,8930
จันทบุรี,โรคติดเชื้อทางเดินหายใจส่วนบนเฉียบพลัน,65-69,ชาย,4634
จันทบุรี,โรคติดเชื้อทางเดินหายใจส่วนบนเฉียบพลัน,65-69,หญิง,7173
จันทบุรี,โรคติดเชื้อทางเดินหายใจส่วนบนเฉียบพลัน,70-74,ชาย,4057
จันทบุรี,โรคติดเชื้อทางเดินหายใจส่วนบนเฉียบพลัน,70-74,หญิง,5238
จันทบุรี,โรคติดเชื้อทางเดินหายใจส่วนบนเฉียบพลัน,75-79,ชาย,2546
จันทบุรี,โรคติดเชื้อทางเดินหายใจส่วนบนเฉียบพลัน,75-79,หญิง,3162
จันทบุรี,โรคติดเชื้อทางเดินหายใจส่วนบนเฉียบพลัน,80+,ชาย,3124
จันทบุรี,โรคติดเชื้อทางเดินหายใจส่วนบนเฉียบพลัน,80+,หญิง,4123
จันทบุรี,โรคติดเชื้อทางเดินหายใจส่วนบนเฉียบพลัน,80+,ไม่ระบุ,18
จันทบุรี,โรคติดเชื้อทางเดินหายใจส่วนบนเฉียบพลัน,ไม่ทราบ,ชาย,17
จันทบุรี,โรคติดเชื้อทางเดินหายใจส่วนบนเฉียบพลัน,ไม่ทราบ,หญิง,11
จันทบุรี,โรคติดเชื้อทางเดินหายใจส่วนบนเฉียบพลัน,ไม่ทราบ,ไม่ระบุ,1563
จันทบุรี,โรคปอดอุดกั้นเรื้อรัง,0-4,ชาย,29
จันทบุรี,โรคปอดอุดกั้นเรื้อรัง,0-4,หญิง,13
จันทบุรี,โรคปอดอุดกั้นเรื้อรัง,10-14,ชาย,3
จันทบุรี,โรคปอดอุดกั้นเรื้อรัง,10-14,หญิง,7
จันทบุรี,โรคปอดอุดกั้นเรื้อรัง,15-19,ชาย,6
จันทบุรี,โรคปอดอุดกั้นเรื้อรัง,15-19,หญิง,13
จันทบุรี,โรคปอดอุดกั้นเรื้อรัง,20-24,ชาย,13
จันทบุรี,โรคปอดอุดกั้นเรื้อรัง,20-24,หญิง,3
จันทบุรี,โรคปอดอุดกั้นเรื้อรัง,25-29,ชาย,32
จันทบุรี,โรคปอดอุดกั้นเรื้อรัง,25-29,หญิง,7
จันทบุรี,โรคปอดอุดกั้นเรื้อรัง,30-34,ชาย,58
จันทบุรี,โรคปอดอุดกั้นเรื้อรัง,30-34,หญิง,22
จันทบุรี,โรคปอดอุดกั้นเรื้อรัง,35-39,ชาย,117
จันทบุรี,โรคปอดอุดกั้นเรื้อรัง,35-39,หญิง,39
จันทบุรี,โรคปอดอุดกั้นเรื้อรัง,40-44,ชาย,308
จันทบุรี,โรคปอดอุดกั้นเรื้อรัง,40-44,หญิง,85
จันทบุรี,โรคปอดอุดกั้นเรื้อรัง,45-49,ชาย,839
จันทบุรี,โรคปอดอุดกั้นเรื้อรัง,45-49,หญิง,248
จันทบุรี,โรคปอดอุดกั้นเรื้อรัง,5-9,ชาย,11
จันทบุรี,โรคปอดอุดกั้นเรื้อรัง,5-9,หญิง,2
จันทบุรี,โรคปอดอุดกั้นเรื้อรัง,50-54,ชาย,1488
จันทบุรี,โรคปอดอุดกั้นเรื้อรัง,50-54,หญิง,389
จันทบุรี,โรคปอดอุดกั้นเรื้อรัง,55-59,ชาย,2574
จันทบุรี,โรคปอดอุดกั้นเรื้อรัง,55-59,หญิง,639
จันทบุรี,โรคปอดอุดกั้นเรื้อรัง,60-64,ชาย,4041
จันทบุรี,โรคปอดอุดกั้นเรื้อรัง,60-64,หญิง,944
จันทบุรี,โรคปอดอุดกั้นเรื้อรัง,65-69,ชาย,4697
จันทบุรี,โรคปอดอุดกั้นเรื้อรัง,65-69,หญิง,1505
จันทบุรี,โรคปอดอุดกั้นเรื้อรัง,70-74,ชาย,5138
จันทบุรี,โรคปอดอุดกั้นเรื้อรัง,70-74,หญิง,1960
จันทบุรี,โรคปอดอุดกั้นเรื้อรัง,75-79,ชาย,4730
จันทบุรี,โรคปอดอุดกั้นเรื้อรัง,75-79,หญิง,1748
จันทบุรี,โรคปอดอุดกั้นเรื้อรัง,80+,ชาย,7457
จันทบุรี,โรคปอดอุดกั้นเรื้อรัง,80+,หญิง,3143
จันทบุรี,โรคปอดอุดกั้นเรื้อรัง,ไม่ทราบ,ไม่ระบุ,16
จันทบุรี,โรคผิวหนังอักเสบ,0-4,ชาย,547
จันทบุรี,โรคผิวหนังอักเสบ,0-4,หญิง,516
จันทบุรี,โรคผิวหนังอักเสบ,10-14,ชาย,386
จันทบุรี,โรคผิวหนังอักเสบ,10-14,หญิง,357
จันทบุรี,โรคผิวหนังอักเสบ,15-19,ชาย,421
จันทบุรี,โรคผิวหนังอักเสบ,15-19,หญิง,567
จันทบุรี,โรคผิวหนังอักเสบ,20-24,ชาย,374
จันทบุรี,โรคผิวหนังอักเสบ,20-24,หญิง,598
จันทบุรี,โรคผิวหนังอักเสบ,25-29,ชาย,469
จันทบุรี,โรคผิวหนังอักเสบ,25-29,หญิง,701
จันทบุรี,โรคผิวหนังอักเสบ,30-34,ชาย,432
จันทบุรี,โรคผิวหนังอักเสบ,30-34,หญิง,726
จันทบุรี,โรคผิวหนังอักเสบ,35-39,ชาย,370
จันทบุรี,โรคผิวหนังอักเสบ,35-39,หญิง,689
จันทบุรี,โรคผิวหนังอักเสบ,40-44,ชาย,460
จันทบุรี,โรคผิวหนังอักเสบ,40-44,หญิง,805
จันทบุรี,โรคผิวหนังอักเสบ,45-49,ชาย,427
จันทบุรี,โรคผิวหนังอักเสบ,45-49,หญิง,937
จันทบุรี,โรคผิวหนังอักเสบ,5-9,ชาย,452
จันทบุรี,โรคผิวหนังอักเสบ,5-9,หญิง,405
จันทบุรี,โรคผิวหนังอักเสบ,50-54,ชาย,523
จันทบุรี,โรคผิวหนังอักเสบ,50-54,หญิง,1071
จันทบุรี,โรคผิวหนังอักเสบ,55-59,ชาย,546
จันทบุรี,โรคผิวหนังอักเสบ,55-59,หญิง,1056
จันทบุรี,โรคผิวหนังอักเสบ,60-64,ชาย,673
จันทบุรี,โรคผิวหนังอักเสบ,60-64,หญิง,942
จันทบุรี,โรคผิวหนังอักเสบ,65-69,ชาย,604
จันทบุรี,โรคผิวหนังอักเสบ,65-69,หญิง,755
จันทบุรี,โรคผิวหนังอักเสบ,70-74,ชาย,457
จันทบุรี,โรคผิวหนังอักเสบ,70-74,หญิง,618
จันทบุรี,โรคผิวหนังอักเสบ,75-79,ชาย,335
จันทบุรี,โรคผิวหนังอักเสบ,75-79,หญิง,315
จันทบุรี,โรคผิวหนังอักเสบ,80+,ชาย,466
จันทบุรี,โรคผิวหนังอักเสบ,80+,หญิง,438
จันทบุรี,โรคผิวหนังอักเสบ,80+,ไม่ระบุ,8
จันทบุรี,โรคผิวหนังอักเสบ,ไม่ทราบ,ชาย,1
จันทบุรี,โรคผิวหนังอักเสบ,ไม่ทราบ,หญิง,1
จันทบุรี,โรคผิวหนังอักเสบ,ไม่ทราบ,ไม่ระบุ,30
จันทบุรี,โรคลมพิษ,0-4,ชาย,700
จันทบุรี,โรคลมพิษ,0-4,หญิง,579
จันทบุรี,โรคลมพิษ,10-14,ชาย,524
จันทบุรี,โรคลมพิษ,10-14,หญิง,550
จันทบุรี,โรคลมพิษ,15-19,ชาย,398
จันทบุรี,โรคลมพิษ,15-19,หญิง,573
จันทบุรี,โรคลมพิษ,20-24,ชาย,394
จันทบุรี,โรคลมพิษ,20-24,หญิง,758
จันทบุรี,โรคลมพิษ,25-29,ชาย,354
จันทบุรี,โรคลมพิษ,25-29,หญิง,757
จันทบุรี,โรคลมพิษ,30-34,ชาย,292
จันทบุรี,โรคลมพิษ,30-34,หญิง,686
จันทบุรี,โรคลมพิษ,35-39,ชาย,208
จันทบุรี,โรคลมพิษ,35-39,หญิง,632
จันทบุรี,โรคลมพิษ,40-44,ชาย,277
จันทบุรี,โรคลมพิษ,40-44,หญิง,630
จันทบุรี,โรคลมพิษ,45-49,ชาย,240
จันทบุรี,โรคลมพิษ,45-49,หญิง,622
จันทบุรี,โรคลมพิษ,5-9,ชาย,554
จันทบุรี,โรคลมพิษ,5-9,หญิง,467
จันทบุรี,โรคลมพิษ,50-54,ชาย,229
จันทบุรี,โรคลมพิษ,50-54,หญิง,545
จันทบุรี,โรคลมพิษ,55-59,ชาย,231
จันทบุรี,โรคลมพิษ,55-59,หญิง,503
จันทบุรี,โรคลมพิษ,60-64,ชาย,246
จันทบุรี,โรคลมพิษ,60-64,หญิง,360
จันทบุรี,โรคลมพิษ,65-69,ชาย,164
จันทบุรี,โรคลมพิษ,65-69,หญิง,245
จันทบุรี,โรคลมพิษ,70-74,ชาย,116
จันทบุรี,โรคลมพิษ,70-74,หญิง,179
จันทบุรี,โรคลมพิษ,75-79,ชาย,68
จันทบุรี,โรคลมพิษ,75-79,หญิง,89
จันทบุรี,โรคลมพิษ,80+,ชาย,60
จันทบุรี,โรคลมพิษ,80+,หญิง,128
จันทบุรี,โรคลมพิษ,80+,ไม่ระบุ,1
จันทบุรี,โรคลมพิษ,ไม่ทราบ,ไม่ระบุ,71
จันทบุรี,โรคหอบหืด,0-4,ชาย,1661
จันทบุรี,โรคหอบหืด,0-4,หญิง,892
จันทบุรี,โรคหอบหืด,10-14,ชาย,1711
จันทบุรี,โรคหอบหืด,10-14,หญิง,834
จันทบุรี,โรคหอบหืด,15-19,ชาย,613
จันทบุรี,โรคหอบหืด,15-19,หญิง,368
จันทบุรี,โรคหอบหืด,20-24,ชาย,461
จันทบุรี,โรคหอบหืด,20-24,หญิง,345
จันทบุรี,โรคหอบหืด,25-29,ชาย,531
จันทบุรี,โรคหอบหืด,25-29,หญิง,516
จันทบุรี,โรคหอบหืด,30-34,ชาย,497
จันทบุรี,โรคหอบหืด,30-34,หญิง,711
จันทบุรี,โรคหอบหืด,35-39,ชาย,582
จันทบุรี,โรคหอบหืด,35-39,หญิง,1275
จันทบุรี,โรคหอบหืด,40-44,ชาย,751
จันทบุรี,โรคหอบหืด,40-44,หญิง,1468
จันทบุรี,โรคหอบหืด,45-49,ชาย,955
จันทบุรี,โรคหอบหืด,45-49,หญิง,2041
จันทบุรี,โรคหอบหืด,5-9,ชาย,3243
จันทบุรี,โรคหอบหืด,5-9,หญิง,1703
จันทบุรี,โรคหอบหืด,50-54,ชาย,930
จันทบุรี,โรคหอบหืด,50-54,หญิง,2792
จันทบุรี,โรคหอบหืด,55-59,ชาย,1167
จันทบุรี,โรคหอบหืด,55-59,หญิง,2744
จันทบุรี,โรคหอบหืด,60-64,ชาย,1346
จันทบุรี,โรคหอบหืด,60-64,หญิง,2491
จันทบุรี,โรคหอบหืด,65-69,ชาย,959
จันทบุรี,โรคหอบหืด,65-69,หญิง,2673
จันทบุรี,โรคหอบหืด,70-74,ชาย,700
จันทบุรี,โรคหอบหืด,70-74,หญิง,2322
จันทบุรี,โรคหอบหืด,75-79,ชาย,475
จันทบุรี,โรคหอบหืด,75-79,หญิง,1411
จันทบุรี,โรคหอบหืด,80+,ชาย,615
จันทบุรี,โรคหอบหืด,80+,หญิง,1803
จันทบุรี,โรคหอบหืด,ไม่ทราบ,ไม่ระบุ,26
จันทบุรี,โรคเยื่อจมูกอักเสบจากภูมิแพ้,0-4,ชาย,727
จันทบุรี,โรคเยื่อจมูกอักเสบจากภูมิแพ้,0-4,หญิง,485
จันทบุรี,โรคเยื่อจมูกอักเสบจากภูมิแพ้,10-14,ชาย,944
จันทบุรี,โรคเยื่อจมูกอักเสบจากภูมิแพ้,10-14,หญิง,544
จันทบุรี,โรคเยื่อจมูกอักเสบจากภูมิแพ้,15-19,ชาย,311
จันทบุรี,โรคเยื่อจมูกอักเสบจากภูมิแพ้,15-19,หญิง,281
จันทบุรี,โรคเยื่อจมูกอักเสบจากภูมิแพ้,20-24,ชาย,325
จันทบุรี,โรคเยื่อจมูกอักเสบจากภูมิแพ้,20-24,หญิง,468
จันทบุรี,โรคเยื่อจมูกอักเสบจากภูมิแพ้,25-29,ชาย,387
จันทบุรี,โรคเยื่อจมูกอักเสบจากภูมิแพ้,25-29,หญิง,792
จันทบุรี,โรคเยื่อจมูกอักเสบจากภูมิแพ้,30-34,ชาย,314
จันทบุรี,โรคเยื่อจมูกอักเสบจากภูมิแพ้,30-34,หญิง,757
จันทบุรี,โรคเยื่อจมูกอักเสบจากภูมิแพ้,35-39,ชาย,363
จันทบุรี,โรคเยื่อจมูกอักเสบจากภูมิแพ้,35-39,หญิง,781
จันทบุรี,โรคเยื่อจมูกอักเสบจากภูมิแพ้,40-44,ชาย,307
จันทบุรี,โรคเยื่อจมูกอักเสบจากภูมิแพ้,40-44,หญิง,897
จันทบุรี,โรคเยื่อจมูกอักเสบจากภูมิแพ้,45-49,ชาย,336
จันทบุรี,โรคเยื่อจมูกอักเสบจากภูมิแพ้,45-49,หญิง,967
จันทบุรี,โรคเยื่อจมูกอักเสบจากภูมิแพ้,5-9,ชาย,1280
จันทบุรี,โรคเยื่อจมูกอักเสบจากภูมิแพ้,5-9,หญิง,974
จันทบุรี,โรคเยื่อจมูกอักเสบจากภูมิแพ้,50-54,ชาย,426
จันทบุรี,โรคเยื่อจมูกอักเสบจากภูมิแพ้,50-54,หญิง,1061
จันทบุรี,โรคเยื่อจมูกอักเสบจากภูมิแพ้,55-59,ชาย,498
จันทบุรี,โรคเยื่อจมูกอักเสบจากภูมิแพ้,55-59,หญิง,991
จันทบุรี,โรคเยื่อจมูกอักเสบจากภูมิแพ้,60-64,ชาย,452
จันทบุรี,โรคเยื่อจมูกอักเสบจากภูมิแพ้,60-64,หญิง,902
จันทบุรี,โรคเยื่อจมูกอักเสบจากภูมิแพ้,65-69,ชาย,434
จันทบุรี,โรคเยื่อจมูกอักเสบจากภูมิแพ้,65-69,หญิง,661
จันทบุรี,โรคเยื่อจมูกอักเสบจากภูมิแพ้,70-74,ชาย,348
จันทบุรี,โรคเยื่อจมูกอักเสบจากภูมิแพ้,70-74,หญิง,444
จันทบุรี,โรคเยื่อจมูกอักเสบจากภูมิแพ้,75-79,ชาย,269
จันทบุรี,โรคเยื่อจมูกอักเสบจากภูมิแพ้,75-79,หญิง,298
จันทบุรี,โรคเยื่อจมูกอักเสบจากภูมิแพ้,80+,ชาย,289
จันทบุรี,โรคเยื่อจมูกอักเสบจากภูมิแพ้,80+,หญิง,296
จันทบุรี,โรคเยื่อจมูกอักเสบจากภูมิแพ้,ไม่ทราบ,ไม่ระบุ,24
จันทบุรี,โรคเยื่อบุตาอักเสบ,0-4,ชาย,532
จันทบุรี,โรคเยื่อบุตาอักเสบ,0-4,หญิง,455
จันทบุรี,โรคเยื่อบุตาอักเสบ,10-14,ชาย,574
จันทบุรี,โรคเยื่อบุตาอักเสบ,10-14,หญิง,410
จันทบุรี,โรคเยื่อบุตาอักเสบ,15-19,ชาย,449
จันทบุรี,โรคเยื่อบุตาอักเสบ,15-19,หญิง,457
จันทบุรี,โรคเยื่อบุตาอักเสบ,20-24,ชาย,600
จันทบุรี,โรคเยื่อบุตาอักเสบ,20-24,หญิง,504
จันทบุรี,โรคเยื่อบุตาอักเสบ,20-24,ไม่ระบุ,1
จันทบุรี,โรคเยื่อบุตาอักเสบ,25-29,ชาย,694
จันทบุรี,โรคเยื่อบุตาอักเสบ,25-29,หญิง,639
จันทบุรี,โรคเยื่อบุตาอักเสบ,30-34,ชาย,704
จันทบุรี,โรคเยื่อบุตาอักเสบ,30-34,หญิง,699
จันทบุรี,โรคเยื่อบุตาอักเสบ,35-39,ชาย,687
จันทบุรี,โรคเยื่อบุตาอักเสบ,35-39,หญิง,643
จันทบุรี,โรคเยื่อบุตาอักเสบ,40-44,ชาย,713
จันทบุรี,โรคเยื่อบุตาอักเสบ,40-44,หญิง,702
จันทบุรี,โรคเยื่อบุตาอักเสบ,45-49,ชาย,718
จันทบุรี,โรคเยื่อบุตาอักเสบ,45-49,หญิง,742
จันทบุรี,โรคเยื่อบุตาอักเสบ,45-49,ไม่ระบุ,1
จันทบุรี,โรคเยื่อบุตาอักเสบ,5-9,ชาย,566
จันทบุรี,โรคเยื่อบุตาอักเสบ,5-9,หญิง,356
จันทบุรี,โรคเยื่อบุตาอักเสบ,50-54,ชาย,701
จันทบุรี,โรคเยื่อบุตาอักเสบ,50-54,หญิง,897
จันทบุรี,โรคเยื่อบุตาอักเสบ,55-59,ชาย,696
จันทบุรี,โรคเยื่อบุตาอักเสบ,55-59,หญิง,966
จันทบุรี,โรคเยื่อบุตาอักเสบ,60-64,ชาย,608
จันทบุรี,โรคเยื่อบุตาอักเสบ,60-64,หญิง,952
จันทบุรี,โรคเยื่อบุตาอักเสบ,65-69,ชาย,611
จันทบุรี,โรคเยื่อบุตาอักเสบ,65-69,หญิง,786
จันทบุรี,โรคเยื่อบุตาอักเสบ,70-74,ชาย,512
จันทบุรี,โรคเยื่อบุตาอักเสบ,70-74,หญิง,644
จันทบุรี,โรคเยื่อบุตาอักเสบ,75-79,ชาย,345
จันทบุรี,โรคเยื่อบุตาอักเสบ,75-79,หญิง,352
จันทบุรี,โรคเยื่อบุตาอักเสบ,80+,ชาย,373
จันทบุรี,โรคเยื่อบุตาอักเสบ,80+,หญิง,488
จันทบุรี,โรคเยื่อบุตาอักเสบ,80+,ไม่ระบุ,9
จันทบุรี,โรคเยื่อบุตาอักเสบ,ไม่ทราบ,หญิง,1
จันทบุรี,โรคเยื่อบุตาอักเสบ,ไม่ทราบ,ไม่ระบุ,74
ฉะเชิงเทรา,โรคติดเชื้อทางเดินหายใจส่วนบนเฉียบพลัน,0-4,ชาย,61870
ฉะเชิงเทรา,โรคติดเชื้อทางเดินหายใจส่วนบนเฉียบพลัน,0-4,หญิง,55161
ฉะเชิงเทรา,โรคติดเชื้อทางเดินหายใจส่วนบนเฉียบพลัน,0-4,ไม่ระบุ,77
ฉะเชิงเทรา,โรคติดเชื้อทางเดินหายใจส่วนบนเฉียบพลัน,10-14,ชาย,26178
ฉะเชิงเทรา,โรคติดเชื้อทางเดินหายใจส่วนบนเฉียบพลัน,10-14,หญิง,23922
ฉะเชิงเทรา,โรคติดเชื้อทางเดินหายใจส่วนบนเฉียบพลัน,10-14,ไม่ระบุ,8
ฉะเชิงเทรา,โรคติดเชื้อทางเดินหายใจส่วนบนเฉียบพลัน,15-19,ชาย,16498
ฉะเชิงเทรา,โรคติดเชื้อทางเดินหายใจส่วนบนเฉียบพลัน,15-19,หญิง,21171
ฉะเชิงเทรา,โรคติดเชื้อทางเดินหายใจส่วนบนเฉียบพลัน,15-19,ไม่ระบุ,5
ฉะเชิงเทรา,โรคติดเชื้อทางเดินหายใจส่วนบนเฉียบพลัน,20-24,ชาย,18097
ฉะเชิงเทรา,โรคติดเชื้อทางเดินหายใจส่วนบนเฉียบพลัน,20-24,หญิง,22274
ฉะเชิงเทรา,โรคติดเชื้อทางเดินหายใจส่วนบนเฉียบพลัน,20-24,ไม่ระบุ,8
ฉะเชิงเทรา,โรคติดเชื้อทางเดินหายใจส่วนบนเฉียบพลัน,25-29,ชาย,18818
ฉะเชิงเทรา,โรคติดเชื้อทางเดินหายใจส่วนบนเฉียบพลัน,25-29,หญิง,24859
ฉะเชิงเทรา,โรคติดเชื้อทางเดินหายใจส่วนบนเฉียบพลัน,25-29,ไม่ระบุ,18
ฉะเชิงเทรา,โรคติดเชื้อทางเดินหายใจส่วนบนเฉียบพลัน,30-34,ชาย,16412
ฉะเชิงเทรา,โรคติดเชื้อทางเดินหายใจส่วนบนเฉียบพลัน,30-34,หญิง,23190
ฉะเชิงเทรา,โรคติดเชื้อทางเดินหายใจส่วนบนเฉียบพลัน,30-34,ไม่ระบุ,11
ฉะเชิงเทรา,โรคติดเชื้อทางเดินหายใจส่วนบนเฉียบพลัน,35-39,ชาย,13728
ฉะเชิงเทรา,โรคติดเชื้อทางเดินหายใจส่วนบนเฉียบพลัน,35-39,หญิง,21372
ฉะเชิงเทรา,โรคติดเชื้อทางเดินหายใจส่วนบนเฉียบพลัน,35-39,ไม่ระบุ,7
ฉะเชิงเทรา,โรคติดเชื้อทางเดินหายใจส่วนบนเฉียบพลัน,40-44,ชาย,12695
ฉะเชิงเทรา,โรคติดเชื้อทางเดินหายใจส่วนบนเฉียบพลัน,40-44,หญิง,19876
ฉะเชิงเทรา,โรคติดเชื้อทางเดินหายใจส่วนบนเฉียบพลัน,40-44,ไม่ระบุ,11
ฉะเชิงเทรา,โรคติดเชื้อทางเดินหายใจส่วนบนเฉียบพลัน,45-49,ชาย,10978
ฉะเชิงเทรา,โรคติดเชื้อทางเดินหายใจส่วนบนเฉียบพลัน,45-49,หญิง,18600
ฉะเชิงเทรา,โรคติดเชื้อทางเดินหายใจส่วนบนเฉียบพลัน,45-49,ไม่ระบุ,2
ฉะเชิงเทรา,โรคติดเชื้อทางเดินหายใจส่วนบนเฉียบพลัน,5-9,ชาย,45831
ฉะเชิงเทรา,โรคติดเชื้อทางเดินหายใจส่วนบนเฉียบพลัน,5-9,หญิง,42863
ฉะเชิงเทรา,โรคติดเชื้อทางเดินหายใจส่วนบนเฉียบพลัน,5-9,ไม่ระบุ,23
ฉะเชิงเทรา,โรคติดเชื้อทางเดินหายใจส่วนบนเฉียบพลัน,50-54,ชาย,9415
ฉะเชิงเทรา,โรคติดเชื้อทางเดินหายใจส่วนบนเฉียบพลัน,50-54,หญิง,18417
ฉะเชิงเทรา,โรคติดเชื้อทางเดินหายใจส่วนบนเฉียบพลัน,50-54,ไม่ระบุ,4
ฉะเชิงเทรา,โรคติดเชื้อทางเดินหายใจส่วนบนเฉียบพลัน,55-59,ชาย,8945
ฉะเชิงเทรา,โรคติดเชื้อทางเดินหายใจส่วนบนเฉียบพลัน,55-59,หญิง,17500
ฉะเชิงเทรา,โรคติดเชื้อทางเดินหายใจส่วนบนเฉียบพลัน,55-59,ไม่ระบุ,4
ฉะเชิงเทรา,โรคติดเชื้อทางเดินหายใจส่วนบนเฉียบพลัน,60-64,ชาย,7966
ฉะเชิงเทรา,โรคติดเชื้อทางเดินหายใจส่วนบนเฉียบพลัน,60-64,หญิง,15176
ฉะเชิงเทรา,โรคติดเชื้อทางเดินหายใจส่วนบนเฉียบพลัน,60-64,ไม่ระบุ,1
ฉะเชิงเทรา,โรคติดเชื้อทางเดินหายใจส่วนบนเฉียบพลัน,65-69,ชาย,7050
ฉะเชิงเทรา,โรคติดเชื้อทางเดินหายใจส่วนบนเฉียบพลัน,65-69,หญิง,11889
ฉะเชิงเทรา,โรคติดเชื้อทางเดินหายใจส่วนบนเฉียบพลัน,65-69,ไม่ระบุ,6
ฉะเชิงเทรา,โรคติดเชื้อทางเดินหายใจส่วนบนเฉียบพลัน,70-74,ชาย,6051
ฉะเชิงเทรา,โรคติดเชื้อทางเดินหายใจส่วนบนเฉียบพลัน,70-74,หญิง,8813
ฉะเชิงเทรา,โรคติดเชื้อทางเดินหายใจส่วนบนเฉียบพลัน,75-79,ชาย,4000
ฉะเชิงเทรา,โรคติดเชื้อทางเดินหายใจส่วนบนเฉียบพลัน,75-79,หญิง,5347
ฉะเชิงเทรา,โรคติดเชื้อทางเดินหายใจส่วนบนเฉียบพลัน,75-79,ไม่ระบุ,2
ฉะเชิงเทรา,โรคติดเชื้อทางเดินหายใจส่วนบนเฉียบพลัน,80+,ชาย,4274
ฉะเชิงเทรา,โรคติดเชื้อทางเดินหายใจส่วนบนเฉียบพลัน,80+,หญิง,5789
ฉะเชิงเทรา,โรคติดเชื้อทางเดินหายใจส่วนบนเฉียบพลัน,80+,ไม่ระบุ,1
ฉะเชิงเทรา,โรคติดเชื้อทางเดินหายใจส่วนบนเฉียบพลัน,ไม่ทราบ,ชาย,11
ฉะเชิงเทรา,โรคติดเชื้อทางเดินหายใจส่วนบนเฉียบพลัน,ไม่ทราบ,หญิง,15
ฉะเชิงเทรา,โรคติดเชื้อทางเดินหายใจส่วนบนเฉียบพลัน,ไม่ทราบ,ไม่ระบุ,4510
ฉะเชิงเทรา,โรคปอดอุดกั้นเรื้อรัง,0-4,ชาย,4
ฉะเชิงเทรา,โรคปอดอุดกั้นเรื้อรัง,10-14,ชาย,3
ฉะเชิงเทรา,โรคปอดอุดกั้นเรื้อรัง,10-14,หญิง,1
ฉะเชิงเทรา,โรคปอดอุดกั้นเรื้อรัง,15-19,ชาย,3
ฉะเชิงเทรา,โรคปอดอุดกั้นเรื้อรัง,15-19,หญิง,1
ฉะเชิงเทรา,โรคปอดอุดกั้นเรื้อรัง,20-24,ชาย,13
ฉะเชิงเทรา,โรคปอดอุดกั้นเรื้อรัง,20-24,หญิง,2
ฉะเชิงเทรา,โรคปอดอุดกั้นเรื้อรัง,25-29,ชาย,26
ฉะเชิงเทรา,โรคปอดอุดกั้นเรื้อรัง,25-29,หญิง,9
ฉะเชิงเทรา,โรคปอดอุดกั้นเรื้อรัง,30-34,ชาย,32
ฉะเชิงเทรา,โรคปอดอุดกั้นเรื้อรัง,30-34,หญิง,20
ฉะเชิงเทรา,โรคปอดอุดกั้นเรื้อรัง,35-39,ชาย,123
ฉะเชิงเทรา,โรคปอดอุดกั้นเรื้อรัง,35-39,หญิง,31
ฉะเชิงเทรา,โรคปอดอุดกั้นเรื้อรัง,40-44,ชาย,517
ฉะเชิงเทรา,โรคปอดอุดกั้นเรื้อรัง,40-44,หญิง,96
ฉะเชิงเทรา,โรคปอดอุดกั้นเรื้อรัง,45-49,ชาย,840
ฉะเชิงเทรา,โรคปอดอุดกั้นเรื้อรัง,45-49,หญิง,209
ฉะเชิงเทรา,โรคปอดอุดกั้นเรื้อรัง,5-9,ชาย,3
ฉะเชิงเทรา,โรคปอดอุดกั้นเรื้อรัง,5-9,หญิง,2
ฉะเชิงเทรา,โรคปอดอุดกั้นเรื้อรัง,50-54,ชาย,1484
ฉะเชิงเทรา,โรคปอดอุดกั้นเรื้อรัง,50-54,หญิง,379
ฉะเชิงเทรา,โรคปอดอุดกั้นเรื้อรัง,55-59,ชาย,2775
ฉะเชิงเทรา,โรคปอดอุดกั้นเรื้อรัง,55-59,หญิง,654
ฉะเชิงเทรา,โรคปอดอุดกั้นเรื้อรัง,60-64,ชาย,3935
ฉะเชิงเทรา,โรคปอดอุดกั้นเรื้อรัง,60-64,หญิง,579
ฉะเชิงเทรา,โรคปอดอุดกั้นเรื้อรัง,65-69,ชาย,4569
ฉะเชิงเทรา,โรคปอดอุดกั้นเรื้อรัง,65-69,หญิง,919
ฉะเชิงเทรา,โรคปอดอุดกั้นเรื้อรัง,70-74,ชาย,4937
ฉะเชิงเทรา,โรคปอดอุดกั้นเรื้อรัง,70-74,หญิง,1089
ฉะเชิงเทรา,โรคปอดอุดกั้นเรื้อรัง,75-79,ชาย,4418
ฉะเชิงเทรา,โรคปอดอุดกั้นเรื้อรัง,75-79,หญิง,1126
ฉะเชิงเทรา,โรคปอดอุดกั้นเรื้อรัง,80+,ชาย,6461
ฉะเชิงเทรา,โรคปอดอุดกั้นเรื้อรัง,80+,หญิง,1727
ฉะเชิงเทรา,โรคปอดอุดกั้นเรื้อรัง,ไม่ทราบ,ไม่ระบุ,31
ฉะเชิงเทรา,โรคผิวหนังอักเสบ,0-4,ชาย,1289
ฉะเชิงเทรา,โรคผิวหนังอักเสบ,0-4,หญิง,1163
ฉะเชิงเทรา,โรคผิวหนังอักเสบ,0-4,ไม่ระบุ,1
ฉะเชิงเทรา,โรคผิวหนังอักเสบ,10-14,ชาย,596
ฉะเชิงเทรา,โรคผิวหนังอักเสบ,10-14,หญิง,611
ฉะเชิงเทรา,โรคผิวหนังอักเสบ,15-19,ชาย,387
ฉะเชิงเทรา,โรคผิวหนังอักเสบ,15-19,หญิง,689
ฉะเชิงเทรา,โรคผิวหนังอักเสบ,20-24,ชาย,506
ฉะเชิงเทรา,โรคผิวหนังอักเสบ,20-24,หญิง,817
ฉะเชิงเทรา,โรคผิวหนังอักเสบ,25-29,ชาย,492
ฉะเชิงเทรา,โรคผิวหนังอักเสบ,25-29,หญิง,964
ฉะเชิงเทรา,โรคผิวหนังอักเสบ,30-34,ชาย,489
ฉะเชิงเทรา,โรคผิวหนังอักเสบ,30-34,หญิง,948
ฉะเชิงเทรา,โรคผิวหนังอักเสบ,35-39,ชาย,454
ฉะเชิงเทรา,โรคผิวหนังอักเสบ,35-39,หญิง,939
ฉะเชิงเทรา,โรคผิวหนังอักเสบ,40-44,ชาย,549
ฉะเชิงเทรา,โรคผิวหนังอักเสบ,40-44,หญิง,1078
ฉะเชิงเทรา,โรคผิวหนังอักเสบ,45-49,ชาย,589
ฉะเชิงเทรา,โรคผิวหนังอักเสบ,45-49,หญิง,1179
ฉะเชิงเทรา,โรคผิวหนังอักเสบ,5-9,ชาย,811
ฉะเชิงเทรา,โรคผิวหนังอักเสบ,5-9,หญิง,729
ฉะเชิงเทรา,โรคผิวหนังอักเสบ,50-54,ชาย,625
ฉะเชิงเทรา,โรคผิวหนังอักเสบ,50-54,หญิง,1357
ฉะเชิงเทรา,โรคผิวหนังอักเสบ,55-59,ชาย,664
ฉะเชิงเทรา,โรคผิวหนังอักเสบ,55-59,หญิง,1367
ฉะเชิงเทรา,โรคผิวหนังอักเสบ,55-59,ไม่ระบุ,1
ฉะเชิงเทรา,โรคผิวหนังอักเสบ,60-64,ชาย,868
ฉะเชิงเทรา,โรคผิวหนังอักเสบ,60-64,หญิง,1292
ฉะเชิงเทรา,โรคผิวหนังอักเสบ,60-64,ไม่ระบุ,1
ฉะเชิงเทรา,โรคผิวหนังอักเสบ,65-69,ชาย,734
ฉะเชิงเทรา,โรคผิวหนังอักเสบ,65-69,หญิง,990
ฉะเชิงเทรา,โรคผิวหนังอักเสบ,70-74,ชาย,685
ฉะเชิงเทรา,โรคผิวหนังอักเสบ,70-74,หญิง,840
ฉะเชิงเทรา,โรคผิวหนังอักเสบ,75-79,ชาย,455
ฉะเชิงเทรา,โรคผิวหนังอักเสบ,75-79,หญิง,543
ฉะเชิงเทรา,โรคผิวหนังอักเสบ,80+,ชาย,528
ฉะเชิงเทรา,โรคผิวหนังอักเสบ,80+,หญิง,656
ฉะเชิงเทรา,โรคผิวหนังอักเสบ,ไม่ทราบ,ไม่ระบุ,135
ฉะเชิงเทรา,โรคลมพิษ,0-4,ชาย,1074
ฉะเชิงเทรา,โรคลมพิษ,0-4,หญิง,923
ฉะเชิงเทรา,โรคลมพิษ,0-4,ไม่ระบุ,2
ฉะเชิงเทรา,โรคลมพิษ,10-14,ชาย,739
ฉะเชิงเทรา,โรคลมพิษ,10-14,หญิง,702
ฉะเชิงเทรา,โรคลมพิษ,15-19,ชาย,495
ฉะเชิงเทรา,โรคลมพิษ,15-19,หญิง,798
ฉะเชิงเทรา,โรคลมพิษ,20-24,ชาย,435
ฉะเชิงเทรา,โรคลมพิษ,20-24,หญิง,797
ฉะเชิงเทรา,โรคลมพิษ,25-29,ชาย,440
ฉะเชิงเทรา,โรคลมพิษ,25-29,หญิง,926
ฉะเชิงเทรา,โรคลมพิษ,25-29,ไม่ระบุ,1
ฉะเชิงเทรา,โรคลมพิษ,30-34,ชาย,442
ฉะเชิงเทรา,โรคลมพิษ,30-34,หญิง,883
ฉะเชิงเทรา,โรคลมพิษ,35-39,ชาย,420
ฉะเชิงเทรา,โรคลมพิษ,35-39,หญิง,891
ฉะเชิงเทรา,โรคลมพิษ,40-44,ชาย,374
ฉะเชิงเทรา,โรคลมพิษ,40-44,หญิง,815
ฉะเชิงเทรา,โรคลมพิษ,45-49,ชาย,331
ฉะเชิงเทรา,โรคลมพิษ,45-49,หญิง,759
ฉะเชิงเทรา,โรคลมพิษ,5-9,ชาย,960
ฉะเชิงเทรา,โรคลมพิษ,5-9,หญิง,747
ฉะเชิงเทรา,โรคลมพิษ,5-9,ไม่ระบุ,1
ฉะเชิงเทรา,โรคลมพิษ,50-54,ชาย,294
ฉะเชิงเทรา,โรคลมพิษ,50-54,หญิง,739
ฉะเชิงเทรา,โรคลมพิษ,55-59,ชาย,328
ฉะเชิงเทรา,โรคลมพิษ,55-59,หญิง,621
ฉะเชิงเทรา,โรคลมพิษ,60-64,ชาย,275
ฉะเชิงเทรา,โรคลมพิษ,60-64,หญิง,580
ฉะเชิงเทรา,โรคลมพิษ,60-64,ไม่ระบุ,1
ฉะเชิงเทรา,โรคลมพิษ,65-69,ชาย,209
ฉะเชิงเทรา,โรคลมพิษ,65-69,หญิง,393
ฉะเชิงเทรา,โรคลมพิษ,70-74,ชาย,167
ฉะเชิงเทรา,โรคลมพิษ,70-74,หญิง,271
ฉะเชิงเทรา,โรคลมพิษ,75-79,ชาย,115
ฉะเชิงเทรา,โรคลมพิษ,75-79,หญิง,149
ฉะเชิงเทรา,โรคลมพิษ,80+,ชาย,110
ฉะเชิงเทรา,โรคลมพิษ,80+,หญิง,185
ฉะเชิงเทรา,โรคลมพิษ,ไม่ทราบ,ไม่ระบุ,249
ฉะเชิงเทรา,โรคหอบหืด,0-4,ชาย,2779
ฉะเชิงเทรา,โรคหอบหืด,0-4,หญิง,1703
ฉะเชิงเทรา,โรคหอบหืด,10-14,ชาย,2716
ฉะเชิงเทรา,โรคหอบหืด,10-14,หญิง,1292
ฉะเชิงเทรา,โรคหอบหืด,15-19,ชาย,934
ฉะเชิงเทรา,โรคหอบหืด,15-19,หญิง,658
ฉะเชิงเทรา,โรคหอบหืด,20-24,ชาย,421
ฉะเชิงเทรา,โรคหอบหืด,20-24,หญิง,506
ฉะเชิงเทรา,โรคหอบหืด,25-29,ชาย,461
ฉะเชิงเทรา,โรคหอบหืด,25-29,หญิง,719
ฉะเชิงเทรา,โรคหอบหืด,30-34,ชาย,412
ฉะเชิงเทรา,โรคหอบหืด,30-34,หญิง,940
ฉะเชิงเทรา,โรคหอบหืด,35-39,ชาย,790
ฉะเชิงเทรา,โรคหอบหืด,35-39,หญิง,1208
ฉะเชิงเทรา,โรคหอบหืด,35-39,ไม่ระบุ,1
ฉะเชิงเทรา,โรคหอบหืด,40-44,ชาย,1112
ฉะเชิงเทรา,โรคหอบหืด,40-44,หญิง,1763
ฉะเชิงเทรา,โรคหอบหืด,45-49,ชาย,1209
ฉะเชิงเทรา,โรคหอบหืด,45-49,หญิง,2461
ฉะเชิงเทรา,โรคหอบหืด,5-9,ชาย,4658
ฉะเชิงเทรา,โรคหอบหืด,5-9,หญิง,2812
ฉะเชิงเทรา,โรคหอบหืด,50-54,ชาย,1182
ฉะเชิงเทรา,โรคหอบหืด,50-54,หญิง,3010
ฉะเชิงเทรา,โรคหอบหืด,55-59,ชาย,1222
ฉะเชิงเทรา,โรคหอบหืด,55-59,หญิง,3272
ฉะเชิงเทรา,โรคหอบหืด,60-64,ชาย,1223
ฉะเชิงเทรา,โรคหอบหืด,60-64,หญิง,3297
ฉะเชิงเทรา,โรคหอบหืด,65-69,ชาย,817
ฉะเชิงเทรา,โรคหอบหืด,65-69,หญิง,2592
ฉะเชิงเทรา,โรคหอบหืด,70-74,ชาย,793
ฉะเชิงเทรา,โรคหอบหืด,70-74,หญิง,1984
ฉะเชิงเทรา,โรคหอบหืด,75-79,ชาย,499
ฉะเชิงเทรา,โรคหอบหืด,75-79,หญิง,1222
ฉะเชิงเทรา,โรคหอบหืด,80+,ชาย,284
ฉะเชิงเทรา,โรคหอบหืด,80+,หญิง,1321
ฉะเชิงเทรา,โรคหอบหืด,ไม่ทราบ,ไม่ระบุ,76
ฉะเชิงเทรา,โรคเยื่อจมูกอักเสบจากภูมิแพ้,0-4,ชาย,1081
ฉะเชิงเทรา,โรคเยื่อจมูกอักเสบจากภูมิแพ้,0-4,หญิง,864
ฉะเชิงเทรา,โรคเยื่อจมูกอักเสบจากภูมิแพ้,10-14,ชาย,1182
ฉะเชิงเทรา,โรคเยื่อจมูกอักเสบจากภูมิแพ้,10-14,หญิง,711
ฉะเชิงเทรา,โรคเยื่อจมูกอักเสบจากภูมิแพ้,15-19,ชาย,337
ฉะเชิงเทรา,โรคเยื่อจมูกอักเสบจากภูมิแพ้,15-19,หญิง,414
ฉะเชิงเทรา,โรคเยื่อจมูกอักเสบจากภูมิแพ้,20-24,ชาย,287
ฉะเชิงเทรา,โรคเยื่อจมูกอักเสบจากภูมิแพ้,20-24,หญิง,526
ฉะเชิงเทรา,โรคเยื่อจมูกอักเสบจากภูมิแพ้,25-29,ชาย,386
ฉะเชิงเทรา,โรคเยื่อจมูกอักเสบจากภูมิแพ้,25-29,หญิง,765
ฉะเชิงเทรา,โรคเยื่อจมูกอักเสบจากภูมิแพ้,30-34,ชาย,379
ฉะเชิงเทรา,โรคเยื่อจมูกอักเสบจากภูมิแพ้,30-34,หญิง,864
ฉะเชิงเทรา,โรคเยื่อจมูกอักเสบจากภูมิแพ้,35-39,ชาย,283
ฉะเชิงเทรา,โรคเยื่อจมูกอักเสบจากภูมิแพ้,35-39,หญิง,760
ฉะเชิงเทรา,โรคเยื่อจมูกอักเสบจากภูมิแพ้,40-44,ชาย,375
ฉะเชิงเทรา,โรคเยื่อจมูกอักเสบจากภูมิแพ้,40-44,หญิง,829
ฉะเชิงเทรา,โรคเยื่อจมูกอักเสบจากภูมิแพ้,40-44,ไม่ระบุ,2
ฉะเชิงเทรา,โรคเยื่อจมูกอักเสบจากภูมิแพ้,45-49,ชาย,260
ฉะเชิงเทรา,โรคเยื่อจมูกอักเสบจากภูมิแพ้,45-49,หญิง,853
ฉะเชิงเทรา,โรคเยื่อจมูกอักเสบจากภูมิแพ้,5-9,ชาย,1977
ฉะเชิงเทรา,โรคเยื่อจมูกอักเสบจากภูมิแพ้,5-9,หญิง,1443
ฉะเชิงเทรา,โรคเยื่อจมูกอักเสบจากภูมิแพ้,50-54,ชาย,314
ฉะเชิงเทรา,โรคเยื่อจมูกอักเสบจากภูมิแพ้,50-54,หญิง,839
ฉะเชิงเทรา,โรคเยื่อจมูกอักเสบจากภูมิแพ้,55-59,ชาย,386
ฉะเชิงเทรา,โรคเยื่อจมูกอักเสบจากภูมิแพ้,55-59,หญิง,730
ฉะเชิงเทรา,โรคเยื่อจมูกอักเสบจากภูมิแพ้,60-64,ชาย,400
ฉะเชิงเทรา,โรคเยื่อจมูกอักเสบจากภูมิแพ้,60-64,หญิง,571
ฉะเชิงเทรา,โรคเยื่อจมูกอักเสบจากภูมิแพ้,65-69,ชาย,276
ฉะเชิงเทรา,โรคเยื่อจมูกอักเสบจากภูมิแพ้,65-69,หญิง,499
ฉะเชิงเทรา,โรคเยื่อจมูกอักเสบจากภูมิแพ้,70-74,ชาย,300
ฉะเชิงเทรา,โรคเยื่อจมูกอักเสบจากภูมิแพ้,70-74,หญิง,372
ฉะเชิงเทรา,โรคเยื่อจมูกอักเสบจากภูมิแพ้,75-79,ชาย,172
ฉะเชิงเทรา,โรคเยื่อจมูกอักเสบจากภูมิแพ้,75-79,หญิง,193
ฉะเชิงเทรา,โรคเยื่อจมูกอักเสบจากภูมิแพ้,80+,ชาย,218
ฉะเชิงเทรา,โรคเยื่อจมูกอักเสบจากภูมิแพ้,80+,หญิง,191
ฉะเชิงเทรา,โรคเยื่อจมูกอักเสบจากภูมิแพ้,ไม่ทราบ,ไม่ระบุ,37
ฉะเชิงเทรา,โรคเยื่อบุตาอักเสบ,0-4,ชาย,984
ฉะเชิงเทรา,โรคเยื่อบุตาอักเสบ,0-4,หญิง,753
ฉะเชิงเทรา,โรคเยื่อบุตาอักเสบ,10-14,ชาย,611
ฉะเชิงเทรา,โรคเยื่อบุตาอักเสบ,10-14,หญิง,509
ฉะเชิงเทรา,โรคเยื่อบุตาอักเสบ,15-19,ชาย,550
ฉะเชิงเทรา,โรคเยื่อบุตาอักเสบ,15-19,หญิง,761
ฉะเชิงเทรา,โรคเยื่อบุตาอักเสบ,20-24,ชาย,851
ฉะเชิงเทรา,โรคเยื่อบุตาอักเสบ,20-24,หญิง,795
ฉะเชิงเทรา,โรคเยื่อบุตาอักเสบ,20-24,ไม่ระบุ,1
ฉะเชิงเทรา,โรคเยื่อบุตาอักเสบ,25-29,ชาย,936
ฉะเชิงเทรา,โรคเยื่อบุตาอักเสบ,25-29,หญิง,934
ฉะเชิงเทรา,โรคเยื่อบุตาอักเสบ,30-34,ชาย,930
ฉะเชิงเทรา,โรคเยื่อบุตาอักเสบ,30-34,หญิง,896
ฉะเชิงเทรา,โรคเยื่อบุตาอักเสบ,35-39,ชาย,833
ฉะเชิงเทรา,โรคเยื่อบุตาอักเสบ,35-39,หญิง,846
ฉะเชิงเทรา,โรคเยื่อบุตาอักเสบ,40-44,ชาย,859
ฉะเชิงเทรา,โรคเยื่อบุตาอักเสบ,40-44,หญิง,839
ฉะเชิงเทรา,โรคเยื่อบุตาอักเสบ,45-49,ชาย,729
ฉะเชิงเทรา,โรคเยื่อบุตาอักเสบ,45-49,หญิง,808
ฉะเชิงเทรา,โรคเยื่อบุตาอักเสบ,5-9,ชาย,918
ฉะเชิงเทรา,โรคเยื่อบุตาอักเสบ,5-9,หญิง,648
ฉะเชิงเทรา,โรคเยื่อบุตาอักเสบ,50-54,ชาย,593
ฉะเชิงเทรา,โรคเยื่อบุตาอักเสบ,50-54,หญิง,845
ฉะเชิงเทรา,โรคเยื่อบุตาอักเสบ,55-59,ชาย,641
ฉะเชิงเทรา,โรคเยื่อบุตาอักเสบ,55-59,หญิง,964
ฉะเชิงเทรา,โรคเยื่อบุตาอักเสบ,60-64,ชาย,609
ฉะเชิงเทรา,โรคเยื่อบุตาอักเสบ,60-64,หญิง,825
ฉะเชิงเทรา,โรคเยื่อบุตาอักเสบ,65-69,ชาย,514
ฉะเชิงเทรา,โรคเยื่อบุตาอักเสบ,65-69,หญิง,686
ฉะเชิงเทรา,โรคเยื่อบุตาอักเสบ,70-74,ชาย,363
ฉะเชิงเทรา,โรคเยื่อบุตาอักเสบ,70-74,หญิง,574
ฉะเชิงเทรา,โรคเยื่อบุตาอักเสบ,75-79,ชาย,291
ฉะเชิงเทรา,โรคเยื่อบุตาอักเสบ,75-79,หญิง,317
ฉะเชิงเทรา,โรคเยื่อบุตาอักเสบ,80+,ชาย,309
ฉะเชิงเทรา,โรคเยื่อบุตาอักเสบ,80+,หญิง,459
ฉะเชิงเทรา,โรคเยื่อบุตาอักเสบ,ไม่ทราบ,ไม่ระบุ,118
ชลบุรี,โรคติดเชื้อทางเดินหายใจส่วนบนเฉียบพลัน,0-4,ชาย,106738
ชลบุรี,โรคติดเชื้อทางเดินหายใจส่วนบนเฉียบพลัน,0-4,หญิง,93742
ชลบุรี,โรคติดเชื้อทางเดินหายใจส่วนบนเฉียบพลัน,10-14,ชาย,40540
ชลบุรี,โรคติดเชื้อทางเดินหายใจส่วนบนเฉียบพลัน,10-14,หญิง,35591
ชลบุรี,โรคติดเชื้อทางเดินหายใจส่วนบนเฉียบพลัน,10-14,ไม่ระบุ,2
ชลบุรี,โรคติดเชื้อทางเดินหายใจส่วนบนเฉียบพลัน,15-19,ชาย,33084
ชลบุรี,โรคติดเชื้อทางเดินหายใจส่วนบนเฉียบพลัน,15-19,หญิง,42812
ชลบุรี,โรคติดเชื้อทางเดินหายใจส่วนบนเฉียบพลัน,20-24,ชาย,57623
ชลบุรี,โรคติดเชื้อทางเดินหายใจส่วนบนเฉียบพลัน,20-24,หญิง,78872
ชลบุรี,โรคติดเชื้อทางเดินหายใจส่วนบนเฉียบพลัน,25-29,ชาย,60762
ชลบุรี,โรคติดเชื้อทางเดินหายใจส่วนบนเฉียบพลัน,25-29,หญิง,81673
ชลบุรี,โรคติดเชื้อทางเดินหายใจส่วนบนเฉียบพลัน,30-34,ชาย,47585
ชลบุรี,โรคติดเชื้อทางเดินหายใจส่วนบนเฉียบพลัน,30-34,หญิง,65488
ชลบุรี,โรคติดเชื้อทางเดินหายใจส่วนบนเฉียบพลัน,35-39,ชาย,36132
ชลบุรี,โรคติดเชื้อทางเดินหายใจส่วนบนเฉียบพลัน,35-39,หญิง,51053
ชลบุรี,โรคติดเชื้อทางเดินหายใจส่วนบนเฉียบพลัน,40-44,ชาย,31483
ชลบุรี,โรคติดเชื้อทางเดินหายใจส่วนบนเฉียบพลัน,40-44,หญิง,45527
ชลบุรี,โรคติดเชื้อทางเดินหายใจส่วนบนเฉียบพลัน,45-49,ชาย,23682
ชลบุรี,โรคติดเชื้อทางเดินหายใจส่วนบนเฉียบพลัน,45-49,หญิง,37870
ชลบุรี,โรคติดเชื้อทางเดินหายใจส่วนบนเฉียบพลัน,5-9,ชาย,73538
ชลบุรี,โรคติดเชื้อทางเดินหายใจส่วนบนเฉียบพลัน,5-9,หญิง,67247
ชลบุรี,โรคติดเชื้อทางเดินหายใจส่วนบนเฉียบพลัน,50-54,ชาย,18213
ชลบุรี,โรคติดเชื้อทางเดินหายใจส่วนบนเฉียบพลัน,50-54,หญิง,32480
ชลบุรี,โรคติดเชื้อทางเดินหายใจส่วนบนเฉียบพลัน,55-59,ชาย,13907
ชลบุรี,โรคติดเชื้อทางเดินหายใจส่วนบนเฉียบพลัน,55-59,หญิง,27026
ชลบุรี,โรคติดเชื้อทางเดินหายใจส่วนบนเฉียบพลัน,60-64,ชาย,12150
ชลบุรี,โรคติดเชื้อทางเดินหายใจส่วนบนเฉียบพลัน,60-64,หญิง,21879
ชลบุรี,โรคติดเชื้อทางเดินหายใจส่วนบนเฉียบพลัน,65-69,ชาย,9948
ชลบุรี,โรคติดเชื้อทางเดินหายใจส่วนบนเฉียบพลัน,65-69,หญิง,16447
ชลบุรี,โรคติดเชื้อทางเดินหายใจส่วนบนเฉียบพลัน,70-74,ชาย,7608
ชลบุรี,โรคติดเชื้อทางเดินหายใจส่วนบนเฉียบพลัน,70-74,หญิง,11451
ชลบุรี,โรคติดเชื้อทางเดินหายใจส่วนบนเฉียบพลัน,75-79,ชาย,4912
ชลบุรี,โรคติดเชื้อทางเดินหายใจส่วนบนเฉียบพลัน,75-79,หญิง,6502
ชลบุรี,โรคติดเชื้อทางเดินหายใจส่วนบนเฉียบพลัน,80+,ชาย,4650
ชลบุรี,โรคติดเชื้อทางเดินหายใจส่วนบนเฉียบพลัน,80+,หญิง,6843
ชลบุรี,โรคติดเชื้อทางเดินหายใจส่วนบนเฉียบพลัน,ไม่ทราบ,ชาย,58
ชลบุรี,โรคติดเชื้อทางเดินหายใจส่วนบนเฉียบพลัน,ไม่ทราบ,หญิง,48
ชลบุรี,โรคติดเชื้อทางเดินหายใจส่วนบนเฉียบพลัน,ไม่ทราบ,ไม่ระบุ,18543
ชลบุรี,โรคปอดอุดกั้นเรื้อรัง,0-4,ชาย,44
ชลบุรี,โรคปอดอุดกั้นเรื้อรัง,0-4,หญิง,20
ชลบุรี,โรคปอดอุดกั้นเรื้อรัง,10-14,ชาย,7
ชลบุรี,โรคปอดอุดกั้นเรื้อรัง,10-14,หญิง,1
ชลบุรี,โรคปอดอุดกั้นเรื้อรัง,15-19,ชาย,13
ชลบุรี,โรคปอดอุดกั้นเรื้อรัง,20-24,ชาย,29
ชลบุรี,โรคปอดอุดกั้นเรื้อรัง,20-24,หญิง,6
ชลบุรี,โรคปอดอุดกั้นเรื้อรัง,25-29,ชาย,54
ชลบุรี,โรคปอดอุดกั้นเรื้อรัง,25-29,หญิง,26
ชลบุรี,โรคปอดอุดกั้นเรื้อรัง,30-34,ชาย,137
ชลบุรี,โรคปอดอุดกั้นเรื้อรัง,30-34,หญิง,17
ชลบุรี,โรคปอดอุดกั้นเรื้อรัง,35-39,ชาย,257
ชลบุรี,โรคปอดอุดกั้นเรื้อรัง,35-39,หญิง,50
ชลบุรี,โรคปอดอุดกั้นเรื้อรัง,40-44,ชาย,534
ชลบุรี,โรคปอดอุดกั้นเรื้อรัง,40-44,หญิง,74
ชลบุรี,โรคปอดอุดกั้นเรื้อรัง,45-49,ชาย,1148
ชลบุรี,โรคปอดอุดกั้นเรื้อรัง,45-49,หญิง,197
ชลบุรี,โรคปอดอุดกั้นเรื้อรัง,5-9,ชาย,10
ชลบุรี,โรคปอดอุดกั้นเรื้อรัง,5-9,หญิง,8
ชลบุรี,โรคปอดอุดกั้นเรื้อรัง,50-54,ชาย,2142
ชลบุรี,โรคปอดอุดกั้นเรื้อรัง,50-54,หญิง,364
ชลบุรี,โรคปอดอุดกั้นเรื้อรัง,55-59,ชาย,3220
ชลบุรี,โรคปอดอุดกั้นเรื้อรัง,55-59,หญิง,585
ชลบุรี,โรคปอดอุดกั้นเรื้อรัง,60-64,ชาย,4728
ชลบุรี,โรคปอดอุดกั้นเรื้อรัง,60-64,หญิง,830
ชลบุรี,โรคปอดอุดกั้นเรื้อรัง,65-69,ชาย,6027
ชลบุรี,โรคปอดอุดกั้นเรื้อรัง,65-69,หญิง,852
ชลบุรี,โรคปอดอุดกั้นเรื้อรัง,70-74,ชาย,5423
ชลบุรี,โรคปอดอุดกั้นเรื้อรัง,70-74,หญิง,1275
ชลบุรี,โรคปอดอุดกั้นเรื้อรัง,75-79,ชาย,4849
ชลบุรี,โรคปอดอุดกั้นเรื้อรัง,75-79,หญิง,1115
ชลบุรี,โรคปอดอุดกั้นเรื้อรัง,80+,ชาย,6623
ชลบุรี,โรคปอดอุดกั้นเรื้อรัง,80+,หญิง,1602
ชลบุรี,โรคปอดอุดกั้นเรื้อรัง,ไม่ทราบ,ไม่ระบุ,278
ชลบุรี,โรคผิวหนังอักเสบ,0-4,ชาย,2493
ชลบุรี,โรคผิวหนังอักเสบ,0-4,หญิง,2291
ชลบุรี,โรคผิวหนังอักเสบ,10-14,ชาย,1186
ชลบุรี,โรคผิวหนังอักเสบ,10-14,หญิง,1104
ชลบุรี,โรคผิวหนังอักเสบ,15-19,ชาย,1059
ชลบุรี,โรคผิวหนังอักเสบ,15-19,หญิง,1853
ชลบุรี,โรคผิวหนังอักเสบ,20-24,ชาย,1660
ชลบุรี,โรคผิวหนังอักเสบ,20-24,หญิง,3048
ชลบุรี,โรคผิวหนังอักเสบ,25-29,ชาย,1762
ชลบุรี,โรคผิวหนังอักเสบ,25-29,หญิง,3380
ชลบุรี,โรคผิวหนังอักเสบ,30-34,ชาย,1582
ชลบุรี,โรคผิวหนังอักเสบ,30-34,หญิง,3202
ชลบุรี,โรคผิวหนังอักเสบ,35-39,ชาย,1463
ชลบุรี,โรคผิวหนังอักเสบ,35-39,หญิง,2964
ชลบุรี,โรคผิวหนังอักเสบ,40-44,ชาย,1709
ชลบุรี,โรคผิวหนังอักเสบ,40-44,หญิง,3174
ชลบุรี,โรคผิวหนังอักเสบ,45-49,ชาย,1655
ชลบุรี,โรคผิวหนังอักเสบ,45-49,หญิง,3586
ชลบุรี,โรคผิวหนังอักเสบ,5-9,ชาย,1629
ชลบุรี,โรคผิวหนังอักเสบ,5-9,หญิง,1508
ชลบุรี,โรคผิวหนังอักเสบ,50-54,ชาย,1864
ชลบุรี,โรคผิวหนังอักเสบ,50-54,หญิง,3443
ชลบุรี,โรคผิวหนังอักเสบ,55-59,ชาย,1873
ชลบุรี,โรคผิวหนังอักเสบ,55-59,หญิง,3262
ชลบุรี,โรคผิวหนังอักเสบ,60-64,ชาย,2077
ชลบุรี,โรคผิวหนังอักเสบ,60-64,หญิง,2949
ชลบุรี,โรคผิวหนังอักเสบ,65-69,ชาย,1919
ชลบุรี,โรคผิวหนังอักเสบ,65-69,หญิง,2453
ชลบุรี,โรคผิวหนังอักเสบ,70-74,ชาย,1383
ชลบุรี,โรคผิวหนังอักเสบ,70-74,หญิง,1596
ชลบุรี,โรคผิวหนังอักเสบ,75-79,ชาย,1038
ชลบุรี,โรคผิวหนังอักเสบ,75-79,หญิง,1142
ชลบุรี,โรคผิวหนังอักเสบ,80+,ชาย,1063
ชลบุรี,โรคผิวหนังอักเสบ,80+,หญิง,1375
ชลบุรี,โรคผิวหนังอักเสบ,ไม่ทราบ,ชาย,3
ชลบุรี,โรคผิวหนังอักเสบ,ไม่ทราบ,หญิง,3
ชลบุรี,โรคผิวหนังอักเสบ,ไม่ทราบ,ไม่ระบุ,1064
ชลบุรี,โรคลมพิษ,0-4,ชาย,1788
ชลบุรี,โรคลมพิษ,0-4,หญิง,1417
ชลบุรี,โรคลมพิษ,10-14,ชาย,1153
ชลบุรี,โรคลมพิษ,10-14,หญิง,1068
ชลบุรี,โรคลมพิษ,15-19,ชาย,948
ชลบุรี,โรคลมพิษ,15-19,หญิง,1784
ชลบุรี,โรคลมพิษ,20-24,ชาย,1424
ชลบุรี,โรคลมพิษ,20-24,หญิง,3299
ชลบุรี,โรคลมพิษ,25-29,ชาย,1561
ชลบุรี,โรคลมพิษ,25-29,หญิง,3667
ชลบุรี,โรคลมพิษ,30-34,ชาย,1389
ชลบุรี,โรคลมพิษ,30-34,หญิง,3196
ชลบุรี,โรคลมพิษ,35-39,ชาย,1006
ชลบุรี,โรคลมพิษ,35-39,หญิง,2604
ชลบุรี,โรคลมพิษ,40-44,ชาย,963
ชลบุรี,โรคลมพิษ,40-44,หญิง,2604
ชลบุรี,โรคลมพิษ,45-49,ชาย,788
ชลบุรี,โรคลมพิษ,45-49,หญิง,2300
ชลบุรี,โรคลมพิษ,5-9,ชาย,1496
ชลบุรี,โรคลมพิษ,5-9,หญิง,1086
ชลบุรี,โรคลมพิษ,50-54,ชาย,666
ชลบุรี,โรคลมพิษ,50-54,หญิง,1822
ชลบุรี,โรคลมพิษ,55-59,ชาย,557
ชลบุรี,โรคลมพิษ,55-59,หญิง,1322
ชลบุรี,โรคลมพิษ,60-64,ชาย,540
ชลบุรี,โรคลมพิษ,60-64,หญิง,1110
ชลบุรี,โรคลมพิษ,65-69,ชาย,396
ชลบุรี,โรคลมพิษ,65-69,หญิง,813
ชลบุรี,โรคลมพิษ,70-74,ชาย,294
ชลบุรี,โรคลมพิษ,70-74,หญิง,462
ชลบุรี,โรคลมพิษ,75-79,ชาย,125
ชลบุรี,โรคลมพิษ,75-79,หญิง,220
ชลบุรี,โรคลมพิษ,80+,ชาย,111
ชลบุรี,โรคลมพิษ,80+,หญิง,224
ชลบุรี,โรคลมพิษ,ไม่ทราบ,ชาย,2
ชลบุรี,โรคลมพิษ,ไม่ทราบ,ไม่ระบุ,352
ชลบุรี,โรคหอบหืด,0-4,ชาย,4016
ชลบุรี,โรคหอบหืด,0-4,หญิง,2337
ชลบุรี,โรคหอบหืด,10-14,ชาย,2997
ชลบุรี,โรคหอบหืด,10-14,หญิง,1502
ชลบุรี,โรคหอบหืด,10-14,ไม่ระบุ,1
ชลบุรี,โรคหอบหืด,15-19,ชาย,952
ชลบุรี,โรคหอบหืด,15-19,หญิง,850
ชลบุรี,โรคหอบหืด,20-24,ชาย,1076
ชลบุรี,โรคหอบหืด,20-24,หญิง,1292
ชลบุรี,โรคหอบหืด,25-29,ชาย,1422
ชลบุรี,โรคหอบหืด,25-29,หญิง,2038
ชลบุรี,โรคหอบหืด,30-34,ชาย,1525
ชลบุรี,โรคหอบหืด,30-34,หญิง,2712
ชลบุรี,โรคหอบหืด,35-39,ชาย,2077
ชลบุรี,โรคหอบหืด,35-39,หญิง,3390
ชลบุรี,โรคหอบหืด,40-44,ชาย,2767
ชลบุรี,โรคหอบหืด,40-44,หญิง,4748
ชลบุรี,โรคหอบหืด,45-49,ชาย,2732
ชลบุรี,โรคหอบหืด,45-49,หญิง,5153
ชลบุรี,โรคหอบหืด,5-9,ชาย,6873
ชลบุรี,โรคหอบหืด,5-9,หญิง,4270
ชลบุรี,โรคหอบหืด,50-54,ชาย,2570
ชลบุรี,โรคหอบหืด,50-54,หญิง,6283
ชลบุรี,โรคหอบหืด,55-59,ชาย,2747
ชลบุรี,โรคหอบหืด,55-59,หญิง,6155
ชลบุรี,โรคหอบหืด,60-64,ชาย,2413
ชลบุรี,โรคหอบหืด,60-64,หญิง,5793
ชลบุรี,โรคหอบหืด,65-69,ชาย,2157
ชลบุรี,โรคหอบหืด,65-69,หญิง,4642
ชลบุรี,โรคหอบหืด,70-74,ชาย,1476
ชลบุรี,โรคหอบหืด,70-74,หญิง,3825
ชลบุรี,โรคหอบหืด,75-79,ชาย,856
ชลบุรี,โรคหอบหืด,75-79,หญิง,2425
ชลบุรี,โรคหอบหืด,80+,ชาย,727
ชลบุรี,โรคหอบหืด,80+,หญิง,2582
ชลบุรี,โรคหอบหืด,ไม่ทราบ,ไม่ระบุ,1359
ชลบุรี,โรคเยื่อจมูกอักเสบจากภูมิแพ้,0-4,ชาย,2457
ชลบุรี,โรคเยื่อจมูกอักเสบจากภูมิแพ้,0-4,หญิง,1912
ชลบุรี,โรคเยื่อจมูกอักเสบจากภูมิแพ้,10-14,ชาย,3710
ชลบุรี,โรคเยื่อจมูกอักเสบจากภูมิแพ้,10-14,หญิง,2026
ชลบุรี,โรคเยื่อจมูกอักเสบจากภูมิแพ้,15-19,ชาย,1270
ชลบุรี,โรคเยื่อจมูกอักเสบจากภูมิแพ้,15-19,หญิง,1458
ชลบุรี,โรคเยื่อจมูกอักเสบจากภูมิแพ้,20-24,ชาย,1557
ชลบุรี,โรคเยื่อจมูกอักเสบจากภูมิแพ้,20-24,หญิง,2992
ชลบุรี,โรคเยื่อจมูกอักเสบจากภูมิแพ้,25-29,ชาย,2287
ชลบุรี,โรคเยื่อจมูกอักเสบจากภูมิแพ้,25-29,หญิง,4105
ชลบุรี,โรคเยื่อจมูกอักเสบจากภูมิแพ้,30-34,ชาย,2125
ชลบุรี,โรคเยื่อจมูกอักเสบจากภูมิแพ้,30-34,หญิง,3878
ชลบุรี,โรคเยื่อจมูกอักเสบจากภูมิแพ้,35-39,ชาย,1693
ชลบุรี,โรคเยื่อจมูกอักเสบจากภูมิแพ้,35-39,หญิง,3667
ชลบุรี,โรคเยื่อจมูกอักเสบจากภูมิแพ้,40-44,ชาย,1640
ชลบุรี,โรคเยื่อจมูกอักเสบจากภูมิแพ้,40-44,หญิง,3706
ชลบุรี,โรคเยื่อจมูกอักเสบจากภูมิแพ้,45-49,ชาย,1617
ชลบุรี,โรคเยื่อจมูกอักเสบจากภูมิแพ้,45-49,หญิง,3553
ชลบุรี,โรคเยื่อจมูกอักเสบจากภูมิแพ้,5-9,ชาย,5845
ชลบุรี,โรคเยื่อจมูกอักเสบจากภูมิแพ้,5-9,หญิง,3721
ชลบุรี,โรคเยื่อจมูกอักเสบจากภูมิแพ้,5-9,ไม่ระบุ,2
ชลบุรี,โรคเยื่อจมูกอักเสบจากภูมิแพ้,50-54,ชาย,1593
ชลบุรี,โรคเยื่อจมูกอักเสบจากภูมิแพ้,50-54,หญิง,3150
ชลบุรี,โรคเยื่อจมูกอักเสบจากภูมิแพ้,55-59,ชาย,1536
ชลบุรี,โรคเยื่อจมูกอักเสบจากภูมิแพ้,55-59,หญิง,2979
ชลบุรี,โรคเยื่อจมูกอักเสบจากภูมิแพ้,60-64,ชาย,1766
ชลบุรี,โรคเยื่อจมูกอักเสบจากภูมิแพ้,60-64,หญิง,2889
ชลบุรี,โรคเยื่อจมูกอักเสบจากภูมิแพ้,65-69,ชาย,1572
ชลบุรี,โรคเยื่อจมูกอักเสบจากภูมิแพ้,65-69,หญิง,2304
ชลบุรี,โรคเยื่อจมูกอักเสบจากภูมิแพ้,70-74,ชาย,1189
ชลบุรี,โรคเยื่อจมูกอักเสบจากภูมิแพ้,70-74,หญิง,1440
ชลบุรี,โรคเยื่อจมูกอักเสบจากภูมิแพ้,75-79,ชาย,648
ชลบุรี,โรคเยื่อจมูกอักเสบจากภูมิแพ้,75-79,หญิง,815
ชลบุรี,โรคเยื่อจมูกอักเสบจากภูมิแพ้,80+,ชาย,601
ชลบุรี,โรคเยื่อจมูกอักเสบจากภูมิแพ้,80+,หญิง,614
ชลบุรี,โรคเยื่อจมูกอักเสบจากภูมิแพ้,ไม่ทราบ,ชาย,1
ชลบุรี,โรคเยื่อจมูกอักเสบจากภูมิแพ้,ไม่ทราบ,ไม่ระบุ,1480
ชลบุรี,โรคเยื่อบุตาอักเสบ,0-4,ชาย,2567
ชลบุรี,โรคเยื่อบุตาอักเสบ,0-4,หญิง,2097
ชลบุรี,โรคเยื่อบุตาอักเสบ,10-14,ชาย,1723
ชลบุรี,โรคเยื่อบุตาอักเสบ,10-14,หญิง,1312
ชลบุรี,โรคเยื่อบุตาอักเสบ,15-19,ชาย,1749
ชลบุรี,โรคเยื่อบุตาอักเสบ,15-19,หญิง,2276
ชลบุรี,โรคเยื่อบุตาอักเสบ,20-24,ชาย,3578
ชลบุรี,โรคเยื่อบุตาอักเสบ,20-24,หญิง,3735
ชลบุรี,โรคเยื่อบุตาอักเสบ,25-29,ชาย,4062
ชลบุรี,โรคเยื่อบุตาอักเสบ,25-29,หญิง,4150
ชลบุรี,โรคเยื่อบุตาอักเสบ,25-29,ไม่ระบุ,1
ชลบุรี,โรคเยื่อบุตาอักเสบ,30-34,ชาย,3539
ชลบุรี,โรคเยื่อบุตาอักเสบ,30-34,หญิง,3621
ชลบุรี,โรคเยื่อบุตาอักเสบ,35-39,ชาย,3082
ชลบุรี,โรคเยื่อบุตาอักเสบ,35-39,หญิง,2904
ชลบุรี,โรคเยื่อบุตาอักเสบ,40-44,ชาย,2967
ชลบุรี,โรคเยื่อบุตาอักเสบ,40-44,หญิง,2829
ชลบุรี,โรคเยื่อบุตาอักเสบ,45-49,ชาย,2469
ชลบุรี,โรคเยื่อบุตาอักเสบ,45-49,หญิง,2636
ชลบุรี,โรคเยื่อบุตาอักเสบ,5-9,ชาย,2540
ชลบุรี,โรคเยื่อบุตาอักเสบ,5-9,หญิง,1864
ชลบุรี,โรคเยื่อบุตาอักเสบ,50-54,ชาย,2129
ชลบุรี,โรคเยื่อบุตาอักเสบ,50-54,หญิง,2882
ชลบุรี,โรคเยื่อบุตาอักเสบ,55-59,ชาย,1795
ชลบุรี,โรคเยื่อบุตาอักเสบ,55-59,หญิง,2847
ชลบุรี,โรคเยื่อบุตาอักเสบ,60-64,ชาย,1511
ชลบุรี,โรคเยื่อบุตาอักเสบ,60-64,หญิง,2525
ชลบุรี,โรคเยื่อบุตาอักเสบ,65-69,ชาย,1286
ชลบุรี,โรคเยื่อบุตาอักเสบ,65-69,หญิง,2080
ชลบุรี,โรคเยื่อบุตาอักเสบ,70-74,ชาย,836
ชลบุรี,โรคเยื่อบุตาอักเสบ,70-74,หญิง,1382
ชลบุรี,โรคเยื่อบุตาอักเสบ,75-79,ชาย,643
ชลบุรี,โรคเยื่อบุตาอักเสบ,75-79,หญิง,875
ชลบุรี,โรคเยื่อบุตาอักเสบ,80+,ชาย,671
ชลบุรี,โรคเยื่อบุตาอักเสบ,80+,หญิง,1068
ชลบุรี,โรคเยื่อบุตาอักเสบ,ไม่ทราบ,ชาย,4
ชลบุรี,โรคเยื่อบุตาอักเสบ,ไม่ทราบ,หญิง,4
ชลบุรี,โรคเยื่อบุตาอักเสบ,ไม่ทราบ,ไม่ระบุ,516
ชัยนาท,โรคติดเชื้อทางเดินหายใจส่วนบนเฉียบพลัน,0-4,ชาย,18455
ชัยนาท,โรคติดเชื้อทางเดินหายใจส่วนบนเฉียบพลัน,0-4,หญิง,16671
ชัยนาท,โรคติดเชื้อทางเดินหายใจส่วนบนเฉียบพลัน,10-14,ชาย,11828
ชัยนาท,โรคติดเชื้อทางเดินหายใจส่วนบนเฉียบพลัน,10-14,หญิง,10627
ชัยนาท,โรคติดเชื้อทางเดินหายใจส่วนบนเฉียบพลัน,15-19,ชาย,5745
ชัยนาท,โรคติดเชื้อทางเดินหายใจส่วนบนเฉียบพลัน,15-19,หญิง,6969
ชัยนาท,โรคติดเชื้อทางเดินหายใจส่วนบนเฉียบพลัน,20-24,ชาย,3291
ชัยนาท,โรคติดเชื้อทางเดินหายใจส่วนบนเฉียบพลัน,20-24,หญิง,5279
ชัยนาท,โรคติดเชื้อทางเดินหายใจส่วนบนเฉียบพลัน,25-29,ชาย,3604
ชัยนาท,โรคติดเชื้อทางเดินหายใจส่วนบนเฉียบพลัน,25-29,หญิง,6481
ชัยนาท,โรคติดเชื้อทางเดินหายใจส่วนบนเฉียบพลัน,30-34,ชาย,3366
ชัยนาท,โรคติดเชื้อทางเดินหายใจส่วนบนเฉียบพลัน,30-34,หญิง,6950
ชัยนาท,โรคติดเชื้อทางเดินหายใจส่วนบนเฉียบพลัน,35-39,ชาย,3018
ชัยนาท,โรคติดเชื้อทางเดินหายใจส่วนบนเฉียบพลัน,35-39,หญิง,6523
ชัยนาท,โรคติดเชื้อทางเดินหายใจส่วนบนเฉียบพลัน,40-44,ชาย,3339
ชัยนาท,โรคติดเชื้อทางเดินหายใจส่วนบนเฉียบพลัน,40-44,หญิง,6484
ชัยนาท,โรคติดเชื้อทางเดินหายใจส่วนบนเฉียบพลัน,45-49,ชาย,3615
ชัยนาท,โรคติดเชื้อทางเดินหายใจส่วนบนเฉียบพลัน,45-49,หญิง,7846
ชัยนาท,โรคติดเชื้อทางเดินหายใจส่วนบนเฉียบพลัน,5-9,ชาย,18165
ชัยนาท,โรคติดเชื้อทางเดินหายใจส่วนบนเฉียบพลัน,5-9,หญิง,16278
ชัยนาท,โรคติดเชื้อทางเดินหายใจส่วนบนเฉียบพลัน,50-54,ชาย,3839
ชัยนาท,โรคติดเชื้อทางเดินหายใจส่วนบนเฉียบพลัน,50-54,หญิง,9369
ชัยนาท,โรคติดเชื้อทางเดินหายใจส่วนบนเฉียบพลัน,55-59,ชาย,4737
ชัยนาท,โรคติดเชื้อทางเดินหายใจส่วนบนเฉียบพลัน,55-59,หญิง,11068
ชัยนาท,โรคติดเชื้อทางเดินหายใจส่วนบนเฉียบพลัน,60-64,ชาย,5484
ชัยนาท,โรคติดเชื้อทางเดินหายใจส่วนบนเฉียบพลัน,60-64,หญิง,11067
ชัยนาท,โรคติดเชื้อทางเดินหายใจส่วนบนเฉียบพลัน,65-69,ชาย,5309
ชัยนาท,โรคติดเชื้อทางเดินหายใจส่วนบนเฉียบพลัน,65-69,หญิง,9503
ชัยนาท,โรคติดเชื้อทางเดินหายใจส่วนบนเฉียบพลัน,70-74,ชาย,4848
ชัยนาท,โรคติดเชื้อทางเดินหายใจส่วนบนเฉียบพลัน,70-74,หญิง,7603
ชัยนาท,โรคติดเชื้อทางเดินหายใจส่วนบนเฉียบพลัน,75-79,ชาย,3206
ชัยนาท,โรคติดเชื้อทางเดินหายใจส่วนบนเฉียบพลัน,75-79,หญิง,4353
ชัยนาท,โรคติดเชื้อทางเดินหายใจส่วนบนเฉียบพลัน,80+,ชาย,3681
ชัยนาท,โรคติดเชื้อทางเดินหายใจส่วนบนเฉียบพลัน,80+,หญิง,4541
ชัยนาท,โรคติดเชื้อทางเดินหายใจส่วนบนเฉียบพลัน,ไม่ทราบ,ชาย,3
ชัยนาท,โรคติดเชื้อทางเดินหายใจส่วนบนเฉียบพลัน,ไม่ทราบ,หญิง,4
ชัยนาท,โรคติดเชื้อทางเดินหายใจส่วนบนเฉียบพลัน,ไม่ทราบ,ไม่ระบุ,2206
ชัยนาท,โรคปอดอุดกั้นเรื้อรัง,0-4,ชาย,4
ชัยนาท,โรคปอดอุดกั้นเรื้อรัง,0-4,หญิง,4
ชัยนาท,โรคปอดอุดกั้นเรื้อรัง,10-14,ชาย,2
ชัยนาท,โรคปอดอุดกั้นเรื้อรัง,15-19,ชาย,3
ชัยนาท,โรคปอดอุดกั้นเรื้อรัง,15-19,หญิง,1
ชัยนาท,โรคปอดอุดกั้นเรื้อรัง,20-24,ชาย,3
ชัยนาท,โรคปอดอุดกั้นเรื้อรัง,20-24,หญิง,7
ชัยนาท,โรคปอดอุดกั้นเรื้อรัง,25-29,ชาย,18
ชัยนาท,โรคปอดอุดกั้นเรื้อรัง,25-29,หญิง,2
ชัยนาท,โรคปอดอุดกั้นเรื้อรัง,30-34,ชาย,25
ชัยนาท,โรคปอดอุดกั้นเรื้อรัง,30-34,หญิง,8
ชัยนาท,โรคปอดอุดกั้นเรื้อรัง,35-39,ชาย,53
ชัยนาท,โรคปอดอุดกั้นเรื้อรัง,35-39,หญิง,20
ชัยนาท,โรคปอดอุดกั้นเรื้อรัง,40-44,ชาย,165
ชัยนาท,โรคปอดอุดกั้นเรื้อรัง,40-44,หญิง,55
ชัยนาท,โรคปอดอุดกั้นเรื้อรัง,45-49,ชาย,328
ชัยนาท,โรคปอดอุดกั้นเรื้อรัง,45-49,หญิง,72
ชัยนาท,โรคปอดอุดกั้นเรื้อรัง,5-9,ชาย,2
ชัยนาท,โรคปอดอุดกั้นเรื้อรัง,5-9,หญิง,2
ชัยนาท,โรคปอดอุดกั้นเรื้อรัง,50-54,ชาย,635
ชัยนาท,โรคปอดอุดกั้นเรื้อรัง,50-54,หญิง,99
ชัยนาท,โรคปอดอุดกั้นเรื้อรัง,55-59,ชาย,1621
ชัยนาท,โรคปอดอุดกั้นเรื้อรัง,55-59,หญิง,303
ชัยนาท,โรคปอดอุดกั้นเรื้อรัง,60-64,ชาย,2249
ชัยนาท,โรคปอดอุดกั้นเรื้อรัง,60-64,หญิง,630
ชัยนาท,โรคปอดอุดกั้นเรื้อรัง,65-69,ชาย,2963
ชัยนาท,โรคปอดอุดกั้นเรื้อรัง,65-69,หญิง,633
ชัยนาท,โรคปอดอุดกั้นเรื้อรัง,70-74,ชาย,3538
ชัยนาท,โรคปอดอุดกั้นเรื้อรัง,70-74,หญิง,765
ชัยนาท,โรคปอดอุดกั้นเรื้อรัง,75-79,ชาย,3089
ชัยนาท,โรคปอดอุดกั้นเรื้อรัง,75-79,หญิง,526
ชัยนาท,โรคปอดอุดกั้นเรื้อรัง,80+,ชาย,4744
ชัยนาท,โรคปอดอุดกั้นเรื้อรัง,80+,หญิง,976
ชัยนาท,โรคปอดอุดกั้นเรื้อรัง,80+,ไม่ระบุ,3
ชัยนาท,โรคปอดอุดกั้นเรื้อรัง,ไม่ทราบ,ไม่ระบุ,46
ชัยนาท,โรคผิวหนังอักเสบ,0-4,ชาย,339
ชัยนาท,โรคผิวหนังอักเสบ,0-4,หญิง,351
ชัยนาท,โรคผิวหนังอักเสบ,10-14,ชาย,294
ชัยนาท,โรคผิวหนังอักเสบ,10-14,หญิง,250
ชัยนาท,โรคผิวหนังอักเสบ,15-19,ชาย,183
ชัยนาท,โรคผิวหนังอักเสบ,15-19,หญิง,254
ชัยนาท,โรคผิวหนังอักเสบ,20-24,ชาย,137
ชัยนาท,โรคผิวหนังอักเสบ,20-24,หญิง,247
ชัยนาท,โรคผิวหนังอักเสบ,25-29,ชาย,147
ชัยนาท,โรคผิวหนังอักเสบ,25-29,หญิง,314
ชัยนาท,โรคผิวหนังอักเสบ,30-34,ชาย,137
ชัยนาท,โรคผิวหนังอักเสบ,30-34,หญิง,350
ชัยนาท,โรคผิวหนังอักเสบ,35-39,ชาย,130
ชัยนาท,โรคผิวหนังอักเสบ,35-39,หญิง,351
ชัยนาท,โรคผิวหนังอักเสบ,40-44,ชาย,165
ชัยนาท,โรคผิวหนังอักเสบ,40-44,หญิง,420
ชัยนาท,โรคผิวหนังอักเสบ,45-49,ชาย,207
ชัยนาท,โรคผิวหนังอักเสบ,45-49,หญิง,551
ชัยนาท,โรคผิวหนังอักเสบ,5-9,ชาย,309
ชัยนาท,โรคผิวหนังอักเสบ,5-9,หญิง,288
ชัยนาท,โรคผิวหนังอักเสบ,50-54,ชาย,244
ชัยนาท,โรคผิวหนังอักเสบ,50-54,หญิง,525
ชัยนาท,โรคผิวหนังอักเสบ,55-59,ชาย,337
ชัยนาท,โรคผิวหนังอักเสบ,55-59,หญิง,631
ชัยนาท,โรคผิวหนังอักเสบ,60-64,ชาย,353
ชัยนาท,โรคผิวหนังอักเสบ,60-64,หญิง,661
ชัยนาท,โรคผิวหนังอักเสบ,65-69,ชาย,392
ชัยนาท,โรคผิวหนังอักเสบ,65-69,หญิง,572
ชัยนาท,โรคผิวหนังอักเสบ,70-74,ชาย,284
ชัยนาท,โรคผิวหนังอักเสบ,70-74,หญิง,383
ชัยนาท,โรคผิวหนังอักเสบ,75-79,ชาย,188
ชัยนาท,โรคผิวหนังอักเสบ,75-79,หญิง,247
ชัยนาท,โรคผิวหนังอักเสบ,80+,ชาย,232
ชัยนาท,โรคผิวหนังอักเสบ,80+,หญิง,305
ชัยนาท,โรคผิวหนังอักเสบ,ไม่ทราบ,ไม่ระบุ,77
ชัยนาท,โรคลมพิษ,0-4,ชาย,365
ชัยนาท,โรคลมพิษ,0-4,หญิง,320
ชัยนาท,โรคลมพิษ,10-14,ชาย,361
ชัยนาท,โรคลมพิษ,10-14,หญิง,347
ชัยนาท,โรคลมพิษ,15-19,ชาย,245
ชัยนาท,โรคลมพิษ,15-19,หญิง,325
ชัยนาท,โรคลมพิษ,20-24,ชาย,142
ชัยนาท,โรคลมพิษ,20-24,หญิง,266
ชัยนาท,โรคลมพิษ,25-29,ชาย,135
ชัยนาท,โรคลมพิษ,25-29,หญิง,303
ชัยนาท,โรคลมพิษ,30-34,ชาย,128
ชัยนาท,โรคลมพิษ,30-34,หญิง,335
ชัยนาท,โรคลมพิษ,35-39,ชาย,128
ชัยนาท,โรคลมพิษ,35-39,หญิง,300
ชัยนาท,โรคลมพิษ,40-44,ชาย,99
ชัยนาท,โรคลมพิษ,40-44,หญิง,324
ชัยนาท,โรคลมพิษ,45-49,ชาย,129
ชัยนาท,โรคลมพิษ,45-49,หญิง,374
ชัยนาท,โรคลมพิษ,5-9,ชาย,342
ชัยนาท,โรคลมพิษ,5-9,หญิง,290
ชัยนาท,โรคลมพิษ,50-54,ชาย,127
ชัยนาท,โรคลมพิษ,50-54,หญิง,368
ชัยนาท,โรคลมพิษ,55-59,ชาย,173
ชัยนาท,โรคลมพิษ,55-59,หญิง,497
ชัยนาท,โรคลมพิษ,60-64,ชาย,225
ชัยนาท,โรคลมพิษ,60-64,หญิง,412
ชัยนาท,โรคลมพิษ,65-69,ชาย,198
ชัยนาท,โรคลมพิษ,65-69,หญิง,326
ชัยนาท,โรคลมพิษ,70-74,ชาย,193
ชัยนาท,โรคลมพิษ,70-74,หญิง,242
ชัยนาท,โรคลมพิษ,75-79,ชาย,122
ชัยนาท,โรคลมพิษ,75-79,หญิง,144
ชัยนาท,โรคลมพิษ,80+,ชาย,120
ชัยนาท,โรคลมพิษ,80+,หญิง,201
ชัยนาท,โรคลมพิษ,ไม่ทราบ,ไม่ระบุ,32
ชัยนาท,โรคหอบหืด,0-4,ชาย,1000
ชัยนาท,โรคหอบหืด,0-4,หญิง,577
ชัยนาท,โรคหอบหืด,10-14,ชาย,1162
ชัยนาท,โรคหอบหืด,10-14,หญิง,685
ชัยนาท,โรคหอบหืด,15-19,ชาย,365
ชัยนาท,โรคหอบหืด,15-19,หญิง,326
ชัยนาท,โรคหอบหืด,20-24,ชาย,309
ชัยนาท,โรคหอบหืด,20-24,หญิง,219
ชัยนาท,โรคหอบหืด,25-29,ชาย,251
ชัยนาท,โรคหอบหืด,25-29,หญิง,405
ชัยนาท,โรคหอบหืด,30-34,ชาย,400
ชัยนาท,โรคหอบหืด,30-34,หญิง,677
ชัยนาท,โรคหอบหืด,35-39,ชาย,307
ชัยนาท,โรคหอบหืด,35-39,หญิง,723
ชัยนาท,โรคหอบหืด,40-44,ชาย,551
ชัยนาท,โรคหอบหืด,40-44,หญิง,1140
ชัยนาท,โรคหอบหืด,45-49,ชาย,681
ชัยนาท,โรคหอบหืด,45-49,หญิง,1521
ชัยนาท,โรคหอบหืด,5-9,ชาย,2571
ชัยนาท,โรคหอบหืด,5-9,หญิง,1405
ชัยนาท,โรคหอบหืด,50-54,ชาย,706
ชัยนาท,โรคหอบหืด,50-54,หญิง,1681
ชัยนาท,โรคหอบหืด,55-59,ชาย,791
ชัยนาท,โรคหอบหืด,55-59,หญิง,1958
ชัยนาท,โรคหอบหืด,60-64,ชาย,717
ชัยนาท,โรคหอบหืด,60-64,หญิง,2516
ชัยนาท,โรคหอบหืด,65-69,ชาย,658
ชัยนาท,โรคหอบหืด,65-69,หญิง,2088
ชัยนาท,โรคหอบหืด,70-74,ชาย,497
ชัยนาท,โรคหอบหืด,70-74,หญิง,1561
ชัยนาท,โรคหอบหืด,75-79,ชาย,228
ชัยนาท,โรคหอบหืด,75-79,หญิง,694
ชัยนาท,โรคหอบหืด,80+,ชาย,210
ชัยนาท,โรคหอบหืด,80+,หญิง,923
ชัยนาท,โรคหอบหืด,80+,ไม่ระบุ,2
ชัยนาท,โรคหอบหืด,ไม่ทราบ,ไม่ระบุ,48
ชัยนาท,โรคเยื่อจมูกอักเสบจากภูมิแพ้,0-4,ชาย,1141
ชัยนาท,โรคเยื่อจมูกอักเสบจากภูมิแพ้,0-4,หญิง,980
ชัยนาท,โรคเยื่อจมูกอักเสบจากภูมิแพ้,10-14,ชาย,1363
ชัยนาท,โรคเยื่อจมูกอักเสบจากภูมิแพ้,10-14,หญิง,1130
ชัยนาท,โรคเยื่อจมูกอักเสบจากภูมิแพ้,15-19,ชาย,401
ชัยนาท,โรคเยื่อจมูกอักเสบจากภูมิแพ้,15-19,หญิง,492
ชัยนาท,โรคเยื่อจมูกอักเสบจากภูมิแพ้,20-24,ชาย,206
ชัยนาท,โรคเยื่อจมูกอักเสบจากภูมิแพ้,20-24,หญิง,384
ชัยนาท,โรคเยื่อจมูกอักเสบจากภูมิแพ้,25-29,ชาย,316
ชัยนาท,โรคเยื่อจมูกอักเสบจากภูมิแพ้,25-29,หญิง,586
ชัยนาท,โรคเยื่อจมูกอักเสบจากภูมิแพ้,30-34,ชาย,248
ชัยนาท,โรคเยื่อจมูกอักเสบจากภูมิแพ้,30-34,หญิง,777
ชัยนาท,โรคเยื่อจมูกอักเสบจากภูมิแพ้,35-39,ชาย,217
ชัยนาท,โรคเยื่อจมูกอักเสบจากภูมิแพ้,35-39,หญิง,670
ชัยนาท,โรคเยื่อจมูกอักเสบจากภูมิแพ้,40-44,ชาย,242
ชัยนาท,โรคเยื่อจมูกอักเสบจากภูมิแพ้,40-44,หญิง,788
ชัยนาท,โรคเยื่อจมูกอักเสบจากภูมิแพ้,45-49,ชาย,253
ชัยนาท,โรคเยื่อจมูกอักเสบจากภูมิแพ้,45-49,หญิง,1106
ชัยนาท,โรคเยื่อจมูกอักเสบจากภูมิแพ้,5-9,ชาย,2320
ชัยนาท,โรคเยื่อจมูกอักเสบจากภูมิแพ้,5-9,หญิง,1847
ชัยนาท,โรคเยื่อจมูกอักเสบจากภูมิแพ้,50-54,ชาย,299
ชัยนาท,โรคเยื่อจมูกอักเสบจากภูมิแพ้,50-54,หญิง,1065
ชัยนาท,โรคเยื่อจมูกอักเสบจากภูมิแพ้,55-59,ชาย,411
ชัยนาท,โรคเยื่อจมูกอักเสบจากภูมิแพ้,55-59,หญิง,937
ชัยนาท,โรคเยื่อจมูกอักเสบจากภูมิแพ้,60-64,ชาย,453
ชัยนาท,โรคเยื่อจมูกอักเสบจากภูมิแพ้,60-64,หญิง,858
ชัยนาท,โรคเยื่อจมูกอักเสบจากภูมิแพ้,65-69,ชาย,481
ชัยนาท,โรคเยื่อจมูกอักเสบจากภูมิแพ้,65-69,หญิง,590
ชัยนาท,โรคเยื่อจมูกอักเสบจากภูมิแพ้,70-74,ชาย,427
ชัยนาท,โรคเยื่อจมูกอักเสบจากภูมิแพ้,70-74,หญิง,608
ชัยนาท,โรคเยื่อจมูกอักเสบจากภูมิแพ้,75-79,ชาย,250
ชัยนาท,โรคเยื่อจมูกอักเสบจากภูมิแพ้,75-79,หญิง,253
ชัยนาท,โรคเยื่อจมูกอักเสบจากภูมิแพ้,80+,ชาย,243
ชัยนาท,โรคเยื่อจมูกอักเสบจากภูมิแพ้,80+,หญิง,245
ชัยนาท,โรคเยื่อจมูกอักเสบจากภูมิแพ้,ไม่ทราบ,ไม่ระบุ,20
ชัยนาท,โรคเยื่อบุตาอักเสบ,0-4,ชาย,387
ชัยนาท,โรคเยื่อบุตาอักเสบ,0-4,หญิง,316
ชัยนาท,โรคเยื่อบุตาอักเสบ,10-14,ชาย,529
ชัยนาท,โรคเยื่อบุตาอักเสบ,10-14,หญิง,399
ชัยนาท,โรคเยื่อบุตาอักเสบ,15-19,ชาย,449
ชัยนาท,โรคเยื่อบุตาอักเสบ,15-19,หญิง,510
ชัยนาท,โรคเยื่อบุตาอักเสบ,20-24,ชาย,313
ชัยนาท,โรคเยื่อบุตาอักเสบ,20-24,หญิง,361
ชัยนาท,โรคเยื่อบุตาอักเสบ,25-29,ชาย,397
ชัยนาท,โรคเยื่อบุตาอักเสบ,25-29,หญิง,442
ชัยนาท,โรคเยื่อบุตาอักเสบ,30-34,ชาย,384
ชัยนาท,โรคเยื่อบุตาอักเสบ,30-34,หญิง,510
ชัยนาท,โรคเยื่อบุตาอักเสบ,35-39,ชาย,420
ชัยนาท,โรคเยื่อบุตาอักเสบ,35-39,หญิง,519
ชัยนาท,โรคเยื่อบุตาอักเสบ,40-44,ชาย,441
ชัยนาท,โรคเยื่อบุตาอักเสบ,40-44,หญิง,633
ชัยนาท,โรคเยื่อบุตาอักเสบ,45-49,ชาย,615
ชัยนาท,โรคเยื่อบุตาอักเสบ,45-49,หญิง,796
ชัยนาท,โรคเยื่อบุตาอักเสบ,5-9,ชาย,502
ชัยนาท,โรคเยื่อบุตาอักเสบ,5-9,หญิง,391
ชัยนาท,โรคเยื่อบุตาอักเสบ,50-54,ชาย,636
ชัยนาท,โรคเยื่อบุตาอักเสบ,50-54,หญิง,1125
ชัยนาท,โรคเยื่อบุตาอักเสบ,55-59,ชาย,810
ชัยนาท,โรคเยื่อบุตาอักเสบ,55-59,หญิง,1427
ชัยนาท,โรคเยื่อบุตาอักเสบ,60-64,ชาย,852
ชัยนาท,โรคเยื่อบุตาอักเสบ,60-64,หญิง,1496
ชัยนาท,โรคเยื่อบุตาอักเสบ,65-69,ชาย,781
ชัยนาท,โรคเยื่อบุตาอักเสบ,65-69,หญิง,1287
ชัยนาท,โรคเยื่อบุตาอักเสบ,70-74,ชาย,764
ชัยนาท,โรคเยื่อบุตาอักเสบ,70-74,หญิง,1021
ชัยนาท,โรคเยื่อบุตาอักเสบ,75-79,ชาย,530
ชัยนาท,โรคเยื่อบุตาอักเสบ,75-79,หญิง,623
ชัยนาท,โรคเยื่อบุตาอักเสบ,80+,ชาย,513
ชัยนาท,โรคเยื่อบุตาอักเสบ,80+,หญิง,724
ชัยนาท,โรคเยื่อบุตาอักเสบ,ไม่ทราบ,ไม่ระบุ,201
ชัยภูมิ,โรคติดเชื้อทางเดินหายใจส่วนบนเฉียบพลัน,0-4,ชาย,100141
ชัยภูมิ,โรคติดเชื้อทางเดินหายใจส่วนบนเฉียบพลัน,0-4,หญิง,90062
ชัยภูมิ,โรคติดเชื้อทางเดินหายใจส่วนบนเฉียบพลัน,0-4,ไม่ระบุ,2
ชัยภูมิ,โรคติดเชื้อทางเดินหายใจส่วนบนเฉียบพลัน,10-14,ชาย,40820
ชัยภูมิ,โรคติดเชื้อทางเดินหายใจส่วนบนเฉียบพลัน,10-14,หญิง,37558
ชัยภูมิ,โรคติดเชื้อทางเดินหายใจส่วนบนเฉียบพลัน,10-14,ไม่ระบุ,11
ชัยภูมิ,โรคติดเชื้อทางเดินหายใจส่วนบนเฉียบพลัน,15-19,ชาย,16833
ชัยภูมิ,โรคติดเชื้อทางเดินหายใจส่วนบนเฉียบพลัน,15-19,หญิง,22974
ชัยภูมิ,โรคติดเชื้อทางเดินหายใจส่วนบนเฉียบพลัน,15-19,ไม่ระบุ,1
ชัยภูมิ,โรคติดเชื้อทางเดินหายใจส่วนบนเฉียบพลัน,20-24,ชาย,10610
ชัยภูมิ,โรคติดเชื้อทางเดินหายใจส่วนบนเฉียบพลัน,20-24,หญิง,17900
ชัยภูมิ,โรคติดเชื้อทางเดินหายใจส่วนบนเฉียบพลัน,20-24,ไม่ระบุ,4
ชัยภูมิ,โรคติดเชื้อทางเดินหายใจส่วนบนเฉียบพลัน,25-29,ชาย,11572
ชัยภูมิ,โรคติดเชื้อทางเดินหายใจส่วนบนเฉียบพลัน,25-29,หญิง,22252
ชัยภูมิ,โรคติดเชื้อทางเดินหายใจส่วนบนเฉียบพลัน,25-29,ไม่ระบุ,1
ชัยภูมิ,โรคติดเชื้อทางเดินหายใจส่วนบนเฉียบพลัน,30-34,ชาย,10345
ชัยภูมิ,โรคติดเชื้อทางเดินหายใจส่วนบนเฉียบพลัน,30-34,หญิง,22094
ชัยภูมิ,โรคติดเชื้อทางเดินหายใจส่วนบนเฉียบพลัน,30-34,ไม่ระบุ,1
ชัยภูมิ,โรคติดเชื้อทางเดินหายใจส่วนบนเฉียบพลัน,35-39,ชาย,9935
ชัยภูมิ,โรคติดเชื้อทางเดินหายใจส่วนบนเฉียบพลัน,35-39,หญิง,21118
ชัยภูมิ,โรคติดเชื้อทางเดินหายใจส่วนบนเฉียบพลัน,35-39,ไม่ระบุ,2
ชัยภูมิ,โรคติดเชื้อทางเดินหายใจส่วนบนเฉียบพลัน,40-44,ชาย,10589
ชัยภูมิ,โรคติดเชื้อทางเดินหายใจส่วนบนเฉียบพลัน,40-44,หญิง,22535
ชัยภูมิ,โรคติดเชื้อทางเดินหายใจส่วนบนเฉียบพลัน,40-44,ไม่ระบุ,5
ชัยภูมิ,โรคติดเชื้อทางเดินหายใจส่วนบนเฉียบพลัน,45-49,ชาย,11310
ชัยภูมิ,โรคติดเชื้อทางเดินหายใจส่วนบนเฉียบพลัน,45-49,หญิง,25102
ชัยภูมิ,โรคติดเชื้อทางเดินหายใจส่วนบนเฉียบพลัน,45-49,ไม่ระบุ,1
ชัยภูมิ,โรคติดเชื้อทางเดินหายใจส่วนบนเฉียบพลัน,5-9,ชาย,77728
ชัยภูมิ,โรคติดเชื้อทางเดินหายใจส่วนบนเฉียบพลัน,5-9,หญิง,73074
ชัยภูมิ,โรคติดเชื้อทางเดินหายใจส่วนบนเฉียบพลัน,5-9,ไม่ระบุ,11
ชัยภูมิ,โรคติดเชื้อทางเดินหายใจส่วนบนเฉียบพลัน,50-54,ชาย,12462
ชัยภูมิ,โรคติดเชื้อทางเดินหายใจส่วนบนเฉียบพลัน,50-54,หญิง,30976
ชัยภูมิ,โรคติดเชื้อทางเดินหายใจส่วนบนเฉียบพลัน,50-54,ไม่ระบุ,1
ชัยภูมิ,โรคติดเชื้อทางเดินหายใจส่วนบนเฉียบพลัน,55-59,ชาย,13425
ชัยภูมิ,โรคติดเชื้อทางเดินหายใจส่วนบนเฉียบพลัน,55-59,หญิง,31413
ชัยภูมิ,โรคติดเชื้อทางเดินหายใจส่วนบนเฉียบพลัน,55-59,ไม่ระบุ,2
ชัยภูมิ,โรคติดเชื้อทางเดินหายใจส่วนบนเฉียบพลัน,60-64,ชาย,13088
ชัยภูมิ,โรคติดเชื้อทางเดินหายใจส่วนบนเฉียบพลัน,60-64,หญิง,25725
ชัยภูมิ,โรคติดเชื้อทางเดินหายใจส่วนบนเฉียบพลัน,60-64,ไม่ระบุ,2
ชัยภูมิ,โรคติดเชื้อทางเดินหายใจส่วนบนเฉียบพลัน,65-69,ชาย,12025
ชัยภูมิ,โรคติดเชื้อทางเดินหายใจส่วนบนเฉียบพลัน,65-69,หญิง,19836
ชัยภูมิ,โรคติดเชื้อทางเดินหายใจส่วนบนเฉียบพลัน,65-69,ไม่ระบุ,2
ชัยภูมิ,โรคติดเชื้อทางเดินหายใจส่วนบนเฉียบพลัน,70-74,ชาย,10216
ชัยภูมิ,โรคติดเชื้อทางเดินหายใจส่วนบนเฉียบพลัน,70-74,หญิง,14009
ชัยภูมิ,โรคติดเชื้อทางเดินหายใจส่วนบนเฉียบพลัน,75-79,ชาย,6990
ชัยภูมิ,โรคติดเชื้อทางเดินหายใจส่วนบนเฉียบพลัน,75-79,หญิง,8793
ชัยภูมิ,โรคติดเชื้อทางเดินหายใจส่วนบนเฉียบพลัน,80+,ชาย,6886
ชัยภูมิ,โรคติดเชื้อทางเดินหายใจส่วนบนเฉียบพลัน,80+,หญิง,9631
ชัยภูมิ,โรคติดเชื้อทางเดินหายใจส่วนบนเฉียบพลัน,80+,ไม่ระบุ,6
ชัยภูมิ,โรคติดเชื้อทางเดินหายใจส่วนบนเฉียบพลัน,ไม่ทราบ,ชาย,46
ชัยภูมิ,โรคติดเชื้อทางเดินหายใจส่วนบนเฉียบพลัน,ไม่ทราบ,หญิง,61
ชัยภูมิ,โรคติดเชื้อทางเดินหายใจส่วนบนเฉียบพลัน,ไม่ทราบ,ไม่ระบุ,8387
ชัยภูมิ,โรคปอดอุดกั้นเรื้อรัง,0-4,ชาย,170
ชัยภูมิ,โรคปอดอุดกั้นเรื้อรัง,0-4,หญิง,118
ชัยภูมิ,โรคปอดอุดกั้นเรื้อรัง,10-14,ชาย,10
ชัยภูมิ,โรคปอดอุดกั้นเรื้อรัง,10-14,หญิง,9
ชัยภูมิ,โรคปอดอุดกั้นเรื้อรัง,15-19,ชาย,8
ชัยภูมิ,โรคปอดอุดกั้นเรื้อรัง,15-19,หญิง,2
ชัยภูมิ,โรคปอดอุดกั้นเรื้อรัง,20-24,ชาย,13
ชัยภูมิ,โรคปอดอุดกั้นเรื้อรัง,20-24,หญิง,7
ชัยภูมิ,โรคปอดอุดกั้นเรื้อรัง,25-29,ชาย,48
ชัยภูมิ,โรคปอดอุดกั้นเรื้อรัง,25-29,หญิง,19
ชัยภูมิ,โรคปอดอุดกั้นเรื้อรัง,30-34,ชาย,133
ชัยภูมิ,โรคปอดอุดกั้นเรื้อรัง,30-34,หญิง,31
ชัยภูมิ,โรคปอดอุดกั้นเรื้อรัง,35-39,ชาย,258
ชัยภูมิ,โรคปอดอุดกั้นเรื้อรัง,35-39,หญิง,50
ชัยภูมิ,โรคปอดอุดกั้นเรื้อรัง,40-44,ชาย,432
ชัยภูมิ,โรคปอดอุดกั้นเรื้อรัง,40-44,หญิง,72
ชัยภูมิ,โรคปอดอุดกั้นเรื้อรัง,45-49,ชาย,1029
ชัยภูมิ,โรคปอดอุดกั้นเรื้อรัง,45-49,หญิง,205
ชัยภูมิ,โรคปอดอุดกั้นเรื้อรัง,5-9,ชาย,41
ชัยภูมิ,โรคปอดอุดกั้นเรื้อรัง,5-9,หญิง,14
ชัยภูมิ,โรคปอดอุดกั้นเรื้อรัง,50-54,ชาย,2277
ชัยภูมิ,โรคปอดอุดกั้นเรื้อรัง,50-54,หญิง,391
ชัยภูมิ,โรคปอดอุดกั้นเรื้อรัง,55-59,ชาย,3871
ชัยภูมิ,โรคปอดอุดกั้นเรื้อรัง,55-59,หญิง,773
ชัยภูมิ,โรคปอดอุดกั้นเรื้อรัง,60-64,ชาย,5859
ชัยภูมิ,โรคปอดอุดกั้นเรื้อรัง,60-64,หญิง,979
ชัยภูมิ,โรคปอดอุดกั้นเรื้อรัง,65-69,ชาย,7801
ชัยภูมิ,โรคปอดอุดกั้นเรื้อรัง,65-69,หญิง,1258
ชัยภูมิ,โรคปอดอุดกั้นเรื้อรัง,70-74,ชาย,9117
ชัยภูมิ,โรคปอดอุดกั้นเรื้อรัง,70-74,หญิง,1202
ชัยภูมิ,โรคปอดอุดกั้นเรื้อรัง,70-74,ไม่ระบุ,1
ชัยภูมิ,โรคปอดอุดกั้นเรื้อรัง,75-79,ชาย,7739
ชัยภูมิ,โรคปอดอุดกั้นเรื้อรัง,75-79,หญิง,1320
ชัยภูมิ,โรคปอดอุดกั้นเรื้อรัง,80+,ชาย,9169
ชัยภูมิ,โรคปอดอุดกั้นเรื้อรัง,80+,หญิง,1692
ชัยภูมิ,โรคปอดอุดกั้นเรื้อรัง,ไม่ทราบ,ไม่ระบุ,428
ชัยภูมิ,โรคผิวหนังอักเสบ,0-4,ชาย,2304
ชัยภูมิ,โรคผิวหนังอักเสบ,0-4,หญิง,2116
ชัยภูมิ,โรคผิวหนังอักเสบ,10-14,ชาย,948
ชัยภูมิ,โรคผิวหนังอักเสบ,10-14,หญิง,1123
ชัยภูมิ,โรคผิวหนังอักเสบ,15-19,ชาย,554
ชัยภูมิ,โรคผิวหนังอักเสบ,15-19,หญิง,1070
ชัยภูมิ,โรคผิวหนังอักเสบ,20-24,ชาย,414
ชัยภูมิ,โรคผิวหนังอักเสบ,20-24,หญิง,845
ชัยภูมิ,โรคผิวหนังอักเสบ,25-29,ชาย,556
ชัยภูมิ,โรคผิวหนังอักเสบ,25-29,หญิง,1063
ชัยภูมิ,โรคผิวหนังอักเสบ,30-34,ชาย,550
ชัยภูมิ,โรคผิวหนังอักเสบ,30-34,หญิง,1124
ชัยภูมิ,โรคผิวหนังอักเสบ,35-39,ชาย,599
ชัยภูมิ,โรคผิวหนังอักเสบ,35-39,หญิง,1204
ชัยภูมิ,โรคผิวหนังอักเสบ,40-44,ชาย,793
ชัยภูมิ,โรคผิวหนังอักเสบ,40-44,หญิง,1502
ชัยภูมิ,โรคผิวหนังอักเสบ,45-49,ชาย,931
ชัยภูมิ,โรคผิวหนังอักเสบ,45-49,หญิง,1874
ชัยภูมิ,โรคผิวหนังอักเสบ,5-9,ชาย,1607
ชัยภูมิ,โรคผิวหนังอักเสบ,5-9,หญิง,1347
ชัยภูมิ,โรคผิวหนังอักเสบ,50-54,ชาย,1167
ชัยภูมิ,โรคผิวหนังอักเสบ,50-54,หญิง,2499
ชัยภูมิ,โรคผิวหนังอักเสบ,55-59,ชาย,1398
ชัยภูมิ,โรคผิวหนังอักเสบ,55-59,หญิง,2607
ชัยภูมิ,โรคผิวหนังอักเสบ,60-64,ชาย,1533
ชัยภูมิ,โรคผิวหนังอักเสบ,60-64,หญิง,2164
ชัยภูมิ,โรคผิวหนังอักเสบ,65-69,ชาย,1601
ชัยภูมิ,โรคผิวหนังอักเสบ,65-69,หญิง,1845
ชัยภูมิ,โรคผิวหนังอักเสบ,65-69,ไม่ระบุ,1
ชัยภูมิ,โรคผิวหนังอักเสบ,70-74,ชาย,1492
ชัยภูมิ,โรคผิวหนังอักเสบ,70-74,หญิง,1435
ชัยภูมิ,โรคผิวหนังอักเสบ,75-79,ชาย,1033
ชัยภูมิ,โรคผิวหนังอักเสบ,75-79,หญิง,949
ชัยภูมิ,โรคผิวหนังอักเสบ,80+,ชาย,1023
ชัยภูมิ,โรคผิวหนังอักเสบ,80+,หญิง,1169
ชัยภูมิ,โรคผิวหนังอักเสบ,80+,ไม่ระบุ,1
ชัยภูมิ,โรคผิวหนังอักเสบ,ไม่ทราบ,ไม่ระบุ,241
ชัยภูมิ,โรคลมพิษ,0-4,ชาย,2099
ชัยภูมิ,โรคลมพิษ,0-4,หญิง,1827
ชัยภูมิ,โรคลมพิษ,10-14,ชาย,1292
ชัยภูมิ,โรคลมพิษ,10-14,หญิง,1288
ชัยภูมิ,โรคลมพิษ,15-19,ชาย,756
ชัยภูมิ,โรคลมพิษ,15-19,หญิง,1277
ชัยภูมิ,โรคลมพิษ,15-19,ไม่ระบุ,1
ชัยภูมิ,โรคลมพิษ,20-24,ชาย,491
ชัยภูมิ,โรคลมพิษ,20-24,หญิง,981
ชัยภูมิ,โรคลมพิษ,25-29,ชาย,618
ชัยภูมิ,โรคลมพิษ,25-29,หญิง,1348
ชัยภูมิ,โรคลมพิษ,30-34,ชาย,624
ชัยภูมิ,โรคลมพิษ,30-34,หญิง,1338
ชัยภูมิ,โรคลมพิษ,35-39,ชาย,637
ชัยภูมิ,โรคลมพิษ,35-39,หญิง,1312
ชัยภูมิ,โรคลมพิษ,40-44,ชาย,749
ชัยภูมิ,โรคลมพิษ,40-44,หญิง,1558
ชัยภูมิ,โรคลมพิษ,45-49,ชาย,702
ชัยภูมิ,โรคลมพิษ,45-49,หญิง,1759
ชัยภูมิ,โรคลมพิษ,45-49,ไม่ระบุ,1
ชัยภูมิ,โรคลมพิษ,5-9,ชาย,1688
ชัยภูมิ,โรคลมพิษ,5-9,หญิง,1535
ชัยภูมิ,โรคลมพิษ,50-54,ชาย,843
ชัยภูมิ,โรคลมพิษ,50-54,หญิง,2015
ชัยภูมิ,โรคลมพิษ,55-59,ชาย,873
ชัยภูมิ,โรคลมพิษ,55-59,หญิง,1852
ชัยภูมิ,โรคลมพิษ,60-64,ชาย,818
ชัยภูมิ,โรคลมพิษ,60-64,หญิง,1461
ชัยภูมิ,โรคลมพิษ,65-69,ชาย,788
ชัยภูมิ,โรคลมพิษ,65-69,หญิง,1145
ชัยภูมิ,โรคลมพิษ,70-74,ชาย,636
ชัยภูมิ,โรคลมพิษ,70-74,หญิง,852
ชัยภูมิ,โรคลมพิษ,75-79,ชาย,455
ชัยภูมิ,โรคลมพิษ,75-79,หญิง,472
ชัยภูมิ,โรคลมพิษ,80+,ชาย,409
ชัยภูมิ,โรคลมพิษ,80+,หญิง,570
ชัยภูมิ,โรคลมพิษ,ไม่ทราบ,ชาย,2
ชัยภูมิ,โรคลมพิษ,ไม่ทราบ,หญิง,2
ชัยภูมิ,โรคลมพิษ,ไม่ทราบ,ไม่ระบุ,548
ชัยภูมิ,โรคหอบหืด,0-4,ชาย,5027
ชัยภูมิ,โรคหอบหืด,0-4,หญิง,3250
ชัยภูมิ,โรคหอบหืด,10-14,ชาย,3539
ชัยภูมิ,โรคหอบหืด,10-14,หญิง,1980
ชัยภูมิ,โรคหอบหืด,15-19,ชาย,674
ชัยภูมิ,โรคหอบหืด,15-19,หญิง,656
ชัยภูมิ,โรคหอบหืด,20-24,ชาย,549
ชัยภูมิ,โรคหอบหืด,20-24,หญิง,464
ชัยภูมิ,โรคหอบหืด,25-29,ชาย,427
ชัยภูมิ,โรคหอบหืด,25-29,หญิง,812
ชัยภูมิ,โรคหอบหืด,30-34,ชาย,598
ชัยภูมิ,โรคหอบหืด,30-34,หญิง,907
ชัยภูมิ,โรคหอบหืด,35-39,ชาย,820
ชัยภูมิ,โรคหอบหืด,35-39,หญิง,1508
ชัยภูมิ,โรคหอบหืด,40-44,ชาย,943
ชัยภูมิ,โรคหอบหืด,40-44,หญิง,2289
ชัยภูมิ,โรคหอบหืด,40-44,ไม่ระบุ,1
ชัยภูมิ,โรคหอบหืด,45-49,ชาย,1421
ชัยภูมิ,โรคหอบหืด,45-49,หญิง,3672
ชัยภูมิ,โรคหอบหืด,5-9,ชาย,7783
ชัยภูมิ,โรคหอบหืด,5-9,หญิง,5030
ชัยภูมิ,โรคหอบหืด,50-54,ชาย,2192
ชัยภูมิ,โรคหอบหืด,50-54,หญิง,5400
ชัยภูมิ,โรคหอบหืด,55-59,ชาย,2835
ชัยภูมิ,โรคหอบหืด,55-59,หญิง,6361
ชัยภูมิ,โรคหอบหืด,60-64,ชาย,2983
ชัยภูมิ,โรคหอบหืด,60-64,หญิง,6902
ชัยภูมิ,โรคหอบหืด,65-69,ชาย,2759
ชัยภูมิ,โรคหอบหืด,65-69,หญิง,6985
ชัยภูมิ,โรคหอบหืด,70-74,ชาย,2173
ชัยภูมิ,โรคหอบหืด,70-74,หญิง,5749
ชัยภูมิ,โรคหอบหืด,75-79,ชาย,1785
ชัยภูมิ,โรคหอบหืด,75-79,หญิง,3766
ชัยภูมิ,โรคหอบหืด,80+,ชาย,1500
ชัยภูมิ,โรคหอบหืด,80+,หญิง,4065
ชัยภูมิ,โรคหอบหืด,ไม่ทราบ,ไม่ระบุ,920
ชัยภูมิ,โรคเยื่อจมูกอักเสบจากภูมิแพ้,0-4,ชาย,2062
ชัยภูมิ,โรคเยื่อจมูกอักเสบจากภูมิแพ้,0-4,หญิง,1677
ชัยภูมิ,โรคเยื่อจมูกอักเสบจากภูมิแพ้,10-14,ชาย,1594
ชัยภูมิ,โรคเยื่อจมูกอักเสบจากภูมิแพ้,10-14,หญิง,1107
ชัยภูมิ,โรคเยื่อจมูกอักเสบจากภูมิแพ้,15-19,ชาย,402
ชัยภูมิ,โรคเยื่อจมูกอักเสบจากภูมิแพ้,15-19,หญิง,687
ชัยภูมิ,โรคเยื่อจมูกอักเสบจากภูมิแพ้,20-24,ชาย,336
ชัยภูมิ,โรคเยื่อจมูกอักเสบจากภูมิแพ้,20-24,หญิง,689
ชัยภูมิ,โรคเยื่อจมูกอักเสบจากภูมิแพ้,25-29,ชาย,467
ชัยภูมิ,โรคเยื่อจมูกอักเสบจากภูมิแพ้,25-29,หญิง,1044
ชัยภูมิ,โรคเยื่อจมูกอักเสบจากภูมิแพ้,30-34,ชาย,507
ชัยภูมิ,โรคเยื่อจมูกอักเสบจากภูมิแพ้,30-34,หญิง,1219
ชัยภูมิ,โรคเยื่อจมูกอักเสบจากภูมิแพ้,35-39,ชาย,416
ชัยภูมิ,โรคเยื่อจมูกอักเสบจากภูมิแพ้,35-39,หญิง,1241
ชัยภูมิ,โรคเยื่อจมูกอักเสบจากภูมิแพ้,40-44,ชาย,527
ชัยภูมิ,โรคเยื่อจมูกอักเสบจากภูมิแพ้,40-44,หญิง,1358
ชัยภูมิ,โรคเยื่อจมูกอักเสบจากภูมิแพ้,45-49,ชาย,569
ชัยภูมิ,โรคเยื่อจมูกอักเสบจากภูมิแพ้,45-49,หญิง,1513
ชัยภูมิ,โรคเยื่อจมูกอักเสบจากภูมิแพ้,5-9,ชาย,2821
ชัยภูมิ,โรคเยื่อจมูกอักเสบจากภูมิแพ้,5-9,หญิง,2221
ชัยภูมิ,โรคเยื่อจมูกอักเสบจากภูมิแพ้,50-54,ชาย,764
ชัยภูมิ,โรคเยื่อจมูกอักเสบจากภูมิแพ้,50-54,หญิง,1708
ชัยภูมิ,โรคเยื่อจมูกอักเสบจากภูมิแพ้,55-59,ชาย,860
ชัยภูมิ,โรคเยื่อจมูกอักเสบจากภูมิแพ้,55-59,หญิง,1826
ชัยภูมิ,โรคเยื่อจมูกอักเสบจากภูมิแพ้,60-64,ชาย,834
ชัยภูมิ,โรคเยื่อจมูกอักเสบจากภูมิแพ้,60-64,หญิง,1423
ชัยภูมิ,โรคเยื่อจมูกอักเสบจากภูมิแพ้,65-69,ชาย,703
ชัยภูมิ,โรคเยื่อจมูกอักเสบจากภูมิแพ้,65-69,หญิง,1009
ชัยภูมิ,โรคเยื่อจมูกอักเสบจากภูมิแพ้,70-74,ชาย,541
ชัยภูมิ,โรคเยื่อจมูกอักเสบจากภูมิแพ้,70-74,หญิง,677
ชัยภูมิ,โรคเยื่อจมูกอักเสบจากภูมิแพ้,75-79,ชาย,351
ชัยภูมิ,โรคเยื่อจมูกอักเสบจากภูมิแพ้,75-79,หญิง,378
ชัยภูมิ,โรคเยื่อจมูกอักเสบจากภูมิแพ้,80+,ชาย,208
ชัยภูมิ,โรคเยื่อจมูกอักเสบจากภูมิแพ้,80+,หญิง,200
ชัยภูมิ,โรคเยื่อจมูกอักเสบจากภูมิแพ้,ไม่ทราบ,ชาย,1
ชัยภูมิ,โรคเยื่อจมูกอักเสบจากภูมิแพ้,ไม่ทราบ,ไม่ระบุ,297
ชัยภูมิ,โรคเยื่อบุตาอักเสบ,0-4,ชาย,1656
ชัยภูมิ,โรคเยื่อบุตาอักเสบ,0-4,หญิง,1368
ชัยภูมิ,โรคเยื่อบุตาอักเสบ,10-14,ชาย,1378
ชัยภูมิ,โรคเยื่อบุตาอักเสบ,10-14,หญิง,1380
ชัยภูมิ,โรคเยื่อบุตาอักเสบ,15-19,ชาย,1083
ชัยภูมิ,โรคเยื่อบุตาอักเสบ,15-19,หญิง,1628
ชัยภูมิ,โรคเยื่อบุตาอักเสบ,20-24,ชาย,988
ชัยภูมิ,โรคเยื่อบุตาอักเสบ,20-24,หญิง,1188
ชัยภูมิ,โรคเยื่อบุตาอักเสบ,25-29,ชาย,1298
ชัยภูมิ,โรคเยื่อบุตาอักเสบ,25-29,หญิง,1669
ชัยภูมิ,โรคเยื่อบุตาอักเสบ,30-34,ชาย,1460
ชัยภูมิ,โรคเยื่อบุตาอักเสบ,30-34,หญิง,1878
ชัยภูมิ,โรคเยื่อบุตาอักเสบ,35-39,ชาย,1564
ชัยภูมิ,โรคเยื่อบุตาอักเสบ,35-39,หญิง,1916
ชัยภูมิ,โรคเยื่อบุตาอักเสบ,40-44,ชาย,1875
ชัยภูมิ,โรคเยื่อบุตาอักเสบ,40-44,หญิง,2264
ชัยภูมิ,โรคเยื่อบุตาอักเสบ,45-49,ชาย,2129
ชัยภูมิ,โรคเยื่อบุตาอักเสบ,45-49,หญิง,2988
ชัยภูมิ,โรคเยื่อบุตาอักเสบ,5-9,ชาย,1881
ชัยภูมิ,โรคเยื่อบุตาอักเสบ,5-9,หญิง,1279
ชัยภูมิ,โรคเยื่อบุตาอักเสบ,50-54,ชาย,2522
ชัยภูมิ,โรคเยื่อบุตาอักเสบ,50-54,หญิง,3791
ชัยภูมิ,โรคเยื่อบุตาอักเสบ,55-59,ชาย,2547
ชัยภูมิ,โรคเยื่อบุตาอักเสบ,55-59,หญิง,4230
ชัยภูมิ,โรคเยื่อบุตาอักเสบ,60-64,ชาย,2333
ชัยภูมิ,โรคเยื่อบุตาอักเสบ,60-64,หญิง,3820
ชัยภูมิ,โรคเยื่อบุตาอักเสบ,65-69,ชาย,2107
ชัยภูมิ,โรคเยื่อบุตาอักเสบ,65-69,หญิง,3056
ชัยภูมิ,โรคเยื่อบุตาอักเสบ,70-74,ชาย,1806
ชัยภูมิ,โรคเยื่อบุตาอักเสบ,70-74,หญิง,2249
ชัยภูมิ,โรคเยื่อบุตาอักเสบ,75-79,ชาย,1226
ชัยภูมิ,โรคเยื่อบุตาอักเสบ,75-79,หญิง,1437
ชัยภูมิ,โรคเยื่อบุตาอักเสบ,80+,ชาย,1071
ชัยภูมิ,โรคเยื่อบุตาอักเสบ,80+,หญิง,1791
ชัยภูมิ,โรคเยื่อบุตาอักเสบ,ไม่ทราบ,ชาย,1
ชัยภูมิ,โรคเยื่อบุตาอักเสบ,ไม่ทราบ,หญิง,19
ชัยภูมิ,โรคเยื่อบุตาอักเสบ,ไม่ทราบ,ไม่ระบุ,601
ชุมพร,โรคติดเชื้อทางเดินหายใจส่วนบนเฉียบพลัน,0-4,ชาย,31339
ชุมพร,โรคติดเชื้อทางเดินหายใจส่วนบนเฉียบพลัน,0-4,หญิง,27764
ชุมพร,โรคติดเชื้อทางเดินหายใจส่วนบนเฉียบพลัน,10-14,ชาย,13707
ชุมพร,โรคติดเชื้อทางเดินหายใจส่วนบนเฉียบพลัน,10-14,หญิง,12732
ชุมพร,โรคติดเชื้อทางเดินหายใจส่วนบนเฉียบพลัน,15-19,ชาย,6512
ชุมพร,โรคติดเชื้อทางเดินหายใจส่วนบนเฉียบพลัน,15-19,หญิง,8725
ชุมพร,โรคติดเชื้อทางเดินหายใจส่วนบนเฉียบพลัน,20-24,ชาย,5622
ชุมพร,โรคติดเชื้อทางเดินหายใจส่วนบนเฉียบพลัน,20-24,หญิง,9498
ชุมพร,โรคติดเชื้อทางเดินหายใจส่วนบนเฉียบพลัน,25-29,ชาย,6644
ชุมพร,โรคติดเชื้อทางเดินหายใจส่วนบนเฉียบพลัน,25-29,หญิง,13189
ชุมพร,โรคติดเชื้อทางเดินหายใจส่วนบนเฉียบพลัน,30-34,ชาย,6118
ชุมพร,โรคติดเชื้อทางเดินหายใจส่วนบนเฉียบพลัน,30-34,หญิง,12767
ชุมพร,โรคติดเชื้อทางเดินหายใจส่วนบนเฉียบพลัน,35-39,ชาย,5617
ชุมพร,โรคติดเชื้อทางเดินหายใจส่วนบนเฉียบพลัน,35-39,หญิง,12000
ชุมพร,โรคติดเชื้อทางเดินหายใจส่วนบนเฉียบพลัน,40-44,ชาย,5446
ชุมพร,โรคติดเชื้อทางเดินหายใจส่วนบนเฉียบพลัน,40-44,หญิง,11216
ชุมพร,โรคติดเชื้อทางเดินหายใจส่วนบนเฉียบพลัน,45-49,ชาย,5432
ชุมพร,โรคติดเชื้อทางเดินหายใจส่วนบนเฉียบพลัน,45-49,หญิง,10955
ชุมพร,โรคติดเชื้อทางเดินหายใจส่วนบนเฉียบพลัน,5-9,ชาย,23017
ชุมพร,โรคติดเชื้อทางเดินหายใจส่วนบนเฉียบพลัน,5-9,หญิง,21719
ชุมพร,โรคติดเชื้อทางเดินหายใจส่วนบนเฉียบพลัน,50-54,ชาย,5040
ชุมพร,โรคติดเชื้อทางเดินหายใจส่วนบนเฉียบพลัน,50-54,หญิง,10911
ชุมพร,โรคติดเชื้อทางเดินหายใจส่วนบนเฉียบพลัน,55-59,ชาย,4703
ชุมพร,โรคติดเชื้อทางเดินหายใจส่วนบนเฉียบพลัน,55-59,หญิง,10172
ชุมพร,โรคติดเชื้อทางเดินหายใจส่วนบนเฉียบพลัน,60-64,ชาย,4109
ชุมพร,โรคติดเชื้อทางเดินหายใจส่วนบนเฉียบพลัน,60-64,หญิง,7930
ชุมพร,โรคติดเชื้อทางเดินหายใจส่วนบนเฉียบพลัน,65-69,ชาย,3664
ชุมพร,โรคติดเชื้อทางเดินหายใจส่วนบนเฉียบพลัน,65-69,หญิง,6085
ชุมพร,โรคติดเชื้อทางเดินหายใจส่วนบนเฉียบพลัน,70-74,ชาย,3018
ชุมพร,โรคติดเชื้อทางเดินหายใจส่วนบนเฉียบพลัน,70-74,หญิง,4151
ชุมพร,โรคติดเชื้อทางเดินหายใจส่วนบนเฉียบพลัน,75-79,ชาย,2092
ชุมพร,โรคติดเชื้อทางเดินหายใจส่วนบนเฉียบพลัน,75-79,หญิง,2769
ชุมพร,โรคติดเชื้อทางเดินหายใจส่วนบนเฉียบพลัน,80+,ชาย,2357
ชุมพร,โรคติดเชื้อทางเดินหายใจส่วนบนเฉียบพลัน,80+,หญิง,3449
ชุมพร,โรคติดเชื้อทางเดินหายใจส่วนบนเฉียบพลัน,ไม่ทราบ,ชาย,21
ชุมพร,โรคติดเชื้อทางเดินหายใจส่วนบนเฉียบพลัน,ไม่ทราบ,หญิง,20
ชุมพร,โรคติดเชื้อทางเดินหายใจส่วนบนเฉียบพลัน,ไม่ทราบ,ไม่ระบุ,2665
ชุมพร,โรคปอดอุดกั้นเรื้อรัง,0-4,ชาย,37
ชุมพร,โรคปอดอุดกั้นเรื้อรัง,0-4,หญิง,13
ชุมพร,โรคปอดอุดกั้นเรื้อรัง,10-14,ชาย,3
ชุมพร,โรคปอดอุดกั้นเรื้อรัง,10-14,หญิง,6
ชุมพร,โรคปอดอุดกั้นเรื้อรัง,15-19,ชาย,11
ชุมพร,โรคปอดอุดกั้นเรื้อรัง,15-19,หญิง,4
ชุมพร,โรคปอดอุดกั้นเรื้อรัง,20-24,ชาย,19
ชุมพร,โรคปอดอุดกั้นเรื้อรัง,20-24,หญิง,10
ชุมพร,โรคปอดอุดกั้นเรื้อรัง,25-29,ชาย,45
ชุมพร,โรคปอดอุดกั้นเรื้อรัง,25-29,หญิง,7
ชุมพร,โรคปอดอุดกั้นเรื้อรัง,30-34,ชาย,132
ชุมพร,โรคปอดอุดกั้นเรื้อรัง,30-34,หญิง,34
ชุมพร,โรคปอดอุดกั้นเรื้อรัง,35-39,ชาย,291
ชุมพร,โรคปอดอุดกั้นเรื้อรัง,35-39,หญิง,23
ชุมพร,โรคปอดอุดกั้นเรื้อรัง,40-44,ชาย,701
ชุมพร,โรคปอดอุดกั้นเรื้อรัง,40-44,หญิง,72
ชุมพร,โรคปอดอุดกั้นเรื้อรัง,45-49,ชาย,1198
ชุมพร,โรคปอดอุดกั้นเรื้อรัง,45-49,หญิง,190
ชุมพร,โรคปอดอุดกั้นเรื้อรัง,5-9,ชาย,27
ชุมพร,โรคปอดอุดกั้นเรื้อรัง,5-9,หญิง,11
ชุมพร,โรคปอดอุดกั้นเรื้อรัง,50-54,ชาย,2022
ชุมพร,โรคปอดอุดกั้นเรื้อรัง,50-54,หญิง,300
ชุมพร,โรคปอดอุดกั้นเรื้อรัง,55-59,ชาย,3337
ชุมพร,โรคปอดอุดกั้นเรื้อรัง,55-59,หญิง,470
ชุมพร,โรคปอดอุดกั้นเรื้อรัง,60-64,ชาย,5536
ชุมพร,โรคปอดอุดกั้นเรื้อรัง,60-64,หญิง,881
ชุมพร,โรคปอดอุดกั้นเรื้อรัง,65-69,ชาย,6223
ชุมพร,โรคปอดอุดกั้นเรื้อรัง,65-69,หญิง,1053
ชุมพร,โรคปอดอุดกั้นเรื้อรัง,70-74,ชาย,6021
ชุมพร,โรคปอดอุดกั้นเรื้อรัง,70-74,หญิง,1214
ชุมพร,โรคปอดอุดกั้นเรื้อรัง,75-79,ชาย,4288
ชุมพร,โรคปอดอุดกั้นเรื้อรัง,75-79,หญิง,1242
ชุมพร,โรคปอดอุดกั้นเรื้อรัง,80+,ชาย,7764
ชุมพร,โรคปอดอุดกั้นเรื้อรัง,80+,หญิง,2615
ชุมพร,โรคปอดอุดกั้นเรื้อรัง,ไม่ทราบ,ชาย,1
ชุมพร,โรคปอดอุดกั้นเรื้อรัง,ไม่ทราบ,หญิง,6
ชุมพร,โรคปอดอุดกั้นเรื้อรัง,ไม่ทราบ,ไม่ระบุ,436
ชุมพร,โรคผิวหนังอักเสบ,0-4,ชาย,692
ชุมพร,โรคผิวหนังอักเสบ,0-4,หญิง,719
ชุมพร,โรคผิวหนังอักเสบ,10-14,ชาย,566
ชุมพร,โรคผิวหนังอักเสบ,10-14,หญิง,501
ชุมพร,โรคผิวหนังอักเสบ,15-19,ชาย,377
ชุมพร,โรคผิวหนังอักเสบ,15-19,หญิง,570
ชุมพร,โรคผิวหนังอักเสบ,20-24,ชาย,400
ชุมพร,โรคผิวหนังอักเสบ,20-24,หญิง,624
ชุมพร,โรคผิวหนังอักเสบ,25-29,ชาย,492
ชุมพร,โรคผิวหนังอักเสบ,25-29,หญิง,865
ชุมพร,โรคผิวหนังอักเสบ,30-34,ชาย,444
ชุมพร,โรคผิวหนังอักเสบ,30-34,หญิง,739
ชุมพร,โรคผิวหนังอักเสบ,35-39,ชาย,502
ชุมพร,โรคผิวหนังอักเสบ,35-39,หญิง,825
ชุมพร,โรคผิวหนังอักเสบ,40-44,ชาย,564
ชุมพร,โรคผิวหนังอักเสบ,40-44,หญิง,884
ชุมพร,โรคผิวหนังอักเสบ,45-49,ชาย,626
ชุมพร,โรคผิวหนังอักเสบ,45-49,หญิง,1054
ชุมพร,โรคผิวหนังอักเสบ,5-9,ชาย,768
ชุมพร,โรคผิวหนังอักเสบ,5-9,หญิง,593
ชุมพร,โรคผิวหนังอักเสบ,50-54,ชาย,622
ชุมพร,โรคผิวหนังอักเสบ,50-54,หญิง,1173
ชุมพร,โรคผิวหนังอักเสบ,55-59,ชาย,707
ชุมพร,โรคผิวหนังอักเสบ,55-59,หญิง,1113
ชุมพร,โรคผิวหนังอักเสบ,60-64,ชาย,741
ชุมพร,โรคผิวหนังอักเสบ,60-64,หญิง,819
ชุมพร,โรคผิวหนังอักเสบ,65-69,ชาย,714
ชุมพร,โรคผิวหนังอักเสบ,65-69,หญิง,752
ชุมพร,โรคผิวหนังอักเสบ,70-74,ชาย,547
ชุมพร,โรคผิวหนังอักเสบ,70-74,หญิง,562
ชุมพร,โรคผิวหนังอักเสบ,75-79,ชาย,322
ชุมพร,โรคผิวหนังอักเสบ,75-79,หญิง,323
ชุมพร,โรคผิวหนังอักเสบ,80+,ชาย,386
ชุมพร,โรคผิวหนังอักเสบ,80+,หญิง,431
ชุมพร,โรคผิวหนังอักเสบ,ไม่ทราบ,ชาย,3
ชุมพร,โรคผิวหนังอักเสบ,ไม่ทราบ,หญิง,1
ชุมพร,โรคผิวหนังอักเสบ,ไม่ทราบ,ไม่ระบุ,245
ชุมพร,โรคลมพิษ,0-4,ชาย,844
ชุมพร,โรคลมพิษ,0-4,หญิง,719
ชุมพร,โรคลมพิษ,10-14,ชาย,793
ชุมพร,โรคลมพิษ,10-14,หญิง,698
ชุมพร,โรคลมพิษ,15-19,ชาย,488
ชุมพร,โรคลมพิษ,15-19,หญิง,804
ชุมพร,โรคลมพิษ,20-24,ชาย,358
ชุมพร,โรคลมพิษ,20-24,หญิง,751
ชุมพร,โรคลมพิษ,25-29,ชาย,397
ชุมพร,โรคลมพิษ,25-29,หญิง,1063
ชุมพร,โรคลมพิษ,30-34,ชาย,347
ชุมพร,โรคลมพิษ,30-34,หญิง,951
ชุมพร,โรคลมพิษ,35-39,ชาย,326
ชุมพร,โรคลมพิษ,35-39,หญิง,945
ชุมพร,โรคลมพิษ,40-44,ชาย,300
ชุมพร,โรคลมพิษ,40-44,หญิง,841
ชุมพร,โรคลมพิษ,45-49,ชาย,295
ชุมพร,โรคลมพิษ,45-49,หญิง,776
ชุมพร,โรคลมพิษ,5-9,ชาย,790
ชุมพร,โรคลมพิษ,5-9,หญิง,779
ชุมพร,โรคลมพิษ,50-54,ชาย,288
ชุมพร,โรคลมพิษ,50-54,หญิง,721
ชุมพร,โรคลมพิษ,55-59,ชาย,292
ชุมพร,โรคลมพิษ,55-59,หญิง,573
ชุมพร,โรคลมพิษ,60-64,ชาย,243
ชุมพร,โรคลมพิษ,60-64,หญิง,441
ชุมพร,โรคลมพิษ,65-69,ชาย,178
ชุมพร,โรคลมพิษ,65-69,หญิง,322
ชุมพร,โรคลมพิษ,70-74,ชาย,109
ชุมพร,โรคลมพิษ,70-74,หญิง,155
ชุมพร,โรคลมพิษ,75-79,ชาย,68
ชุมพร,โรคลมพิษ,75-79,หญิง,151
ชุมพร,โรคลมพิษ,80+,ชาย,78
ชุมพร,โรคลมพิษ,80+,หญิง,118
ชุมพร,โรคลมพิษ,ไม่ทราบ,หญิง,1
ชุมพร,โรคลมพิษ,ไม่ทราบ,ไม่ระบุ,316
ชุมพร,โรคหอบหืด,0-4,ชาย,4024
ชุมพร,โรคหอบหืด,0-4,หญิง,1878
ชุมพร,โรคหอบหืด,10-14,ชาย,2926
ชุมพร,โรคหอบหืด,10-14,หญิง,1589
ชุมพร,โรคหอบหืด,15-19,ชาย,713
ชุมพร,โรคหอบหืด,15-19,หญิง,526
ชุมพร,โรคหอบหืด,20-24,ชาย,429
ชุมพร,โรคหอบหืด,20-24,หญิง,541
ชุมพร,โรคหอบหืด,25-29,ชาย,402
ชุมพร,โรคหอบหืด,25-29,หญิง,669
ชุมพร,โรคหอบหืด,30-34,ชาย,434
ชุมพร,โรคหอบหืด,30-34,หญิง,1006
ชุมพร,โรคหอบหืด,35-39,ชาย,480
ชุมพร,โรคหอบหืด,35-39,หญิง,1315
ชุมพร,โรคหอบหืด,40-44,ชาย,488
ชุมพร,โรคหอบหืด,40-44,หญิง,1870
ชุมพร,โรคหอบหืด,45-49,ชาย,477
ชุมพร,โรคหอบหืด,45-49,หญิง,2239
ชุมพร,โรคหอบหืด,5-9,ชาย,5853
ชุมพร,โรคหอบหืด,5-9,หญิง,3691
ชุมพร,โรคหอบหืด,50-54,ชาย,640
ชุมพร,โรคหอบหืด,50-54,หญิง,2641
ชุมพร,โรคหอบหืด,55-59,ชาย,798
ชุมพร,โรคหอบหืด,55-59,หญิง,3013
ชุมพร,โรคหอบหืด,60-64,ชาย,651
ชุมพร,โรคหอบหืด,60-64,หญิง,2719
ชุมพร,โรคหอบหืด,65-69,ชาย,390
ชุมพร,โรคหอบหืด,65-69,หญิง,2388
ชุมพร,โรคหอบหืด,70-74,ชาย,305
ชุมพร,โรคหอบหืด,70-74,หญิง,1679
ชุมพร,โรคหอบหืด,75-79,ชาย,163
ชุมพร,โรคหอบหืด,75-79,หญิง,1278
ชุมพร,โรคหอบหืด,80+,ชาย,288
ชุมพร,โรคหอบหืด,80+,หญิง,1209
ชุมพร,โรคหอบหืด,ไม่ทราบ,ชาย,1
ชุมพร,โรคหอบหืด,ไม่ทราบ,หญิง,3
ชุมพร,โรคหอบหืด,ไม่ทราบ,ไม่ระบุ,539
ชุมพร,โรคเยื่อจมูกอักเสบจากภูมิแพ้,0-4,ชาย,1006
ชุมพร,โรคเยื่อจมูกอักเสบจากภูมิแพ้,0-4,หญิง,779
ชุมพร,โรคเยื่อจมูกอักเสบจากภูมิแพ้,10-14,ชาย,1333
ชุมพร,โรคเยื่อจมูกอักเสบจากภูมิแพ้,10-14,หญิง,908
ชุมพร,โรคเยื่อจมูกอักเสบจากภูมิแพ้,15-19,ชาย,327
ชุมพร,โรคเยื่อจมูกอักเสบจากภูมิแพ้,15-19,หญิง,440
ชุมพร,โรคเยื่อจมูกอักเสบจากภูมิแพ้,20-24,ชาย,157
ชุมพร,โรคเยื่อจมูกอักเสบจากภูมิแพ้,20-24,หญิง,394
ชุมพร,โรคเยื่อจมูกอักเสบจากภูมิแพ้,25-29,ชาย,282
ชุมพร,โรคเยื่อจมูกอักเสบจากภูมิแพ้,25-29,หญิง,704
ชุมพร,โรคเยื่อจมูกอักเสบจากภูมิแพ้,30-34,ชาย,266
ชุมพร,โรคเยื่อจมูกอักเสบจากภูมิแพ้,30-34,หญิง,865
ชุมพร,โรคเยื่อจมูกอักเสบจากภูมิแพ้,35-39,ชาย,257
ชุมพร,โรคเยื่อจมูกอักเสบจากภูมิแพ้,35-39,หญิง,757
ชุมพร,โรคเยื่อจมูกอักเสบจากภูมิแพ้,40-44,ชาย,246
ชุมพร,โรคเยื่อจมูกอักเสบจากภูมิแพ้,40-44,หญิง,766
ชุมพร,โรคเยื่อจมูกอักเสบจากภูมิแพ้,45-49,ชาย,243
ชุมพร,โรคเยื่อจมูกอักเสบจากภูมิแพ้,45-49,หญิง,927
ชุมพร,โรคเยื่อจมูกอักเสบจากภูมิแพ้,5-9,ชาย,2261
ชุมพร,โรคเยื่อจมูกอักเสบจากภูมิแพ้,5-9,หญิง,1548
ชุมพร,โรคเยื่อจมูกอักเสบจากภูมิแพ้,50-54,ชาย,325
ชุมพร,โรคเยื่อจมูกอักเสบจากภูมิแพ้,50-54,หญิง,895
ชุมพร,โรคเยื่อจมูกอักเสบจากภูมิแพ้,55-59,ชาย,262
ชุมพร,โรคเยื่อจมูกอักเสบจากภูมิแพ้,55-59,หญิง,783
ชุมพร,โรคเยื่อจมูกอักเสบจากภูมิแพ้,60-64,ชาย,294
ชุมพร,โรคเยื่อจมูกอักเสบจากภูมิแพ้,60-64,หญิง,605
ชุมพร,โรคเยื่อจมูกอักเสบจากภูมิแพ้,65-69,ชาย,265
ชุมพร,โรคเยื่อจมูกอักเสบจากภูมิแพ้,65-69,หญิง,455
ชุมพร,โรคเยื่อจมูกอักเสบจากภูมิแพ้,70-74,ชาย,245
ชุมพร,โรคเยื่อจมูกอักเสบจากภูมิแพ้,70-74,หญิง,312
ชุมพร,โรคเยื่อจมูกอักเสบจากภูมิแพ้,75-79,ชาย,165
ชุมพร,โรคเยื่อจมูกอักเสบจากภูมิแพ้,75-79,หญิง,211
ชุมพร,โรคเยื่อจมูกอักเสบจากภูมิแพ้,80+,ชาย,206
ชุมพร,โรคเยื่อจมูกอักเสบจากภูมิแพ้,80+,หญิง,183
ชุมพร,โรคเยื่อจมูกอักเสบจากภูมิแพ้,ไม่ทราบ,ชาย,2
ชุมพร,โรคเยื่อจมูกอักเสบจากภูมิแพ้,ไม่ทราบ,หญิง,1
ชุมพร,โรคเยื่อจมูกอักเสบจากภูมิแพ้,ไม่ทราบ,ไม่ระบุ,321
ชุมพร,โรคเยื่อบุตาอักเสบ,0-4,ชาย,703
ชุมพร,โรคเยื่อบุตาอักเสบ,0-4,หญิง,568
ชุมพร,โรคเยื่อบุตาอักเสบ,10-14,ชาย,691
ชุมพร,โรคเยื่อบุตาอักเสบ,10-14,หญิง,512
ชุมพร,โรคเยื่อบุตาอักเสบ,15-19,ชาย,659
ชุมพร,โรคเยื่อบุตาอักเสบ,15-19,หญิง,586
ชุมพร,โรคเยื่อบุตาอักเสบ,20-24,ชาย,742
ชุมพร,โรคเยื่อบุตาอักเสบ,20-24,หญิง,626
ชุมพร,โรคเยื่อบุตาอักเสบ,25-29,ชาย,1083
ชุมพร,โรคเยื่อบุตาอักเสบ,25-29,หญิง,951
ชุมพร,โรคเยื่อบุตาอักเสบ,30-34,ชาย,1087
ชุมพร,โรคเยื่อบุตาอักเสบ,30-34,หญิง,1069
ชุมพร,โรคเยื่อบุตาอักเสบ,35-39,ชาย,1132
ชุมพร,โรคเยื่อบุตาอักเสบ,35-39,หญิง,1011
ชุมพร,โรคเยื่อบุตาอักเสบ,40-44,ชาย,1220
ชุมพร,โรคเยื่อบุตาอักเสบ,40-44,หญิง,1160
ชุมพร,โรคเยื่อบุตาอักเสบ,45-49,ชาย,1127
ชุมพร,โรคเยื่อบุตาอักเสบ,45-49,หญิง,1249
ชุมพร,โรคเยื่อบุตาอักเสบ,5-9,ชาย,837
ชุมพร,โรคเยื่อบุตาอักเสบ,5-9,หญิง,591
ชุมพร,โรคเยื่อบุตาอักเสบ,50-54,ชาย,1139
ชุมพร,โรคเยื่อบุตาอักเสบ,50-54,หญิง,1312
ชุมพร,โรคเยื่อบุตาอักเสบ,55-59,ชาย,992
ชุมพร,โรคเยื่อบุตาอักเสบ,55-59,หญิง,1351
ชุมพร,โรคเยื่อบุตาอักเสบ,60-64,ชาย,893
ชุมพร,โรคเยื่อบุตาอักเสบ,60-64,หญิง,1204
ชุมพร,โรคเยื่อบุตาอักเสบ,65-69,ชาย,736
ชุมพร,โรคเยื่อบุตาอักเสบ,65-69,หญิง,1020
ชุมพร,โรคเยื่อบุตาอักเสบ,70-74,ชาย,526
ชุมพร,โรคเยื่อบุตาอักเสบ,70-74,หญิง,695
ชุมพร,โรคเยื่อบุตาอักเสบ,75-79,ชาย,376
ชุมพร,โรคเยื่อบุตาอักเสบ,75-79,หญิง,530
ชุมพร,โรคเยื่อบุตาอักเสบ,80+,ชาย,519
ชุมพร,โรคเยื่อบุตาอักเสบ,80+,หญิง,814
ชุมพร,โรคเยื่อบุตาอักเสบ,ไม่ทราบ,ชาย,3
ชุมพร,โรคเยื่อบุตาอักเสบ,ไม่ทราบ,หญิง,1
ชุมพร,โรคเยื่อบุตาอักเสบ,ไม่ทราบ,ไม่ระบุ,400
ตรัง,โรคติดเชื้อทางเดินหายใจส่วนบนเฉียบพลัน,0-4,ชาย,51005
ตรัง,โรคติดเชื้อทางเดินหายใจส่วนบนเฉียบพลัน,0-4,หญิง,45697
ตรัง,โรคติดเชื้อทางเดินหายใจส่วนบนเฉียบพลัน,10-14,ชาย,25183
ตรัง,โรคติดเชื้อทางเดินหายใจส่วนบนเฉียบพลัน,10-14,หญิง,22080
ตรัง,โรคติดเชื้อทางเดินหายใจส่วนบนเฉียบพลัน,15-19,ชาย,10878
ตรัง,โรคติดเชื้อทางเดินหายใจส่วนบนเฉียบพลัน,15-19,หญิง,14582
ตรัง,โรคติดเชื้อทางเดินหายใจส่วนบนเฉียบพลัน,20-24,ชาย,6258
ตรัง,โรคติดเชื้อทางเดินหายใจส่วนบนเฉียบพลัน,20-24,หญิง,11497
ตรัง,โรคติดเชื้อทางเดินหายใจส่วนบนเฉียบพลัน,25-29,ชาย,6495
ตรัง,โรคติดเชื้อทางเดินหายใจส่วนบนเฉียบพลัน,25-29,หญิง,15577
ตรัง,โรคติดเชื้อทางเดินหายใจส่วนบนเฉียบพลัน,30-34,ชาย,6386
ตรัง,โรคติดเชื้อทางเดินหายใจส่วนบนเฉียบพลัน,30-34,หญิง,16437
ตรัง,โรคติดเชื้อทางเดินหายใจส่วนบนเฉียบพลัน,35-39,ชาย,6275
ตรัง,โรคติดเชื้อทางเดินหายใจส่วนบนเฉียบพลัน,35-39,หญิง,17292
ตรัง,โรคติดเชื้อทางเดินหายใจส่วนบนเฉียบพลัน,40-44,ชาย,7038
ตรัง,โรคติดเชื้อทางเดินหายใจส่วนบนเฉียบพลัน,40-44,หญิง,18153
ตรัง,โรคติดเชื้อทางเดินหายใจส่วนบนเฉียบพลัน,45-49,ชาย,6844
ตรัง,โรคติดเชื้อทางเดินหายใจส่วนบนเฉียบพลัน,45-49,หญิง,19109
ตรัง,โรคติดเชื้อทางเดินหายใจส่วนบนเฉียบพลัน,5-9,ชาย,43029
ตรัง,โรคติดเชื้อทางเดินหายใจส่วนบนเฉียบพลัน,5-9,หญิง,40090
ตรัง,โรคติดเชื้อทางเดินหายใจส่วนบนเฉียบพลัน,5-9,ไม่ระบุ,1
ตรัง,โรคติดเชื้อทางเดินหายใจส่วนบนเฉียบพลัน,50-54,ชาย,7413
ตรัง,โรคติดเชื้อทางเดินหายใจส่วนบนเฉียบพลัน,50-54,หญิง,20328
ตรัง,โรคติดเชื้อทางเดินหายใจส่วนบนเฉียบพลัน,55-59,ชาย,7742
ตรัง,โรคติดเชื้อทางเดินหายใจส่วนบนเฉียบพลัน,55-59,หญิง,19920
ตรัง,โรคติดเชื้อทางเดินหายใจส่วนบนเฉียบพลัน,60-64,ชาย,8294
ตรัง,โรคติดเชื้อทางเดินหายใจส่วนบนเฉียบพลัน,60-64,หญิง,16794
ตรัง,โรคติดเชื้อทางเดินหายใจส่วนบนเฉียบพลัน,65-69,ชาย,6921
ตรัง,โรคติดเชื้อทางเดินหายใจส่วนบนเฉียบพลัน,65-69,หญิง,12253
ตรัง,โรคติดเชื้อทางเดินหายใจส่วนบนเฉียบพลัน,70-74,ชาย,5802
ตรัง,โรคติดเชื้อทางเดินหายใจส่วนบนเฉียบพลัน,70-74,หญิง,9042
ตรัง,โรคติดเชื้อทางเดินหายใจส่วนบนเฉียบพลัน,75-79,ชาย,3807
ตรัง,โรคติดเชื้อทางเดินหายใจส่วนบนเฉียบพลัน,75-79,หญิง,5349
ตรัง,โรคติดเชื้อทางเดินหายใจส่วนบนเฉียบพลัน,80+,ชาย,4209
ตรัง,โรคติดเชื้อทางเดินหายใจส่วนบนเฉียบพลัน,80+,หญิง,6506
ตรัง,โรคติดเชื้อทางเดินหายใจส่วนบนเฉียบพลัน,ไม่ทราบ,ชาย,4
ตรัง,โรคติดเชื้อทางเดินหายใจส่วนบนเฉียบพลัน,ไม่ทราบ,หญิง,11
ตรัง,โรคติดเชื้อทางเดินหายใจส่วนบนเฉียบพลัน,ไม่ทราบ,ไม่ระบุ,1036
ตรัง,โรคปอดอุดกั้นเรื้อรัง,0-4,ชาย,41
ตรัง,โรคปอดอุดกั้นเรื้อรัง,0-4,หญิง,27
ตรัง,โรคปอดอุดกั้นเรื้อรัง,10-14,ชาย,11
ตรัง,โรคปอดอุดกั้นเรื้อรัง,10-14,หญิง,4
ตรัง,โรคปอดอุดกั้นเรื้อรัง,15-19,ชาย,5
ตรัง,โรคปอดอุดกั้นเรื้อรัง,15-19,หญิง,2
ตรัง,โรคปอดอุดกั้นเรื้อรัง,20-24,ชาย,15
ตรัง,โรคปอดอุดกั้นเรื้อรัง,20-24,หญิง,3
ตรัง,โรคปอดอุดกั้นเรื้อรัง,25-29,ชาย,20
ตรัง,โรคปอดอุดกั้นเรื้อรัง,25-29,หญิง,6
ตรัง,โรคปอดอุดกั้นเรื้อรัง,30-34,ชาย,76
ตรัง,โรคปอดอุดกั้นเรื้อรัง,30-34,หญิง,24
ตรัง,โรคปอดอุดกั้นเรื้อรัง,35-39,ชาย,208
ตรัง,โรคปอดอุดกั้นเรื้อรัง,35-39,หญิง,39
ตรัง,โรคปอดอุดกั้นเรื้อรัง,40-44,ชาย,621
ตรัง,โรคปอดอุดกั้นเรื้อรัง,40-44,หญิง,47
ตรัง,โรคปอดอุดกั้นเรื้อรัง,45-49,ชาย,1301
ตรัง,โรคปอดอุดกั้นเรื้อรัง,45-49,หญิง,107
ตรัง,โรคปอดอุดกั้นเรื้อรัง,5-9,ชาย,26
ตรัง,โรคปอดอุดกั้นเรื้อรัง,5-9,หญิง,22
ตรัง,โรคปอดอุดกั้นเรื้อรัง,50-54,ชาย,2350
ตรัง,โรคปอดอุดกั้นเรื้อรัง,50-54,หญิง,252
ตรัง,โรคปอดอุดกั้นเรื้อรัง,55-59,ชาย,4575
ตรัง,โรคปอดอุดกั้นเรื้อรัง,55-59,หญิง,409
ตรัง,โรคปอดอุดกั้นเรื้อรัง,60-64,ชาย,6627
ตรัง,โรคปอดอุดกั้นเรื้อรัง,60-64,หญิง,677
ตรัง,โรคปอดอุดกั้นเรื้อรัง,65-69,ชาย,7171
ตรัง,โรคปอดอุดกั้นเรื้อรัง,65-69,หญิง,766
ตรัง,โรคปอดอุดกั้นเรื้อรัง,70-74,ชาย,7396
ตรัง,โรคปอดอุดกั้นเรื้อรัง,70-74,หญิง,1212
ตรัง,โรคปอดอุดกั้นเรื้อรัง,75-79,ชาย,5590
ตรัง,โรคปอดอุดกั้นเรื้อรัง,75-79,หญิง,1532
ตรัง,โรคปอดอุดกั้นเรื้อรัง,80+,ชาย,8193
ตรัง,โรคปอดอุดกั้นเรื้อรัง,80+,หญิง,3102
ตรัง,โรคปอดอุดกั้นเรื้อรัง,ไม่ทราบ,ไม่ระบุ,35
ตรัง,โรคผิวหนังอักเสบ,0-4,ชาย,1099
ตรัง,โรคผิวหนังอักเสบ,0-4,หญิง,1000
ตรัง,โรคผิวหนังอักเสบ,10-14,ชาย,700
ตรัง,โรคผิวหนังอักเสบ,10-14,หญิง,668
ตรัง,โรคผิวหนังอักเสบ,15-19,ชาย,380
ตรัง,โรคผิวหนังอักเสบ,15-19,หญิง,679
ตรัง,โรคผิวหนังอักเสบ,20-24,ชาย,313
ตรัง,โรคผิวหนังอักเสบ,20-24,หญิง,542
ตรัง,โรคผิวหนังอักเสบ,25-29,ชาย,355
ตรัง,โรคผิวหนังอักเสบ,25-29,หญิง,693
ตรัง,โรคผิวหนังอักเสบ,30-34,ชาย,369
ตรัง,โรคผิวหนังอักเสบ,30-34,หญิง,845
ตรัง,โรคผิวหนังอักเสบ,35-39,ชาย,436
ตรัง,โรคผิวหนังอักเสบ,35-39,หญิง,945
ตรัง,โรคผิวหนังอักเสบ,40-44,ชาย,466
ตรัง,โรคผิวหนังอักเสบ,40-44,หญิง,1086
ตรัง,โรคผิวหนังอักเสบ,45-49,ชาย,580
ตรัง,โรคผิวหนังอักเสบ,45-49,หญิง,1246
ตรัง,โรคผิวหนังอักเสบ,5-9,ชาย,909
ตรัง,โรคผิวหนังอักเสบ,5-9,หญิง,863
ตรัง,โรคผิวหนังอักเสบ,50-54,ชาย,560
ตรัง,โรคผิวหนังอักเสบ,50-54,หญิง,1595
ตรัง,โรคผิวหนังอักเสบ,55-59,ชาย,785
ตรัง,โรคผิวหนังอักเสบ,55-59,หญิง,1574
ตรัง,โรคผิวหนังอักเสบ,60-64,ชาย,773
ตรัง,โรคผิวหนังอักเสบ,60-64,หญิง,1277
ตรัง,โรคผิวหนังอักเสบ,65-69,ชาย,770
ตรัง,โรคผิวหนังอักเสบ,65-69,หญิง,945
ตรัง,โรคผิวหนังอักเสบ,70-74,ชาย,535
ตรัง,โรคผิวหนังอักเสบ,70-74,หญิง,751
ตรัง,โรคผิวหนังอักเสบ,75-79,ชาย,377
ตรัง,โรคผิวหนังอักเสบ,75-79,หญิง,406
ตรัง,โรคผิวหนังอักเสบ,80+,ชาย,503
ตรัง,โรคผิวหนังอักเสบ,80+,หญิง,621
ตรัง,โรคผิวหนังอักเสบ,ไม่ทราบ,ไม่ระบุ,28
ตรัง,โรคลมพิษ,0-4,ชาย,912
ตรัง,โรคลมพิษ,0-4,หญิง,847
ตรัง,โรคลมพิษ,10-14,ชาย,753
ตรัง,โรคลมพิษ,10-14,หญิง,732
ตรัง,โรคลมพิษ,15-19,ชาย,466
ตรัง,โรคลมพิษ,15-19,หญิง,732
ตรัง,โรคลมพิษ,20-24,ชาย,234
ตรัง,โรคลมพิษ,20-24,หญิง,627
ตรัง,โรคลมพิษ,25-29,ชาย,209
ตรัง,โรคลมพิษ,25-29,หญิง,736
ตรัง,โรคลมพิษ,30-34,ชาย,211
ตรัง,โรคลมพิษ,30-34,หญิง,758
ตรัง,โรคลมพิษ,35-39,ชาย,211
ตรัง,โรคลมพิษ,35-39,หญิง,771
ตรัง,โรคลมพิษ,40-44,ชาย,219
ตรัง,โรคลมพิษ,40-44,หญิง,817
ตรัง,โรคลมพิษ,45-49,ชาย,269
ตรัง,โรคลมพิษ,45-49,หญิง,905
ตรัง,โรคลมพิษ,5-9,ชาย,965
ตรัง,โรคลมพิษ,5-9,หญิง,887
ตรัง,โรคลมพิษ,50-54,ชาย,336
ตรัง,โรคลมพิษ,50-54,หญิง,899
ตรัง,โรคลมพิษ,55-59,ชาย,308
ตรัง,โรคลมพิษ,55-59,หญิง,680
ตรัง,โรคลมพิษ,60-64,ชาย,276
ตรัง,โรคลมพิษ,60-64,หญิง,643
ตรัง,โรคลมพิษ,65-69,ชาย,203
ตรัง,โรคลมพิษ,65-69,หญิง,400
ตรัง,โรคลมพิษ,70-74,ชาย,157
ตรัง,โรคลมพิษ,70-74,หญิง,286
ตรัง,โรคลมพิษ,75-79,ชาย,121
ตรัง,โรคลมพิษ,75-79,หญิง,143
ตรัง,โรคลมพิษ,80+,ชาย,117
ตรัง,โรคลมพิษ,80+,หญิง,193
ตรัง,โรคลมพิษ,ไม่ทราบ,ไม่ระบุ,25
ตรัง,โรคหอบหืด,0-4,ชาย,4583
ตรัง,โรคหอบหืด,0-4,หญิง,2639
ตรัง,โรคหอบหืด,10-14,ชาย,2613
ตรัง,โรคหอบหืด,10-14,หญิง,1465
ตรัง,โรคหอบหืด,15-19,ชาย,744
ตรัง,โรคหอบหืด,15-19,หญิง,703
ตรัง,โรคหอบหืด,20-24,ชาย,468
ตรัง,โรคหอบหืด,20-24,หญิง,566
ตรัง,โรคหอบหืด,25-29,ชาย,485
ตรัง,โรคหอบหืด,25-29,หญิง,946
ตรัง,โรคหอบหืด,30-34,ชาย,535
ตรัง,โรคหอบหืด,30-34,หญิง,1214
ตรัง,โรคหอบหืด,35-39,ชาย,876
ตรัง,โรคหอบหืด,35-39,หญิง,1806
ตรัง,โรคหอบหืด,40-44,ชาย,1311
ตรัง,โรคหอบหืด,40-44,หญิง,2170
ตรัง,โรคหอบหืด,45-49,ชาย,1414
ตรัง,โรคหอบหืด,45-49,หญิง,3501
ตรัง,โรคหอบหืด,5-9,ชาย,5502
ตรัง,โรคหอบหืด,5-9,หญิง,3487
ตรัง,โรคหอบหืด,50-54,ชาย,1119
ตรัง,โรคหอบหืด,50-54,หญิง,4304
ตรัง,โรคหอบหืด,55-59,ชาย,1434
ตรัง,โรคหอบหืด,55-59,หญิง,4917
ตรัง,โรคหอบหืด,60-64,ชาย,1364
ตรัง,โรคหอบหืด,60-64,หญิง,4175
ตรัง,โรคหอบหืด,65-69,ชาย,995
ตรัง,โรคหอบหืด,65-69,หญิง,3484
ตรัง,โรคหอบหืด,70-74,ชาย,716
ตรัง,โรคหอบหืด,70-74,หญิง,2844
ตรัง,โรคหอบหืด,75-79,ชาย,417
ตรัง,โรคหอบหืด,75-79,หญิง,1852
ตรัง,โรคหอบหืด,80+,ชาย,341
ตรัง,โรคหอบหืด,80+,หญิง,2459
ตรัง,โรคหอบหืด,ไม่ทราบ,หญิง,1
ตรัง,โรคหอบหืด,ไม่ทราบ,ไม่ระบุ,46
ตรัง,โรคเยื่อจมูกอักเสบจากภูมิแพ้,0-4,ชาย,900
ตรัง,โรคเยื่อจมูกอักเสบจากภูมิแพ้,0-4,หญิง,770
ตรัง,โรคเยื่อจมูกอักเสบจากภูมิแพ้,0-4,ไม่ระบุ,1
ตรัง,โรคเยื่อจมูกอักเสบจากภูมิแพ้,10-14,ชาย,1144
ตรัง,โรคเยื่อจมูกอักเสบจากภูมิแพ้,10-14,หญิง,802
ตรัง,โรคเยื่อจมูกอักเสบจากภูมิแพ้,15-19,ชาย,385
ตรัง,โรคเยื่อจมูกอักเสบจากภูมิแพ้,15-19,หญิง,548
ตรัง,โรคเยื่อจมูกอักเสบจากภูมิแพ้,20-24,ชาย,275
ตรัง,โรคเยื่อจมูกอักเสบจากภูมิแพ้,20-24,หญิง,501
ตรัง,โรคเยื่อจมูกอักเสบจากภูมิแพ้,25-29,ชาย,360
ตรัง,โรคเยื่อจมูกอักเสบจากภูมิแพ้,25-29,หญิง,918
ตรัง,โรคเยื่อจมูกอักเสบจากภูมิแพ้,30-34,ชาย,280
ตรัง,โรคเยื่อจมูกอักเสบจากภูมิแพ้,30-34,หญิง,1068
ตรัง,โรคเยื่อจมูกอักเสบจากภูมิแพ้,35-39,ชาย,348
ตรัง,โรคเยื่อจมูกอักเสบจากภูมิแพ้,35-39,หญิง,1031
ตรัง,โรคเยื่อจมูกอักเสบจากภูมิแพ้,40-44,ชาย,427
ตรัง,โรคเยื่อจมูกอักเสบจากภูมิแพ้,40-44,หญิง,1192
ตรัง,โรคเยื่อจมูกอักเสบจากภูมิแพ้,45-49,ชาย,399
ตรัง,โรคเยื่อจมูกอักเสบจากภูมิแพ้,45-49,หญิง,1544
ตรัง,โรคเยื่อจมูกอักเสบจากภูมิแพ้,5-9,ชาย,1655
ตรัง,โรคเยื่อจมูกอักเสบจากภูมิแพ้,5-9,หญิง,1127
ตรัง,โรคเยื่อจมูกอักเสบจากภูมิแพ้,50-54,ชาย,541
ตรัง,โรคเยื่อจมูกอักเสบจากภูมิแพ้,50-54,หญิง,1370
ตรัง,โรคเยื่อจมูกอักเสบจากภูมิแพ้,55-59,ชาย,579
ตรัง,โรคเยื่อจมูกอักเสบจากภูมิแพ้,55-59,หญิง,1260
ตรัง,โรคเยื่อจมูกอักเสบจากภูมิแพ้,60-64,ชาย,648
ตรัง,โรคเยื่อจมูกอักเสบจากภูมิแพ้,60-64,หญิง,1082
ตรัง,โรคเยื่อจมูกอักเสบจากภูมิแพ้,65-69,ชาย,477
ตรัง,โรคเยื่อจมูกอักเสบจากภูมิแพ้,65-69,หญิง,721
ตรัง,โรคเยื่อจมูกอักเสบจากภูมิแพ้,70-74,ชาย,409
ตรัง,โรคเยื่อจมูกอักเสบจากภูมิแพ้,70-74,หญิง,504
ตรัง,โรคเยื่อจมูกอักเสบจากภูมิแพ้,75-79,ชาย,266
ตรัง,โรคเยื่อจมูกอักเสบจากภูมิแพ้,75-79,หญิง,293
ตรัง,โรคเยื่อจมูกอักเสบจากภูมิแพ้,80+,ชาย,244
ตรัง,โรคเยื่อจมูกอักเสบจากภูมิแพ้,80+,หญิง,288
ตรัง,โรคเยื่อจมูกอักเสบจากภูมิแพ้,ไม่ทราบ,ไม่ระบุ,17
ตรัง,โรคเยื่อบุตาอักเสบ,0-4,ชาย,1187
ตรัง,โรคเยื่อบุตาอักเสบ,0-4,หญิง,932
ตรัง,โรคเยื่อบุตาอักเสบ,10-14,ชาย,1562
ตรัง,โรคเยื่อบุตาอักเสบ,10-14,หญิง,1148
ตรัง,โรคเยื่อบุตาอักเสบ,15-19,ชาย,953
ตรัง,โรคเยื่อบุตาอักเสบ,15-19,หญิง,968
ตรัง,โรคเยื่อบุตาอักเสบ,20-24,ชาย,689
ตรัง,โรคเยื่อบุตาอักเสบ,20-24,หญิง,814
ตรัง,โรคเยื่อบุตาอักเสบ,25-29,ชาย,842
ตรัง,โรคเยื่อบุตาอักเสบ,25-29,หญิง,1186
ตรัง,โรคเยื่อบุตาอักเสบ,30-34,ชาย,895
ตรัง,โรคเยื่อบุตาอักเสบ,30-34,หญิง,1332
ตรัง,โรคเยื่อบุตาอักเสบ,35-39,ชาย,1002
ตรัง,โรคเยื่อบุตาอักเสบ,35-39,หญิง,1435
ตรัง,โรคเยื่อบุตาอักเสบ,40-44,ชาย,1172
ตรัง,โรคเยื่อบุตาอักเสบ,40-44,หญิง,1603
ตรัง,โรคเยื่อบุตาอักเสบ,45-49,ชาย,1216
ตรัง,โรคเยื่อบุตาอักเสบ,45-49,หญิง,1799
ตรัง,โรคเยื่อบุตาอักเสบ,5-9,ชาย,1706
ตรัง,โรคเยื่อบุตาอักเสบ,5-9,หญิง,1304
ตรัง,โรคเยื่อบุตาอักเสบ,50-54,ชาย,1141
ตรัง,โรคเยื่อบุตาอักเสบ,50-54,หญิง,2108
ตรัง,โรคเยื่อบุตาอักเสบ,55-59,ชาย,1241
ตรัง,โรคเยื่อบุตาอักเสบ,55-59,หญิง,2282
ตรัง,โรคเยื่อบุตาอักเสบ,60-64,ชาย,1300
ตรัง,โรคเยื่อบุตาอักเสบ,60-64,หญิง,2045
ตรัง,โรคเยื่อบุตาอักเสบ,65-69,ชาย,884
ตรัง,โรคเยื่อบุตาอักเสบ,65-69,หญิง,1685
ตรัง,โรคเยื่อบุตาอักเสบ,70-74,ชาย,757
ตรัง,โรคเยื่อบุตาอักเสบ,70-74,หญิง,1175
ตรัง,โรคเยื่อบุตาอักเสบ,75-79,ชาย,490
ตรัง,โรคเยื่อบุตาอักเสบ,75-79,หญิง,785
ตรัง,โรคเยื่อบุตาอักเสบ,80+,ชาย,626
ตรัง,โรคเยื่อบุตาอักเสบ,80+,หญิง,1004
ตรัง,โรคเยื่อบุตาอักเสบ,ไม่ทราบ,หญิง,1
ตรัง,โรคเยื่อบุตาอักเสบ,ไม่ทราบ,ไม่ระบุ,59
ตราด,โรคติดเชื้อทางเดินหายใจส่วนบนเฉียบพลัน,0-4,ชาย,15851
ตราด,โรคติดเชื้อทางเดินหายใจส่วนบนเฉียบพลัน,0-4,หญิง,13666
ตราด,โรคติดเชื้อทางเดินหายใจส่วนบนเฉียบพลัน,0-4,ไม่ระบุ,8
ตราด,โรคติดเชื้อทางเดินหายใจส่วนบนเฉียบพลัน,10-14,ชาย,5860
ตราด,โรคติดเชื้อทางเดินหายใจส่วนบนเฉียบพลัน,10-14,หญิง,5273
ตราด,โรคติดเชื้อทางเดินหายใจส่วนบนเฉียบพลัน,10-14,ไม่ระบุ,2
ตราด,โรคติดเชื้อทางเดินหายใจส่วนบนเฉียบพลัน,15-19,ชาย,3278
ตราด,โรคติดเชื้อทางเดินหายใจส่วนบนเฉียบพลัน,15-19,หญิง,3900
ตราด,โรคติดเชื้อทางเดินหายใจส่วนบนเฉียบพลัน,15-19,ไม่ระบุ,1
ตราด,โรคติดเชื้อทางเดินหายใจส่วนบนเฉียบพลัน,20-24,ชาย,3312
ตราด,โรคติดเชื้อทางเดินหายใจส่วนบนเฉียบพลัน,20-24,หญิง,4248
ตราด,โรคติดเชื้อทางเดินหายใจส่วนบนเฉียบพลัน,20-24,ไม่ระบุ,2
ตราด,โรคติดเชื้อทางเดินหายใจส่วนบนเฉียบพลัน,25-29,ชาย,4830
ตราด,โรคติดเชื้อทางเดินหายใจส่วนบนเฉียบพลัน,25-29,หญิง,5225
ตราด,โรคติดเชื้อทางเดินหายใจส่วนบนเฉียบพลัน,30-34,ชาย,4434
ตราด,โรคติดเชื้อทางเดินหายใจส่วนบนเฉียบพลัน,30-34,หญิง,5187
ตราด,โรคติดเชื้อทางเดินหายใจส่วนบนเฉียบพลัน,35-39,ชาย,4021
ตราด,โรคติดเชื้อทางเดินหายใจส่วนบนเฉียบพลัน,35-39,หญิง,5004
ตราด,โรคติดเชื้อทางเดินหายใจส่วนบนเฉียบพลัน,35-39,ไม่ระบุ,1
ตราด,โรคติดเชื้อทางเดินหายใจส่วนบนเฉียบพลัน,40-44,ชาย,4152
ตราด,โรคติดเชื้อทางเดินหายใจส่วนบนเฉียบพลัน,40-44,หญิง,4846
ตราด,โรคติดเชื้อทางเดินหายใจส่วนบนเฉียบพลัน,40-44,ไม่ระบุ,2
ตราด,โรคติดเชื้อทางเดินหายใจส่วนบนเฉียบพลัน,45-49,ชาย,3436
ตราด,โรคติดเชื้อทางเดินหายใจส่วนบนเฉียบพลัน,45-49,หญิง,4702
ตราด,โรคติดเชื้อทางเดินหายใจส่วนบนเฉียบพลัน,5-9,ชาย,10517
ตราด,โรคติดเชื้อทางเดินหายใจส่วนบนเฉียบพลัน,5-9,หญิง,9763
ตราด,โรคติดเชื้อทางเดินหายใจส่วนบนเฉียบพลัน,5-9,ไม่ระบุ,6
ตราด,โรคติดเชื้อทางเดินหายใจส่วนบนเฉียบพลัน,50-54,ชาย,2827
ตราด,โรคติดเชื้อทางเดินหายใจส่วนบนเฉียบพลัน,50-54,หญิง,4955
ตราด,โรคติดเชื้อทางเดินหายใจส่วนบนเฉียบพลัน,50-54,ไม่ระบุ,1
ตราด,โรคติดเชื้อทางเดินหายใจส่วนบนเฉียบพลัน,55-59,ชาย,2621
ตราด,โรคติดเชื้อทางเดินหายใจส่วนบนเฉียบพลัน,55-59,หญิง,4793
ตราด,โรคติดเชื้อทางเดินหายใจส่วนบนเฉียบพลัน,60-64,ชาย,2363
ตราด,โรคติดเชื้อทางเดินหายใจส่วนบนเฉียบพลัน,60-64,หญิง,4072
ตราด,โรคติดเชื้อทางเดินหายใจส่วนบนเฉียบพลัน,65-69,ชาย,2180
ตราด,โรคติดเชื้อทางเดินหายใจส่วนบนเฉียบพลัน,65-69,หญิง,3322
ตราด,โรคติดเชื้อทางเดินหายใจส่วนบนเฉียบพลัน,70-74,ชาย,1974
ตราด,โรคติดเชื้อทางเดินหายใจส่วนบนเฉียบพลัน,70-74,หญิง,2575
ตราด,โรคติดเชื้อทางเดินหายใจส่วนบนเฉียบพลัน,75-79,ชาย,1503
ตราด,โรคติดเชื้อทางเดินหายใจส่วนบนเฉียบพลัน,75-79,หญิง,1609
ตราด,โรคติดเชื้อทางเดินหายใจส่วนบนเฉียบพลัน,80+,ชาย,1682
ตราด,โรคติดเชื้อทางเดินหายใจส่วนบนเฉียบพลัน,80+,หญิง,1837
ตราด,โรคติดเชื้อทางเดินหายใจส่วนบนเฉียบพลัน,ไม่ทราบ,ชาย,6
ตราด,โรคติดเชื้อทางเดินหายใจส่วนบนเฉียบพลัน,ไม่ทราบ,หญิง,8
ตราด,โรคติดเชื้อทางเดินหายใจส่วนบนเฉียบพลัน,ไม่ทราบ,ไม่ระบุ,1723
ตราด,โรคปอดอุดกั้นเรื้อรัง,0-4,ชาย,17
ตราด,โรคปอดอุดกั้นเรื้อรัง,0-4,หญิง,10
ตราด,โรคปอดอุดกั้นเรื้อรัง,15-19,ชาย,4
ตราด,โรคปอดอุดกั้นเรื้อรัง,15-19,หญิง,3
ตราด,โรคปอดอุดกั้นเรื้อรัง,20-24,ชาย,8
ตราด,โรคปอดอุดกั้นเรื้อรัง,20-24,หญิง,1
ตราด,โรคปอดอุดกั้นเรื้อรัง,25-29,ชาย,23
ตราด,โรคปอดอุดกั้นเรื้อรัง,25-29,หญิง,2
ตราด,โรคปอดอุดกั้นเรื้อรัง,30-34,ชาย,22
ตราด,โรคปอดอุดกั้นเรื้อรัง,30-34,หญิง,6
ตราด,โรคปอดอุดกั้นเรื้อรัง,35-39,ชาย,96
ตราด,โรคปอดอุดกั้นเรื้อรัง,35-39,หญิง,22
ตราด,โรคปอดอุดกั้นเรื้อรัง,40-44,ชาย,226
ตราด,โรคปอดอุดกั้นเรื้อรัง,40-44,หญิง,64
ตราด,โรคปอดอุดกั้นเรื้อรัง,45-49,ชาย,476
ตราด,โรคปอดอุดกั้นเรื้อรัง,45-49,หญิง,133
ตราด,โรคปอดอุดกั้นเรื้อรัง,5-9,ชาย,7
ตราด,โรคปอดอุดกั้นเรื้อรัง,5-9,หญิง,3
ตราด,โรคปอดอุดกั้นเรื้อรัง,50-54,ชาย,625
ตราด,โรคปอดอุดกั้นเรื้อรัง,50-54,หญิง,261
ตราด,โรคปอดอุดกั้นเรื้อรัง,55-59,ชาย,1260
ตราด,โรคปอดอุดกั้นเรื้อรัง,55-59,หญิง,380
ตราด,โรคปอดอุดกั้นเรื้อรัง,60-64,ชาย,1806
ตราด,โรคปอดอุดกั้นเรื้อรัง,60-64,หญิง,403
ตราด,โรคปอดอุดกั้นเรื้อรัง,65-69,ชาย,1872
ตราด,โรคปอดอุดกั้นเรื้อรัง,65-69,หญิง,848
ตราด,โรคปอดอุดกั้นเรื้อรัง,70-74,ชาย,2118
ตราด,โรคปอดอุดกั้นเรื้อรัง,70-74,หญิง,748
ตราด,โรคปอดอุดกั้นเรื้อรัง,75-79,ชาย,1871
ตราด,โรคปอดอุดกั้นเรื้อรัง,75-79,หญิง,698
ตราด,โรคปอดอุดกั้นเรื้อรัง,80+,ชาย,2405
ตราด,โรคปอดอุดกั้นเรื้อรัง,80+,หญิง,1300
ตราด,โรคปอดอุดกั้นเรื้อรัง,ไม่ทราบ,ไม่ระบุ,21
ตราด,โรคผิวหนังอักเสบ,0-4,ชาย,263
ตราด,โรคผิวหนังอักเสบ,0-4,หญิง,209
ตราด,โรคผิวหนังอักเสบ,10-14,ชาย,159
ตราด,โรคผิวหนังอักเสบ,10-14,หญิง,147
ตราด,โรคผิวหนังอักเสบ,15-19,ชาย,123
ตราด,โรคผิวหนังอักเสบ,15-19,หญิง,227
ตราด,โรคผิวหนังอักเสบ,20-24,ชาย,91
ตราด,โรคผิวหนังอักเสบ,20-24,หญิง,244
ตราด,โรคผิวหนังอักเสบ,25-29,ชาย,153
ตราด,โรคผิวหนังอักเสบ,25-29,หญิง,264
ตราด,โรคผิวหนังอักเสบ,30-34,ชาย,116
ตราด,โรคผิวหนังอักเสบ,30-34,หญิง,264
ตราด,โรคผิวหนังอักเสบ,35-39,ชาย,151
ตราด,โรคผิวหนังอักเสบ,35-39,หญิง,286
ตราด,โรคผิวหนังอักเสบ,40-44,ชาย,182
ตราด,โรคผิวหนังอักเสบ,40-44,หญิง,371
ตราด,โรคผิวหนังอักเสบ,40-44,ไม่ระบุ,1
ตราด,โรคผิวหนังอักเสบ,45-49,ชาย,246
ตราด,โรคผิวหนังอักเสบ,45-49,หญิง,564
ตราด,โรคผิวหนังอักเสบ,5-9,ชาย,218
ตราด,โรคผิวหนังอักเสบ,5-9,หญิง,213
ตราด,โรคผิวหนังอักเสบ,50-54,ชาย,249
ตราด,โรคผิวหนังอักเสบ,50-54,หญิง,426
ตราด,โรคผิวหนังอักเสบ,55-59,ชาย,177
ตราด,โรคผิวหนังอักเสบ,55-59,หญิง,397
ตราด,โรคผิวหนังอักเสบ,60-64,ชาย,263
ตราด,โรคผิวหนังอักเสบ,60-64,หญิง,398
ตราด,โรคผิวหนังอักเสบ,65-69,ชาย,281
ตราด,โรคผิวหนังอักเสบ,65-69,หญิง,326
ตราด,โรคผิวหนังอักเสบ,70-74,ชาย,285
ตราด,โรคผิวหนังอักเสบ,70-74,หญิง,349
ตราด,โรคผิวหนังอักเสบ,75-79,ชาย,259
ตราด,โรคผิวหนังอักเสบ,75-79,หญิง,163
ตราด,โรคผิวหนังอักเสบ,80+,ชาย,174
ตราด,โรคผิวหนังอักเสบ,80+,หญิง,228
ตราด,โรคผิวหนังอักเสบ,ไม่ทราบ,ไม่ระบุ,92
ตราด,โรคลมพิษ,0-4,ชาย,370
ตราด,โรคลมพิษ,0-4,หญิง,306
ตราด,โรคลมพิษ,10-14,ชาย,343
ตราด,โรคลมพิษ,10-14,หญิง,319
ตราด,โรคลมพิษ,10-14,ไม่ระบุ,2
ตราด,โรคลมพิษ,15-19,ชาย,258
ตราด,โรคลมพิษ,15-19,หญิง,383
ตราด,โรคลมพิษ,20-24,ชาย,313
ตราด,โรคลมพิษ,20-24,หญิง,405
ตราด,โรคลมพิษ,25-29,ชาย,405
ตราด,โรคลมพิษ,25-29,หญิง,443
ตราด,โรคลมพิษ,30-34,ชาย,332
ตราด,โรคลมพิษ,30-34,หญิง,445
ตราด,โรคลมพิษ,35-39,ชาย,334
ตราด,โรคลมพิษ,35-39,หญิง,417
ตราด,โรคลมพิษ,40-44,ชาย,300
ตราด,โรคลมพิษ,40-44,หญิง,426
ตราด,โรคลมพิษ,45-49,ชาย,239
ตราด,โรคลมพิษ,45-49,หญิง,399
ตราด,โรคลมพิษ,5-9,ชาย,360
ตราด,โรคลมพิษ,5-9,หญิง,291
ตราด,โรคลมพิษ,50-54,ชาย,187
ตราด,โรคลมพิษ,50-54,หญิง,351
ตราด,โรคลมพิษ,55-59,ชาย,173
ตราด,โรคลมพิษ,55-59,หญิง,357
ตราด,โรคลมพิษ,60-64,ชาย,138
ตราด,โรคลมพิษ,60-64,หญิง,258
ตราด,โรคลมพิษ,65-69,ชาย,107
ตราด,โรคลมพิษ,65-69,หญิง,164
ตราด,โรคลมพิษ,70-74,ชาย,91
ตราด,โรคลมพิษ,70-74,หญิง,139
ตราด,โรคลมพิษ,75-79,ชาย,73
ตราด,โรคลมพิษ,75-79,หญิง,66
ตราด,โรคลมพิษ,80+,ชาย,59
ตราด,โรคลมพิษ,80+,หญิง,73
ตราด,โรคลมพิษ,ไม่ทราบ,ชาย,1
ตราด,โรคลมพิษ,ไม่ทราบ,ไม่ระบุ,54
ตราด,โรคหอบหืด,0-4,ชาย,374
ตราด,โรคหอบหืด,0-4,หญิง,199
ตราด,โรคหอบหืด,10-14,ชาย,481
ตราด,โรคหอบหืด,10-14,หญิง,203
ตราด,โรคหอบหืด,15-19,ชาย,203
ตราด,โรคหอบหืด,15-19,หญิง,103
ตราด,โรคหอบหืด,20-24,ชาย,119
ตราด,โรคหอบหืด,20-24,หญิง,97
ตราด,โรคหอบหืด,25-29,ชาย,178
ตราด,โรคหอบหืด,25-29,หญิง,196
ตราด,โรคหอบหืด,30-34,ชาย,151
ตราด,โรคหอบหืด,30-34,หญิง,295
ตราด,โรคหอบหืด,35-39,ชาย,278
ตราด,โรคหอบหืด,35-39,หญิง,370
ตราด,โรคหอบหืด,40-44,ชาย,328
ตราด,โรคหอบหืด,40-44,หญิง,604
ตราด,โรคหอบหืด,45-49,ชาย,326
ตราด,โรคหอบหืด,45-49,หญิง,588
ตราด,โรคหอบหืด,5-9,ชาย,978
ตราด,โรคหอบหืด,5-9,หญิง,347
ตราด,โรคหอบหืด,50-54,ชาย,187
ตราด,โรคหอบหืด,50-54,หญิง,629
ตราด,โรคหอบหืด,55-59,ชาย,258
ตราด,โรคหอบหืด,55-59,หญิง,865
ตราด,โรคหอบหืด,60-64,ชาย,313
ตราด,โรคหอบหืด,60-64,หญิง,852
ตราด,โรคหอบหืด,65-69,ชาย,219
ตราด,โรคหอบหืด,65-69,หญิง,859
ตราด,โรคหอบหืด,70-74,ชาย,235
ตราด,โรคหอบหืด,70-74,หญิง,582
ตราด,โรคหอบหืด,75-79,ชาย,135
ตราด,โรคหอบหืด,75-79,หญิง,352
ตราด,โรคหอบหืด,80+,ชาย,150
ตราด,โรคหอบหืด,80+,หญิง,555
ตราด,โรคหอบหืด,ไม่ทราบ,ไม่ระบุ,21
ตราด,โรคเยื่อจมูกอักเสบจากภูมิแพ้,0-4,ชาย,218
ตราด,โรคเยื่อจมูกอักเสบจากภูมิแพ้,0-4,หญิง,170
ตราด,โรคเยื่อจมูกอักเสบจากภูมิแพ้,10-14,ชาย,170
ตราด,โรคเยื่อจมูกอักเสบจากภูมิแพ้,10-14,หญิง,160
ตราด,โรคเยื่อจมูกอักเสบจากภูมิแพ้,15-19,ชาย,81
ตราด,โรคเยื่อจมูกอักเสบจากภูมิแพ้,15-19,หญิง,74
ตราด,โรคเยื่อจมูกอักเสบจากภูมิแพ้,20-24,ชาย,83
ตราด,โรคเยื่อจมูกอักเสบจากภูมิแพ้,20-24,หญิง,146
ตราด,โรคเยื่อจมูกอักเสบจากภูมิแพ้,25-29,ชาย,147
ตราด,โรคเยื่อจมูกอักเสบจากภูมิแพ้,25-29,หญิง,246
ตราด,โรคเยื่อจมูกอักเสบจากภูมิแพ้,30-34,ชาย,85
ตราด,โรคเยื่อจมูกอักเสบจากภูมิแพ้,30-34,หญิง,229
ตราด,โรคเยื่อจมูกอักเสบจากภูมิแพ้,35-39,ชาย,101
ตราด,โรคเยื่อจมูกอักเสบจากภูมิแพ้,35-39,หญิง,260
ตราด,โรคเยื่อจมูกอักเสบจากภูมิแพ้,40-44,ชาย,167
ตราด,โรคเยื่อจมูกอักเสบจากภูมิแพ้,40-44,หญิง,322
ตราด,โรคเยื่อจมูกอักเสบจากภูมิแพ้,45-49,ชาย,114
ตราด,โรคเยื่อจมูกอักเสบจากภูมิแพ้,45-49,หญิง,295
ตราด,โรคเยื่อจมูกอักเสบจากภูมิแพ้,5-9,ชาย,386
ตราด,โรคเยื่อจมูกอักเสบจากภูมิแพ้,5-9,หญิง,204
ตราด,โรคเยื่อจมูกอักเสบจากภูมิแพ้,50-54,ชาย,95
ตราด,โรคเยื่อจมูกอักเสบจากภูมิแพ้,50-54,หญิง,301
ตราด,โรคเยื่อจมูกอักเสบจากภูมิแพ้,55-59,ชาย,164
ตราด,โรคเยื่อจมูกอักเสบจากภูมิแพ้,55-59,หญิง,270
ตราด,โรคเยื่อจมูกอักเสบจากภูมิแพ้,60-64,ชาย,137
ตราด,โรคเยื่อจมูกอักเสบจากภูมิแพ้,60-64,หญิง,220
ตราด,โรคเยื่อจมูกอักเสบจากภูมิแพ้,65-69,ชาย,129
ตราด,โรคเยื่อจมูกอักเสบจากภูมิแพ้,65-69,หญิง,145
ตราด,โรคเยื่อจมูกอักเสบจากภูมิแพ้,70-74,ชาย,122
ตราด,โรคเยื่อจมูกอักเสบจากภูมิแพ้,70-74,หญิง,108
ตราด,โรคเยื่อจมูกอักเสบจากภูมิแพ้,75-79,ชาย,53
ตราด,โรคเยื่อจมูกอักเสบจากภูมิแพ้,75-79,หญิง,81
ตราด,โรคเยื่อจมูกอักเสบจากภูมิแพ้,80+,ชาย,62
ตราด,โรคเยื่อจมูกอักเสบจากภูมิแพ้,80+,หญิง,84
ตราด,โรคเยื่อจมูกอักเสบจากภูมิแพ้,ไม่ทราบ,ไม่ระบุ,8
ตราด,โรคเยื่อบุตาอักเสบ,0-4,ชาย,294
ตราด,โรคเยื่อบุตาอักเสบ,0-4,หญิง,188
ตราด,โรคเยื่อบุตาอักเสบ,10-14,ชาย,216
ตราด,โรคเยื่อบุตาอักเสบ,10-14,หญิง,186
ตราด,โรคเยื่อบุตาอักเสบ,15-19,ชาย,255
ตราด,โรคเยื่อบุตาอักเสบ,15-19,หญิง,207
ตราด,โรคเยื่อบุตาอักเสบ,20-24,ชาย,297
ตราด,โรคเยื่อบุตาอักเสบ,20-24,หญิง,259
ตราด,โรคเยื่อบุตาอักเสบ,20-24,ไม่ระบุ,1
ตราด,โรคเยื่อบุตาอักเสบ,25-29,ชาย,376
ตราด,โรคเยื่อบุตาอักเสบ,25-29,หญิง,325
ตราด,โรคเยื่อบุตาอักเสบ,30-34,ชาย,353
ตราด,โรคเยื่อบุตาอักเสบ,30-34,หญิง,339
ตราด,โรคเยื่อบุตาอักเสบ,35-39,ชาย,395
ตราด,โรคเยื่อบุตาอักเสบ,35-39,หญิง,333
ตราด,โรคเยื่อบุตาอักเสบ,40-44,ชาย,445
ตราด,โรคเยื่อบุตาอักเสบ,40-44,หญิง,362
ตราด,โรคเยื่อบุตาอักเสบ,45-49,ชาย,403
ตราด,โรคเยื่อบุตาอักเสบ,45-49,หญิง,374
ตราด,โรคเยื่อบุตาอักเสบ,5-9,ชาย,305
ตราด,โรคเยื่อบุตาอักเสบ,5-9,หญิง,211
ตราด,โรคเยื่อบุตาอักเสบ,50-54,ชาย,328
ตราด,โรคเยื่อบุตาอักเสบ,50-54,หญิง,405
ตราด,โรคเยื่อบุตาอักเสบ,55-59,ชาย,368
ตราด,โรคเยื่อบุตาอักเสบ,55-59,หญิง,430
ตราด,โรคเยื่อบุตาอักเสบ,60-64,ชาย,303
ตราด,โรคเยื่อบุตาอักเสบ,60-64,หญิง,369
ตราด,โรคเยื่อบุตาอักเสบ,65-69,ชาย,283
ตราด,โรคเยื่อบุตาอักเสบ,65-69,หญิง,301
ตราด,โรคเยื่อบุตาอักเสบ,70-74,ชาย,219
ตราด,โรคเยื่อบุตาอักเสบ,70-74,หญิง,266
ตราด,โรคเยื่อบุตาอักเสบ,75-79,ชาย,149
ตราด,โรคเยื่อบุตาอักเสบ,75-79,หญิง,184
ตราด,โรคเยื่อบุตาอักเสบ,80+,ชาย,163
ตราด,โรคเยื่อบุตาอักเสบ,80+,หญิง,227
ตราด,โรคเยื่อบุตาอักเสบ,ไม่ทราบ,ไม่ระบุ,40
ตาก,โรคติดเชื้อทางเดินหายใจส่วนบนเฉียบพลัน,0-4,ชาย,79930
ตาก,โรคติดเชื้อทางเดินหายใจส่วนบนเฉียบพลัน,0-4,หญิง,69840
ตาก,โรคติดเชื้อทางเดินหายใจส่วนบนเฉียบพลัน,0-4,ไม่ระบุ,4
ตาก,โรคติดเชื้อทางเดินหายใจส่วนบนเฉียบพลัน,10-14,ชาย,19615
ตาก,โรคติดเชื้อทางเดินหายใจส่วนบนเฉียบพลัน,10-14,หญิง,18356
ตาก,โรคติดเชื้อทางเดินหายใจส่วนบนเฉียบพลัน,10-14,ไม่ระบุ,3
ตาก,โรคติดเชื้อทางเดินหายใจส่วนบนเฉียบพลัน,15-19,ชาย,10355
ตาก,โรคติดเชื้อทางเดินหายใจส่วนบนเฉียบพลัน,15-19,หญิง,13261
ตาก,โรคติดเชื้อทางเดินหายใจส่วนบนเฉียบพลัน,20-24,ชาย,8001
ตาก,โรคติดเชื้อทางเดินหายใจส่วนบนเฉียบพลัน,20-24,หญิง,13313
ตาก,โรคติดเชื้อทางเดินหายใจส่วนบนเฉียบพลัน,25-29,ชาย,8365
ตาก,โรคติดเชื้อทางเดินหายใจส่วนบนเฉียบพลัน,25-29,หญิง,15550
ตาก,โรคติดเชื้อทางเดินหายใจส่วนบนเฉียบพลัน,30-34,ชาย,7437
ตาก,โรคติดเชื้อทางเดินหายใจส่วนบนเฉียบพลัน,30-34,หญิง,14441
ตาก,โรคติดเชื้อทางเดินหายใจส่วนบนเฉียบพลัน,30-34,ไม่ระบุ,1
ตาก,โรคติดเชื้อทางเดินหายใจส่วนบนเฉียบพลัน,35-39,ชาย,6529
ตาก,โรคติดเชื้อทางเดินหายใจส่วนบนเฉียบพลัน,35-39,หญิง,12215
ตาก,โรคติดเชื้อทางเดินหายใจส่วนบนเฉียบพลัน,35-39,ไม่ระบุ,1
ตาก,โรคติดเชื้อทางเดินหายใจส่วนบนเฉียบพลัน,40-44,ชาย,6370
ตาก,โรคติดเชื้อทางเดินหายใจส่วนบนเฉียบพลัน,40-44,หญิง,10724
ตาก,โรคติดเชื้อทางเดินหายใจส่วนบนเฉียบพลัน,45-49,ชาย,5609
ตาก,โรคติดเชื้อทางเดินหายใจส่วนบนเฉียบพลัน,45-49,หญิง,10591
ตาก,โรคติดเชื้อทางเดินหายใจส่วนบนเฉียบพลัน,5-9,ชาย,39935
ตาก,โรคติดเชื้อทางเดินหายใจส่วนบนเฉียบพลัน,5-9,หญิง,37883
ตาก,โรคติดเชื้อทางเดินหายใจส่วนบนเฉียบพลัน,50-54,ชาย,5422
ตาก,โรคติดเชื้อทางเดินหายใจส่วนบนเฉียบพลัน,50-54,หญิง,10129
ตาก,โรคติดเชื้อทางเดินหายใจส่วนบนเฉียบพลัน,55-59,ชาย,5363
ตาก,โรคติดเชื้อทางเดินหายใจส่วนบนเฉียบพลัน,55-59,หญิง,10297
ตาก,โรคติดเชื้อทางเดินหายใจส่วนบนเฉียบพลัน,60-64,ชาย,5214
ตาก,โรคติดเชื้อทางเดินหายใจส่วนบนเฉียบพลัน,60-64,หญิง,8507
ตาก,โรคติดเชื้อทางเดินหายใจส่วนบนเฉียบพลัน,65-69,ชาย,4703
ตาก,โรคติดเชื้อทางเดินหายใจส่วนบนเฉียบพลัน,65-69,หญิง,6290
ตาก,โรคติดเชื้อทางเดินหายใจส่วนบนเฉียบพลัน,70-74,ชาย,3667
ตาก,โรคติดเชื้อทางเดินหายใจส่วนบนเฉียบพลัน,70-74,หญิง,4201
ตาก,โรคติดเชื้อทางเดินหายใจส่วนบนเฉียบพลัน,75-79,ชาย,2204
ตาก,โรคติดเชื้อทางเดินหายใจส่วนบนเฉียบพลัน,75-79,หญิง,2414
ตาก,โรคติดเชื้อทางเดินหายใจส่วนบนเฉียบพลัน,80+,ชาย,2138
ตาก,โรคติดเชื้อทางเดินหายใจส่วนบนเฉียบพลัน,80+,หญิง,2235
ตาก,โรคติดเชื้อทางเดินหายใจส่วนบนเฉียบพลัน,ไม่ทราบ,ชาย,47
ตาก,โรคติดเชื้อทางเดินหายใจส่วนบนเฉียบพลัน,ไม่ทราบ,หญิง,56
ตาก,โรคติดเชื้อทางเดินหายใจส่วนบนเฉียบพลัน,ไม่ทราบ,ไม่ระบุ,869
ตาก,โรคปอดอุดกั้นเรื้อรัง,0-4,ชาย,582
ตาก,โรคปอดอุดกั้นเรื้อรัง,0-4,หญิง,377
ตาก,โรคปอดอุดกั้นเรื้อรัง,10-14,ชาย,11
ตาก,โรคปอดอุดกั้นเรื้อรัง,10-14,หญิง,5
ตาก,โรคปอดอุดกั้นเรื้อรัง,15-19,ชาย,10
ตาก,โรคปอดอุดกั้นเรื้อรัง,15-19,หญิง,12
ตาก,โรคปอดอุดกั้นเรื้อรัง,20-24,ชาย,24
ตาก,โรคปอดอุดกั้นเรื้อรัง,20-24,หญิง,16
ตาก,โรคปอดอุดกั้นเรื้อรัง,25-29,ชาย,25
ตาก,โรคปอดอุดกั้นเรื้อรัง,25-29,หญิง,19
ตาก,โรคปอดอุดกั้นเรื้อรัง,30-34,ชาย,59
ตาก,โรคปอดอุดกั้นเรื้อรัง,30-34,หญิง,50
ตาก,โรคปอดอุดกั้นเรื้อรัง,35-39,ชาย,121
ตาก,โรคปอดอุดกั้นเรื้อรัง,35-39,หญิง,151
ตาก,โรคปอดอุดกั้นเรื้อรัง,40-44,ชาย,379
ตาก,โรคปอดอุดกั้นเรื้อรัง,40-44,หญิง,295
ตาก,โรคปอดอุดกั้นเรื้อรัง,45-49,ชาย,760
ตาก,โรคปอดอุดกั้นเรื้อรัง,45-49,หญิง,668
ตาก,โรคปอดอุดกั้นเรื้อรัง,5-9,ชาย,60
ตาก,โรคปอดอุดกั้นเรื้อรัง,5-9,หญิง,46
ตาก,โรคปอดอุดกั้นเรื้อรัง,50-54,ชาย,1364
ตาก,โรคปอดอุดกั้นเรื้อรัง,50-54,หญิง,1141
ตาก,โรคปอดอุดกั้นเรื้อรัง,55-59,ชาย,2479
ตาก,โรคปอดอุดกั้นเรื้อรัง,55-59,หญิง,2035
ตาก,โรคปอดอุดกั้นเรื้อรัง,60-64,ชาย,3533
ตาก,โรคปอดอุดกั้นเรื้อรัง,60-64,หญิง,2884
ตาก,โรคปอดอุดกั้นเรื้อรัง,65-69,ชาย,4221
ตาก,โรคปอดอุดกั้นเรื้อรัง,65-69,หญิง,3227
ตาก,โรคปอดอุดกั้นเรื้อรัง,70-74,ชาย,4840
ตาก,โรคปอดอุดกั้นเรื้อรัง,70-74,หญิง,3686
ตาก,โรคปอดอุดกั้นเรื้อรัง,75-79,ชาย,3858
ตาก,โรคปอดอุดกั้นเรื้อรัง,75-79,หญิง,2976
ตาก,โรคปอดอุดกั้นเรื้อรัง,80+,ชาย,4328
ตาก,โรคปอดอุดกั้นเรื้อรัง,80+,หญิง,3477
ตาก,โรคปอดอุดกั้นเรื้อรัง,ไม่ทราบ,ไม่ระบุ,82
ตาก,โรคผิวหนังอักเสบ,0-4,ชาย,2188
ตาก,โรคผิวหนังอักเสบ,0-4,หญิง,1919
ตาก,โรคผิวหนังอักเสบ,10-14,ชาย,768
ตาก,โรคผิวหนังอักเสบ,10-14,หญิง,683
ตาก,โรคผิวหนังอักเสบ,15-19,ชาย,516
ตาก,โรคผิวหนังอักเสบ,15-19,หญิง,663
ตาก,โรคผิวหนังอักเสบ,20-24,ชาย,411
ตาก,โรคผิวหนังอักเสบ,20-24,หญิง,600
ตาก,โรคผิวหนังอักเสบ,25-29,ชาย,403
ตาก,โรคผิวหนังอักเสบ,25-29,หญิง,754
ตาก,โรคผิวหนังอักเสบ,30-34,ชาย,379
ตาก,โรคผิวหนังอักเสบ,30-34,หญิง,748
ตาก,โรคผิวหนังอักเสบ,35-39,ชาย,391
ตาก,โรคผิวหนังอักเสบ,35-39,หญิง,743
ตาก,โรคผิวหนังอักเสบ,40-44,ชาย,409
ตาก,โรคผิวหนังอักเสบ,40-44,หญิง,829
ตาก,โรคผิวหนังอักเสบ,45-49,ชาย,401
ตาก,โรคผิวหนังอักเสบ,45-49,หญิง,905
ตาก,โรคผิวหนังอักเสบ,5-9,ชาย,1280
ตาก,โรคผิวหนังอักเสบ,5-9,หญิง,1030
ตาก,โรคผิวหนังอักเสบ,50-54,ชาย,450
ตาก,โรคผิวหนังอักเสบ,50-54,หญิง,958
ตาก,โรคผิวหนังอักเสบ,55-59,ชาย,524
ตาก,โรคผิวหนังอักเสบ,55-59,หญิง,896
ตาก,โรคผิวหนังอักเสบ,60-64,ชาย,596
ตาก,โรคผิวหนังอักเสบ,60-64,หญิง,847
ตาก,โรคผิวหนังอักเสบ,65-69,ชาย,572
ตาก,โรคผิวหนังอักเสบ,65-69,หญิง,614
ตาก,โรคผิวหนังอักเสบ,70-74,ชาย,387
ตาก,โรคผิวหนังอักเสบ,70-74,หญิง,430
ตาก,โรคผิวหนังอักเสบ,75-79,ชาย,314
ตาก,โรคผิวหนังอักเสบ,75-79,หญิง,320
ตาก,โรคผิวหนังอักเสบ,80+,ชาย,293
ตาก,โรคผิวหนังอักเสบ,80+,หญิง,321
ตาก,โรคผิวหนังอักเสบ,ไม่ทราบ,ชาย,1
ตาก,โรคผิวหนังอักเสบ,ไม่ทราบ,ไม่ระบุ,29
ตาก,โรคลมพิษ,0-4,ชาย,1169
ตาก,โรคลมพิษ,0-4,หญิง,901
ตาก,โรคลมพิษ,10-14,ชาย,567
ตาก,โรคลมพิษ,10-14,หญิง,592
ตาก,โรคลมพิษ,15-19,ชาย,391
ตาก,โรคลมพิษ,15-19,หญิง,722
ตาก,โรคลมพิษ,20-24,ชาย,289
ตาก,โรคลมพิษ,20-24,หญิง,587
ตาก,โรคลมพิษ,25-29,ชาย,319
ตาก,โรคลมพิษ,25-29,หญิง,666
ตาก,โรคลมพิษ,30-34,ชาย,270
ตาก,โรคลมพิษ,30-34,หญิง,617
ตาก,โรคลมพิษ,35-39,ชาย,209
ตาก,โรคลมพิษ,35-39,หญิง,556
ตาก,โรคลมพิษ,40-44,ชาย,192
ตาก,โรคลมพิษ,40-44,หญิง,596
ตาก,โรคลมพิษ,45-49,ชาย,179
ตาก,โรคลมพิษ,45-49,หญิง,498
ตาก,โรคลมพิษ,5-9,ชาย,748
ตาก,โรคลมพิษ,5-9,หญิง,677
ตาก,โรคลมพิษ,50-54,ชาย,196
ตาก,โรคลมพิษ,50-54,หญิง,480
ตาก,โรคลมพิษ,55-59,ชาย,219
ตาก,โรคลมพิษ,55-59,หญิง,389
ตาก,โรคลมพิษ,60-64,ชาย,218
ตาก,โรคลมพิษ,60-64,หญิง,389
ตาก,โรคลมพิษ,65-69,ชาย,194
ตาก,โรคลมพิษ,65-69,หญิง,272
ตาก,โรคลมพิษ,70-74,ชาย,116
ตาก,โรคลมพิษ,70-74,หญิง,170
ตาก,โรคลมพิษ,75-79,ชาย,51
ตาก,โรคลมพิษ,75-79,หญิง,83
ตาก,โรคลมพิษ,80+,ชาย,62
ตาก,โรคลมพิษ,80+,หญิง,105
ตาก,โรคลมพิษ,ไม่ทราบ,ชาย,2
ตาก,โรคลมพิษ,ไม่ทราบ,ไม่ระบุ,19
ตาก,โรคหอบหืด,0-4,ชาย,2091
ตาก,โรคหอบหืด,0-4,หญิง,1370
ตาก,โรคหอบหืด,10-14,ชาย,1039
ตาก,โรคหอบหืด,10-14,หญิง,675
ตาก,โรคหอบหืด,15-19,ชาย,452
ตาก,โรคหอบหืด,15-19,หญิง,445
ตาก,โรคหอบหืด,20-24,ชาย,339
ตาก,โรคหอบหืด,20-24,หญิง,405
ตาก,โรคหอบหืด,20-24,ไม่ระบุ,4
ตาก,โรคหอบหืด,25-29,ชาย,361
ตาก,โรคหอบหืด,25-29,หญิง,736
ตาก,โรคหอบหืด,30-34,ชาย,412
ตาก,โรคหอบหืด,30-34,หญิง,866
ตาก,โรคหอบหืด,35-39,ชาย,437
ตาก,โรคหอบหืด,35-39,หญิง,1107
ตาก,โรคหอบหืด,40-44,ชาย,615
ตาก,โรคหอบหืด,40-44,หญิง,1410
ตาก,โรคหอบหืด,45-49,ชาย,565
ตาก,โรคหอบหืด,45-49,หญิง,1596
ตาก,โรคหอบหืด,5-9,ชาย,2287
ตาก,โรคหอบหืด,5-9,หญิง,1628
ตาก,โรคหอบหืด,50-54,ชาย,550
ตาก,โรคหอบหืด,50-54,หญิง,1731
ตาก,โรคหอบหืด,55-59,ชาย,972
ตาก,โรคหอบหืด,55-59,หญิง,1748
ตาก,โรคหอบหืด,60-64,ชาย,668
ตาก,โรคหอบหืด,60-64,หญิง,1302
ตาก,โรคหอบหืด,65-69,ชาย,548
ตาก,โรคหอบหืด,65-69,หญิง,1242
ตาก,โรคหอบหืด,70-74,ชาย,428
ตาก,โรคหอบหืด,70-74,หญิง,810
ตาก,โรคหอบหืด,75-79,ชาย,231
ตาก,โรคหอบหืด,75-79,หญิง,473
ตาก,โรคหอบหืด,80+,ชาย,202
ตาก,โรคหอบหืด,80+,หญิง,359
ตาก,โรคหอบหืด,ไม่ทราบ,หญิง,1
ตาก,โรคหอบหืด,ไม่ทราบ,ไม่ระบุ,45
ตาก,โรคเยื่อจมูกอักเสบจากภูมิแพ้,0-4,ชาย,1324
ตาก,โรคเยื่อจมูกอักเสบจากภูมิแพ้,0-4,หญิง,1145
ตาก,โรคเยื่อจมูกอักเสบจากภูมิแพ้,10-14,ชาย,1863
ตาก,โรคเยื่อจมูกอักเสบจากภูมิแพ้,10-14,หญิง,1106
ตาก,โรคเยื่อจมูกอักเสบจากภูมิแพ้,15-19,ชาย,596
ตาก,โรคเยื่อจมูกอักเสบจากภูมิแพ้,15-19,หญิง,785
ตาก,โรคเยื่อจมูกอักเสบจากภูมิแพ้,20-24,ชาย,449
ตาก,โรคเยื่อจมูกอักเสบจากภูมิแพ้,20-24,หญิง,935
ตาก,โรคเยื่อจมูกอักเสบจากภูมิแพ้,20-24,ไม่ระบุ,1
ตาก,โรคเยื่อจมูกอักเสบจากภูมิแพ้,25-29,ชาย,630
ตาก,โรคเยื่อจมูกอักเสบจากภูมิแพ้,25-29,หญิง,1270
ตาก,โรคเยื่อจมูกอักเสบจากภูมิแพ้,30-34,ชาย,553
ตาก,โรคเยื่อจมูกอักเสบจากภูมิแพ้,30-34,หญิง,1531
ตาก,โรคเยื่อจมูกอักเสบจากภูมิแพ้,35-39,ชาย,533
ตาก,โรคเยื่อจมูกอักเสบจากภูมิแพ้,35-39,หญิง,1309
ตาก,โรคเยื่อจมูกอักเสบจากภูมิแพ้,40-44,ชาย,579
ตาก,โรคเยื่อจมูกอักเสบจากภูมิแพ้,40-44,หญิง,1255
ตาก,โรคเยื่อจมูกอักเสบจากภูมิแพ้,45-49,ชาย,424
ตาก,โรคเยื่อจมูกอักเสบจากภูมิแพ้,45-49,หญิง,1299
ตาก,โรคเยื่อจมูกอักเสบจากภูมิแพ้,5-9,ชาย,2942
ตาก,โรคเยื่อจมูกอักเสบจากภูมิแพ้,5-9,หญิง,1994
ตาก,โรคเยื่อจมูกอักเสบจากภูมิแพ้,5-9,ไม่ระบุ,1
ตาก,โรคเยื่อจมูกอักเสบจากภูมิแพ้,50-54,ชาย,442
ตาก,โรคเยื่อจมูกอักเสบจากภูมิแพ้,50-54,หญิง,1279
ตาก,โรคเยื่อจมูกอักเสบจากภูมิแพ้,55-59,ชาย,460
ตาก,โรคเยื่อจมูกอักเสบจากภูมิแพ้,55-59,หญิง,1282
ตาก,โรคเยื่อจมูกอักเสบจากภูมิแพ้,60-64,ชาย,490
ตาก,โรคเยื่อจมูกอักเสบจากภูมิแพ้,60-64,หญิง,1097
ตาก,โรคเยื่อจมูกอักเสบจากภูมิแพ้,65-69,ชาย,407
ตาก,โรคเยื่อจมูกอักเสบจากภูมิแพ้,65-69,หญิง,647
ตาก,โรคเยื่อจมูกอักเสบจากภูมิแพ้,70-74,ชาย,373
ตาก,โรคเยื่อจมูกอักเสบจากภูมิแพ้,70-74,หญิง,406
ตาก,โรคเยื่อจมูกอักเสบจากภูมิแพ้,75-79,ชาย,253
ตาก,โรคเยื่อจมูกอักเสบจากภูมิแพ้,75-79,หญิง,193
ตาก,โรคเยื่อจมูกอักเสบจากภูมิแพ้,80+,ชาย,148
ตาก,โรคเยื่อจมูกอักเสบจากภูมิแพ้,80+,หญิง,138
ตาก,โรคเยื่อจมูกอักเสบจากภูมิแพ้,ไม่ทราบ,ไม่ระบุ,42
ตาก,โรคเยื่อบุตาอักเสบ,0-4,ชาย,1122
ตาก,โรคเยื่อบุตาอักเสบ,0-4,หญิง,878
ตาก,โรคเยื่อบุตาอักเสบ,10-14,ชาย,934
ตาก,โรคเยื่อบุตาอักเสบ,10-14,หญิง,740
ตาก,โรคเยื่อบุตาอักเสบ,15-19,ชาย,729
ตาก,โรคเยื่อบุตาอักเสบ,15-19,หญิง,914
ตาก,โรคเยื่อบุตาอักเสบ,15-19,ไม่ระบุ,1
ตาก,โรคเยื่อบุตาอักเสบ,20-24,ชาย,699
ตาก,โรคเยื่อบุตาอักเสบ,20-24,หญิง,841
ตาก,โรคเยื่อบุตาอักเสบ,25-29,ชาย,772
ตาก,โรคเยื่อบุตาอักเสบ,25-29,หญิง,1040
ตาก,โรคเยื่อบุตาอักเสบ,30-34,ชาย,707
ตาก,โรคเยื่อบุตาอักเสบ,30-34,หญิง,1075
ตาก,โรคเยื่อบุตาอักเสบ,35-39,ชาย,684
ตาก,โรคเยื่อบุตาอักเสบ,35-39,หญิง,905
ตาก,โรคเยื่อบุตาอักเสบ,40-44,ชาย,777
ตาก,โรคเยื่อบุตาอักเสบ,40-44,หญิง,890
ตาก,โรคเยื่อบุตาอักเสบ,45-49,ชาย,728
ตาก,โรคเยื่อบุตาอักเสบ,45-49,หญิง,1082
ตาก,โรคเยื่อบุตาอักเสบ,5-9,ชาย,982
ตาก,โรคเยื่อบุตาอักเสบ,5-9,หญิง,795
ตาก,โรคเยื่อบุตาอักเสบ,50-54,ชาย,777
ตาก,โรคเยื่อบุตาอักเสบ,50-54,หญิง,1149
ตาก,โรคเยื่อบุตาอักเสบ,55-59,ชาย,751
ตาก,โรคเยื่อบุตาอักเสบ,55-59,หญิง,1299
ตาก,โรคเยื่อบุตาอักเสบ,60-64,ชาย,633
ตาก,โรคเยื่อบุตาอักเสบ,60-64,หญิง,1053
ตาก,โรคเยื่อบุตาอักเสบ,65-69,ชาย,696
ตาก,โรคเยื่อบุตาอักเสบ,65-69,หญิง,829
ตาก,โรคเยื่อบุตาอักเสบ,70-74,ชาย,509
ตาก,โรคเยื่อบุตาอักเสบ,70-74,หญิง,585
ตาก,โรคเยื่อบุตาอักเสบ,75-79,ชาย,320
ตาก,โรคเยื่อบุตาอักเสบ,75-79,หญิง,288
ตาก,โรคเยื่อบุตาอักเสบ,80+,ชาย,247
ตาก,โรคเยื่อบุตาอักเสบ,80+,หญิง,317
ตาก,โรคเยื่อบุตาอักเสบ,ไม่ทราบ,ชาย,12
ตาก,โรคเยื่อบุตาอักเสบ,ไม่ทราบ,หญิง,2
ตาก,โรคเยื่อบุตาอักเสบ,ไม่ทราบ,ไม่ระบุ,40
นครนายก,โรคติดเชื้อทางเดินหายใจส่วนบนเฉียบพลัน,0-4,ชาย,21178
นครนายก,โรคติดเชื้อทางเดินหายใจส่วนบนเฉียบพลัน,0-4,หญิง,17114
นครนายก,โรคติดเชื้อทางเดินหายใจส่วนบนเฉียบพลัน,10-14,ชาย,8030
นครนายก,โรคติดเชื้อทางเดินหายใจส่วนบนเฉียบพลัน,10-14,หญิง,7368
นครนายก,โรคติดเชื้อทางเดินหายใจส่วนบนเฉียบพลัน,15-19,ชาย,5658
นครนายก,โรคติดเชื้อทางเดินหายใจส่วนบนเฉียบพลัน,15-19,หญิง,7044
นครนายก,โรคติดเชื้อทางเดินหายใจส่วนบนเฉียบพลัน,20-24,ชาย,5104
นครนายก,โรคติดเชื้อทางเดินหายใจส่วนบนเฉียบพลัน,20-24,หญิง,8083
นครนายก,โรคติดเชื้อทางเดินหายใจส่วนบนเฉียบพลัน,25-29,ชาย,5178
นครนายก,โรคติดเชื้อทางเดินหายใจส่วนบนเฉียบพลัน,25-29,หญิง,8554
นครนายก,โรคติดเชื้อทางเดินหายใจส่วนบนเฉียบพลัน,30-34,ชาย,4190
นครนายก,โรคติดเชื้อทางเดินหายใจส่วนบนเฉียบพลัน,30-34,หญิง,7872
นครนายก,โรคติดเชื้อทางเดินหายใจส่วนบนเฉียบพลัน,35-39,ชาย,3559
นครนายก,โรคติดเชื้อทางเดินหายใจส่วนบนเฉียบพลัน,35-39,หญิง,6673
นครนายก,โรคติดเชื้อทางเดินหายใจส่วนบนเฉียบพลัน,40-44,ชาย,3480
นครนายก,โรคติดเชื้อทางเดินหายใจส่วนบนเฉียบพลัน,40-44,หญิง,6912
นครนายก,โรคติดเชื้อทางเดินหายใจส่วนบนเฉียบพลัน,45-49,ชาย,3422
นครนายก,โรคติดเชื้อทางเดินหายใจส่วนบนเฉียบพลัน,45-49,หญิง,7042
นครนายก,โรคติดเชื้อทางเดินหายใจส่วนบนเฉียบพลัน,5-9,ชาย,15314
นครนายก,โรคติดเชื้อทางเดินหายใจส่วนบนเฉียบพลัน,5-9,หญิง,13456
นครนายก,โรคติดเชื้อทางเดินหายใจส่วนบนเฉียบพลัน,50-54,ชาย,3066
นครนายก,โรคติดเชื้อทางเดินหายใจส่วนบนเฉียบพลัน,50-54,หญิง,6847
นครนายก,โรคติดเชื้อทางเดินหายใจส่วนบนเฉียบพลัน,50-54,ไม่ระบุ,1
นครนายก,โรคติดเชื้อทางเดินหายใจส่วนบนเฉียบพลัน,55-59,ชาย,3264
นครนายก,โรคติดเชื้อทางเดินหายใจส่วนบนเฉียบพลัน,55-59,หญิง,7494
นครนายก,โรคติดเชื้อทางเดินหายใจส่วนบนเฉียบพลัน,60-64,ชาย,3464
นครนายก,โรคติดเชื้อทางเดินหายใจส่วนบนเฉียบพลัน,60-64,หญิง,6521
นครนายก,โรคติดเชื้อทางเดินหายใจส่วนบนเฉียบพลัน,65-69,ชาย,3200
นครนายก,โรคติดเชื้อทางเดินหายใจส่วนบนเฉียบพลัน,65-69,หญิง,5531
นครนายก,โรคติดเชื้อทางเดินหายใจส่วนบนเฉียบพลัน,70-74,ชาย,2859
นครนายก,โรคติดเชื้อทางเดินหายใจส่วนบนเฉียบพลัน,70-74,หญิง,4215
นครนายก,โรคติดเชื้อทางเดินหายใจส่วนบนเฉียบพลัน,75-79,ชาย,1767
นครนายก,โรคติดเชื้อทางเดินหายใจส่วนบนเฉียบพลัน,75-79,หญิง,2496
นครนายก,โรคติดเชื้อทางเดินหายใจส่วนบนเฉียบพลัน,80+,ชาย,2108
นครนายก,โรคติดเชื้อทางเดินหายใจส่วนบนเฉียบพลัน,80+,หญิง,3165
นครนายก,โรคติดเชื้อทางเดินหายใจส่วนบนเฉียบพลัน,ไม่ทราบ,ชาย,1
นครนายก,โรคติดเชื้อทางเดินหายใจส่วนบนเฉียบพลัน,ไม่ทราบ,หญิง,3
นครนายก,โรคติดเชื้อทางเดินหายใจส่วนบนเฉียบพลัน,ไม่ทราบ,ไม่ระบุ,1459
นครนายก,โรคปอดอุดกั้นเรื้อรัง,0-4,ชาย,32
นครนายก,โรคปอดอุดกั้นเรื้อรัง,0-4,หญิง,23
นครนายก,โรคปอดอุดกั้นเรื้อรัง,10-14,ชาย,2
นครนายก,โรคปอดอุดกั้นเรื้อรัง,10-14,หญิง,2
นครนายก,โรคปอดอุดกั้นเรื้อรัง,15-19,ชาย,5
นครนายก,โรคปอดอุดกั้นเรื้อรัง,15-19,หญิง,6
นครนายก,โรคปอดอุดกั้นเรื้อรัง,20-24,ชาย,9
นครนายก,โรคปอดอุดกั้นเรื้อรัง,20-24,หญิง,4
นครนายก,โรคปอดอุดกั้นเรื้อรัง,25-29,ชาย,27
นครนายก,โรคปอดอุดกั้นเรื้อรัง,25-29,หญิง,8
นครนายก,โรคปอดอุดกั้นเรื้อรัง,30-34,ชาย,41
นครนายก,โรคปอดอุดกั้นเรื้อรัง,30-34,หญิง,8
นครนายก,โรคปอดอุดกั้นเรื้อรัง,35-39,ชาย,50
นครนายก,โรคปอดอุดกั้นเรื้อรัง,35-39,หญิง,26
นครนายก,โรคปอดอุดกั้นเรื้อรัง,40-44,ชาย,177
นครนายก,โรคปอดอุดกั้นเรื้อรัง,40-44,หญิง,77
นครนายก,โรคปอดอุดกั้นเรื้อรัง,45-49,ชาย,468
นครนายก,โรคปอดอุดกั้นเรื้อรัง,45-49,หญิง,139
นครนายก,โรคปอดอุดกั้นเรื้อรัง,5-9,ชาย,12
นครนายก,โรคปอดอุดกั้นเรื้อรัง,5-9,หญิง,10
นครนายก,โรคปอดอุดกั้นเรื้อรัง,50-54,ชาย,671
นครนายก,โรคปอดอุดกั้นเรื้อรัง,50-54,หญิง,236
นครนายก,โรคปอดอุดกั้นเรื้อรัง,55-59,ชาย,1238
นครนายก,โรคปอดอุดกั้นเรื้อรัง,55-59,หญิง,378
นครนายก,โรคปอดอุดกั้นเรื้อรัง,60-64,ชาย,2265
นครนายก,โรคปอดอุดกั้นเรื้อรัง,60-64,หญิง,416
นครนายก,โรคปอดอุดกั้นเรื้อรัง,65-69,ชาย,2686
นครนายก,โรคปอดอุดกั้นเรื้อรัง,65-69,หญิง,594
นครนายก,โรคปอดอุดกั้นเรื้อรัง,70-74,ชาย,2779
นครนายก,โรคปอดอุดกั้นเรื้อรัง,70-74,หญิง,506
นครนายก,โรคปอดอุดกั้นเรื้อรัง,75-79,ชาย,2118
นครนายก,โรคปอดอุดกั้นเรื้อรัง,75-79,หญิง,510
นครนายก,โรคปอดอุดกั้นเรื้อรัง,80+,ชาย,3417
นครนายก,โรคปอดอุดกั้นเรื้อรัง,80+,หญิง,1034
นครนายก,โรคปอดอุดกั้นเรื้อรัง,ไม่ทราบ,ไม่ระบุ,99
นครนายก,โรคผิวหนังอักเสบ,0-4,ชาย,356
นครนายก,โรคผิวหนังอักเสบ,0-4,หญิง,328
นครนายก,โรคผิวหนังอักเสบ,10-14,ชาย,178
นครนายก,โรคผิวหนังอักเสบ,10-14,หญิง,250
นครนายก,โรคผิวหนังอักเสบ,15-19,ชาย,187
นครนายก,โรคผิวหนังอักเสบ,15-19,หญิง,295
นครนายก,โรคผิวหนังอักเสบ,20-24,ชาย,204
นครนายก,โรคผิวหนังอักเสบ,20-24,หญิง,381
นครนายก,โรคผิวหนังอักเสบ,25-29,ชาย,163
นครนายก,โรคผิวหนังอักเสบ,25-29,หญิง,375
นครนายก,โรคผิวหนังอักเสบ,30-34,ชาย,130
นครนายก,โรคผิวหนังอักเสบ,30-34,หญิง,452
นครนายก,โรคผิวหนังอักเสบ,35-39,ชาย,181
นครนายก,โรคผิวหนังอักเสบ,35-39,หญิง,411
นครนายก,โรคผิวหนังอักเสบ,40-44,ชาย,180
นครนายก,โรคผิวหนังอักเสบ,40-44,หญิง,530
นครนายก,โรคผิวหนังอักเสบ,45-49,ชาย,231
นครนายก,โรคผิวหนังอักเสบ,45-49,หญิง,597
นครนายก,โรคผิวหนังอักเสบ,5-9,ชาย,242
นครนายก,โรคผิวหนังอักเสบ,5-9,หญิง,223
นครนายก,โรคผิวหนังอักเสบ,50-54,ชาย,219
นครนายก,โรคผิวหนังอักเสบ,50-54,หญิง,592
นครนายก,โรคผิวหนังอักเสบ,55-59,ชาย,332
นครนายก,โรคผิวหนังอักเสบ,55-59,หญิง,673
นครนายก,โรคผิวหนังอักเสบ,60-64,ชาย,428
นครนายก,โรคผิวหนังอักเสบ,60-64,หญิง,717
นครนายก,โรคผิวหนังอักเสบ,65-69,ชาย,409
นครนายก,โรคผิวหนังอักเสบ,65-69,หญิง,514
นครนายก,โรคผิวหนังอักเสบ,70-74,ชาย,345
นครนายก,โรคผิวหนังอักเสบ,70-74,หญิง,438
นครนายก,โรคผิวหนังอักเสบ,75-79,ชาย,247
นครนายก,โรคผิวหนังอักเสบ,75-79,หญิง,271
นครนายก,โรคผิวหนังอักเสบ,80+,ชาย,315
นครนายก,โรคผิวหนังอักเสบ,80+,หญิง,363
นครนายก,โรคผิวหนังอักเสบ,ไม่ทราบ,ไม่ระบุ,52
นครนายก,โรคลมพิษ,0-4,ชาย,387
นครนายก,โรคลมพิษ,0-4,หญิง,365
นครนายก,โรคลมพิษ,10-14,ชาย,281
นครนายก,โรคลมพิษ,10-14,หญิง,285
นครนายก,โรคลมพิษ,15-19,ชาย,216
นครนายก,โรคลมพิษ,15-19,หญิง,381
นครนายก,โรคลมพิษ,20-24,ชาย,212
นครนายก,โรคลมพิษ,20-24,หญิง,448
นครนายก,โรคลมพิษ,25-29,ชาย,192
นครนายก,โรคลมพิษ,25-29,หญิง,454
นครนายก,โรคลมพิษ,30-34,ชาย,137
นครนายก,โรคลมพิษ,30-34,หญิง,409
นครนายก,โรคลมพิษ,35-39,ชาย,145
นครนายก,โรคลมพิษ,35-39,หญิง,411
นครนายก,โรคลมพิษ,40-44,ชาย,148
นครนายก,โรคลมพิษ,40-44,หญิง,409
นครนายก,โรคลมพิษ,45-49,ชาย,161
นครนายก,โรคลมพิษ,45-49,หญิง,441
นครนายก,โรคลมพิษ,5-9,ชาย,342
นครนายก,โรคลมพิษ,5-9,หญิง,342
นครนายก,โรคลมพิษ,50-54,ชาย,156
นครนายก,โรคลมพิษ,50-54,หญิง,424
นครนายก,โรคลมพิษ,55-59,ชาย,148
นครนายก,โรคลมพิษ,55-59,หญิง,391
นครนายก,โรคลมพิษ,60-64,ชาย,155
นครนายก,โรคลมพิษ,60-64,หญิง,308
นครนายก,โรคลมพิษ,65-69,ชาย,182
นครนายก,โรคลมพิษ,65-69,หญิง,289
นครนายก,โรคลมพิษ,70-74,ชาย,96
นครนายก,โรคลมพิษ,70-74,หญิง,146
นครนายก,โรคลมพิษ,75-79,ชาย,64
นครนายก,โรคลมพิษ,75-79,หญิง,101
นครนายก,โรคลมพิษ,80+,ชาย,80
นครนายก,โรคลมพิษ,80+,หญิง,108
นครนายก,โรคลมพิษ,ไม่ทราบ,ไม่ระบุ,35
นครนายก,โรคหอบหืด,0-4,ชาย,634
นครนายก,โรคหอบหืด,0-4,หญิง,374
นครนายก,โรคหอบหืด,10-14,ชาย,1314
นครนายก,โรคหอบหืด,10-14,หญิง,557
นครนายก,โรคหอบหืด,15-19,ชาย,504
นครนายก,โรคหอบหืด,15-19,หญิง,336
นครนายก,โรคหอบหืด,20-24,ชาย,265
นครนายก,โรคหอบหืด,20-24,หญิง,355
นครนายก,โรคหอบหืด,25-29,ชาย,255
นครนายก,โรคหอบหืด,25-29,หญิง,410
นครนายก,โรคหอบหืด,30-34,ชาย,259
นครนายก,โรคหอบหืด,30-34,หญิง,629
นครนายก,โรคหอบหืด,35-39,ชาย,438
นครนายก,โรคหอบหืด,35-39,หญิง,667
นครนายก,โรคหอบหืด,40-44,ชาย,506
นครนายก,โรคหอบหืด,40-44,หญิง,884
นครนายก,โรคหอบหืด,45-49,ชาย,543
นครนายก,โรคหอบหืด,45-49,หญิง,1240
นครนายก,โรคหอบหืด,5-9,ชาย,1677
นครนายก,โรคหอบหืด,5-9,หญิง,954
นครนายก,โรคหอบหืด,50-54,ชาย,561
นครนายก,โรคหอบหืด,50-54,หญิง,1599
นครนายก,โรคหอบหืด,55-59,ชาย,624
นครนายก,โรคหอบหืด,55-59,หญิง,1638
นครนายก,โรคหอบหืด,60-64,ชาย,646
นครนายก,โรคหอบหืด,60-64,หญิง,1534
นครนายก,โรคหอบหืด,65-69,ชาย,577
นครนายก,โรคหอบหืด,65-69,หญิง,1491
นครนายก,โรคหอบหืด,70-74,ชาย,542
นครนายก,โรคหอบหืด,70-74,หญิง,1223
นครนายก,โรคหอบหืด,75-79,ชาย,321
นครนายก,โรคหอบหืด,75-79,หญิง,720
นครนายก,โรคหอบหืด,80+,ชาย,436
นครนายก,โรคหอบหืด,80+,หญิง,1072
นครนายก,โรคหอบหืด,ไม่ทราบ,หญิง,1
นครนายก,โรคหอบหืด,ไม่ทราบ,ไม่ระบุ,98
นครนายก,โรคเยื่อจมูกอักเสบจากภูมิแพ้,0-4,ชาย,831
นครนายก,โรคเยื่อจมูกอักเสบจากภูมิแพ้,0-4,หญิง,569
นครนายก,โรคเยื่อจมูกอักเสบจากภูมิแพ้,10-14,ชาย,896
นครนายก,โรคเยื่อจมูกอักเสบจากภูมิแพ้,10-14,หญิง,756
นครนายก,โรคเยื่อจมูกอักเสบจากภูมิแพ้,15-19,ชาย,389
นครนายก,โรคเยื่อจมูกอักเสบจากภูมิแพ้,15-19,หญิง,451
นครนายก,โรคเยื่อจมูกอักเสบจากภูมิแพ้,20-24,ชาย,289
นครนายก,โรคเยื่อจมูกอักเสบจากภูมิแพ้,20-24,หญิง,550
นครนายก,โรคเยื่อจมูกอักเสบจากภูมิแพ้,25-29,ชาย,302
นครนายก,โรคเยื่อจมูกอักเสบจากภูมิแพ้,25-29,หญิง,806
นครนายก,โรคเยื่อจมูกอักเสบจากภูมิแพ้,30-34,ชาย,313
นครนายก,โรคเยื่อจมูกอักเสบจากภูมิแพ้,30-34,หญิง,928
นครนายก,โรคเยื่อจมูกอักเสบจากภูมิแพ้,35-39,ชาย,365
นครนายก,โรคเยื่อจมูกอักเสบจากภูมิแพ้,35-39,หญิง,1140
นครนายก,โรคเยื่อจมูกอักเสบจากภูมิแพ้,40-44,ชาย,371
นครนายก,โรคเยื่อจมูกอักเสบจากภูมิแพ้,40-44,หญิง,1127
นครนายก,โรคเยื่อจมูกอักเสบจากภูมิแพ้,45-49,ชาย,307
นครนายก,โรคเยื่อจมูกอักเสบจากภูมิแพ้,45-49,หญิง,1309
นครนายก,โรคเยื่อจมูกอักเสบจากภูมิแพ้,5-9,ชาย,1494
นครนายก,โรคเยื่อจมูกอักเสบจากภูมิแพ้,5-9,หญิง,1060
นครนายก,โรคเยื่อจมูกอักเสบจากภูมิแพ้,50-54,ชาย,409
นครนายก,โรคเยื่อจมูกอักเสบจากภูมิแพ้,50-54,หญิง,1223
นครนายก,โรคเยื่อจมูกอักเสบจากภูมิแพ้,55-59,ชาย,496
นครนายก,โรคเยื่อจมูกอักเสบจากภูมิแพ้,55-59,หญิง,1147
นครนายก,โรคเยื่อจมูกอักเสบจากภูมิแพ้,60-64,ชาย,490
นครนายก,โรคเยื่อจมูกอักเสบจากภูมิแพ้,60-64,หญิง,1124
นครนายก,โรคเยื่อจมูกอักเสบจากภูมิแพ้,65-69,ชาย,554
นครนายก,โรคเยื่อจมูกอักเสบจากภูมิแพ้,65-69,หญิง,725
นครนายก,โรคเยื่อจมูกอักเสบจากภูมิแพ้,70-74,ชาย,399
นครนายก,โรคเยื่อจมูกอักเสบจากภูมิแพ้,70-74,หญิง,833
นครนายก,โรคเยื่อจมูกอักเสบจากภูมิแพ้,75-79,ชาย,233
นครนายก,โรคเยื่อจมูกอักเสบจากภูมิแพ้,75-79,หญิง,366
นครนายก,โรคเยื่อจมูกอักเสบจากภูมิแพ้,80+,ชาย,249
นครนายก,โรคเยื่อจมูกอักเสบจากภูมิแพ้,80+,หญิง,246
นครนายก,โรคเยื่อจมูกอักเสบจากภูมิแพ้,ไม่ทราบ,ไม่ระบุ,52
นครนายก,โรคเยื่อบุตาอักเสบ,0-4,ชาย,456
นครนายก,โรคเยื่อบุตาอักเสบ,0-4,หญิง,362
นครนายก,โรคเยื่อบุตาอักเสบ,10-14,ชาย,416
นครนายก,โรคเยื่อบุตาอักเสบ,10-14,หญิง,346
นครนายก,โรคเยื่อบุตาอักเสบ,15-19,ชาย,488
นครนายก,โรคเยื่อบุตาอักเสบ,15-19,หญิง,495
นครนายก,โรคเยื่อบุตาอักเสบ,20-24,ชาย,484
นครนายก,โรคเยื่อบุตาอักเสบ,20-24,หญิง,552
นครนายก,โรคเยื่อบุตาอักเสบ,25-29,ชาย,494
นครนายก,โรคเยื่อบุตาอักเสบ,25-29,หญิง,570
นครนายก,โรคเยื่อบุตาอักเสบ,30-34,ชาย,417
นครนายก,โรคเยื่อบุตาอักเสบ,30-34,หญิง,628
นครนายก,โรคเยื่อบุตาอักเสบ,35-39,ชาย,493
นครนายก,โรคเยื่อบุตาอักเสบ,35-39,หญิง,563
นครนายก,โรคเยื่อบุตาอักเสบ,40-44,ชาย,536
นครนายก,โรคเยื่อบุตาอักเสบ,40-44,หญิง,644
นครนายก,โรคเยื่อบุตาอักเสบ,45-49,ชาย,604
นครนายก,โรคเยื่อบุตาอักเสบ,45-49,หญิง,696
นครนายก,โรคเยื่อบุตาอักเสบ,5-9,ชาย,455
นครนายก,โรคเยื่อบุตาอักเสบ,5-9,หญิง,367
นครนายก,โรคเยื่อบุตาอักเสบ,50-54,ชาย,477
นครนายก,โรคเยื่อบุตาอักเสบ,50-54,หญิง,845
นครนายก,โรคเยื่อบุตาอักเสบ,55-59,ชาย,476
นครนายก,โรคเยื่อบุตาอักเสบ,55-59,หญิง,978
นครนายก,โรคเยื่อบุตาอักเสบ,60-64,ชาย,580
นครนายก,โรคเยื่อบุตาอักเสบ,60-64,หญิง,898
นครนายก,โรคเยื่อบุตาอักเสบ,65-69,ชาย,461
นครนายก,โรคเยื่อบุตาอักเสบ,65-69,หญิง,760
นครนายก,โรคเยื่อบุตาอักเสบ,70-74,ชาย,439
นครนายก,โรคเยื่อบุตาอักเสบ,70-74,หญิง,637
นครนายก,โรคเยื่อบุตาอักเสบ,75-79,ชาย,271
นครนายก,โรคเยื่อบุตาอักเสบ,75-79,หญิง,368
นครนายก,โรคเยื่อบุตาอักเสบ,80+,ชาย,318
นครนายก,โรคเยื่อบุตาอักเสบ,80+,หญิง,494
นครนายก,โรคเยื่อบุตาอักเสบ,ไม่ทราบ,ชาย,1
นครนายก,โรคเยื่อบุตาอักเสบ,ไม่ทราบ,ไม่ระบุ,134
นครปฐม,โรคติดเชื้อทางเดินหายใจส่วนบนเฉียบพลัน,0-4,ชาย,68567
นครปฐม,โรคติดเชื้อทางเดินหายใจส่วนบนเฉียบพลัน,0-4,หญิง,63127
นครปฐม,โรคติดเชื้อทางเดินหายใจส่วนบนเฉียบพลัน,0-4,ไม่ระบุ,81
นครปฐม,โรคติดเชื้อทางเดินหายใจส่วนบนเฉียบพลัน,10-14,ชาย,36199
นครปฐม,โรคติดเชื้อทางเดินหายใจส่วนบนเฉียบพลัน,10-14,หญิง,32344
นครปฐม,โรคติดเชื้อทางเดินหายใจส่วนบนเฉียบพลัน,10-14,ไม่ระบุ,14
นครปฐม,โรคติดเชื้อทางเดินหายใจส่วนบนเฉียบพลัน,15-19,ชาย,24868
นครปฐม,โรคติดเชื้อทางเดินหายใจส่วนบนเฉียบพลัน,15-19,หญิง,28927
นครปฐม,โรคติดเชื้อทางเดินหายใจส่วนบนเฉียบพลัน,15-19,ไม่ระบุ,10
นครปฐม,โรคติดเชื้อทางเดินหายใจส่วนบนเฉียบพลัน,20-24,ชาย,27797
นครปฐม,โรคติดเชื้อทางเดินหายใจส่วนบนเฉียบพลัน,20-24,หญิง,34586
นครปฐม,โรคติดเชื้อทางเดินหายใจส่วนบนเฉียบพลัน,20-24,ไม่ระบุ,19
นครปฐม,โรคติดเชื้อทางเดินหายใจส่วนบนเฉียบพลัน,25-29,ชาย,29669
นครปฐม,โรคติดเชื้อทางเดินหายใจส่วนบนเฉียบพลัน,25-29,หญิง,38814
นครปฐม,โรคติดเชื้อทางเดินหายใจส่วนบนเฉียบพลัน,25-29,ไม่ระบุ,12
นครปฐม,โรคติดเชื้อทางเดินหายใจส่วนบนเฉียบพลัน,30-34,ชาย,26077
นครปฐม,โรคติดเชื้อทางเดินหายใจส่วนบนเฉียบพลัน,30-34,หญิง,35709
นครปฐม,โรคติดเชื้อทางเดินหายใจส่วนบนเฉียบพลัน,30-34,ไม่ระบุ,9
นครปฐม,โรคติดเชื้อทางเดินหายใจส่วนบนเฉียบพลัน,35-39,ชาย,22675
นครปฐม,โรคติดเชื้อทางเดินหายใจส่วนบนเฉียบพลัน,35-39,หญิง,32364
นครปฐม,โรคติดเชื้อทางเดินหายใจส่วนบนเฉียบพลัน,35-39,ไม่ระบุ,5
นครปฐม,โรคติดเชื้อทางเดินหายใจส่วนบนเฉียบพลัน,40-44,ชาย,23400
นครปฐม,โรคติดเชื้อทางเดินหายใจส่วนบนเฉียบพลัน,40-44,หญิง,34692
นครปฐม,โรคติดเชื้อทางเดินหายใจส่วนบนเฉียบพลัน,40-44,ไม่ระบุ,18
นครปฐม,โรคติดเชื้อทางเดินหายใจส่วนบนเฉียบพลัน,45-49,ชาย,22129
นครปฐม,โรคติดเชื้อทางเดินหายใจส่วนบนเฉียบพลัน,45-49,หญิง,34293
นครปฐม,โรคติดเชื้อทางเดินหายใจส่วนบนเฉียบพลัน,45-49,ไม่ระบุ,2
นครปฐม,โรคติดเชื้อทางเดินหายใจส่วนบนเฉียบพลัน,5-9,ชาย,56271
นครปฐม,โรคติดเชื้อทางเดินหายใจส่วนบนเฉียบพลัน,5-9,หญิง,51884
นครปฐม,โรคติดเชื้อทางเดินหายใจส่วนบนเฉียบพลัน,5-9,ไม่ระบุ,30
นครปฐม,โรคติดเชื้อทางเดินหายใจส่วนบนเฉียบพลัน,50-54,ชาย,18971
นครปฐม,โรคติดเชื้อทางเดินหายใจส่วนบนเฉียบพลัน,50-54,หญิง,32847
นครปฐม,โรคติดเชื้อทางเดินหายใจส่วนบนเฉียบพลัน,50-54,ไม่ระบุ,4
นครปฐม,โรคติดเชื้อทางเดินหายใจส่วนบนเฉียบพลัน,55-59,ชาย,18033
นครปฐม,โรคติดเชื้อทางเดินหายใจส่วนบนเฉียบพลัน,55-59,หญิง,33245
นครปฐม,โรคติดเชื้อทางเดินหายใจส่วนบนเฉียบพลัน,55-59,ไม่ระบุ,6
นครปฐม,โรคติดเชื้อทางเดินหายใจส่วนบนเฉียบพลัน,60-64,ชาย,16749
นครปฐม,โรคติดเชื้อทางเดินหายใจส่วนบนเฉียบพลัน,60-64,หญิง,29593
นครปฐม,โรคติดเชื้อทางเดินหายใจส่วนบนเฉียบพลัน,60-64,ไม่ระบุ,4
นครปฐม,โรคติดเชื้อทางเดินหายใจส่วนบนเฉียบพลัน,65-69,ชาย,14087
นครปฐม,โรคติดเชื้อทางเดินหายใจส่วนบนเฉียบพลัน,65-69,หญิง,22578
นครปฐม,โรคติดเชื้อทางเดินหายใจส่วนบนเฉียบพลัน,65-69,ไม่ระบุ,4
นครปฐม,โรคติดเชื้อทางเดินหายใจส่วนบนเฉียบพลัน,70-74,ชาย,11057
นครปฐม,โรคติดเชื้อทางเดินหายใจส่วนบนเฉียบพลัน,70-74,หญิง,16372
นครปฐม,โรคติดเชื้อทางเดินหายใจส่วนบนเฉียบพลัน,70-74,ไม่ระบุ,1
นครปฐม,โรคติดเชื้อทางเดินหายใจส่วนบนเฉียบพลัน,75-79,ชาย,6955
นครปฐม,โรคติดเชื้อทางเดินหายใจส่วนบนเฉียบพลัน,75-79,หญิง,9287
นครปฐม,โรคติดเชื้อทางเดินหายใจส่วนบนเฉียบพลัน,75-79,ไม่ระบุ,3
นครปฐม,โรคติดเชื้อทางเดินหายใจส่วนบนเฉียบพลัน,80+,ชาย,6932
นครปฐม,โรคติดเชื้อทางเดินหายใจส่วนบนเฉียบพลัน,80+,หญิง,9499
นครปฐม,โรคติดเชื้อทางเดินหายใจส่วนบนเฉียบพลัน,80+,ไม่ระบุ,10
นครปฐม,โรคติดเชื้อทางเดินหายใจส่วนบนเฉียบพลัน,ไม่ทราบ,ชาย,24
นครปฐม,โรคติดเชื้อทางเดินหายใจส่วนบนเฉียบพลัน,ไม่ทราบ,หญิง,29
นครปฐม,โรคติดเชื้อทางเดินหายใจส่วนบนเฉียบพลัน,ไม่ทราบ,ไม่ระบุ,11690
นครปฐม,โรคปอดอุดกั้นเรื้อรัง,0-4,ชาย,50
นครปฐม,โรคปอดอุดกั้นเรื้อรัง,0-4,หญิง,31
นครปฐม,โรคปอดอุดกั้นเรื้อรัง,10-14,ชาย,3
นครปฐม,โรคปอดอุดกั้นเรื้อรัง,10-14,หญิง,2
นครปฐม,โรคปอดอุดกั้นเรื้อรัง,15-19,ชาย,6
นครปฐม,โรคปอดอุดกั้นเรื้อรัง,15-19,หญิง,2
นครปฐม,โรคปอดอุดกั้นเรื้อรัง,20-24,ชาย,11
นครปฐม,โรคปอดอุดกั้นเรื้อรัง,20-24,หญิง,9
นครปฐม,โรคปอดอุดกั้นเรื้อรัง,25-29,ชาย,37
นครปฐม,โรคปอดอุดกั้นเรื้อรัง,25-29,หญิง,2
นครปฐม,โรคปอดอุดกั้นเรื้อรัง,30-34,ชาย,104
นครปฐม,โรคปอดอุดกั้นเรื้อรัง,30-34,หญิง,16
นครปฐม,โรคปอดอุดกั้นเรื้อรัง,35-39,ชาย,158
นครปฐม,โรคปอดอุดกั้นเรื้อรัง,35-39,หญิง,30
นครปฐม,โรคปอดอุดกั้นเรื้อรัง,40-44,ชาย,359
นครปฐม,โรคปอดอุดกั้นเรื้อรัง,40-44,หญิง,41
นครปฐม,โรคปอดอุดกั้นเรื้อรัง,45-49,ชาย,816
นครปฐม,โรคปอดอุดกั้นเรื้อรัง,45-49,หญิง,154
นครปฐม,โรคปอดอุดกั้นเรื้อรัง,5-9,ชาย,9
นครปฐม,โรคปอดอุดกั้นเรื้อรัง,5-9,หญิง,6
นครปฐม,โรคปอดอุดกั้นเรื้อรัง,50-54,ชาย,1569
นครปฐม,โรคปอดอุดกั้นเรื้อรัง,50-54,หญิง,176
นครปฐม,โรคปอดอุดกั้นเรื้อรัง,55-59,ชาย,2066
นครปฐม,โรคปอดอุดกั้นเรื้อรัง,55-59,หญิง,275
นครปฐม,โรคปอดอุดกั้นเรื้อรัง,60-64,ชาย,3376
นครปฐม,โรคปอดอุดกั้นเรื้อรัง,60-64,หญิง,480
นครปฐม,โรคปอดอุดกั้นเรื้อรัง,65-69,ชาย,3975
นครปฐม,โรคปอดอุดกั้นเรื้อรัง,65-69,หญิง,556
นครปฐม,โรคปอดอุดกั้นเรื้อรัง,70-74,ชาย,4595
นครปฐม,โรคปอดอุดกั้นเรื้อรัง,70-74,หญิง,727
นครปฐม,โรคปอดอุดกั้นเรื้อรัง,75-79,ชาย,3183
นครปฐม,โรคปอดอุดกั้นเรื้อรัง,75-79,หญิง,798
นครปฐม,โรคปอดอุดกั้นเรื้อรัง,80+,ชาย,4815
นครปฐม,โรคปอดอุดกั้นเรื้อรัง,80+,หญิง,1130
นครปฐม,โรคปอดอุดกั้นเรื้อรัง,ไม่ทราบ,ไม่ระบุ,126
นครปฐม,โรคผิวหนังอักเสบ,0-4,ชาย,1191
นครปฐม,โรคผิวหนังอักเสบ,0-4,หญิง,1048
นครปฐม,โรคผิวหนังอักเสบ,10-14,ชาย,607
นครปฐม,โรคผิวหนังอักเสบ,10-14,หญิง,656
นครปฐม,โรคผิวหนังอักเสบ,15-19,ชาย,531
นครปฐม,โรคผิวหนังอักเสบ,15-19,หญิง,811
นครปฐม,โรคผิวหนังอักเสบ,20-24,ชาย,658
นครปฐม,โรคผิวหนังอักเสบ,20-24,หญิง,1024
นครปฐม,โรคผิวหนังอักเสบ,25-29,ชาย,680
นครปฐม,โรคผิวหนังอักเสบ,25-29,หญิง,1130
นครปฐม,โรคผิวหนังอักเสบ,30-34,ชาย,665
นครปฐม,โรคผิวหนังอักเสบ,30-34,หญิง,1246
นครปฐม,โรคผิวหนังอักเสบ,35-39,ชาย,727
นครปฐม,โรคผิวหนังอักเสบ,35-39,หญิง,1194
นครปฐม,โรคผิวหนังอักเสบ,40-44,ชาย,817
นครปฐม,โรคผิวหนังอักเสบ,40-44,หญิง,1526
นครปฐม,โรคผิวหนังอักเสบ,45-49,ชาย,988
นครปฐม,โรคผิวหนังอักเสบ,45-49,หญิง,1830
นครปฐม,โรคผิวหนังอักเสบ,5-9,ชาย,821
นครปฐม,โรคผิวหนังอักเสบ,5-9,หญิง,760
นครปฐม,โรคผิวหนังอักเสบ,5-9,ไม่ระบุ,3
นครปฐม,โรคผิวหนังอักเสบ,50-54,ชาย,989
นครปฐม,โรคผิวหนังอักเสบ,50-54,หญิง,1861
นครปฐม,โรคผิวหนังอักเสบ,55-59,ชาย,1113
นครปฐม,โรคผิวหนังอักเสบ,55-59,หญิง,1926
นครปฐม,โรคผิวหนังอักเสบ,60-64,ชาย,1306
นครปฐม,โรคผิวหนังอักเสบ,60-64,หญิง,1935
นครปฐม,โรคผิวหนังอักเสบ,65-69,ชาย,1183
นครปฐม,โรคผิวหนังอักเสบ,65-69,หญิง,1534
นครปฐม,โรคผิวหนังอักเสบ,65-69,ไม่ระบุ,1
นครปฐม,โรคผิวหนังอักเสบ,70-74,ชาย,962
นครปฐม,โรคผิวหนังอักเสบ,70-74,หญิง,1218
นครปฐม,โรคผิวหนังอักเสบ,75-79,ชาย,674
นครปฐม,โรคผิวหนังอักเสบ,75-79,หญิง,821
นครปฐม,โรคผิวหนังอักเสบ,80+,ชาย,794
นครปฐม,โรคผิวหนังอักเสบ,80+,หญิง,897
นครปฐม,โรคผิวหนังอักเสบ,ไม่ทราบ,หญิง,2
นครปฐม,โรคผิวหนังอักเสบ,ไม่ทราบ,ไม่ระบุ,628
นครปฐม,โรคลมพิษ,0-4,ชาย,1222
นครปฐม,โรคลมพิษ,0-4,หญิง,1113
นครปฐม,โรคลมพิษ,0-4,ไม่ระบุ,1
นครปฐม,โรคลมพิษ,10-14,ชาย,955
นครปฐม,โรคลมพิษ,10-14,หญิง,965
นครปฐม,โรคลมพิษ,10-14,ไม่ระบุ,1
นครปฐม,โรคลมพิษ,15-19,ชาย,809
นครปฐม,โรคลมพิษ,15-19,หญิง,1175
นครปฐม,โรคลมพิษ,20-24,ชาย,752
นครปฐม,โรคลมพิษ,20-24,หญิง,1437
นครปฐม,โรคลมพิษ,25-29,ชาย,837
นครปฐม,โรคลมพิษ,25-29,หญิง,1601
นครปฐม,โรคลมพิษ,25-29,ไม่ระบุ,1
นครปฐม,โรคลมพิษ,30-34,ชาย,777
นครปฐม,โรคลมพิษ,30-34,หญิง,1561
นครปฐม,โรคลมพิษ,30-34,ไม่ระบุ,2
นครปฐม,โรคลมพิษ,35-39,ชาย,691
นครปฐม,โรคลมพิษ,35-39,หญิง,1268
นครปฐม,โรคลมพิษ,40-44,ชาย,760
นครปฐม,โรคลมพิษ,40-44,หญิง,1468
นครปฐม,โรคลมพิษ,40-44,ไม่ระบุ,4
นครปฐม,โรคลมพิษ,45-49,ชาย,710
นครปฐม,โรคลมพิษ,45-49,หญิง,1624
นครปฐม,โรคลมพิษ,45-49,ไม่ระบุ,2
นครปฐม,โรคลมพิษ,5-9,ชาย,1182
นครปฐม,โรคลมพิษ,5-9,หญิง,899
นครปฐม,โรคลมพิษ,50-54,ชาย,651
นครปฐม,โรคลมพิษ,50-54,หญิง,1446
นครปฐม,โรคลมพิษ,55-59,ชาย,732
นครปฐม,โรคลมพิษ,55-59,หญิง,1417
นครปฐม,โรคลมพิษ,55-59,ไม่ระบุ,1
นครปฐม,โรคลมพิษ,60-64,ชาย,689
นครปฐม,โรคลมพิษ,60-64,หญิง,1270
นครปฐม,โรคลมพิษ,65-69,ชาย,536
นครปฐม,โรคลมพิษ,65-69,หญิง,1010
นครปฐม,โรคลมพิษ,65-69,ไม่ระบุ,2
นครปฐม,โรคลมพิษ,70-74,ชาย,390
นครปฐม,โรคลมพิษ,70-74,หญิง,764
นครปฐม,โรคลมพิษ,75-79,ชาย,246
นครปฐม,โรคลมพิษ,75-79,หญิง,374
นครปฐม,โรคลมพิษ,80+,ชาย,223
นครปฐม,โรคลมพิษ,80+,หญิง,439
นครปฐม,โรคลมพิษ,ไม่ทราบ,ไม่ระบุ,462
นครปฐม,โรคหอบหืด,0-4,ชาย,3213
นครปฐม,โรคหอบหืด,0-4,หญิง,1975
นครปฐม,โรคหอบหืด,0-4,ไม่ระบุ,1
นครปฐม,โรคหอบหืด,10-14,ชาย,3237
นครปฐม,โรคหอบหืด,10-14,หญิง,1547
นครปฐม,โรคหอบหืด,15-19,ชาย,906
นครปฐม,โรคหอบหืด,15-19,หญิง,795
นครปฐม,โรคหอบหืด,20-24,ชาย,679
นครปฐม,โรคหอบหืด,20-24,หญิง,660
นครปฐม,โรคหอบหืด,25-29,ชาย,664
นครปฐม,โรคหอบหืด,25-29,หญิง,965
นครปฐม,โรคหอบหืด,30-34,ชาย,820
นครปฐม,โรคหอบหืด,30-34,หญิง,1360
นครปฐม,โรคหอบหืด,35-39,ชาย,1105
นครปฐม,โรคหอบหืด,35-39,หญิง,1667
นครปฐม,โรคหอบหืด,40-44,ชาย,1465
นครปฐม,โรคหอบหืด,40-44,หญิง,2319
นครปฐม,โรคหอบหืด,45-49,ชาย,1777
นครปฐม,โรคหอบหืด,45-49,หญิง,3236
นครปฐม,โรคหอบหืด,5-9,ชาย,6100
นครปฐม,โรคหอบหืด,5-9,หญิง,3506
นครปฐม,โรคหอบหืด,50-54,ชาย,1671
นครปฐม,โรคหอบหืด,50-54,หญิง,3740
นครปฐม,โรคหอบหืด,55-59,ชาย,1473
นครปฐม,โรคหอบหืด,55-59,หญิง,4266
นครปฐม,โรคหอบหืด,60-64,ชาย,1660
นครปฐม,โรคหอบหืด,60-64,หญิง,4283
นครปฐม,โรคหอบหืด,65-69,ชาย,1423
นครปฐม,โรคหอบหืด,65-69,หญิง,3945
นครปฐม,โรคหอบหืด,70-74,ชาย,1073
นครปฐม,โรคหอบหืด,70-74,หญิง,2739
นครปฐม,โรคหอบหืด,75-79,ชาย,589
นครปฐม,โรคหอบหืด,75-79,หญิง,1698
นครปฐม,โรคหอบหืด,80+,ชาย,525
นครปฐม,โรคหอบหืด,80+,หญิง,2054
นครปฐม,โรคหอบหืด,ไม่ทราบ,ไม่ระบุ,400
นครปฐม,โรคเยื่อจมูกอักเสบจากภูมิแพ้,0-4,ชาย,1445
นครปฐม,โรคเยื่อจมูกอักเสบจากภูมิแพ้,0-4,หญิง,1022
นครปฐม,โรคเยื่อจมูกอักเสบจากภูมิแพ้,10-14,ชาย,2883
นครปฐม,โรคเยื่อจมูกอักเสบจากภูมิแพ้,10-14,หญิง,1850
นครปฐม,โรคเยื่อจมูกอักเสบจากภูมิแพ้,15-19,ชาย,925
นครปฐม,โรคเยื่อจมูกอักเสบจากภูมิแพ้,15-19,หญิง,942
นครปฐม,โรคเยื่อจมูกอักเสบจากภูมิแพ้,15-19,ไม่ระบุ,1
นครปฐม,โรคเยื่อจมูกอักเสบจากภูมิแพ้,20-24,ชาย,764
นครปฐม,โรคเยื่อจมูกอักเสบจากภูมิแพ้,20-24,หญิง,1066
นครปฐม,โรคเยื่อจมูกอักเสบจากภูมิแพ้,25-29,ชาย,883
นครปฐม,โรคเยื่อจมูกอักเสบจากภูมิแพ้,25-29,หญิง,1394
นครปฐม,โรคเยื่อจมูกอักเสบจากภูมิแพ้,30-34,ชาย,842
นครปฐม,โรคเยื่อจมูกอักเสบจากภูมิแพ้,30-34,หญิง,1450
นครปฐม,โรคเยื่อจมูกอักเสบจากภูมิแพ้,35-39,ชาย,789
นครปฐม,โรคเยื่อจมูกอักเสบจากภูมิแพ้,35-39,หญิง,1470
นครปฐม,โรคเยื่อจมูกอักเสบจากภูมิแพ้,40-44,ชาย,814
นครปฐม,โรคเยื่อจมูกอักเสบจากภูมิแพ้,40-44,หญิง,1548
นครปฐม,โรคเยื่อจมูกอักเสบจากภูมิแพ้,45-49,ชาย,962
นครปฐม,โรคเยื่อจมูกอักเสบจากภูมิแพ้,45-49,หญิง,1731
นครปฐม,โรคเยื่อจมูกอักเสบจากภูมิแพ้,5-9,ชาย,3758
นครปฐม,โรคเยื่อจมูกอักเสบจากภูมิแพ้,5-9,หญิง,2518
นครปฐม,โรคเยื่อจมูกอักเสบจากภูมิแพ้,50-54,ชาย,817
นครปฐม,โรคเยื่อจมูกอักเสบจากภูมิแพ้,50-54,หญิง,1622
นครปฐม,โรคเยื่อจมูกอักเสบจากภูมิแพ้,55-59,ชาย,943
นครปฐม,โรคเยื่อจมูกอักเสบจากภูมิแพ้,55-59,หญิง,1533
นครปฐม,โรคเยื่อจมูกอักเสบจากภูมิแพ้,60-64,ชาย,941
นครปฐม,โรคเยื่อจมูกอักเสบจากภูมิแพ้,60-64,หญิง,1439
นครปฐม,โรคเยื่อจมูกอักเสบจากภูมิแพ้,65-69,ชาย,759
นครปฐม,โรคเยื่อจมูกอักเสบจากภูมิแพ้,65-69,หญิง,985
นครปฐม,โรคเยื่อจมูกอักเสบจากภูมิแพ้,70-74,ชาย,649
นครปฐม,โรคเยื่อจมูกอักเสบจากภูมิแพ้,70-74,หญิง,680
นครปฐม,โรคเยื่อจมูกอักเสบจากภูมิแพ้,75-79,ชาย,352
นครปฐม,โรคเยื่อจมูกอักเสบจากภูมิแพ้,75-79,หญิง,365
นครปฐม,โรคเยื่อจมูกอักเสบจากภูมิแพ้,80+,ชาย,267
นครปฐม,โรคเยื่อจมูกอักเสบจากภูมิแพ้,80+,หญิง,330
นครปฐม,โรคเยื่อจมูกอักเสบจากภูมิแพ้,ไม่ทราบ,ไม่ระบุ,635
นครปฐม,โรคเยื่อบุตาอักเสบ,0-4,ชาย,1401
นครปฐม,โรคเยื่อบุตาอักเสบ,0-4,หญิง,1195
นครปฐม,โรคเยื่อบุตาอักเสบ,10-14,ชาย,1453
นครปฐม,โรคเยื่อบุตาอักเสบ,10-14,หญิง,1110
นครปฐม,โรคเยื่อบุตาอักเสบ,15-19,ชาย,1453
นครปฐม,โรคเยื่อบุตาอักเสบ,15-19,หญิง,1514
นครปฐม,โรคเยื่อบุตาอักเสบ,20-24,ชาย,1878
นครปฐม,โรคเยื่อบุตาอักเสบ,20-24,หญิง,1918
นครปฐม,โรคเยื่อบุตาอักเสบ,25-29,ชาย,2323
นครปฐม,โรคเยื่อบุตาอักเสบ,25-29,หญิง,2362
นครปฐม,โรคเยื่อบุตาอักเสบ,25-29,ไม่ระบุ,1
นครปฐม,โรคเยื่อบุตาอักเสบ,30-34,ชาย,2130
นครปฐม,โรคเยื่อบุตาอักเสบ,30-34,หญิง,2392
นครปฐม,โรคเยื่อบุตาอักเสบ,30-34,ไม่ระบุ,2
นครปฐม,โรคเยื่อบุตาอักเสบ,35-39,ชาย,1977
นครปฐม,โรคเยื่อบุตาอักเสบ,35-39,หญิง,2227
นครปฐม,โรคเยื่อบุตาอักเสบ,35-39,ไม่ระบุ,1
นครปฐม,โรคเยื่อบุตาอักเสบ,40-44,ชาย,2225
นครปฐม,โรคเยื่อบุตาอักเสบ,40-44,หญิง,2537
นครปฐม,โรคเยื่อบุตาอักเสบ,40-44,ไม่ระบุ,2
นครปฐม,โรคเยื่อบุตาอักเสบ,45-49,ชาย,2169
นครปฐม,โรคเยื่อบุตาอักเสบ,45-49,หญิง,2748
นครปฐม,โรคเยื่อบุตาอักเสบ,5-9,ชาย,1979
นครปฐม,โรคเยื่อบุตาอักเสบ,5-9,หญิง,1254
นครปฐม,โรคเยื่อบุตาอักเสบ,50-54,ชาย,2141
นครปฐม,โรคเยื่อบุตาอักเสบ,50-54,หญิง,3117
นครปฐม,โรคเยื่อบุตาอักเสบ,55-59,ชาย,2009
นครปฐม,โรคเยื่อบุตาอักเสบ,55-59,หญิง,3401
นครปฐม,โรคเยื่อบุตาอักเสบ,55-59,ไม่ระบุ,1
นครปฐม,โรคเยื่อบุตาอักเสบ,60-64,ชาย,1825
นครปฐม,โรคเยื่อบุตาอักเสบ,60-64,หญิง,3506
นครปฐม,โรคเยื่อบุตาอักเสบ,60-64,ไม่ระบุ,1
นครปฐม,โรคเยื่อบุตาอักเสบ,65-69,ชาย,1663
นครปฐม,โรคเยื่อบุตาอักเสบ,65-69,หญิง,2831
นครปฐม,โรคเยื่อบุตาอักเสบ,65-69,ไม่ระบุ,1
นครปฐม,โรคเยื่อบุตาอักเสบ,70-74,ชาย,1281
นครปฐม,โรคเยื่อบุตาอักเสบ,70-74,หญิง,2318
นครปฐม,โรคเยื่อบุตาอักเสบ,75-79,ชาย,843
นครปฐม,โรคเยื่อบุตาอักเสบ,75-79,หญิง,1503
นครปฐม,โรคเยื่อบุตาอักเสบ,80+,ชาย,887
นครปฐม,โรคเยื่อบุตาอักเสบ,80+,หญิง,1476
นครปฐม,โรคเยื่อบุตาอักเสบ,80+,ไม่ระบุ,4
นครปฐม,โรคเยื่อบุตาอักเสบ,ไม่ทราบ,ชาย,1
นครปฐม,โรคเยื่อบุตาอักเสบ,ไม่ทราบ,ไม่ระบุ,4186
นครพนม,โรคติดเชื้อทางเดินหายใจส่วนบนเฉียบพลัน,0-4,ชาย,62144
นครพนม,โรคติดเชื้อทางเดินหายใจส่วนบนเฉียบพลัน,0-4,หญิง,54305
นครพนม,โรคติดเชื้อทางเดินหายใจส่วนบนเฉียบพลัน,10-14,ชาย,25417
นครพนม,โรคติดเชื้อทางเดินหายใจส่วนบนเฉียบพลัน,10-14,หญิง,23422
นครพนม,โรคติดเชื้อทางเดินหายใจส่วนบนเฉียบพลัน,15-19,ชาย,12013
นครพนม,โรคติดเชื้อทางเดินหายใจส่วนบนเฉียบพลัน,15-19,หญิง,15507
นครพนม,โรคติดเชื้อทางเดินหายใจส่วนบนเฉียบพลัน,20-24,ชาย,7387
นครพนม,โรคติดเชื้อทางเดินหายใจส่วนบนเฉียบพลัน,20-24,หญิง,12676
นครพนม,โรคติดเชื้อทางเดินหายใจส่วนบนเฉียบพลัน,25-29,ชาย,7692
นครพนม,โรคติดเชื้อทางเดินหายใจส่วนบนเฉียบพลัน,25-29,หญิง,14311
นครพนม,โรคติดเชื้อทางเดินหายใจส่วนบนเฉียบพลัน,30-34,ชาย,6997
นครพนม,โรคติดเชื้อทางเดินหายใจส่วนบนเฉียบพลัน,30-34,หญิง,14866
นครพนม,โรคติดเชื้อทางเดินหายใจส่วนบนเฉียบพลัน,35-39,ชาย,7588
นครพนม,โรคติดเชื้อทางเดินหายใจส่วนบนเฉียบพลัน,35-39,หญิง,16197
นครพนม,โรคติดเชื้อทางเดินหายใจส่วนบนเฉียบพลัน,40-44,ชาย,9098
นครพนม,โรคติดเชื้อทางเดินหายใจส่วนบนเฉียบพลัน,40-44,หญิง,20542
นครพนม,โรคติดเชื้อทางเดินหายใจส่วนบนเฉียบพลัน,45-49,ชาย,10638
นครพนม,โรคติดเชื้อทางเดินหายใจส่วนบนเฉียบพลัน,45-49,หญิง,25247
นครพนม,โรคติดเชื้อทางเดินหายใจส่วนบนเฉียบพลัน,5-9,ชาย,49243
นครพนม,โรคติดเชื้อทางเดินหายใจส่วนบนเฉียบพลัน,5-9,หญิง,44549
นครพนม,โรคติดเชื้อทางเดินหายใจส่วนบนเฉียบพลัน,50-54,ชาย,11753
นครพนม,โรคติดเชื้อทางเดินหายใจส่วนบนเฉียบพลัน,50-54,หญิง,28527
นครพนม,โรคติดเชื้อทางเดินหายใจส่วนบนเฉียบพลัน,55-59,ชาย,11712
นครพนม,โรคติดเชื้อทางเดินหายใจส่วนบนเฉียบพลัน,55-59,หญิง,27544
นครพนม,โรคติดเชื้อทางเดินหายใจส่วนบนเฉียบพลัน,60-64,ชาย,11103
นครพนม,โรคติดเชื้อทางเดินหายใจส่วนบนเฉียบพลัน,60-64,หญิง,22718
นครพนม,โรคติดเชื้อทางเดินหายใจส่วนบนเฉียบพลัน,65-69,ชาย,10196
นครพนม,โรคติดเชื้อทางเดินหายใจส่วนบนเฉียบพลัน,65-69,หญิง,17430
นครพนม,โรคติดเชื้อทางเดินหายใจส่วนบนเฉียบพลัน,70-74,ชาย,8463
นครพนม,โรคติดเชื้อทางเดินหายใจส่วนบนเฉียบพลัน,70-74,หญิง,12436
นครพนม,โรคติดเชื้อทางเดินหายใจส่วนบนเฉียบพลัน,75-79,ชาย,5893
นครพนม,โรคติดเชื้อทางเดินหายใจส่วนบนเฉียบพลัน,75-79,หญิง,7614
นครพนม,โรคติดเชื้อทางเดินหายใจส่วนบนเฉียบพลัน,80+,ชาย,4620
นครพนม,โรคติดเชื้อทางเดินหายใจส่วนบนเฉียบพลัน,80+,หญิง,6817
นครพนม,โรคติดเชื้อทางเดินหายใจส่วนบนเฉียบพลัน,ไม่ทราบ,ชาย,49
นครพนม,โรคติดเชื้อทางเดินหายใจส่วนบนเฉียบพลัน,ไม่ทราบ,หญิง,44
นครพนม,โรคติดเชื้อทางเดินหายใจส่วนบนเฉียบพลัน,ไม่ทราบ,ไม่ระบุ,6010
นครพนม,โรคปอดอุดกั้นเรื้อรัง,0-4,ชาย,8
นครพนม,โรคปอดอุดกั้นเรื้อรัง,0-4,หญิง,6
นครพนม,โรคปอดอุดกั้นเรื้อรัง,15-19,ชาย,5
นครพนม,โรคปอดอุดกั้นเรื้อรัง,15-19,หญิง,2
นครพนม,โรคปอดอุดกั้นเรื้อรัง,20-24,ชาย,1
นครพนม,โรคปอดอุดกั้นเรื้อรัง,20-24,หญิง,18
นครพนม,โรคปอดอุดกั้นเรื้อรัง,25-29,ชาย,12
นครพนม,โรคปอดอุดกั้นเรื้อรัง,25-29,หญิง,20
นครพนม,โรคปอดอุดกั้นเรื้อรัง,30-34,ชาย,26
นครพนม,โรคปอดอุดกั้นเรื้อรัง,30-34,หญิง,13
นครพนม,โรคปอดอุดกั้นเรื้อรัง,35-39,ชาย,53
นครพนม,โรคปอดอุดกั้นเรื้อรัง,35-39,หญิง,8
นครพนม,โรคปอดอุดกั้นเรื้อรัง,40-44,ชาย,225
นครพนม,โรคปอดอุดกั้นเรื้อรัง,40-44,หญิง,46
นครพนม,โรคปอดอุดกั้นเรื้อรัง,45-49,ชาย,493
นครพนม,โรคปอดอุดกั้นเรื้อรัง,45-49,หญิง,71
นครพนม,โรคปอดอุดกั้นเรื้อรัง,5-9,ชาย,10
นครพนม,โรคปอดอุดกั้นเรื้อรัง,5-9,หญิง,4
นครพนม,โรคปอดอุดกั้นเรื้อรัง,50-54,ชาย,801
นครพนม,โรคปอดอุดกั้นเรื้อรัง,50-54,หญิง,122
นครพนม,โรคปอดอุดกั้นเรื้อรัง,55-59,ชาย,1236
นครพนม,โรคปอดอุดกั้นเรื้อรัง,55-59,หญิง,147
นครพนม,โรคปอดอุดกั้นเรื้อรัง,60-64,ชาย,2002
นครพนม,โรคปอดอุดกั้นเรื้อรัง,60-64,หญิง,350
นครพนม,โรคปอดอุดกั้นเรื้อรัง,65-69,ชาย,2739
นครพนม,โรคปอดอุดกั้นเรื้อรัง,65-69,หญิง,479
นครพนม,โรคปอดอุดกั้นเรื้อรัง,70-74,ชาย,3457
นครพนม,โรคปอดอุดกั้นเรื้อรัง,70-74,หญิง,627
นครพนม,โรคปอดอุดกั้นเรื้อรัง,75-79,ชาย,3527
นครพนม,โรคปอดอุดกั้นเรื้อรัง,75-79,หญิง,532
นครพนม,โรคปอดอุดกั้นเรื้อรัง,80+,ชาย,3687
นครพนม,โรคปอดอุดกั้นเรื้อรัง,80+,หญิง,920
นครพนม,โรคปอดอุดกั้นเรื้อรัง,ไม่ทราบ,ไม่ระบุ,310
นครพนม,โรคผิวหนังอักเสบ,0-4,ชาย,745
นครพนม,โรคผิวหนังอักเสบ,0-4,หญิง,658
นครพนม,โรคผิวหนังอักเสบ,10-14,ชาย,433
นครพนม,โรคผิวหนังอักเสบ,10-14,หญิง,454
นครพนม,โรคผิวหนังอักเสบ,15-19,ชาย,297
นครพนม,โรคผิวหนังอักเสบ,15-19,หญิง,461
นครพนม,โรคผิวหนังอักเสบ,20-24,ชาย,204
นครพนม,โรคผิวหนังอักเสบ,20-24,หญิง,346
นครพนม,โรคผิวหนังอักเสบ,25-29,ชาย,258
นครพนม,โรคผิวหนังอักเสบ,25-29,หญิง,422
นครพนม,โรคผิวหนังอักเสบ,30-34,ชาย,231
นครพนม,โรคผิวหนังอักเสบ,30-34,หญิง,429
นครพนม,โรคผิวหนังอักเสบ,35-39,ชาย,296
นครพนม,โรคผิวหนังอักเสบ,35-39,หญิง,489
นครพนม,โรคผิวหนังอักเสบ,40-44,ชาย,417
นครพนม,โรคผิวหนังอักเสบ,40-44,หญิง,743
นครพนม,โรคผิวหนังอักเสบ,45-49,ชาย,470
นครพนม,โรคผิวหนังอักเสบ,45-49,หญิง,959
นครพนม,โรคผิวหนังอักเสบ,5-9,ชาย,554
นครพนม,โรคผิวหนังอักเสบ,5-9,หญิง,506
นครพนม,โรคผิวหนังอักเสบ,50-54,ชาย,557
นครพนม,โรคผิวหนังอักเสบ,50-54,หญิง,992
นครพนม,โรคผิวหนังอักเสบ,55-59,ชาย,628
นครพนม,โรคผิวหนังอักเสบ,55-59,หญิง,979
นครพนม,โรคผิวหนังอักเสบ,60-64,ชาย,574
นครพนม,โรคผิวหนังอักเสบ,60-64,หญิง,903
นครพนม,โรคผิวหนังอักเสบ,65-69,ชาย,575
นครพนม,โรคผิวหนังอักเสบ,65-69,หญิง,728
นครพนม,โรคผิวหนังอักเสบ,70-74,ชาย,449
นครพนม,โรคผิวหนังอักเสบ,70-74,หญิง,506
นครพนม,โรคผิวหนังอักเสบ,75-79,ชาย,410
นครพนม,โรคผิวหนังอักเสบ,75-79,หญิง,269
นครพนม,โรคผิวหนังอักเสบ,80+,ชาย,316
นครพนม,โรคผิวหนังอักเสบ,80+,หญิง,314
นครพนม,โรคผิวหนังอักเสบ,ไม่ทราบ,ชาย,6
นครพนม,โรคผิวหนังอักเสบ,ไม่ทราบ,หญิง,4
นครพนม,โรคผิวหนังอักเสบ,ไม่ทราบ,ไม่ระบุ,246
นครพนม,โรคลมพิษ,0-4,ชาย,1496
นครพนม,โรคลมพิษ,0-4,หญิง,1218
นครพนม,โรคลมพิษ,10-14,ชาย,1033
นครพนม,โรคลมพิษ,10-14,หญิง,963
นครพนม,โรคลมพิษ,15-19,ชาย,742
นครพนม,โรคลมพิษ,15-19,หญิง,1086
นครพนม,โรคลมพิษ,20-24,ชาย,453
นครพนม,โรคลมพิษ,20-24,หญิง,830
นครพนม,โรคลมพิษ,25-29,ชาย,464
นครพนม,โรคลมพิษ,25-29,หญิง,958
นครพนม,โรคลมพิษ,30-34,ชาย,436
นครพนม,โรคลมพิษ,30-34,หญิง,946
นครพนม,โรคลมพิษ,35-39,ชาย,434
นครพนม,โรคลมพิษ,35-39,หญิง,1004
นครพนม,โรคลมพิษ,40-44,ชาย,447
นครพนม,โรคลมพิษ,40-44,หญิง,1203
นครพนม,โรคลมพิษ,45-49,ชาย,584
นครพนม,โรคลมพิษ,45-49,หญิง,1405
นครพนม,โรคลมพิษ,5-9,ชาย,1245
นครพนม,โรคลมพิษ,5-9,หญิง,984
นครพนม,โรคลมพิษ,50-54,ชาย,650
นครพนม,โรคลมพิษ,50-54,หญิง,1514
นครพนม,โรคลมพิษ,55-59,ชาย,650
นครพนม,โรคลมพิษ,55-59,หญิง,1392
นครพนม,โรคลมพิษ,60-64,ชาย,562
นครพนม,โรคลมพิษ,60-64,หญิง,1132
นครพนม,โรคลมพิษ,65-69,ชาย,485
นครพนม,โรคลมพิษ,65-69,หญิง,878
นครพนม,โรคลมพิษ,70-74,ชาย,383
นครพนม,โรคลมพิษ,70-74,หญิง,649
นครพนม,โรคลมพิษ,75-79,ชาย,332
นครพนม,โรคลมพิษ,75-79,หญิง,399
นครพนม,โรคลมพิษ,80+,ชาย,250
นครพนม,โรคลมพิษ,80+,หญิง,329
นครพนม,โรคลมพิษ,ไม่ทราบ,ชาย,3
นครพนม,โรคลมพิษ,ไม่ทราบ,หญิง,3
นครพนม,โรคลมพิษ,ไม่ทราบ,ไม่ระบุ,436
นครพนม,โรคหอบหืด,0-4,ชาย,2347
นครพนม,โรคหอบหืด,0-4,หญิง,1248
นครพนม,โรคหอบหืด,10-14,ชาย,1758
นครพนม,โรคหอบหืด,10-14,หญิง,963
นครพนม,โรคหอบหืด,15-19,ชาย,453
นครพนม,โรคหอบหืด,15-19,หญิง,455
นครพนม,โรคหอบหืด,20-24,ชาย,291
นครพนม,โรคหอบหืด,20-24,หญิง,298
นครพนม,โรคหอบหืด,25-29,ชาย,297
นครพนม,โรคหอบหืด,25-29,หญิง,397
นครพนม,โรคหอบหืด,30-34,ชาย,212
นครพนม,โรคหอบหืด,30-34,หญิง,572
นครพนม,โรคหอบหืด,35-39,ชาย,263
นครพนม,โรคหอบหืด,35-39,หญิง,895
นครพนม,โรคหอบหืด,40-44,ชาย,637
นครพนม,โรคหอบหืด,40-44,หญิง,1451
นครพนม,โรคหอบหืด,45-49,ชาย,1054
นครพนม,โรคหอบหืด,45-49,หญิง,2265
นครพนม,โรคหอบหืด,5-9,ชาย,4015
นครพนม,โรคหอบหืด,5-9,หญิง,1877
นครพนม,โรคหอบหืด,50-54,ชาย,1315
นครพนม,โรคหอบหืด,50-54,หญิง,2902
นครพนม,โรคหอบหืด,55-59,ชาย,1546
นครพนม,โรคหอบหืด,55-59,หญิง,3356
นครพนม,โรคหอบหืด,60-64,ชาย,1546
นครพนม,โรคหอบหืด,60-64,หญิง,3628
นครพนม,โรคหอบหืด,65-69,ชาย,1560
นครพนม,โรคหอบหืด,65-69,หญิง,3732
นครพนม,โรคหอบหืด,70-74,ชาย,1350
นครพนม,โรคหอบหืด,70-74,หญิง,3230
นครพนม,โรคหอบหืด,75-79,ชาย,875
นครพนม,โรคหอบหืด,75-79,หญิง,2156
นครพนม,โรคหอบหืด,80+,ชาย,840
นครพนม,โรคหอบหืด,80+,หญิง,2019
นครพนม,โรคหอบหืด,ไม่ทราบ,ชาย,5
นครพนม,โรคหอบหืด,ไม่ทราบ,ไม่ระบุ,769
นครพนม,โรคเยื่อจมูกอักเสบจากภูมิแพ้,0-4,ชาย,891
นครพนม,โรคเยื่อจมูกอักเสบจากภูมิแพ้,0-4,หญิง,664
นครพนม,โรคเยื่อจมูกอักเสบจากภูมิแพ้,10-14,ชาย,511
นครพนม,โรคเยื่อจมูกอักเสบจากภูมิแพ้,10-14,หญิง,328
นครพนม,โรคเยื่อจมูกอักเสบจากภูมิแพ้,15-19,ชาย,211
นครพนม,โรคเยื่อจมูกอักเสบจากภูมิแพ้,15-19,หญิง,221
นครพนม,โรคเยื่อจมูกอักเสบจากภูมิแพ้,20-24,ชาย,104
นครพนม,โรคเยื่อจมูกอักเสบจากภูมิแพ้,20-24,หญิง,222
นครพนม,โรคเยื่อจมูกอักเสบจากภูมิแพ้,25-29,ชาย,154
นครพนม,โรคเยื่อจมูกอักเสบจากภูมิแพ้,25-29,หญิง,317
นครพนม,โรคเยื่อจมูกอักเสบจากภูมิแพ้,30-34,ชาย,122
นครพนม,โรคเยื่อจมูกอักเสบจากภูมิแพ้,30-34,หญิง,308
นครพนม,โรคเยื่อจมูกอักเสบจากภูมิแพ้,35-39,ชาย,133
นครพนม,โรคเยื่อจมูกอักเสบจากภูมิแพ้,35-39,หญิง,388
นครพนม,โรคเยื่อจมูกอักเสบจากภูมิแพ้,40-44,ชาย,169
นครพนม,โรคเยื่อจมูกอักเสบจากภูมิแพ้,40-44,หญิง,387
นครพนม,โรคเยื่อจมูกอักเสบจากภูมิแพ้,45-49,ชาย,163
นครพนม,โรคเยื่อจมูกอักเสบจากภูมิแพ้,45-49,หญิง,466
นครพนม,โรคเยื่อจมูกอักเสบจากภูมิแพ้,5-9,ชาย,1131
นครพนม,โรคเยื่อจมูกอักเสบจากภูมิแพ้,5-9,หญิง,655
นครพนม,โรคเยื่อจมูกอักเสบจากภูมิแพ้,50-54,ชาย,154
นครพนม,โรคเยื่อจมูกอักเสบจากภูมิแพ้,50-54,หญิง,415
นครพนม,โรคเยื่อจมูกอักเสบจากภูมิแพ้,55-59,ชาย,182
นครพนม,โรคเยื่อจมูกอักเสบจากภูมิแพ้,55-59,หญิง,409
นครพนม,โรคเยื่อจมูกอักเสบจากภูมิแพ้,60-64,ชาย,185
นครพนม,โรคเยื่อจมูกอักเสบจากภูมิแพ้,60-64,หญิง,357
นครพนม,โรคเยื่อจมูกอักเสบจากภูมิแพ้,65-69,ชาย,223
นครพนม,โรคเยื่อจมูกอักเสบจากภูมิแพ้,65-69,หญิง,236
นครพนม,โรคเยื่อจมูกอักเสบจากภูมิแพ้,70-74,ชาย,117
นครพนม,โรคเยื่อจมูกอักเสบจากภูมิแพ้,70-74,หญิง,194
นครพนม,โรคเยื่อจมูกอักเสบจากภูมิแพ้,75-79,ชาย,99
นครพนม,โรคเยื่อจมูกอักเสบจากภูมิแพ้,75-79,หญิง,105
นครพนม,โรคเยื่อจมูกอักเสบจากภูมิแพ้,80+,ชาย,53
นครพนม,โรคเยื่อจมูกอักเสบจากภูมิแพ้,80+,หญิง,41
นครพนม,โรคเยื่อจมูกอักเสบจากภูมิแพ้,ไม่ทราบ,ไม่ระบุ,179
นครพนม,โรคเยื่อบุตาอักเสบ,0-4,ชาย,909
นครพนม,โรคเยื่อบุตาอักเสบ,0-4,หญิง,746
นครพนม,โรคเยื่อบุตาอักเสบ,10-14,ชาย,849
นครพนม,โรคเยื่อบุตาอักเสบ,10-14,หญิง,724
นครพนม,โรคเยื่อบุตาอักเสบ,15-19,ชาย,762
นครพนม,โรคเยื่อบุตาอักเสบ,15-19,หญิง,1063
นครพนม,โรคเยื่อบุตาอักเสบ,20-24,ชาย,557
นครพนม,โรคเยื่อบุตาอักเสบ,20-24,หญิง,682
นครพนม,โรคเยื่อบุตาอักเสบ,25-29,ชาย,632
นครพนม,โรคเยื่อบุตาอักเสบ,25-29,หญิง,868
นครพนม,โรคเยื่อบุตาอักเสบ,30-34,ชาย,700
นครพนม,โรคเยื่อบุตาอักเสบ,30-34,หญิง,879
นครพนม,โรคเยื่อบุตาอักเสบ,35-39,ชาย,844
นครพนม,โรคเยื่อบุตาอักเสบ,35-39,หญิง,1008
นครพนม,โรคเยื่อบุตาอักเสบ,40-44,ชาย,1080
นครพนม,โรคเยื่อบุตาอักเสบ,40-44,หญิง,1330
นครพนม,โรคเยื่อบุตาอักเสบ,45-49,ชาย,1295
นครพนม,โรคเยื่อบุตาอักเสบ,45-49,หญิง,1942
นครพนม,โรคเยื่อบุตาอักเสบ,5-9,ชาย,910
นครพนม,โรคเยื่อบุตาอักเสบ,5-9,หญิง,639
นครพนม,โรคเยื่อบุตาอักเสบ,50-54,ชาย,1545
นครพนม,โรคเยื่อบุตาอักเสบ,50-54,หญิง,2389
นครพนม,โรคเยื่อบุตาอักเสบ,55-59,ชาย,1410
นครพนม,โรคเยื่อบุตาอักเสบ,55-59,หญิง,2538
นครพนม,โรคเยื่อบุตาอักเสบ,60-64,ชาย,1218
นครพนม,โรคเยื่อบุตาอักเสบ,60-64,หญิง,2107
นครพนม,โรคเยื่อบุตาอักเสบ,65-69,ชาย,1094
นครพนม,โรคเยื่อบุตาอักเสบ,65-69,หญิง,1700
นครพนม,โรคเยื่อบุตาอักเสบ,70-74,ชาย,851
นครพนม,โรคเยื่อบุตาอักเสบ,70-74,หญิง,1260
นครพนม,โรคเยื่อบุตาอักเสบ,75-79,ชาย,606
นครพนม,โรคเยื่อบุตาอักเสบ,75-79,หญิง,808
นครพนม,โรคเยื่อบุตาอักเสบ,80+,ชาย,467
นครพนม,โรคเยื่อบุตาอักเสบ,80+,หญิง,732
นครพนม,โรคเยื่อบุตาอักเสบ,ไม่ทราบ,ไม่ระบุ,333
นครราชสีมา,โรคติดเชื้อทางเดินหายใจส่วนบนเฉียบพลัน,0-4,ชาย,259755
นครราชสีมา,โรคติดเชื้อทางเดินหายใจส่วนบนเฉียบพลัน,0-4,หญิง,233726
นครราชสีมา,โรคติดเชื้อทางเดินหายใจส่วนบนเฉียบพลัน,0-4,ไม่ระบุ,15
นครราชสีมา,โรคติดเชื้อทางเดินหายใจส่วนบนเฉียบพลัน,10-14,ชาย,108716
นครราชสีมา,โรคติดเชื้อทางเดินหายใจส่วนบนเฉียบพลัน,10-14,หญิง,98927
นครราชสีมา,โรคติดเชื้อทางเดินหายใจส่วนบนเฉียบพลัน,10-14,ไม่ระบุ,3
นครราชสีมา,โรคติดเชื้อทางเดินหายใจส่วนบนเฉียบพลัน,15-19,ชาย,56236
นครราชสีมา,โรคติดเชื้อทางเดินหายใจส่วนบนเฉียบพลัน,15-19,หญิง,78305
นครราชสีมา,โรคติดเชื้อทางเดินหายใจส่วนบนเฉียบพลัน,15-19,ไม่ระบุ,4
นครราชสีมา,โรคติดเชื้อทางเดินหายใจส่วนบนเฉียบพลัน,20-24,ชาย,59603
นครราชสีมา,โรคติดเชื้อทางเดินหายใจส่วนบนเฉียบพลัน,20-24,หญิง,86418
นครราชสีมา,โรคติดเชื้อทางเดินหายใจส่วนบนเฉียบพลัน,20-24,ไม่ระบุ,1
นครราชสีมา,โรคติดเชื้อทางเดินหายใจส่วนบนเฉียบพลัน,25-29,ชาย,54378
นครราชสีมา,โรคติดเชื้อทางเดินหายใจส่วนบนเฉียบพลัน,25-29,หญิง,85243
นครราชสีมา,โรคติดเชื้อทางเดินหายใจส่วนบนเฉียบพลัน,25-29,ไม่ระบุ,1
นครราชสีมา,โรคติดเชื้อทางเดินหายใจส่วนบนเฉียบพลัน,30-34,ชาย,43402
นครราชสีมา,โรคติดเชื้อทางเดินหายใจส่วนบนเฉียบพลัน,30-34,หญิง,75517
นครราชสีมา,โรคติดเชื้อทางเดินหายใจส่วนบนเฉียบพลัน,30-34,ไม่ระบุ,1
นครราชสีมา,โรคติดเชื้อทางเดินหายใจส่วนบนเฉียบพลัน,35-39,ชาย,37155
นครราชสีมา,โรคติดเชื้อทางเดินหายใจส่วนบนเฉียบพลัน,35-39,หญิง,67604
นครราชสีมา,โรคติดเชื้อทางเดินหายใจส่วนบนเฉียบพลัน,35-39,ไม่ระบุ,2
นครราชสีมา,โรคติดเชื้อทางเดินหายใจส่วนบนเฉียบพลัน,40-44,ชาย,35921
นครราชสีมา,โรคติดเชื้อทางเดินหายใจส่วนบนเฉียบพลัน,40-44,หญิง,67162
นครราชสีมา,โรคติดเชื้อทางเดินหายใจส่วนบนเฉียบพลัน,40-44,ไม่ระบุ,2
นครราชสีมา,โรคติดเชื้อทางเดินหายใจส่วนบนเฉียบพลัน,45-49,ชาย,32772
นครราชสีมา,โรคติดเชื้อทางเดินหายใจส่วนบนเฉียบพลัน,45-49,หญิง,68929
นครราชสีมา,โรคติดเชื้อทางเดินหายใจส่วนบนเฉียบพลัน,45-49,ไม่ระบุ,1
นครราชสีมา,โรคติดเชื้อทางเดินหายใจส่วนบนเฉียบพลัน,5-9,ชาย,196136
นครราชสีมา,โรคติดเชื้อทางเดินหายใจส่วนบนเฉียบพลัน,5-9,หญิง,183975
นครราชสีมา,โรคติดเชื้อทางเดินหายใจส่วนบนเฉียบพลัน,5-9,ไม่ระบุ,20
นครราชสีมา,โรคติดเชื้อทางเดินหายใจส่วนบนเฉียบพลัน,50-54,ชาย,31212
นครราชสีมา,โรคติดเชื้อทางเดินหายใจส่วนบนเฉียบพลัน,50-54,หญิง,72749
นครราชสีมา,โรคติดเชื้อทางเดินหายใจส่วนบนเฉียบพลัน,50-54,ไม่ระบุ,1
นครราชสีมา,โรคติดเชื้อทางเดินหายใจส่วนบนเฉียบพลัน,55-59,ชาย,31607
นครราชสีมา,โรคติดเชื้อทางเดินหายใจส่วนบนเฉียบพลัน,55-59,หญิง,72009
นครราชสีมา,โรคติดเชื้อทางเดินหายใจส่วนบนเฉียบพลัน,60-64,ชาย,30463
นครราชสีมา,โรคติดเชื้อทางเดินหายใจส่วนบนเฉียบพลัน,60-64,หญิง,59350
นครราชสีมา,โรคติดเชื้อทางเดินหายใจส่วนบนเฉียบพลัน,65-69,ชาย,27933
นครราชสีมา,โรคติดเชื้อทางเดินหายใจส่วนบนเฉียบพลัน,65-69,หญิง,45068
นครราชสีมา,โรคติดเชื้อทางเดินหายใจส่วนบนเฉียบพลัน,70-74,ชาย,23371
นครราชสีมา,โรคติดเชื้อทางเดินหายใจส่วนบนเฉียบพลัน,70-74,หญิง,33787
นครราชสีมา,โรคติดเชื้อทางเดินหายใจส่วนบนเฉียบพลัน,70-74,ไม่ระบุ,1
นครราชสีมา,โรคติดเชื้อทางเดินหายใจส่วนบนเฉียบพลัน,75-79,ชาย,16647
นครราชสีมา,โรคติดเชื้อทางเดินหายใจส่วนบนเฉียบพลัน,75-79,หญิง,20885
นครราชสีมา,โรคติดเชื้อทางเดินหายใจส่วนบนเฉียบพลัน,75-79,ไม่ระบุ,1
นครราชสีมา,โรคติดเชื้อทางเดินหายใจส่วนบนเฉียบพลัน,80+,ชาย,16591
นครราชสีมา,โรคติดเชื้อทางเดินหายใจส่วนบนเฉียบพลัน,80+,หญิง,22740
นครราชสีมา,โรคติดเชื้อทางเดินหายใจส่วนบนเฉียบพลัน,80+,ไม่ระบุ,2
นครราชสีมา,โรคติดเชื้อทางเดินหายใจส่วนบนเฉียบพลัน,ไม่ทราบ,ชาย,76
นครราชสีมา,โรคติดเชื้อทางเดินหายใจส่วนบนเฉียบพลัน,ไม่ทราบ,หญิง,47
นครราชสีมา,โรคติดเชื้อทางเดินหายใจส่วนบนเฉียบพลัน,ไม่ทราบ,ไม่ระบุ,38934
นครราชสีมา,โรคปอดอุดกั้นเรื้อรัง,0-4,ชาย,149
นครราชสีมา,โรคปอดอุดกั้นเรื้อรัง,0-4,หญิง,82
นครราชสีมา,โรคปอดอุดกั้นเรื้อรัง,10-14,ชาย,14
นครราชสีมา,โรคปอดอุดกั้นเรื้อรัง,10-14,หญิง,7
นครราชสีมา,โรคปอดอุดกั้นเรื้อรัง,15-19,ชาย,8
นครราชสีมา,โรคปอดอุดกั้นเรื้อรัง,15-19,หญิง,2
นครราชสีมา,โรคปอดอุดกั้นเรื้อรัง,20-24,ชาย,17
นครราชสีมา,โรคปอดอุดกั้นเรื้อรัง,20-24,หญิง,6
นครราชสีมา,โรคปอดอุดกั้นเรื้อรัง,25-29,ชาย,61
นครราชสีมา,โรคปอดอุดกั้นเรื้อรัง,25-29,หญิง,34
นครราชสีมา,โรคปอดอุดกั้นเรื้อรัง,30-34,ชาย,218
นครราชสีมา,โรคปอดอุดกั้นเรื้อรัง,30-34,หญิง,59
นครราชสีมา,โรคปอดอุดกั้นเรื้อรัง,35-39,ชาย,445
นครราชสีมา,โรคปอดอุดกั้นเรื้อรัง,35-39,หญิง,75
นครราชสีมา,โรคปอดอุดกั้นเรื้อรัง,40-44,ชาย,1089
นครราชสีมา,โรคปอดอุดกั้นเรื้อรัง,40-44,หญิง,200
นครราชสีมา,โรคปอดอุดกั้นเรื้อรัง,45-49,ชาย,2334
นครราชสีมา,โรคปอดอุดกั้นเรื้อรัง,45-49,หญิง,409
นครราชสีมา,โรคปอดอุดกั้นเรื้อรัง,5-9,ชาย,61
นครราชสีมา,โรคปอดอุดกั้นเรื้อรัง,5-9,หญิง,29
นครราชสีมา,โรคปอดอุดกั้นเรื้อรัง,50-54,ชาย,4391
นครราชสีมา,โรคปอดอุดกั้นเรื้อรัง,50-54,หญิง,768
นครราชสีมา,โรคปอดอุดกั้นเรื้อรัง,55-59,ชาย,7881
นครราชสีมา,โรคปอดอุดกั้นเรื้อรัง,55-59,หญิง,1664
นครราชสีมา,โรคปอดอุดกั้นเรื้อรัง,60-64,ชาย,12264
นครราชสีมา,โรคปอดอุดกั้นเรื้อรัง,60-64,หญิง,2508
นครราชสีมา,โรคปอดอุดกั้นเรื้อรัง,65-69,ชาย,16285
นครราชสีมา,โรคปอดอุดกั้นเรื้อรัง,65-69,หญิง,3001
นครราชสีมา,โรคปอดอุดกั้นเรื้อรัง,70-74,ชาย,18445
นครราชสีมา,โรคปอดอุดกั้นเรื้อรัง,70-74,หญิง,3561
นครราชสีมา,โรคปอดอุดกั้นเรื้อรัง,75-79,ชาย,16004
นครราชสีมา,โรคปอดอุดกั้นเรื้อรัง,75-79,หญิง,3042
นครราชสีมา,โรคปอดอุดกั้นเรื้อรัง,80+,ชาย,22086
นครราชสีมา,โรคปอดอุดกั้นเรื้อรัง,80+,หญิง,5087
นครราชสีมา,โรคปอดอุดกั้นเรื้อรัง,ไม่ทราบ,ไม่ระบุ,828
นครราชสีมา,โรคผิวหนังอักเสบ,0-4,ชาย,4323
นครราชสีมา,โรคผิวหนังอักเสบ,0-4,หญิง,3823
นครราชสีมา,โรคผิวหนังอักเสบ,10-14,ชาย,2143
นครราชสีมา,โรคผิวหนังอักเสบ,10-14,หญิง,2066
นครราชสีมา,โรคผิวหนังอักเสบ,15-19,ชาย,1511
นครราชสีมา,โรคผิวหนังอักเสบ,15-19,หญิง,2357
นครราชสีมา,โรคผิวหนังอักเสบ,15-19,ไม่ระบุ,1
นครราชสีมา,โรคผิวหนังอักเสบ,20-24,ชาย,1699
นครราชสีมา,โรคผิวหนังอักเสบ,20-24,หญิง,2910
นครราชสีมา,โรคผิวหนังอักเสบ,25-29,ชาย,1988
นครราชสีมา,โรคผิวหนังอักเสบ,25-29,หญิง,2882
นครราชสีมา,โรคผิวหนังอักเสบ,30-34,ชาย,1740
นครราชสีมา,โรคผิวหนังอักเสบ,30-34,หญิง,2832
นครราชสีมา,โรคผิวหนังอักเสบ,35-39,ชาย,1732
นครราชสีมา,โรคผิวหนังอักเสบ,35-39,หญิง,2752
นครราชสีมา,โรคผิวหนังอักเสบ,40-44,ชาย,1986
นครราชสีมา,โรคผิวหนังอักเสบ,40-44,หญิง,3442
นครราชสีมา,โรคผิวหนังอักเสบ,45-49,ชาย,2215
นครราชสีมา,โรคผิวหนังอักเสบ,45-49,หญิง,4186
นครราชสีมา,โรคผิวหนังอักเสบ,5-9,ชาย,3009
นครราชสีมา,โรคผิวหนังอักเสบ,5-9,หญิง,2597
นครราชสีมา,โรคผิวหนังอักเสบ,5-9,ไม่ระบุ,1
นครราชสีมา,โรคผิวหนังอักเสบ,50-54,ชาย,2535
นครราชสีมา,โรคผิวหนังอักเสบ,50-54,หญิง,4485
นครราชสีมา,โรคผิวหนังอักเสบ,55-59,ชาย,2906
นครราชสีมา,โรคผิวหนังอักเสบ,55-59,หญิง,4408
นครราชสีมา,โรคผิวหนังอักเสบ,60-64,ชาย,3113
นครราชสีมา,โรคผิวหนังอักเสบ,60-64,หญิง,4244
นครราชสีมา,โรคผิวหนังอักเสบ,65-69,ชาย,3060
นครราชสีมา,โรคผิวหนังอักเสบ,65-69,หญิง,3406
นครราชสีมา,โรคผิวหนังอักเสบ,70-74,ชาย,2753
นครราชสีมา,โรคผิวหนังอักเสบ,70-74,หญิง,2466
นครราชสีมา,โรคผิวหนังอักเสบ,70-74,ไม่ระบุ,1
นครราชสีมา,โรคผิวหนังอักเสบ,75-79,ชาย,1927
นครราชสีมา,โรคผิวหนังอักเสบ,75-79,หญิง,1642
นครราชสีมา,โรคผิวหนังอักเสบ,80+,ชาย,1924
นครราชสีมา,โรคผิวหนังอักเสบ,80+,หญิง,2034
นครราชสีมา,โรคผิวหนังอักเสบ,ไม่ทราบ,ชาย,1
นครราชสีมา,โรคผิวหนังอักเสบ,ไม่ทราบ,หญิง,1
นครราชสีมา,โรคผิวหนังอักเสบ,ไม่ทราบ,ไม่ระบุ,2964
นครราชสีมา,โรคลมพิษ,0-4,ชาย,5131
นครราชสีมา,โรคลมพิษ,0-4,หญิง,4366
นครราชสีมา,โรคลมพิษ,10-14,ชาย,3030
นครราชสีมา,โรคลมพิษ,10-14,หญิง,2943
นครราชสีมา,โรคลมพิษ,15-19,ชาย,2013
นครราชสีมา,โรคลมพิษ,15-19,หญิง,3621
นครราชสีมา,โรคลมพิษ,15-19,ไม่ระบุ,1
นครราชสีมา,โรคลมพิษ,20-24,ชาย,1984
นครราชสีมา,โรคลมพิษ,20-24,หญิง,3785
นครราชสีมา,โรคลมพิษ,25-29,ชาย,1949
นครราชสีมา,โรคลมพิษ,25-29,หญิง,3669
นครราชสีมา,โรคลมพิษ,30-34,ชาย,1647
นครราชสีมา,โรคลมพิษ,30-34,หญิง,3420
นครราชสีมา,โรคลมพิษ,35-39,ชาย,1569
นครราชสีมา,โรคลมพิษ,35-39,หญิง,3395
นครราชสีมา,โรคลมพิษ,40-44,ชาย,1634
นครราชสีมา,โรคลมพิษ,40-44,หญิง,3660
นครราชสีมา,โรคลมพิษ,45-49,ชาย,1793
นครราชสีมา,โรคลมพิษ,45-49,หญิง,4102
นครราชสีมา,โรคลมพิษ,5-9,ชาย,4216
นครราชสีมา,โรคลมพิษ,5-9,หญิง,3374
นครราชสีมา,โรคลมพิษ,50-54,ชาย,1687
นครราชสีมา,โรคลมพิษ,50-54,หญิง,4276
นครราชสีมา,โรคลมพิษ,55-59,ชาย,1808
นครราชสีมา,โรคลมพิษ,55-59,หญิง,4043
นครราชสีมา,โรคลมพิษ,60-64,ชาย,1840
นครราชสีมา,โรคลมพิษ,60-64,หญิง,3087
นครราชสีมา,โรคลมพิษ,65-69,ชาย,1478
นครราชสีมา,โรคลมพิษ,65-69,หญิง,2289
นครราชสีมา,โรคลมพิษ,70-74,ชาย,1133
นครราชสีมา,โรคลมพิษ,70-74,หญิง,1737
นครราชสีมา,โรคลมพิษ,75-79,ชาย,814
นครราชสีมา,โรคลมพิษ,75-79,หญิง,995
นครราชสีมา,โรคลมพิษ,80+,ชาย,787
นครราชสีมา,โรคลมพิษ,80+,หญิง,1232
นครราชสีมา,โรคลมพิษ,ไม่ทราบ,ชาย,9
นครราชสีมา,โรคลมพิษ,ไม่ทราบ,หญิง,1
นครราชสีมา,โรคลมพิษ,ไม่ทราบ,ไม่ระบุ,1866
นครราชสีมา,โรคหอบหืด,0-4,ชาย,9007
นครราชสีมา,โรคหอบหืด,0-4,หญิง,4948
นครราชสีมา,โรคหอบหืด,0-4,ไม่ระบุ,1
นครราชสีมา,โรคหอบหืด,10-14,ชาย,7313
นครราชสีมา,โรคหอบหืด,10-14,หญิง,4010
นครราชสีมา,โรคหอบหืด,15-19,ชาย,1969
นครราชสีมา,โรคหอบหืด,15-19,หญิง,1593
นครราชสีมา,โรคหอบหืด,20-24,ชาย,1699
นครราชสีมา,โรคหอบหืด,20-24,หญิง,1663
นครราชสีมา,โรคหอบหืด,25-29,ชาย,1711
นครราชสีมา,โรคหอบหืด,25-29,หญิง,2266
นครราชสีมา,โรคหอบหืด,30-34,ชาย,1972
นครราชสีมา,โรคหอบหืด,30-34,หญิง,3106
นครราชสีมา,โรคหอบหืด,35-39,ชาย,2299
นครราชสีมา,โรคหอบหืด,35-39,หญิง,4443
นครราชสีมา,โรคหอบหืด,40-44,ชาย,3328
นครราชสีมา,โรคหอบหืด,40-44,หญิง,6886
นครราชสีมา,โรคหอบหืด,45-49,ชาย,4155
นครราชสีมา,โรคหอบหืด,45-49,หญิง,8994
นครราชสีมา,โรคหอบหืด,5-9,ชาย,15317
นครราชสีมา,โรคหอบหืด,5-9,หญิง,8325
นครราชสีมา,โรคหอบหืด,50-54,ชาย,4882
นครราชสีมา,โรคหอบหืด,50-54,หญิง,11321
นครราชสีมา,โรคหอบหืด,50-54,ไม่ระบุ,5
นครราชสีมา,โรคหอบหืด,55-59,ชาย,5225
นครราชสีมา,โรคหอบหืด,55-59,หญิง,13318
นครราชสีมา,โรคหอบหืด,60-64,ชาย,5207
นครราชสีมา,โรคหอบหืด,60-64,หญิง,12078
นครราชสีมา,โรคหอบหืด,65-69,ชาย,3938
นครราชสีมา,โรคหอบหืด,65-69,หญิง,10742
นครราชสีมา,โรคหอบหืด,70-74,ชาย,3248
นครราชสีมา,โรคหอบหืด,70-74,หญิง,8136
นครราชสีมา,โรคหอบหืด,75-79,ชาย,2007
นครราชสีมา,โรคหอบหืด,75-79,หญิง,4955
นครราชสีมา,โรคหอบหืด,80+,ชาย,1669
นครราชสีมา,โรคหอบหืด,80+,หญิง,4581
นครราชสีมา,โรคหอบหืด,ไม่ทราบ,ไม่ระบุ,1963
นครราชสีมา,โรคเยื่อจมูกอักเสบจากภูมิแพ้,0-4,ชาย,3675
นครราชสีมา,โรคเยื่อจมูกอักเสบจากภูมิแพ้,0-4,หญิง,3021
นครราชสีมา,โรคเยื่อจมูกอักเสบจากภูมิแพ้,10-14,ชาย,5219
นครราชสีมา,โรคเยื่อจมูกอักเสบจากภูมิแพ้,10-14,หญิง,3188
นครราชสีมา,โรคเยื่อจมูกอักเสบจากภูมิแพ้,15-19,ชาย,1601
นครราชสีมา,โรคเยื่อจมูกอักเสบจากภูมิแพ้,15-19,หญิง,2069
นครราชสีมา,โรคเยื่อจมูกอักเสบจากภูมิแพ้,20-24,ชาย,1399
นครราชสีมา,โรคเยื่อจมูกอักเสบจากภูมิแพ้,20-24,หญิง,2364
นครราชสีมา,โรคเยื่อจมูกอักเสบจากภูมิแพ้,25-29,ชาย,1712
นครราชสีมา,โรคเยื่อจมูกอักเสบจากภูมิแพ้,25-29,หญิง,3222
นครราชสีมา,โรคเยื่อจมูกอักเสบจากภูมิแพ้,30-34,ชาย,1600
นครราชสีมา,โรคเยื่อจมูกอักเสบจากภูมิแพ้,30-34,หญิง,3574
นครราชสีมา,โรคเยื่อจมูกอักเสบจากภูมิแพ้,35-39,ชาย,1523
นครราชสีมา,โรคเยื่อจมูกอักเสบจากภูมิแพ้,35-39,หญิง,3796
นครราชสีมา,โรคเยื่อจมูกอักเสบจากภูมิแพ้,40-44,ชาย,1413
นครราชสีมา,โรคเยื่อจมูกอักเสบจากภูมิแพ้,40-44,หญิง,3584
นครราชสีมา,โรคเยื่อจมูกอักเสบจากภูมิแพ้,45-49,ชาย,1453
นครราชสีมา,โรคเยื่อจมูกอักเสบจากภูมิแพ้,45-49,หญิง,3673
นครราชสีมา,โรคเยื่อจมูกอักเสบจากภูมิแพ้,5-9,ชาย,8123
นครราชสีมา,โรคเยื่อจมูกอักเสบจากภูมิแพ้,5-9,หญิง,5416
นครราชสีมา,โรคเยื่อจมูกอักเสบจากภูมิแพ้,50-54,ชาย,1423
นครราชสีมา,โรคเยื่อจมูกอักเสบจากภูมิแพ้,50-54,หญิง,3445
นครราชสีมา,โรคเยื่อจมูกอักเสบจากภูมิแพ้,55-59,ชาย,1704
นครราชสีมา,โรคเยื่อจมูกอักเสบจากภูมิแพ้,55-59,หญิง,3526
นครราชสีมา,โรคเยื่อจมูกอักเสบจากภูมิแพ้,60-64,ชาย,1753
นครราชสีมา,โรคเยื่อจมูกอักเสบจากภูมิแพ้,60-64,หญิง,2870
นครราชสีมา,โรคเยื่อจมูกอักเสบจากภูมิแพ้,65-69,ชาย,1625
นครราชสีมา,โรคเยื่อจมูกอักเสบจากภูมิแพ้,65-69,หญิง,2198
นครราชสีมา,โรคเยื่อจมูกอักเสบจากภูมิแพ้,70-74,ชาย,1154
นครราชสีมา,โรคเยื่อจมูกอักเสบจากภูมิแพ้,70-74,หญิง,1300
นครราชสีมา,โรคเยื่อจมูกอักเสบจากภูมิแพ้,75-79,ชาย,726
นครราชสีมา,โรคเยื่อจมูกอักเสบจากภูมิแพ้,75-79,หญิง,805
นครราชสีมา,โรคเยื่อจมูกอักเสบจากภูมิแพ้,80+,ชาย,571
นครราชสีมา,โรคเยื่อจมูกอักเสบจากภูมิแพ้,80+,หญิง,544
นครราชสีมา,โรคเยื่อจมูกอักเสบจากภูมิแพ้,ไม่ทราบ,ไม่ระบุ,2188
นครราชสีมา,โรคเยื่อบุตาอักเสบ,0-4,ชาย,5282
นครราชสีมา,โรคเยื่อบุตาอักเสบ,0-4,หญิง,4313
นครราชสีมา,โรคเยื่อบุตาอักเสบ,10-14,ชาย,4254
นครราชสีมา,โรคเยื่อบุตาอักเสบ,10-14,หญิง,3945
นครราชสีมา,โรคเยื่อบุตาอักเสบ,15-19,ชาย,3911
นครราชสีมา,โรคเยื่อบุตาอักเสบ,15-19,หญิง,5092
นครราชสีมา,โรคเยื่อบุตาอักเสบ,20-24,ชาย,4450
นครราชสีมา,โรคเยื่อบุตาอักเสบ,20-24,หญิง,4655
นครราชสีมา,โรคเยื่อบุตาอักเสบ,25-29,ชาย,4574
นครราชสีมา,โรคเยื่อบุตาอักเสบ,25-29,หญิง,5028
นครราชสีมา,โรคเยื่อบุตาอักเสบ,30-34,ชาย,4343
นครราชสีมา,โรคเยื่อบุตาอักเสบ,30-34,หญิง,4769
นครราชสีมา,โรคเยื่อบุตาอักเสบ,35-39,ชาย,4345
นครราชสีมา,โรคเยื่อบุตาอักเสบ,35-39,หญิง,4843
นครราชสีมา,โรคเยื่อบุตาอักเสบ,40-44,ชาย,4987
นครราชสีมา,โรคเยื่อบุตาอักเสบ,40-44,หญิง,5635
นครราชสีมา,โรคเยื่อบุตาอักเสบ,45-49,ชาย,5422
นครราชสีมา,โรคเยื่อบุตาอักเสบ,45-49,หญิง,6896
นครราชสีมา,โรคเยื่อบุตาอักเสบ,5-9,ชาย,5592
นครราชสีมา,โรคเยื่อบุตาอักเสบ,5-9,หญิง,3941
นครราชสีมา,โรคเยื่อบุตาอักเสบ,50-54,ชาย,5743
นครราชสีมา,โรคเยื่อบุตาอักเสบ,50-54,หญิง,8702
นครราชสีมา,โรคเยื่อบุตาอักเสบ,55-59,ชาย,5863
นครราชสีมา,โรคเยื่อบุตาอักเสบ,55-59,หญิง,9760
นครราชสีมา,โรคเยื่อบุตาอักเสบ,60-64,ชาย,5334
นครราชสีมา,โรคเยื่อบุตาอักเสบ,60-64,หญิง,8769
นครราชสีมา,โรคเยื่อบุตาอักเสบ,65-69,ชาย,4937
นครราชสีมา,โรคเยื่อบุตาอักเสบ,65-69,หญิง,7211
นครราชสีมา,โรคเยื่อบุตาอักเสบ,70-74,ชาย,4057
นครราชสีมา,โรคเยื่อบุตาอักเสบ,70-74,หญิง,5325
นครราชสีมา,โรคเยื่อบุตาอักเสบ,75-79,ชาย,2654
นครราชสีมา,โรคเยื่อบุตาอักเสบ,75-79,หญิง,3425
นครราชสีมา,โรคเยื่อบุตาอักเสบ,80+,ชาย,2962
นครราชสีมา,โรคเยื่อบุตาอักเสบ,80+,หญิง,3964
นครราชสีมา,โรคเยื่อบุตาอักเสบ,ไม่ทราบ,ชาย,8
นครราชสีมา,โรคเยื่อบุตาอักเสบ,ไม่ทราบ,หญิง,2
นครราชสีมา,โรคเยื่อบุตาอักเสบ,ไม่ทราบ,ไม่ระบุ,2389
นครศรีธรรมราช,โรคติดเชื้อทางเดินหายใจส่วนบนเฉียบพลัน,0-4,ชาย,112162
นครศรีธรรมราช,โรคติดเชื้อทางเดินหายใจส่วนบนเฉียบพลัน,0-4,หญิง,101660
นครศรีธรรมราช,โรคติดเชื้อทางเดินหายใจส่วนบนเฉียบพลัน,10-14,ชาย,53964
นครศรีธรรมราช,โรคติดเชื้อทางเดินหายใจส่วนบนเฉียบพลัน,10-14,หญิง,49386
นครศรีธรรมราช,โรคติดเชื้อทางเดินหายใจส่วนบนเฉียบพลัน,15-19,ชาย,24841
นครศรีธรรมราช,โรคติดเชื้อทางเดินหายใจส่วนบนเฉียบพลัน,15-19,หญิง,32399
นครศรีธรรมราช,โรคติดเชื้อทางเดินหายใจส่วนบนเฉียบพลัน,20-24,ชาย,19492
นครศรีธรรมราช,โรคติดเชื้อทางเดินหายใจส่วนบนเฉียบพลัน,20-24,หญิง,26918
นครศรีธรรมราช,โรคติดเชื้อทางเดินหายใจส่วนบนเฉียบพลัน,25-29,ชาย,15510
นครศรีธรรมราช,โรคติดเชื้อทางเดินหายใจส่วนบนเฉียบพลัน,25-29,หญิง,33614
นครศรีธรรมราช,โรคติดเชื้อทางเดินหายใจส่วนบนเฉียบพลัน,30-34,ชาย,14310
นครศรีธรรมราช,โรคติดเชื้อทางเดินหายใจส่วนบนเฉียบพลัน,30-34,หญิง,34570
นครศรีธรรมราช,โรคติดเชื้อทางเดินหายใจส่วนบนเฉียบพลัน,30-34,ไม่ระบุ,1
นครศรีธรรมราช,โรคติดเชื้อทางเดินหายใจส่วนบนเฉียบพลัน,35-39,ชาย,14374
นครศรีธรรมราช,โรคติดเชื้อทางเดินหายใจส่วนบนเฉียบพลัน,35-39,หญิง,33395
นครศรีธรรมราช,โรคติดเชื้อทางเดินหายใจส่วนบนเฉียบพลัน,40-44,ชาย,14417
นครศรีธรรมราช,โรคติดเชื้อทางเดินหายใจส่วนบนเฉียบพลัน,40-44,หญิง,33742
นครศรีธรรมราช,โรคติดเชื้อทางเดินหายใจส่วนบนเฉียบพลัน,45-49,ชาย,14188
นครศรีธรรมราช,โรคติดเชื้อทางเดินหายใจส่วนบนเฉียบพลัน,45-49,หญิง,35592
นครศรีธรรมราช,โรคติดเชื้อทางเดินหายใจส่วนบนเฉียบพลัน,5-9,ชาย,90524
นครศรีธรรมราช,โรคติดเชื้อทางเดินหายใจส่วนบนเฉียบพลัน,5-9,หญิง,84480
นครศรีธรรมราช,โรคติดเชื้อทางเดินหายใจส่วนบนเฉียบพลัน,50-54,ชาย,14679
นครศรีธรรมราช,โรคติดเชื้อทางเดินหายใจส่วนบนเฉียบพลัน,50-54,หญิง,37452
นครศรีธรรมราช,โรคติดเชื้อทางเดินหายใจส่วนบนเฉียบพลัน,55-59,ชาย,15888
นครศรีธรรมราช,โรคติดเชื้อทางเดินหายใจส่วนบนเฉียบพลัน,55-59,หญิง,36935
นครศรีธรรมราช,โรคติดเชื้อทางเดินหายใจส่วนบนเฉียบพลัน,60-64,ชาย,16487
นครศรีธรรมราช,โรคติดเชื้อทางเดินหายใจส่วนบนเฉียบพลัน,60-64,หญิง,31915
นครศรีธรรมราช,โรคติดเชื้อทางเดินหายใจส่วนบนเฉียบพลัน,65-69,ชาย,14936
นครศรีธรรมราช,โรคติดเชื้อทางเดินหายใจส่วนบนเฉียบพลัน,65-69,หญิง,24526
นครศรีธรรมราช,โรคติดเชื้อทางเดินหายใจส่วนบนเฉียบพลัน,70-74,ชาย,13289
นครศรีธรรมราช,โรคติดเชื้อทางเดินหายใจส่วนบนเฉียบพลัน,70-74,หญิง,19473
นครศรีธรรมราช,โรคติดเชื้อทางเดินหายใจส่วนบนเฉียบพลัน,75-79,ชาย,9734
นครศรีธรรมราช,โรคติดเชื้อทางเดินหายใจส่วนบนเฉียบพลัน,75-79,หญิง,13228
นครศรีธรรมราช,โรคติดเชื้อทางเดินหายใจส่วนบนเฉียบพลัน,80+,ชาย,11303
นครศรีธรรมราช,โรคติดเชื้อทางเดินหายใจส่วนบนเฉียบพลัน,80+,หญิง,17251
นครศรีธรรมราช,โรคติดเชื้อทางเดินหายใจส่วนบนเฉียบพลัน,ไม่ทราบ,ชาย,118
นครศรีธรรมราช,โรคติดเชื้อทางเดินหายใจส่วนบนเฉียบพลัน,ไม่ทราบ,หญิง,72
นครศรีธรรมราช,โรคติดเชื้อทางเดินหายใจส่วนบนเฉียบพลัน,ไม่ทราบ,ไม่ระบุ,8041
นครศรีธรรมราช,โรคปอดอุดกั้นเรื้อรัง,0-4,ชาย,444
นครศรีธรรมราช,โรคปอดอุดกั้นเรื้อรัง,0-4,หญิง,250
นครศรีธรรมราช,โรคปอดอุดกั้นเรื้อรัง,10-14,ชาย,9
นครศรีธรรมราช,โรคปอดอุดกั้นเรื้อรัง,10-14,หญิง,1
นครศรีธรรมราช,โรคปอดอุดกั้นเรื้อรัง,15-19,ชาย,12
นครศรีธรรมราช,โรคปอดอุดกั้นเรื้อรัง,15-19,หญิง,4
นครศรีธรรมราช,โรคปอดอุดกั้นเรื้อรัง,20-24,ชาย,45
นครศรีธรรมราช,โรคปอดอุดกั้นเรื้อรัง,20-24,หญิง,12
นครศรีธรรมราช,โรคปอดอุดกั้นเรื้อรัง,25-29,ชาย,119
นครศรีธรรมราช,โรคปอดอุดกั้นเรื้อรัง,25-29,หญิง,27
นครศรีธรรมราช,โรคปอดอุดกั้นเรื้อรัง,30-34,ชาย,233
นครศรีธรรมราช,โรคปอดอุดกั้นเรื้อรัง,30-34,หญิง,34
นครศรีธรรมราช,โรคปอดอุดกั้นเรื้อรัง,35-39,ชาย,486
นครศรีธรรมราช,โรคปอดอุดกั้นเรื้อรัง,35-39,หญิง,82
นครศรีธรรมราช,โรคปอดอุดกั้นเรื้อรัง,40-44,ชาย,1573
นครศรีธรรมราช,โรคปอดอุดกั้นเรื้อรัง,40-44,หญิง,159
นครศรีธรรมราช,โรคปอดอุดกั้นเรื้อรัง,45-49,ชาย,2839
นครศรีธรรมราช,โรคปอดอุดกั้นเรื้อรัง,45-49,หญิง,440
นครศรีธรรมราช,โรคปอดอุดกั้นเรื้อรัง,5-9,ชาย,75
นครศรีธรรมราช,โรคปอดอุดกั้นเรื้อรัง,5-9,หญิง,43
นครศรีธรรมราช,โรคปอดอุดกั้นเรื้อรัง,50-54,ชาย,5816
นครศรีธรรมราช,โรคปอดอุดกั้นเรื้อรัง,50-54,หญิง,808
นครศรีธรรมราช,โรคปอดอุดกั้นเรื้อรัง,55-59,ชาย,9837
นครศรีธรรมราช,โรคปอดอุดกั้นเรื้อรัง,55-59,หญิง,1303
นครศรีธรรมราช,โรคปอดอุดกั้นเรื้อรัง,60-64,ชาย,16045
นครศรีธรรมราช,โรคปอดอุดกั้นเรื้อรัง,60-64,หญิง,2259
นครศรีธรรมราช,โรคปอดอุดกั้นเรื้อรัง,65-69,ชาย,17711
นครศรีธรรมราช,โรคปอดอุดกั้นเรื้อรัง,65-69,หญิง,2698
นครศรีธรรมราช,โรคปอดอุดกั้นเรื้อรัง,70-74,ชาย,18699
นครศรีธรรมราช,โรคปอดอุดกั้นเรื้อรัง,70-74,หญิง,3052
นครศรีธรรมราช,โรคปอดอุดกั้นเรื้อรัง,75-79,ชาย,16349
นครศรีธรรมราช,โรคปอดอุดกั้นเรื้อรัง,75-79,หญิง,3075
นครศรีธรรมราช,โรคปอดอุดกั้นเรื้อรัง,80+,ชาย,22474
นครศรีธรรมราช,โรคปอดอุดกั้นเรื้อรัง,80+,หญิง,6792
นครศรีธรรมราช,โรคปอดอุดกั้นเรื้อรัง,ไม่ทราบ,ไม่ระบุ,197
นครศรีธรรมราช,โรคผิวหนังอักเสบ,0-4,ชาย,2469
นครศรีธรรมราช,โรคผิวหนังอักเสบ,0-4,หญิง,2356
นครศรีธรรมราช,โรคผิวหนังอักเสบ,10-14,ชาย,1859
นครศรีธรรมราช,โรคผิวหนังอักเสบ,10-14,หญิง,1722
นครศรีธรรมราช,โรคผิวหนังอักเสบ,15-19,ชาย,1176
นครศรีธรรมราช,โรคผิวหนังอักเสบ,15-19,หญิง,1741
นครศรีธรรมราช,โรคผิวหนังอักเสบ,20-24,ชาย,1132
นครศรีธรรมราช,โรคผิวหนังอักเสบ,20-24,หญิง,1314
นครศรีธรรมราช,โรคผิวหนังอักเสบ,25-29,ชาย,949
นครศรีธรรมราช,โรคผิวหนังอักเสบ,25-29,หญิง,1653
นครศรีธรรมราช,โรคผิวหนังอักเสบ,30-34,ชาย,1048
นครศรีธรรมราช,โรคผิวหนังอักเสบ,30-34,หญิง,1748
นครศรีธรรมราช,โรคผิวหนังอักเสบ,35-39,ชาย,1084
นครศรีธรรมราช,โรคผิวหนังอักเสบ,35-39,หญิง,1846
นครศรีธรรมราช,โรคผิวหนังอักเสบ,40-44,ชาย,1344
นครศรีธรรมราช,โรคผิวหนังอักเสบ,40-44,หญิง,2316
นครศรีธรรมราช,โรคผิวหนังอักเสบ,45-49,ชาย,1350
นครศรีธรรมราช,โรคผิวหนังอักเสบ,45-49,หญิง,2905
นครศรีธรรมราช,โรคผิวหนังอักเสบ,5-9,ชาย,2504
นครศรีธรรมราช,โรคผิวหนังอักเสบ,5-9,หญิง,2037
นครศรีธรรมราช,โรคผิวหนังอักเสบ,50-54,ชาย,1599
นครศรีธรรมราช,โรคผิวหนังอักเสบ,50-54,หญิง,3298
นครศรีธรรมราช,โรคผิวหนังอักเสบ,55-59,ชาย,1806
นครศรีธรรมราช,โรคผิวหนังอักเสบ,55-59,หญิง,3307
นครศรีธรรมราช,โรคผิวหนังอักเสบ,60-64,ชาย,1922
นครศรีธรรมราช,โรคผิวหนังอักเสบ,60-64,หญิง,3003
นครศรีธรรมราช,โรคผิวหนังอักเสบ,65-69,ชาย,1746
นครศรีธรรมราช,โรคผิวหนังอักเสบ,65-69,หญิง,2176
นครศรีธรรมราช,โรคผิวหนังอักเสบ,70-74,ชาย,1463
นครศรีธรรมราช,โรคผิวหนังอักเสบ,70-74,หญิง,1705
นครศรีธรรมราช,โรคผิวหนังอักเสบ,75-79,ชาย,1062
นครศรีธรรมราช,โรคผิวหนังอักเสบ,75-79,หญิง,1203
นครศรีธรรมราช,โรคผิวหนังอักเสบ,80+,ชาย,1264
นครศรีธรรมราช,โรคผิวหนังอักเสบ,80+,หญิง,1587
นครศรีธรรมราช,โรคผิวหนังอักเสบ,ไม่ทราบ,ชาย,1
นครศรีธรรมราช,โรคผิวหนังอักเสบ,ไม่ทราบ,หญิง,2
นครศรีธรรมราช,โรคผิวหนังอักเสบ,ไม่ทราบ,ไม่ระบุ,351
นครศรีธรรมราช,โรคลมพิษ,0-4,ชาย,2454
นครศรีธรรมราช,โรคลมพิษ,0-4,หญิง,2145
นครศรีธรรมราช,โรคลมพิษ,10-14,ชาย,2397
นครศรีธรรมราช,โรคลมพิษ,10-14,หญิง,2281
นครศรีธรรมราช,โรคลมพิษ,15-19,ชาย,1576
นครศรีธรรมราช,โรคลมพิษ,15-19,หญิง,2432
นครศรีธรรมราช,โรคลมพิษ,20-24,ชาย,961
นครศรีธรรมราช,โรคลมพิษ,20-24,หญิง,1895
นครศรีธรรมราช,โรคลมพิษ,25-29,ชาย,772
นครศรีธรรมราช,โรคลมพิษ,25-29,หญิง,1984
นครศรีธรรมราช,โรคลมพิษ,30-34,ชาย,664
นครศรีธรรมราช,โรคลมพิษ,30-34,หญิง,1944
นครศรีธรรมราช,โรคลมพิษ,35-39,ชาย,697
นครศรีธรรมราช,โรคลมพิษ,35-39,หญิง,1843
นครศรีธรรมราช,โรคลมพิษ,40-44,ชาย,645
นครศรีธรรมราช,โรคลมพิษ,40-44,หญิง,1893
นครศรีธรรมราช,โรคลมพิษ,45-49,ชาย,624
นครศรีธรรมราช,โรคลมพิษ,45-49,หญิง,1862
นครศรีธรรมราช,โรคลมพิษ,5-9,ชาย,2927
นครศรีธรรมราช,โรคลมพิษ,5-9,หญิง,2350
นครศรีธรรมราช,โรคลมพิษ,50-54,ชาย,705
นครศรีธรรมราช,โรคลมพิษ,50-54,หญิง,1728
นครศรีธรรมราช,โรคลมพิษ,55-59,ชาย,698
นครศรีธรรมราช,โรคลมพิษ,55-59,หญิง,1572
นครศรีธรรมราช,โรคลมพิษ,60-64,ชาย,584
นครศรีธรรมราช,โรคลมพิษ,60-64,หญิง,1097
นครศรีธรรมราช,โรคลมพิษ,65-69,ชาย,438
นครศรีธรรมราช,โรคลมพิษ,65-69,หญิง,872
นครศรีธรรมราช,โรคลมพิษ,70-74,ชาย,311
นครศรีธรรมราช,โรคลมพิษ,70-74,หญิง,552
นครศรีธรรมราช,โรคลมพิษ,75-79,ชาย,203
นครศรีธรรมราช,โรคลมพิษ,75-79,หญิง,339
นครศรีธรรมราช,โรคลมพิษ,80+,ชาย,206
นครศรีธรรมราช,โรคลมพิษ,80+,หญิง,365
นครศรีธรรมราช,โรคลมพิษ,ไม่ทราบ,ชาย,1
นครศรีธรรมราช,โรคลมพิษ,ไม่ทราบ,ไม่ระบุ,226
นครศรีธรรมราช,โรคหอบหืด,0-4,ชาย,9987
นครศรีธรรมราช,โรคหอบหืด,0-4,หญิง,6238
นครศรีธรรมราช,โรคหอบหืด,10-14,ชาย,5764
นครศรีธรรมราช,โรคหอบหืด,10-14,หญิง,3522
นครศรีธรรมราช,โรคหอบหืด,15-19,ชาย,1408
นครศรีธรรมราช,โรคหอบหืด,15-19,หญิง,1522
นครศรีธรรมราช,โรคหอบหืด,20-24,ชาย,1161
นครศรีธรรมราช,โรคหอบหืด,20-24,หญิง,1112
นครศรีธรรมราช,โรคหอบหืด,25-29,ชาย,1050
นครศรีธรรมราช,โรคหอบหืด,25-29,หญิง,1864
นครศรีธรรมราช,โรคหอบหืด,30-34,ชาย,1173
นครศรีธรรมราช,โรคหอบหืด,30-34,หญิง,2752
นครศรีธรรมราช,โรคหอบหืด,35-39,ชาย,1536
นครศรีธรรมราช,โรคหอบหืด,35-39,หญิง,3473
นครศรีธรรมราช,โรคหอบหืด,40-44,ชาย,2006
นครศรีธรรมราช,โรคหอบหืด,40-44,หญิง,4832
นครศรีธรรมราช,โรคหอบหืด,45-49,ชาย,2175
นครศรีธรรมราช,โรคหอบหืด,45-49,หญิง,6264
นครศรีธรรมราช,โรคหอบหืด,5-9,ชาย,12768
นครศรีธรรมราช,โรคหอบหืด,5-9,หญิง,7920
นครศรีธรรมราช,โรคหอบหืด,50-54,ชาย,2547
นครศรีธรรมราช,โรคหอบหืด,50-54,หญิง,7700
นครศรีธรรมราช,โรคหอบหืด,55-59,ชาย,2571
นครศรีธรรมราช,โรคหอบหืด,55-59,หญิง,8794
นครศรีธรรมราช,โรคหอบหืด,60-64,ชาย,2767
นครศรีธรรมราช,โรคหอบหืด,60-64,หญิง,8815
นครศรีธรรมราช,โรคหอบหืด,65-69,ชาย,2131
นครศรีธรรมราช,โรคหอบหืด,65-69,หญิง,7781
นครศรีธรรมราช,โรคหอบหืด,70-74,ชาย,1604
นครศรีธรรมราช,โรคหอบหืด,70-74,หญิง,6075
นครศรีธรรมราช,โรคหอบหืด,75-79,ชาย,1175
นครศรีธรรมราช,โรคหอบหืด,75-79,หญิง,4443
นครศรีธรรมราช,โรคหอบหืด,80+,ชาย,1300
นครศรีธรรมราช,โรคหอบหืด,80+,หญิง,5416
นครศรีธรรมราช,โรคหอบหืด,80+,ไม่ระบุ,1
นครศรีธรรมราช,โรคหอบหืด,ไม่ทราบ,ชาย,1
นครศรีธรรมราช,โรคหอบหืด,ไม่ทราบ,ไม่ระบุ,271
นครศรีธรรมราช,โรคเยื่อจมูกอักเสบจากภูมิแพ้,0-4,ชาย,2080
นครศรีธรรมราช,โรคเยื่อจมูกอักเสบจากภูมิแพ้,0-4,หญิง,1771
นครศรีธรรมราช,โรคเยื่อจมูกอักเสบจากภูมิแพ้,10-14,ชาย,2776
นครศรีธรรมราช,โรคเยื่อจมูกอักเสบจากภูมิแพ้,10-14,หญิง,1914
นครศรีธรรมราช,โรคเยื่อจมูกอักเสบจากภูมิแพ้,15-19,ชาย,915
นครศรีธรรมราช,โรคเยื่อจมูกอักเสบจากภูมิแพ้,15-19,หญิง,1215
นครศรีธรรมราช,โรคเยื่อจมูกอักเสบจากภูมิแพ้,20-24,ชาย,586
นครศรีธรรมราช,โรคเยื่อจมูกอักเสบจากภูมิแพ้,20-24,หญิง,1042
นครศรีธรรมราช,โรคเยื่อจมูกอักเสบจากภูมิแพ้,25-29,ชาย,632
นครศรีธรรมราช,โรคเยื่อจมูกอักเสบจากภูมิแพ้,25-29,หญิง,1675
นครศรีธรรมราช,โรคเยื่อจมูกอักเสบจากภูมิแพ้,30-34,ชาย,625
นครศรีธรรมราช,โรคเยื่อจมูกอักเสบจากภูมิแพ้,30-34,หญิง,1976
นครศรีธรรมราช,โรคเยื่อจมูกอักเสบจากภูมิแพ้,35-39,ชาย,705
นครศรีธรรมราช,โรคเยื่อจมูกอักเสบจากภูมิแพ้,35-39,หญิง,1977
นครศรีธรรมราช,โรคเยื่อจมูกอักเสบจากภูมิแพ้,40-44,ชาย,677
นครศรีธรรมราช,โรคเยื่อจมูกอักเสบจากภูมิแพ้,40-44,หญิง,1949
นครศรีธรรมราช,โรคเยื่อจมูกอักเสบจากภูมิแพ้,45-49,ชาย,772
นครศรีธรรมราช,โรคเยื่อจมูกอักเสบจากภูมิแพ้,45-49,หญิง,2353
นครศรีธรรมราช,โรคเยื่อจมูกอักเสบจากภูมิแพ้,5-9,ชาย,4364
นครศรีธรรมราช,โรคเยื่อจมูกอักเสบจากภูมิแพ้,5-9,หญิง,3140
นครศรีธรรมราช,โรคเยื่อจมูกอักเสบจากภูมิแพ้,50-54,ชาย,757
นครศรีธรรมราช,โรคเยื่อจมูกอักเสบจากภูมิแพ้,50-54,หญิง,2236
นครศรีธรรมราช,โรคเยื่อจมูกอักเสบจากภูมิแพ้,55-59,ชาย,1035
นครศรีธรรมราช,โรคเยื่อจมูกอักเสบจากภูมิแพ้,55-59,หญิง,2228
นครศรีธรรมราช,โรคเยื่อจมูกอักเสบจากภูมิแพ้,60-64,ชาย,1263
นครศรีธรรมราช,โรคเยื่อจมูกอักเสบจากภูมิแพ้,60-64,หญิง,2088
นครศรีธรรมราช,โรคเยื่อจมูกอักเสบจากภูมิแพ้,65-69,ชาย,1165
นครศรีธรรมราช,โรคเยื่อจมูกอักเสบจากภูมิแพ้,65-69,หญิง,1477
นครศรีธรรมราช,โรคเยื่อจมูกอักเสบจากภูมิแพ้,70-74,ชาย,898
นครศรีธรรมราช,โรคเยื่อจมูกอักเสบจากภูมิแพ้,70-74,หญิง,1203
นครศรีธรรมราช,โรคเยื่อจมูกอักเสบจากภูมิแพ้,75-79,ชาย,594
นครศรีธรรมราช,โรคเยื่อจมูกอักเสบจากภูมิแพ้,75-79,หญิง,671
นครศรีธรรมราช,โรคเยื่อจมูกอักเสบจากภูมิแพ้,80+,ชาย,569
นครศรีธรรมราช,โรคเยื่อจมูกอักเสบจากภูมิแพ้,80+,หญิง,626
นครศรีธรรมราช,โรคเยื่อจมูกอักเสบจากภูมิแพ้,ไม่ทราบ,ไม่ระบุ,145
นครศรีธรรมราช,โรคเยื่อบุตาอักเสบ,0-4,ชาย,2609
นครศรีธรรมราช,โรคเยื่อบุตาอักเสบ,0-4,หญิง,2310
นครศรีธรรมราช,โรคเยื่อบุตาอักเสบ,10-14,ชาย,3272
นครศรีธรรมราช,โรคเยื่อบุตาอักเสบ,10-14,หญิง,2629
นครศรีธรรมราช,โรคเยื่อบุตาอักเสบ,15-19,ชาย,2075
นครศรีธรรมราช,โรคเยื่อบุตาอักเสบ,15-19,หญิง,2351
นครศรีธรรมราช,โรคเยื่อบุตาอักเสบ,20-24,ชาย,1821
นครศรีธรรมราช,โรคเยื่อบุตาอักเสบ,20-24,หญิง,1731
นครศรีธรรมราช,โรคเยื่อบุตาอักเสบ,25-29,ชาย,1972
นครศรีธรรมราช,โรคเยื่อบุตาอักเสบ,25-29,หญิง,2273
นครศรีธรรมราช,โรคเยื่อบุตาอักเสบ,30-34,ชาย,1998
นครศรีธรรมราช,โรคเยื่อบุตาอักเสบ,30-34,หญิง,2501
นครศรีธรรมราช,โรคเยื่อบุตาอักเสบ,35-39,ชาย,2209
นครศรีธรรมราช,โรคเยื่อบุตาอักเสบ,35-39,หญิง,2634
นครศรีธรรมราช,โรคเยื่อบุตาอักเสบ,40-44,ชาย,2549
นครศรีธรรมราช,โรคเยื่อบุตาอักเสบ,40-44,หญิง,3109
นครศรีธรรมราช,โรคเยื่อบุตาอักเสบ,45-49,ชาย,2524
นครศรีธรรมราช,โรคเยื่อบุตาอักเสบ,45-49,หญิง,3402
นครศรีธรรมราช,โรคเยื่อบุตาอักเสบ,5-9,ชาย,3551
นครศรีธรรมราช,โรคเยื่อบุตาอักเสบ,5-9,หญิง,2699
นครศรีธรรมราช,โรคเยื่อบุตาอักเสบ,50-54,ชาย,2471
นครศรีธรรมราช,โรคเยื่อบุตาอักเสบ,50-54,หญิง,3819
นครศรีธรรมราช,โรคเยื่อบุตาอักเสบ,55-59,ชาย,2428
นครศรีธรรมราช,โรคเยื่อบุตาอักเสบ,55-59,หญิง,3811
นครศรีธรรมราช,โรคเยื่อบุตาอักเสบ,60-64,ชาย,2356
นครศรีธรรมราช,โรคเยื่อบุตาอักเสบ,60-64,หญิง,3290
นครศรีธรรมราช,โรคเยื่อบุตาอักเสบ,65-69,ชาย,1835
นครศรีธรรมราช,โรคเยื่อบุตาอักเสบ,65-69,หญิง,2587
นครศรีธรรมราช,โรคเยื่อบุตาอักเสบ,70-74,ชาย,1469
นครศรีธรรมราช,โรคเยื่อบุตาอักเสบ,70-74,หญิง,2049
นครศรีธรรมราช,โรคเยื่อบุตาอักเสบ,75-79,ชาย,1073
นครศรีธรรมราช,โรคเยื่อบุตาอักเสบ,75-79,หญิง,1501
นครศรีธรรมราช,โรคเยื่อบุตาอักเสบ,80+,ชาย,1213
นครศรีธรรมราช,โรคเยื่อบุตาอักเสบ,80+,หญิง,1984
นครศรีธรรมราช,โรคเยื่อบุตาอักเสบ,ไม่ทราบ,ชาย,7
นครศรีธรรมราช,โรคเยื่อบุตาอักเสบ,ไม่ทราบ,หญิง,3
นครศรีธรรมราช,โรคเยื่อบุตาอักเสบ,ไม่ทราบ,ไม่ระบุ,384
นครสวรรค์,โรคติดเชื้อทางเดินหายใจส่วนบนเฉียบพลัน,0-4,ชาย,68196
นครสวรรค์,โรคติดเชื้อทางเดินหายใจส่วนบนเฉียบพลัน,0-4,หญิง,59459
นครสวรรค์,โรคติดเชื้อทางเดินหายใจส่วนบนเฉียบพลัน,0-4,ไม่ระบุ,1
นครสวรรค์,โรคติดเชื้อทางเดินหายใจส่วนบนเฉียบพลัน,10-14,ชาย,33581
นครสวรรค์,โรคติดเชื้อทางเดินหายใจส่วนบนเฉียบพลัน,10-14,หญิง,29678
นครสวรรค์,โรคติดเชื้อทางเดินหายใจส่วนบนเฉียบพลัน,10-14,ไม่ระบุ,1
นครสวรรค์,โรคติดเชื้อทางเดินหายใจส่วนบนเฉียบพลัน,15-19,ชาย,16216
นครสวรรค์,โรคติดเชื้อทางเดินหายใจส่วนบนเฉียบพลัน,15-19,หญิง,19338
นครสวรรค์,โรคติดเชื้อทางเดินหายใจส่วนบนเฉียบพลัน,20-24,ชาย,15605
นครสวรรค์,โรคติดเชื้อทางเดินหายใจส่วนบนเฉียบพลัน,20-24,หญิง,19064
นครสวรรค์,โรคติดเชื้อทางเดินหายใจส่วนบนเฉียบพลัน,25-29,ชาย,14774
นครสวรรค์,โรคติดเชื้อทางเดินหายใจส่วนบนเฉียบพลัน,25-29,หญิง,24604
นครสวรรค์,โรคติดเชื้อทางเดินหายใจส่วนบนเฉียบพลัน,30-34,ชาย,12415
นครสวรรค์,โรคติดเชื้อทางเดินหายใจส่วนบนเฉียบพลัน,30-34,หญิง,22774
นครสวรรค์,โรคติดเชื้อทางเดินหายใจส่วนบนเฉียบพลัน,35-39,ชาย,10535
นครสวรรค์,โรคติดเชื้อทางเดินหายใจส่วนบนเฉียบพลัน,35-39,หญิง,20293
นครสวรรค์,โรคติดเชื้อทางเดินหายใจส่วนบนเฉียบพลัน,40-44,ชาย,11055
นครสวรรค์,โรคติดเชื้อทางเดินหายใจส่วนบนเฉียบพลัน,40-44,หญิง,21170
นครสวรรค์,โรคติดเชื้อทางเดินหายใจส่วนบนเฉียบพลัน,45-49,ชาย,11288
นครสวรรค์,โรคติดเชื้อทางเดินหายใจส่วนบนเฉียบพลัน,45-49,หญิง,23205
นครสวรรค์,โรคติดเชื้อทางเดินหายใจส่วนบนเฉียบพลัน,5-9,ชาย,55979
นครสวรรค์,โรคติดเชื้อทางเดินหายใจส่วนบนเฉียบพลัน,5-9,หญิง,50225
นครสวรรค์,โรคติดเชื้อทางเดินหายใจส่วนบนเฉียบพลัน,5-9,ไม่ระบุ,4
นครสวรรค์,โรคติดเชื้อทางเดินหายใจส่วนบนเฉียบพลัน,50-54,ชาย,10741
นครสวรรค์,โรคติดเชื้อทางเดินหายใจส่วนบนเฉียบพลัน,50-54,หญิง,25955
นครสวรรค์,โรคติดเชื้อทางเดินหายใจส่วนบนเฉียบพลัน,50-54,ไม่ระบุ,1
นครสวรรค์,โรคติดเชื้อทางเดินหายใจส่วนบนเฉียบพลัน,55-59,ชาย,12473
นครสวรรค์,โรคติดเชื้อทางเดินหายใจส่วนบนเฉียบพลัน,55-59,หญิง,28082
นครสวรรค์,โรคติดเชื้อทางเดินหายใจส่วนบนเฉียบพลัน,60-64,ชาย,12752
นครสวรรค์,โรคติดเชื้อทางเดินหายใจส่วนบนเฉียบพลัน,60-64,หญิง,25415
นครสวรรค์,โรคติดเชื้อทางเดินหายใจส่วนบนเฉียบพลัน,65-69,ชาย,11881
นครสวรรค์,โรคติดเชื้อทางเดินหายใจส่วนบนเฉียบพลัน,65-69,หญิง,19672
นครสวรรค์,โรคติดเชื้อทางเดินหายใจส่วนบนเฉียบพลัน,70-74,ชาย,10342
นครสวรรค์,โรคติดเชื้อทางเดินหายใจส่วนบนเฉียบพลัน,70-74,หญิง,14442
นครสวรรค์,โรคติดเชื้อทางเดินหายใจส่วนบนเฉียบพลัน,75-79,ชาย,6883
นครสวรรค์,โรคติดเชื้อทางเดินหายใจส่วนบนเฉียบพลัน,75-79,หญิง,7947
นครสวรรค์,โรคติดเชื้อทางเดินหายใจส่วนบนเฉียบพลัน,80+,ชาย,7279
นครสวรรค์,โรคติดเชื้อทางเดินหายใจส่วนบนเฉียบพลัน,80+,หญิง,9388
นครสวรรค์,โรคติดเชื้อทางเดินหายใจส่วนบนเฉียบพลัน,ไม่ทราบ,ชาย,13
นครสวรรค์,โรคติดเชื้อทางเดินหายใจส่วนบนเฉียบพลัน,ไม่ทราบ,หญิง,21
นครสวรรค์,โรคติดเชื้อทางเดินหายใจส่วนบนเฉียบพลัน,ไม่ทราบ,ไม่ระบุ,15182
นครสวรรค์,โรคปอดอุดกั้นเรื้อรัง,0-4,ชาย,41
นครสวรรค์,โรคปอดอุดกั้นเรื้อรัง,0-4,หญิง,37
นครสวรรค์,โรคปอดอุดกั้นเรื้อรัง,10-14,ชาย,9
นครสวรรค์,โรคปอดอุดกั้นเรื้อรัง,10-14,หญิง,3
นครสวรรค์,โรคปอดอุดกั้นเรื้อรัง,15-19,ชาย,7
นครสวรรค์,โรคปอดอุดกั้นเรื้อรัง,15-19,หญิง,3
นครสวรรค์,โรคปอดอุดกั้นเรื้อรัง,20-24,ชาย,11
นครสวรรค์,โรคปอดอุดกั้นเรื้อรัง,20-24,หญิง,4
นครสวรรค์,โรคปอดอุดกั้นเรื้อรัง,25-29,ชาย,31
นครสวรรค์,โรคปอดอุดกั้นเรื้อรัง,25-29,หญิง,6
นครสวรรค์,โรคปอดอุดกั้นเรื้อรัง,30-34,ชาย,69
นครสวรรค์,โรคปอดอุดกั้นเรื้อรัง,30-34,หญิง,11
นครสวรรค์,โรคปอดอุดกั้นเรื้อรัง,35-39,ชาย,126
นครสวรรค์,โรคปอดอุดกั้นเรื้อรัง,35-39,หญิง,27
นครสวรรค์,โรคปอดอุดกั้นเรื้อรัง,40-44,ชาย,382
นครสวรรค์,โรคปอดอุดกั้นเรื้อรัง,40-44,หญิง,38
นครสวรรค์,โรคปอดอุดกั้นเรื้อรัง,45-49,ชาย,854
นครสวรรค์,โรคปอดอุดกั้นเรื้อรัง,45-49,หญิง,182
นครสวรรค์,โรคปอดอุดกั้นเรื้อรัง,5-9,ชาย,25
นครสวรรค์,โรคปอดอุดกั้นเรื้อรัง,5-9,หญิง,8
นครสวรรค์,โรคปอดอุดกั้นเรื้อรัง,50-54,ชาย,1875
นครสวรรค์,โรคปอดอุดกั้นเรื้อรัง,50-54,หญิง,343
นครสวรรค์,โรคปอดอุดกั้นเรื้อรัง,55-59,ชาย,3204
นครสวรรค์,โรคปอดอุดกั้นเรื้อรัง,55-59,หญิง,745
นครสวรรค์,โรคปอดอุดกั้นเรื้อรัง,60-64,ชาย,5172
นครสวรรค์,โรคปอดอุดกั้นเรื้อรัง,60-64,หญิง,1048
นครสวรรค์,โรคปอดอุดกั้นเรื้อรัง,65-69,ชาย,6072
นครสวรรค์,โรคปอดอุดกั้นเรื้อรัง,65-69,หญิง,1592
นครสวรรค์,โรคปอดอุดกั้นเรื้อรัง,70-74,ชาย,7025
นครสวรรค์,โรคปอดอุดกั้นเรื้อรัง,70-74,หญิง,2007
นครสวรรค์,โรคปอดอุดกั้นเรื้อรัง,75-79,ชาย,6221
นครสวรรค์,โรคปอดอุดกั้นเรื้อรัง,75-79,หญิง,1653
นครสวรรค์,โรคปอดอุดกั้นเรื้อรัง,80+,ชาย,8915
นครสวรรค์,โรคปอดอุดกั้นเรื้อรัง,80+,หญิง,2714
นครสวรรค์,โรคปอดอุดกั้นเรื้อรัง,ไม่ทราบ,ชาย,1
นครสวรรค์,โรคปอดอุดกั้นเรื้อรัง,ไม่ทราบ,หญิง,2
นครสวรรค์,โรคปอดอุดกั้นเรื้อรัง,ไม่ทราบ,ไม่ระบุ,3308
นครสวรรค์,โรคผิวหนังอักเสบ,0-4,ชาย,1385
นครสวรรค์,โรคผิวหนังอักเสบ,0-4,หญิง,1283
นครสวรรค์,โรคผิวหนังอักเสบ,10-14,ชาย,916
นครสวรรค์,โรคผิวหนังอักเสบ,10-14,หญิง,828
นครสวรรค์,โรคผิวหนังอักเสบ,15-19,ชาย,760
นครสวรรค์,โรคผิวหนังอักเสบ,15-19,หญิง,847
นครสวรรค์,โรคผิวหนังอักเสบ,20-24,ชาย,631
นครสวรรค์,โรคผิวหนังอักเสบ,20-24,หญิง,962
นครสวรรค์,โรคผิวหนังอักเสบ,25-29,ชาย,609
นครสวรรค์,โรคผิวหนังอักเสบ,25-29,หญิง,1342
นครสวรรค์,โรคผิวหนังอักเสบ,30-34,ชาย,621
นครสวรรค์,โรคผิวหนังอักเสบ,30-34,หญิง,1274
นครสวรรค์,โรคผิวหนังอักเสบ,35-39,ชาย,637
นครสวรรค์,โรคผิวหนังอักเสบ,35-39,หญิง,1294
นครสวรรค์,โรคผิวหนังอักเสบ,40-44,ชาย,763
นครสวรรค์,โรคผิวหนังอักเสบ,40-44,หญิง,1637
นครสวรรค์,โรคผิวหนังอักเสบ,45-49,ชาย,836
นครสวรรค์,โรคผิวหนังอักเสบ,45-49,หญิง,1978
นครสวรรค์,โรคผิวหนังอักเสบ,5-9,ชาย,1119
นครสวรรค์,โรคผิวหนังอักเสบ,5-9,หญิง,967
นครสวรรค์,โรคผิวหนังอักเสบ,50-54,ชาย,929
นครสวรรค์,โรคผิวหนังอักเสบ,50-54,หญิง,2165
นครสวรรค์,โรคผิวหนังอักเสบ,55-59,ชาย,1094
นครสวรรค์,โรคผิวหนังอักเสบ,55-59,หญิง,2334
นครสวรรค์,โรคผิวหนังอักเสบ,60-64,ชาย,1364
นครสวรรค์,โรคผิวหนังอักเสบ,60-64,หญิง,2192
นครสวรรค์,โรคผิวหนังอักเสบ,65-69,ชาย,1419
นครสวรรค์,โรคผิวหนังอักเสบ,65-69,หญิง,1794
นครสวรรค์,โรคผิวหนังอักเสบ,70-74,ชาย,1210
นครสวรรค์,โรคผิวหนังอักเสบ,70-74,หญิง,1481
นครสวรรค์,โรคผิวหนังอักเสบ,75-79,ชาย,849
นครสวรรค์,โรคผิวหนังอักเสบ,75-79,หญิง,813
นครสวรรค์,โรคผิวหนังอักเสบ,80+,ชาย,980
นครสวรรค์,โรคผิวหนังอักเสบ,80+,หญิง,1044
นครสวรรค์,โรคผิวหนังอักเสบ,ไม่ทราบ,ไม่ระบุ,626
นครสวรรค์,โรคลมพิษ,0-4,ชาย,1106
นครสวรรค์,โรคลมพิษ,0-4,หญิง,893
นครสวรรค์,โรคลมพิษ,10-14,ชาย,888
นครสวรรค์,โรคลมพิษ,10-14,หญิง,820
นครสวรรค์,โรคลมพิษ,15-19,ชาย,649
นครสวรรค์,โรคลมพิษ,15-19,หญิง,873
นครสวรรค์,โรคลมพิษ,20-24,ชาย,483
นครสวรรค์,โรคลมพิษ,20-24,หญิง,802
นครสวรรค์,โรคลมพิษ,25-29,ชาย,460
นครสวรรค์,โรคลมพิษ,25-29,หญิง,845
นครสวรรค์,โรคลมพิษ,30-34,ชาย,445
นครสวรรค์,โรคลมพิษ,30-34,หญิง,953
นครสวรรค์,โรคลมพิษ,35-39,ชาย,360
นครสวรรค์,โรคลมพิษ,35-39,หญิง,800
นครสวรรค์,โรคลมพิษ,40-44,ชาย,409
นครสวรรค์,โรคลมพิษ,40-44,หญิง,968
นครสวรรค์,โรคลมพิษ,45-49,ชาย,418
นครสวรรค์,โรคลมพิษ,45-49,หญิง,994
นครสวรรค์,โรคลมพิษ,5-9,ชาย,1047
นครสวรรค์,โรคลมพิษ,5-9,หญิง,773
นครสวรรค์,โรคลมพิษ,50-54,ชาย,412
นครสวรรค์,โรคลมพิษ,50-54,หญิง,1028
นครสวรรค์,โรคลมพิษ,55-59,ชาย,412
นครสวรรค์,โรคลมพิษ,55-59,หญิง,964
นครสวรรค์,โรคลมพิษ,60-64,ชาย,422
นครสวรรค์,โรคลมพิษ,60-64,หญิง,796
นครสวรรค์,โรคลมพิษ,65-69,ชาย,416
นครสวรรค์,โรคลมพิษ,65-69,หญิง,657
นครสวรรค์,โรคลมพิษ,70-74,ชาย,359
นครสวรรค์,โรคลมพิษ,70-74,หญิง,497
นครสวรรค์,โรคลมพิษ,75-79,ชาย,162
นครสวรรค์,โรคลมพิษ,75-79,หญิง,225
นครสวรรค์,โรคลมพิษ,80+,ชาย,207
นครสวรรค์,โรคลมพิษ,80+,หญิง,265
นครสวรรค์,โรคลมพิษ,ไม่ทราบ,ไม่ระบุ,703
นครสวรรค์,โรคหอบหืด,0-4,ชาย,1783
นครสวรรค์,โรคหอบหืด,0-4,หญิง,976
นครสวรรค์,โรคหอบหืด,10-14,ชาย,2492
นครสวรรค์,โรคหอบหืด,10-14,หญิง,1406
นครสวรรค์,โรคหอบหืด,15-19,ชาย,823
นครสวรรค์,โรคหอบหืด,15-19,หญิง,653
นครสวรรค์,โรคหอบหืด,20-24,ชาย,570
นครสวรรค์,โรคหอบหืด,20-24,หญิง,496
นครสวรรค์,โรคหอบหืด,25-29,ชาย,545
นครสวรรค์,โรคหอบหืด,25-29,หญิง,864
นครสวรรค์,โรคหอบหืด,30-34,ชาย,751
นครสวรรค์,โรคหอบหืด,30-34,หญิง,1334
นครสวรรค์,โรคหอบหืด,35-39,ชาย,902
นครสวรรค์,โรคหอบหืด,35-39,หญิง,1537
นครสวรรค์,โรคหอบหืด,40-44,ชาย,1142
นครสวรรค์,โรคหอบหืด,40-44,หญิง,2392
นครสวรรค์,โรคหอบหืด,45-49,ชาย,1455
นครสวรรค์,โรคหอบหืด,45-49,หญิง,3356
นครสวรรค์,โรคหอบหืด,5-9,ชาย,4165
นครสวรรค์,โรคหอบหืด,5-9,หญิง,2175
นครสวรรค์,โรคหอบหืด,50-54,ชาย,1447
นครสวรรค์,โรคหอบหืด,50-54,หญิง,4258
นครสวรรค์,โรคหอบหืด,55-59,ชาย,1745
นครสวรรค์,โรคหอบหืด,55-59,หญิง,4933
นครสวรรค์,โรคหอบหืด,60-64,ชาย,1737
นครสวรรค์,โรคหอบหืด,60-64,หญิง,5002
นครสวรรค์,โรคหอบหืด,65-69,ชาย,1353
นครสวรรค์,โรคหอบหืด,65-69,หญิง,4203
นครสวรรค์,โรคหอบหืด,70-74,ชาย,1142
นครสวรรค์,โรคหอบหืด,70-74,หญิง,3852
นครสวรรค์,โรคหอบหืด,75-79,ชาย,729
นครสวรรค์,โรคหอบหืด,75-79,หญิง,1840
นครสวรรค์,โรคหอบหืด,80+,ชาย,489
นครสวรรค์,โรคหอบหืด,80+,หญิง,1934
นครสวรรค์,โรคหอบหืด,ไม่ทราบ,ไม่ระบุ,2355
นครสวรรค์,โรคเยื่อจมูกอักเสบจากภูมิแพ้,0-4,ชาย,3005
นครสวรรค์,โรคเยื่อจมูกอักเสบจากภูมิแพ้,0-4,หญิง,2574
นครสวรรค์,โรคเยื่อจมูกอักเสบจากภูมิแพ้,10-14,ชาย,3139
นครสวรรค์,โรคเยื่อจมูกอักเสบจากภูมิแพ้,10-14,หญิง,2042
นครสวรรค์,โรคเยื่อจมูกอักเสบจากภูมิแพ้,15-19,ชาย,1046
นครสวรรค์,โรคเยื่อจมูกอักเสบจากภูมิแพ้,15-19,หญิง,809
นครสวรรค์,โรคเยื่อจมูกอักเสบจากภูมิแพ้,20-24,ชาย,619
นครสวรรค์,โรคเยื่อจมูกอักเสบจากภูมิแพ้,20-24,หญิง,848
นครสวรรค์,โรคเยื่อจมูกอักเสบจากภูมิแพ้,25-29,ชาย,723
นครสวรรค์,โรคเยื่อจมูกอักเสบจากภูมิแพ้,25-29,หญิง,1405
นครสวรรค์,โรคเยื่อจมูกอักเสบจากภูมิแพ้,30-34,ชาย,836
นครสวรรค์,โรคเยื่อจมูกอักเสบจากภูมิแพ้,30-34,หญิง,1835
นครสวรรค์,โรคเยื่อจมูกอักเสบจากภูมิแพ้,35-39,ชาย,653
นครสวรรค์,โรคเยื่อจมูกอักเสบจากภูมิแพ้,35-39,หญิง,1822
นครสวรรค์,โรคเยื่อจมูกอักเสบจากภูมิแพ้,40-44,ชาย,859
นครสวรรค์,โรคเยื่อจมูกอักเสบจากภูมิแพ้,40-44,หญิง,2220
นครสวรรค์,โรคเยื่อจมูกอักเสบจากภูมิแพ้,45-49,ชาย,891
นครสวรรค์,โรคเยื่อจมูกอักเสบจากภูมิแพ้,45-49,หญิง,2663
นครสวรรค์,โรคเยื่อจมูกอักเสบจากภูมิแพ้,5-9,ชาย,4589
นครสวรรค์,โรคเยื่อจมูกอักเสบจากภูมิแพ้,5-9,หญิง,3318
นครสวรรค์,โรคเยื่อจมูกอักเสบจากภูมิแพ้,50-54,ชาย,1019
นครสวรรค์,โรคเยื่อจมูกอักเสบจากภูมิแพ้,50-54,หญิง,2650
นครสวรรค์,โรคเยื่อจมูกอักเสบจากภูมิแพ้,55-59,ชาย,1415
นครสวรรค์,โรคเยื่อจมูกอักเสบจากภูมิแพ้,55-59,หญิง,3078
นครสวรรค์,โรคเยื่อจมูกอักเสบจากภูมิแพ้,60-64,ชาย,1703
นครสวรรค์,โรคเยื่อจมูกอักเสบจากภูมิแพ้,60-64,หญิง,2784
นครสวรรค์,โรคเยื่อจมูกอักเสบจากภูมิแพ้,65-69,ชาย,1464
นครสวรรค์,โรคเยื่อจมูกอักเสบจากภูมิแพ้,65-69,หญิง,2293
นครสวรรค์,โรคเยื่อจมูกอักเสบจากภูมิแพ้,70-74,ชาย,1142
นครสวรรค์,โรคเยื่อจมูกอักเสบจากภูมิแพ้,70-74,หญิง,1605
นครสวรรค์,โรคเยื่อจมูกอักเสบจากภูมิแพ้,75-79,ชาย,678
นครสวรรค์,โรคเยื่อจมูกอักเสบจากภูมิแพ้,75-79,หญิง,650
นครสวรรค์,โรคเยื่อจมูกอักเสบจากภูมิแพ้,80+,ชาย,645
นครสวรรค์,โรคเยื่อจมูกอักเสบจากภูมิแพ้,80+,หญิง,682
นครสวรรค์,โรคเยื่อจมูกอักเสบจากภูมิแพ้,ไม่ทราบ,ไม่ระบุ,3397
นครสวรรค์,โรคเยื่อบุตาอักเสบ,0-4,ชาย,1182
นครสวรรค์,โรคเยื่อบุตาอักเสบ,0-4,หญิง,1062
นครสวรรค์,โรคเยื่อบุตาอักเสบ,10-14,ชาย,1253
นครสวรรค์,โรคเยื่อบุตาอักเสบ,10-14,หญิง,1125
นครสวรรค์,โรคเยื่อบุตาอักเสบ,15-19,ชาย,1147
นครสวรรค์,โรคเยื่อบุตาอักเสบ,15-19,หญิง,1330
นครสวรรค์,โรคเยื่อบุตาอักเสบ,20-24,ชาย,1168
นครสวรรค์,โรคเยื่อบุตาอักเสบ,20-24,หญิง,1137
นครสวรรค์,โรคเยื่อบุตาอักเสบ,25-29,ชาย,1251
นครสวรรค์,โรคเยื่อบุตาอักเสบ,25-29,หญิง,1513
นครสวรรค์,โรคเยื่อบุตาอักเสบ,30-34,ชาย,1220
นครสวรรค์,โรคเยื่อบุตาอักเสบ,30-34,หญิง,1471
นครสวรรค์,โรคเยื่อบุตาอักเสบ,35-39,ชาย,1188
นครสวรรค์,โรคเยื่อบุตาอักเสบ,35-39,หญิง,1478
นครสวรรค์,โรคเยื่อบุตาอักเสบ,40-44,ชาย,1284
นครสวรรค์,โรคเยื่อบุตาอักเสบ,40-44,หญิง,1707
นครสวรรค์,โรคเยื่อบุตาอักเสบ,45-49,ชาย,1430
นครสวรรค์,โรคเยื่อบุตาอักเสบ,45-49,หญิง,1926
นครสวรรค์,โรคเยื่อบุตาอักเสบ,5-9,ชาย,1536
นครสวรรค์,โรคเยื่อบุตาอักเสบ,5-9,หญิง,1033
นครสวรรค์,โรคเยื่อบุตาอักเสบ,50-54,ชาย,1533
นครสวรรค์,โรคเยื่อบุตาอักเสบ,50-54,หญิง,2609
นครสวรรค์,โรคเยื่อบุตาอักเสบ,55-59,ชาย,1714
นครสวรรค์,โรคเยื่อบุตาอักเสบ,55-59,หญิง,3174
นครสวรรค์,โรคเยื่อบุตาอักเสบ,60-64,ชาย,1749
นครสวรรค์,โรคเยื่อบุตาอักเสบ,60-64,หญิง,2908
นครสวรรค์,โรคเยื่อบุตาอักเสบ,65-69,ชาย,1653
นครสวรรค์,โรคเยื่อบุตาอักเสบ,65-69,หญิง,2364
นครสวรรค์,โรคเยื่อบุตาอักเสบ,70-74,ชาย,1427
นครสวรรค์,โรคเยื่อบุตาอักเสบ,70-74,หญิง,1847
นครสวรรค์,โรคเยื่อบุตาอักเสบ,75-79,ชาย,899
นครสวรรค์,โรคเยื่อบุตาอักเสบ,75-79,หญิง,1070
นครสวรรค์,โรคเยื่อบุตาอักเสบ,80+,ชาย,915
นครสวรรค์,โรคเยื่อบุตาอักเสบ,80+,หญิง,1199
นครสวรรค์,โรคเยื่อบุตาอักเสบ,ไม่ทราบ,ชาย,1
นครสวรรค์,โรคเยื่อบุตาอักเสบ,ไม่ทราบ,หญิง,2
นครสวรรค์,โรคเยื่อบุตาอักเสบ,ไม่ทราบ,ไม่ระบุ,847
นนทบุรี,โรคติดเชื้อทางเดินหายใจส่วนบนเฉียบพลัน,0-4,ชาย,59942
นนทบุรี,โรคติดเชื้อทางเดินหายใจส่วนบนเฉียบพลัน,0-4,หญิง,54305
นนทบุรี,โรคติดเชื้อทางเดินหายใจส่วนบนเฉียบพลัน,10-14,ชาย,30157
นนทบุรี,โรคติดเชื้อทางเดินหายใจส่วนบนเฉียบพลัน,10-14,หญิง,26789
นนทบุรี,โรคติดเชื้อทางเดินหายใจส่วนบนเฉียบพลัน,15-19,ชาย,19812
นนทบุรี,โรคติดเชื้อทางเดินหายใจส่วนบนเฉียบพลัน,15-19,หญิง,23156
นนทบุรี,โรคติดเชื้อทางเดินหายใจส่วนบนเฉียบพลัน,20-24,ชาย,18022
นนทบุรี,โรคติดเชื้อทางเดินหายใจส่วนบนเฉียบพลัน,20-24,หญิง,26596
นนทบุรี,โรคติดเชื้อทางเดินหายใจส่วนบนเฉียบพลัน,25-29,ชาย,17972
นนทบุรี,โรคติดเชื้อทางเดินหายใจส่วนบนเฉียบพลัน,25-29,หญิง,26169
นนทบุรี,โรคติดเชื้อทางเดินหายใจส่วนบนเฉียบพลัน,30-34,ชาย,15375
นนทบุรี,โรคติดเชื้อทางเดินหายใจส่วนบนเฉียบพลัน,30-34,หญิง,23502
นนทบุรี,โรคติดเชื้อทางเดินหายใจส่วนบนเฉียบพลัน,30-34,ไม่ระบุ,2
นนทบุรี,โรคติดเชื้อทางเดินหายใจส่วนบนเฉียบพลัน,35-39,ชาย,13362
นนทบุรี,โรคติดเชื้อทางเดินหายใจส่วนบนเฉียบพลัน,35-39,หญิง,20892
นนทบุรี,โรคติดเชื้อทางเดินหายใจส่วนบนเฉียบพลัน,40-44,ชาย,13581
นนทบุรี,โรคติดเชื้อทางเดินหายใจส่วนบนเฉียบพลัน,40-44,หญิง,21150
นนทบุรี,โรคติดเชื้อทางเดินหายใจส่วนบนเฉียบพลัน,45-49,ชาย,12127
นนทบุรี,โรคติดเชื้อทางเดินหายใจส่วนบนเฉียบพลัน,45-49,หญิง,19967
นนทบุรี,โรคติดเชื้อทางเดินหายใจส่วนบนเฉียบพลัน,5-9,ชาย,47464
นนทบุรี,โรคติดเชื้อทางเดินหายใจส่วนบนเฉียบพลัน,5-9,หญิง,44545
นนทบุรี,โรคติดเชื้อทางเดินหายใจส่วนบนเฉียบพลัน,50-54,ชาย,11057
นนทบุรี,โรคติดเชื้อทางเดินหายใจส่วนบนเฉียบพลัน,50-54,หญิง,19209
นนทบุรี,โรคติดเชื้อทางเดินหายใจส่วนบนเฉียบพลัน,55-59,ชาย,11327
นนทบุรี,โรคติดเชื้อทางเดินหายใจส่วนบนเฉียบพลัน,55-59,หญิง,21185
นนทบุรี,โรคติดเชื้อทางเดินหายใจส่วนบนเฉียบพลัน,60-64,ชาย,12171
นนทบุรี,โรคติดเชื้อทางเดินหายใจส่วนบนเฉียบพลัน,60-64,หญิง,21019
นนทบุรี,โรคติดเชื้อทางเดินหายใจส่วนบนเฉียบพลัน,60-64,ไม่ระบุ,2
นนทบุรี,โรคติดเชื้อทางเดินหายใจส่วนบนเฉียบพลัน,65-69,ชาย,10841
นนทบุรี,โรคติดเชื้อทางเดินหายใจส่วนบนเฉียบพลัน,65-69,หญิง,16931
นนทบุรี,โรคติดเชื้อทางเดินหายใจส่วนบนเฉียบพลัน,65-69,ไม่ระบุ,3
นนทบุรี,โรคติดเชื้อทางเดินหายใจส่วนบนเฉียบพลัน,70-74,ชาย,7962
นนทบุรี,โรคติดเชื้อทางเดินหายใจส่วนบนเฉียบพลัน,70-74,หญิง,12177
นนทบุรี,โรคติดเชื้อทางเดินหายใจส่วนบนเฉียบพลัน,75-79,ชาย,4683
นนทบุรี,โรคติดเชื้อทางเดินหายใจส่วนบนเฉียบพลัน,75-79,หญิง,6966
นนทบุรี,โรคติดเชื้อทางเดินหายใจส่วนบนเฉียบพลัน,80+,ชาย,4323
นนทบุรี,โรคติดเชื้อทางเดินหายใจส่วนบนเฉียบพลัน,80+,หญิง,6899
นนทบุรี,โรคติดเชื้อทางเดินหายใจส่วนบนเฉียบพลัน,ไม่ทราบ,ชาย,43
นนทบุรี,โรคติดเชื้อทางเดินหายใจส่วนบนเฉียบพลัน,ไม่ทราบ,หญิง,43
นนทบุรี,โรคติดเชื้อทางเดินหายใจส่วนบนเฉียบพลัน,ไม่ทราบ,ไม่ระบุ,88626
นนทบุรี,โรคปอดอุดกั้นเรื้อรัง,0-4,ชาย,130
นนทบุรี,โรคปอดอุดกั้นเรื้อรัง,0-4,หญิง,103
นนทบุรี,โรคปอดอุดกั้นเรื้อรัง,10-14,ชาย,11
นนทบุรี,โรคปอดอุดกั้นเรื้อรัง,10-14,หญิง,12
นนทบุรี,โรคปอดอุดกั้นเรื้อรัง,15-19,ชาย,16
นนทบุรี,โรคปอดอุดกั้นเรื้อรัง,15-19,หญิง,6
นนทบุรี,โรคปอดอุดกั้นเรื้อรัง,20-24,ชาย,27
นนทบุรี,โรคปอดอุดกั้นเรื้อรัง,20-24,หญิง,7
นนทบุรี,โรคปอดอุดกั้นเรื้อรัง,25-29,ชาย,65
นนทบุรี,โรคปอดอุดกั้นเรื้อรัง,25-29,หญิง,19
นนทบุรี,โรคปอดอุดกั้นเรื้อรัง,30-34,ชาย,67
นนทบุรี,โรคปอดอุดกั้นเรื้อรัง,30-34,หญิง,26
นนทบุรี,โรคปอดอุดกั้นเรื้อรัง,35-39,ชาย,149
นนทบุรี,โรคปอดอุดกั้นเรื้อรัง,35-39,หญิง,38
นนทบุรี,โรคปอดอุดกั้นเรื้อรัง,40-44,ชาย,408
นนทบุรี,โรคปอดอุดกั้นเรื้อรัง,40-44,หญิง,57
นนทบุรี,โรคปอดอุดกั้นเรื้อรัง,45-49,ชาย,678
นนทบุรี,โรคปอดอุดกั้นเรื้อรัง,45-49,หญิง,144
นนทบุรี,โรคปอดอุดกั้นเรื้อรัง,5-9,ชาย,62
นนทบุรี,โรคปอดอุดกั้นเรื้อรัง,5-9,หญิง,40
นนทบุรี,โรคปอดอุดกั้นเรื้อรัง,50-54,ชาย,1733
นนทบุรี,โรคปอดอุดกั้นเรื้อรัง,50-54,หญิง,245
นนทบุรี,โรคปอดอุดกั้นเรื้อรัง,55-59,ชาย,2889
นนทบุรี,โรคปอดอุดกั้นเรื้อรัง,55-59,หญิง,502
นนทบุรี,โรคปอดอุดกั้นเรื้อรัง,60-64,ชาย,5044
นนทบุรี,โรคปอดอุดกั้นเรื้อรัง,60-64,หญิง,613
นนทบุรี,โรคปอดอุดกั้นเรื้อรัง,65-69,ชาย,6912
นนทบุรี,โรคปอดอุดกั้นเรื้อรัง,65-69,หญิง,862
นนทบุรี,โรคปอดอุดกั้นเรื้อรัง,70-74,ชาย,7597
นนทบุรี,โรคปอดอุดกั้นเรื้อรัง,70-74,หญิง,933
นนทบุรี,โรคปอดอุดกั้นเรื้อรัง,75-79,ชาย,6045
นนทบุรี,โรคปอดอุดกั้นเรื้อรัง,75-79,หญิง,812
นนทบุรี,โรคปอดอุดกั้นเรื้อรัง,80+,ชาย,8139
นนทบุรี,โรคปอดอุดกั้นเรื้อรัง,80+,หญิง,1627
นนทบุรี,โรคปอดอุดกั้นเรื้อรัง,ไม่ทราบ,ไม่ระบุ,373
นนทบุรี,โรคผิวหนังอักเสบ,0-4,ชาย,1854
นนทบุรี,โรคผิวหนังอักเสบ,0-4,หญิง,1656
นนทบุรี,โรคผิวหนังอักเสบ,10-14,ชาย,1074
นนทบุรี,โรคผิวหนังอักเสบ,10-14,หญิง,964
นนทบุรี,โรคผิวหนังอักเสบ,15-19,ชาย,779
นนทบุรี,โรคผิวหนังอักเสบ,15-19,หญิง,1253
นนทบุรี,โรคผิวหนังอักเสบ,20-24,ชาย,867
นนทบุรี,โรคผิวหนังอักเสบ,20-24,หญิง,1432
นนทบุรี,โรคผิวหนังอักเสบ,25-29,ชาย,829
นนทบุรี,โรคผิวหนังอักเสบ,25-29,หญิง,1615
นนทบุรี,โรคผิวหนังอักเสบ,30-34,ชาย,785
นนทบุรี,โรคผิวหนังอักเสบ,30-34,หญิง,1507
นนทบุรี,โรคผิวหนังอักเสบ,35-39,ชาย,730
นนทบุรี,โรคผิวหนังอักเสบ,35-39,หญิง,1573
นนทบุรี,โรคผิวหนังอักเสบ,40-44,ชาย,926
นนทบุรี,โรคผิวหนังอักเสบ,40-44,หญิง,1706
นนทบุรี,โรคผิวหนังอักเสบ,45-49,ชาย,1038
นนทบุรี,โรคผิวหนังอักเสบ,45-49,หญิง,2107
นนทบุรี,โรคผิวหนังอักเสบ,5-9,ชาย,1168
นนทบุรี,โรคผิวหนังอักเสบ,5-9,หญิง,1117
นนทบุรี,โรคผิวหนังอักเสบ,50-54,ชาย,1145
นนทบุรี,โรคผิวหนังอักเสบ,50-54,หญิง,2229
นนทบุรี,โรคผิวหนังอักเสบ,55-59,ชาย,1389
นนทบุรี,โรคผิวหนังอักเสบ,55-59,หญิง,2541
นนทบุรี,โรคผิวหนังอักเสบ,60-64,ชาย,2048
นนทบุรี,โรคผิวหนังอักเสบ,60-64,หญิง,2938
นนทบุรี,โรคผิวหนังอักเสบ,65-69,ชาย,2046
นนทบุรี,โรคผิวหนังอักเสบ,65-69,หญิง,2764
นนทบุรี,โรคผิวหนังอักเสบ,70-74,ชาย,1680
นนทบุรี,โรคผิวหนังอักเสบ,70-74,หญิง,2211
นนทบุรี,โรคผิวหนังอักเสบ,75-79,ชาย,1153
นนทบุรี,โรคผิวหนังอักเสบ,75-79,หญิง,1290
นนทบุรี,โรคผิวหนังอักเสบ,80+,ชาย,1126
นนทบุรี,โรคผิวหนังอักเสบ,80+,หญิง,1755
นนทบุรี,โรคผิวหนังอักเสบ,ไม่ทราบ,ชาย,2
นนทบุรี,โรคผิวหนังอักเสบ,ไม่ทราบ,หญิง,1
นนทบุรี,โรคผิวหนังอักเสบ,ไม่ทราบ,ไม่ระบุ,6124
นนทบุรี,โรคลมพิษ,0-4,ชาย,1015
นนทบุรี,โรคลมพิษ,0-4,หญิง,903
นนทบุรี,โรคลมพิษ,10-14,ชาย,667
นนทบุรี,โรคลมพิษ,10-14,หญิง,577
นนทบุรี,โรคลมพิษ,15-19,ชาย,512
นนทบุรี,โรคลมพิษ,15-19,หญิง,832
นนทบุรี,โรคลมพิษ,20-24,ชาย,443
นนทบุรี,โรคลมพิษ,20-24,หญิง,1007
นนทบุรี,โรคลมพิษ,25-29,ชาย,438
นนทบุรี,โรคลมพิษ,25-29,หญิง,1133
นนทบุรี,โรคลมพิษ,30-34,ชาย,416
นนทบุรี,โรคลมพิษ,30-34,หญิง,968
นนทบุรี,โรคลมพิษ,35-39,ชาย,375
นนทบุรี,โรคลมพิษ,35-39,หญิง,918
นนทบุรี,โรคลมพิษ,40-44,ชาย,426
นนทบุรี,โรคลมพิษ,40-44,หญิง,953
นนทบุรี,โรคลมพิษ,45-49,ชาย,416
นนทบุรี,โรคลมพิษ,45-49,หญิง,929
นนทบุรี,โรคลมพิษ,5-9,ชาย,839
นนทบุรี,โรคลมพิษ,5-9,หญิง,698
นนทบุรี,โรคลมพิษ,50-54,ชาย,332
นนทบุรี,โรคลมพิษ,50-54,หญิง,876
นนทบุรี,โรคลมพิษ,55-59,ชาย,403
นนทบุรี,โรคลมพิษ,55-59,หญิง,895
นนทบุรี,โรคลมพิษ,60-64,ชาย,454
นนทบุรี,โรคลมพิษ,60-64,หญิง,798
นนทบุรี,โรคลมพิษ,65-69,ชาย,366
นนทบุรี,โรคลมพิษ,65-69,หญิง,671
นนทบุรี,โรคลมพิษ,70-74,ชาย,324
นนทบุรี,โรคลมพิษ,70-74,หญิง,438
นนทบุรี,โรคลมพิษ,75-79,ชาย,128
นนทบุรี,โรคลมพิษ,75-79,หญิง,294
นนทบุรี,โรคลมพิษ,80+,ชาย,126
นนทบุรี,โรคลมพิษ,80+,หญิง,240
นนทบุรี,โรคลมพิษ,ไม่ทราบ,หญิง,1
นนทบุรี,โรคลมพิษ,ไม่ทราบ,ไม่ระบุ,3192
นนทบุรี,โรคหอบหืด,0-4,ชาย,2226
นนทบุรี,โรคหอบหืด,0-4,หญิง,1137
นนทบุรี,โรคหอบหืด,10-14,ชาย,2092
นนทบุรี,โรคหอบหืด,10-14,หญิง,1213
นนทบุรี,โรคหอบหืด,15-19,ชาย,896
นนทบุรี,โรคหอบหืด,15-19,หญิง,701
นนทบุรี,โรคหอบหืด,20-24,ชาย,655
นนทบุรี,โรคหอบหืด,20-24,หญิง,664
นนทบุรี,โรคหอบหืด,25-29,ชาย,716
นนทบุรี,โรคหอบหืด,25-29,หญิง,1038
นนทบุรี,โรคหอบหืด,30-34,ชาย,828
นนทบุรี,โรคหอบหืด,30-34,หญิง,1481
นนทบุรี,โรคหอบหืด,35-39,ชาย,956
นนทบุรี,โรคหอบหืด,35-39,หญิง,1835
นนทบุรี,โรคหอบหืด,40-44,ชาย,1452
นนทบุรี,โรคหอบหืด,40-44,หญิง,2726
นนทบุรี,โรคหอบหืด,45-49,ชาย,2018
นนทบุรี,โรคหอบหืด,45-49,หญิง,3308
นนทบุรี,โรคหอบหืด,5-9,ชาย,3945
นนทบุรี,โรคหอบหืด,5-9,หญิง,2455
นนทบุรี,โรคหอบหืด,50-54,ชาย,2392
นนทบุรี,โรคหอบหืด,50-54,หญิง,4562
นนทบุรี,โรคหอบหืด,55-59,ชาย,2942
นนทบุรี,โรคหอบหืด,55-59,หญิง,6166
นนทบุรี,โรคหอบหืด,55-59,ไม่ระบุ,1
นนทบุรี,โรคหอบหืด,60-64,ชาย,3929
นนทบุรี,โรคหอบหืด,60-64,หญิง,7931
นนทบุรี,โรคหอบหืด,65-69,ชาย,4071
นนทบุรี,โรคหอบหืด,65-69,หญิง,8150
นนทบุรี,โรคหอบหืด,70-74,ชาย,3057
นนทบุรี,โรคหอบหืด,70-74,หญิง,6911
นนทบุรี,โรคหอบหืด,75-79,ชาย,1806
นนทบุรี,โรคหอบหืด,75-79,หญิง,5046
นนทบุรี,โรคหอบหืด,80+,ชาย,1895
นนทบุรี,โรคหอบหืด,80+,หญิง,5822
นนทบุรี,โรคหอบหืด,ไม่ทราบ,ชาย,2
นนทบุรี,โรคหอบหืด,ไม่ทราบ,หญิง,1
นนทบุรี,โรคหอบหืด,ไม่ทราบ,ไม่ระบุ,2375
นนทบุรี,โรคเยื่อจมูกอักเสบจากภูมิแพ้,0-4,ชาย,1791
นนทบุรี,โรคเยื่อจมูกอักเสบจากภูมิแพ้,0-4,หญิง,1488
นนทบุรี,โรคเยื่อจมูกอักเสบจากภูมิแพ้,10-14,ชาย,3673
นนทบุรี,โรคเยื่อจมูกอักเสบจากภูมิแพ้,10-14,หญิง,2063
นนทบุรี,โรคเยื่อจมูกอักเสบจากภูมิแพ้,15-19,ชาย,1276
นนทบุรี,โรคเยื่อจมูกอักเสบจากภูมิแพ้,15-19,หญิง,1344
นนทบุรี,โรคเยื่อจมูกอักเสบจากภูมิแพ้,20-24,ชาย,848
นนทบุรี,โรคเยื่อจมูกอักเสบจากภูมิแพ้,20-24,หญิง,1172
นนทบุรี,โรคเยื่อจมูกอักเสบจากภูมิแพ้,25-29,ชาย,1608
นนทบุรี,โรคเยื่อจมูกอักเสบจากภูมิแพ้,25-29,หญิง,1712
นนทบุรี,โรคเยื่อจมูกอักเสบจากภูมิแพ้,30-34,ชาย,2205
นนทบุรี,โรคเยื่อจมูกอักเสบจากภูมิแพ้,30-34,หญิง,1941
นนทบุรี,โรคเยื่อจมูกอักเสบจากภูมิแพ้,35-39,ชาย,2380
นนทบุรี,โรคเยื่อจมูกอักเสบจากภูมิแพ้,35-39,หญิง,1986
นนทบุรี,โรคเยื่อจมูกอักเสบจากภูมิแพ้,40-44,ชาย,2168
นนทบุรี,โรคเยื่อจมูกอักเสบจากภูมิแพ้,40-44,หญิง,2217
นนทบุรี,โรคเยื่อจมูกอักเสบจากภูมิแพ้,45-49,ชาย,1710
นนทบุรี,โรคเยื่อจมูกอักเสบจากภูมิแพ้,45-49,หญิง,2344
นนทบุรี,โรคเยื่อจมูกอักเสบจากภูมิแพ้,5-9,ชาย,4883
นนทบุรี,โรคเยื่อจมูกอักเสบจากภูมิแพ้,5-9,หญิง,3133
นนทบุรี,โรคเยื่อจมูกอักเสบจากภูมิแพ้,50-54,ชาย,1504
นนทบุรี,โรคเยื่อจมูกอักเสบจากภูมิแพ้,50-54,หญิง,2200
นนทบุรี,โรคเยื่อจมูกอักเสบจากภูมิแพ้,55-59,ชาย,1513
นนทบุรี,โรคเยื่อจมูกอักเสบจากภูมิแพ้,55-59,หญิง,2515
นนทบุรี,โรคเยื่อจมูกอักเสบจากภูมิแพ้,60-64,ชาย,1859
นนทบุรี,โรคเยื่อจมูกอักเสบจากภูมิแพ้,60-64,หญิง,2765
นนทบุรี,โรคเยื่อจมูกอักเสบจากภูมิแพ้,65-69,ชาย,1820
นนทบุรี,โรคเยื่อจมูกอักเสบจากภูมิแพ้,65-69,หญิง,2512
นนทบุรี,โรคเยื่อจมูกอักเสบจากภูมิแพ้,70-74,ชาย,1463
นนทบุรี,โรคเยื่อจมูกอักเสบจากภูมิแพ้,70-74,หญิง,1845
นนทบุรี,โรคเยื่อจมูกอักเสบจากภูมิแพ้,75-79,ชาย,728
นนทบุรี,โรคเยื่อจมูกอักเสบจากภูมิแพ้,75-79,หญิง,1068
นนทบุรี,โรคเยื่อจมูกอักเสบจากภูมิแพ้,80+,ชาย,625
นนทบุรี,โรคเยื่อจมูกอักเสบจากภูมิแพ้,80+,หญิง,819
นนทบุรี,โรคเยื่อจมูกอักเสบจากภูมิแพ้,ไม่ทราบ,ชาย,22
นนทบุรี,โรคเยื่อจมูกอักเสบจากภูมิแพ้,ไม่ทราบ,หญิง,1
นนทบุรี,โรคเยื่อจมูกอักเสบจากภูมิแพ้,ไม่ทราบ,ไม่ระบุ,8570
นนทบุรี,โรคเยื่อบุตาอักเสบ,0-4,ชาย,1774
นนทบุรี,โรคเยื่อบุตาอักเสบ,0-4,หญิง,1450
นนทบุรี,โรคเยื่อบุตาอักเสบ,10-14,ชาย,1321
นนทบุรี,โรคเยื่อบุตาอักเสบ,10-14,หญิง,1147
นนทบุรี,โรคเยื่อบุตาอักเสบ,15-19,ชาย,1173
นนทบุรี,โรคเยื่อบุตาอักเสบ,15-19,หญิง,1397
นนทบุรี,โรคเยื่อบุตาอักเสบ,20-24,ชาย,1274
นนทบุรี,โรคเยื่อบุตาอักเสบ,20-24,หญิง,1453
นนทบุรี,โรคเยื่อบุตาอักเสบ,25-29,ชาย,1407
นนทบุรี,โรคเยื่อบุตาอักเสบ,25-29,หญิง,1492
นนทบุรี,โรคเยื่อบุตาอักเสบ,30-34,ชาย,1313
นนทบุรี,โรคเยื่อบุตาอักเสบ,30-34,หญิง,1367
นนทบุรี,โรคเยื่อบุตาอักเสบ,35-39,ชาย,1191
นนทบุรี,โรคเยื่อบุตาอักเสบ,35-39,หญิง,1258
นนทบุรี,โรคเยื่อบุตาอักเสบ,40-44,ชาย,1321
นนทบุรี,โรคเยื่อบุตาอักเสบ,40-44,หญิง,1310
นนทบุรี,โรคเยื่อบุตาอักเสบ,45-49,ชาย,1206
นนทบุรี,โรคเยื่อบุตาอักเสบ,45-49,หญิง,1486
นนทบุรี,โรคเยื่อบุตาอักเสบ,5-9,ชาย,2014
นนทบุรี,โรคเยื่อบุตาอักเสบ,5-9,หญิง,1363
นนทบุรี,โรคเยื่อบุตาอักเสบ,50-54,ชาย,1138
นนทบุรี,โรคเยื่อบุตาอักเสบ,50-54,หญิง,1831
นนทบุรี,โรคเยื่อบุตาอักเสบ,55-59,ชาย,1105
นนทบุรี,โรคเยื่อบุตาอักเสบ,55-59,หญิง,2201
นนทบุรี,โรคเยื่อบุตาอักเสบ,60-64,ชาย,1080
นนทบุรี,โรคเยื่อบุตาอักเสบ,60-64,หญิง,2394
นนทบุรี,โรคเยื่อบุตาอักเสบ,65-69,ชาย,1062
นนทบุรี,โรคเยื่อบุตาอักเสบ,65-69,หญิง,2081
นนทบุรี,โรคเยื่อบุตาอักเสบ,70-74,ชาย,841
นนทบุรี,โรคเยื่อบุตาอักเสบ,70-74,หญิง,1714
นนทบุรี,โรคเยื่อบุตาอักเสบ,75-79,ชาย,622
นนทบุรี,โรคเยื่อบุตาอักเสบ,75-79,หญิง,1090
นนทบุรี,โรคเยื่อบุตาอักเสบ,80+,ชาย,496
นนทบุรี,โรคเยื่อบุตาอักเสบ,80+,หญิง,1054
นนทบุรี,โรคเยื่อบุตาอักเสบ,ไม่ทราบ,ชาย,2
นนทบุรี,โรคเยื่อบุตาอักเสบ,ไม่ทราบ,หญิง,4
นนทบุรี,โรคเยื่อบุตาอักเสบ,ไม่ทราบ,ไม่ระบุ,6335
นราธิวาส,โรคติดเชื้อทางเดินหายใจส่วนบนเฉียบพลัน,0-4,ชาย,83226
นราธิวาส,โรคติดเชื้อทางเดินหายใจส่วนบนเฉียบพลัน,0-4,หญิง,74634
นราธิวาส,โรคติดเชื้อทางเดินหายใจส่วนบนเฉียบพลัน,10-14,ชาย,26424
นราธิวาส,โรคติดเชื้อทางเดินหายใจส่วนบนเฉียบพลัน,10-14,หญิง,26269
นราธิวาส,โรคติดเชื้อทางเดินหายใจส่วนบนเฉียบพลัน,15-19,ชาย,10385
นราธิวาส,โรคติดเชื้อทางเดินหายใจส่วนบนเฉียบพลัน,15-19,หญิง,15414
นราธิวาส,โรคติดเชื้อทางเดินหายใจส่วนบนเฉียบพลัน,20-24,ชาย,6647
นราธิวาส,โรคติดเชื้อทางเดินหายใจส่วนบนเฉียบพลัน,20-24,หญิง,13912
นราธิวาส,โรคติดเชื้อทางเดินหายใจส่วนบนเฉียบพลัน,25-29,ชาย,7398
นราธิวาส,โรคติดเชื้อทางเดินหายใจส่วนบนเฉียบพลัน,25-29,หญิง,20187
นราธิวาส,โรคติดเชื้อทางเดินหายใจส่วนบนเฉียบพลัน,30-34,ชาย,7446
นราธิวาส,โรคติดเชื้อทางเดินหายใจส่วนบนเฉียบพลัน,30-34,หญิง,23475
นราธิวาส,โรคติดเชื้อทางเดินหายใจส่วนบนเฉียบพลัน,30-34,ไม่ระบุ,1
นราธิวาส,โรคติดเชื้อทางเดินหายใจส่วนบนเฉียบพลัน,35-39,ชาย,7552
นราธิวาส,โรคติดเชื้อทางเดินหายใจส่วนบนเฉียบพลัน,35-39,หญิง,25639
นราธิวาส,โรคติดเชื้อทางเดินหายใจส่วนบนเฉียบพลัน,40-44,ชาย,7371
นราธิวาส,โรคติดเชื้อทางเดินหายใจส่วนบนเฉียบพลัน,40-44,หญิง,22861
นราธิวาส,โรคติดเชื้อทางเดินหายใจส่วนบนเฉียบพลัน,45-49,ชาย,7083
นราธิวาส,โรคติดเชื้อทางเดินหายใจส่วนบนเฉียบพลัน,45-49,หญิง,21248
นราธิวาส,โรคติดเชื้อทางเดินหายใจส่วนบนเฉียบพลัน,45-49,ไม่ระบุ,2
นราธิวาส,โรคติดเชื้อทางเดินหายใจส่วนบนเฉียบพลัน,5-9,ชาย,58730
นราธิวาส,โรคติดเชื้อทางเดินหายใจส่วนบนเฉียบพลัน,5-9,หญิง,58300
นราธิวาส,โรคติดเชื้อทางเดินหายใจส่วนบนเฉียบพลัน,50-54,ชาย,8236
นราธิวาส,โรคติดเชื้อทางเดินหายใจส่วนบนเฉียบพลัน,50-54,หญิง,20013
นราธิวาส,โรคติดเชื้อทางเดินหายใจส่วนบนเฉียบพลัน,55-59,ชาย,8121
นราธิวาส,โรคติดเชื้อทางเดินหายใจส่วนบนเฉียบพลัน,55-59,หญิง,16363
นราธิวาส,โรคติดเชื้อทางเดินหายใจส่วนบนเฉียบพลัน,60-64,ชาย,7684
นราธิวาส,โรคติดเชื้อทางเดินหายใจส่วนบนเฉียบพลัน,60-64,หญิง,11980
นราธิวาส,โรคติดเชื้อทางเดินหายใจส่วนบนเฉียบพลัน,65-69,ชาย,5851
นราธิวาส,โรคติดเชื้อทางเดินหายใจส่วนบนเฉียบพลัน,65-69,หญิง,7676
นราธิวาส,โรคติดเชื้อทางเดินหายใจส่วนบนเฉียบพลัน,70-74,ชาย,5155
นราธิวาส,โรคติดเชื้อทางเดินหายใจส่วนบนเฉียบพลัน,70-74,หญิง,5917
นราธิวาส,โรคติดเชื้อทางเดินหายใจส่วนบนเฉียบพลัน,75-79,ชาย,2828
นราธิวาส,โรคติดเชื้อทางเดินหายใจส่วนบนเฉียบพลัน,75-79,หญิง,2970
นราธิวาส,โรคติดเชื้อทางเดินหายใจส่วนบนเฉียบพลัน,80+,ชาย,2429
นราธิวาส,โรคติดเชื้อทางเดินหายใจส่วนบนเฉียบพลัน,80+,หญิง,3019
นราธิวาส,โรคติดเชื้อทางเดินหายใจส่วนบนเฉียบพลัน,ไม่ทราบ,ชาย,55
นราธิวาส,โรคติดเชื้อทางเดินหายใจส่วนบนเฉียบพลัน,ไม่ทราบ,หญิง,51
นราธิวาส,โรคติดเชื้อทางเดินหายใจส่วนบนเฉียบพลัน,ไม่ทราบ,ไม่ระบุ,1638
นราธิวาส,โรคปอดอุดกั้นเรื้อรัง,0-4,ชาย,52
นราธิวาส,โรคปอดอุดกั้นเรื้อรัง,0-4,หญิง,43
นราธิวาส,โรคปอดอุดกั้นเรื้อรัง,10-14,ชาย,1
นราธิวาส,โรคปอดอุดกั้นเรื้อรัง,10-14,หญิง,1
นราธิวาส,โรคปอดอุดกั้นเรื้อรัง,15-19,ชาย,7
นราธิวาส,โรคปอดอุดกั้นเรื้อรัง,15-19,หญิง,11
นราธิวาส,โรคปอดอุดกั้นเรื้อรัง,20-24,ชาย,26
นราธิวาส,โรคปอดอุดกั้นเรื้อรัง,20-24,หญิง,13
นราธิวาส,โรคปอดอุดกั้นเรื้อรัง,25-29,ชาย,72
นราธิวาส,โรคปอดอุดกั้นเรื้อรัง,25-29,หญิง,23
นราธิวาส,โรคปอดอุดกั้นเรื้อรัง,30-34,ชาย,148
นราธิวาส,โรคปอดอุดกั้นเรื้อรัง,30-34,หญิง,23
นราธิวาส,โรคปอดอุดกั้นเรื้อรัง,35-39,ชาย,382
นราธิวาส,โรคปอดอุดกั้นเรื้อรัง,35-39,หญิง,43
นราธิวาส,โรคปอดอุดกั้นเรื้อรัง,40-44,ชาย,825
นราธิวาส,โรคปอดอุดกั้นเรื้อรัง,40-44,หญิง,131
นราธิวาส,โรคปอดอุดกั้นเรื้อรัง,45-49,ชาย,1159
นราธิวาส,โรคปอดอุดกั้นเรื้อรัง,45-49,หญิง,302
นราธิวาส,โรคปอดอุดกั้นเรื้อรัง,5-9,ชาย,16
นราธิวาส,โรคปอดอุดกั้นเรื้อรัง,5-9,หญิง,12
นราธิวาส,โรคปอดอุดกั้นเรื้อรัง,50-54,ชาย,2244
นราธิวาส,โรคปอดอุดกั้นเรื้อรัง,50-54,หญิง,486
นราธิวาส,โรคปอดอุดกั้นเรื้อรัง,55-59,ชาย,4069
นราธิวาส,โรคปอดอุดกั้นเรื้อรัง,55-59,หญิง,710
นราธิวาส,โรคปอดอุดกั้นเรื้อรัง,60-64,ชาย,5553
นราธิวาส,โรคปอดอุดกั้นเรื้อรัง,60-64,หญิง,1492
นราธิวาส,โรคปอดอุดกั้นเรื้อรัง,65-69,ชาย,6150
นราธิวาส,โรคปอดอุดกั้นเรื้อรัง,65-69,หญิง,1580
นราธิวาส,โรคปอดอุดกั้นเรื้อรัง,70-74,ชาย,6205
นราธิวาส,โรคปอดอุดกั้นเรื้อรัง,70-74,หญิง,2489
นราธิวาส,โรคปอดอุดกั้นเรื้อรัง,75-79,ชาย,3996
นราธิวาส,โรคปอดอุดกั้นเรื้อรัง,75-79,หญิง,1858
นราธิวาส,โรคปอดอุดกั้นเรื้อรัง,80+,ชาย,4200
นราธิวาส,โรคปอดอุดกั้นเรื้อรัง,80+,หญิง,2437
นราธิวาส,โรคปอดอุดกั้นเรื้อรัง,ไม่ทราบ,ชาย,6
นราธิวาส,โรคปอดอุดกั้นเรื้อรัง,ไม่ทราบ,หญิง,2
นราธิวาส,โรคปอดอุดกั้นเรื้อรัง,ไม่ทราบ,ไม่ระบุ,125
นราธิวาส,โรคผิวหนังอักเสบ,0-4,ชาย,2342
นราธิวาส,โรคผิวหนังอักเสบ,0-4,หญิง,2044
นราธิวาส,โรคผิวหนังอักเสบ,10-14,ชาย,1465
นราธิวาส,โรคผิวหนังอักเสบ,10-14,หญิง,1321
นราธิวาส,โรคผิวหนังอักเสบ,15-19,ชาย,688
นราธิวาส,โรคผิวหนังอักเสบ,15-19,หญิง,1155
นราธิวาส,โรคผิวหนังอักเสบ,20-24,ชาย,442
นราธิวาส,โรคผิวหนังอักเสบ,20-24,หญิง,820
นราธิวาส,โรคผิวหนังอักเสบ,25-29,ชาย,439
นราธิวาส,โรคผิวหนังอักเสบ,25-29,หญิง,992
นราธิวาส,โรคผิวหนังอักเสบ,30-34,ชาย,475
นราธิวาส,โรคผิวหนังอักเสบ,30-34,หญิง,1120
นราธิวาส,โรคผิวหนังอักเสบ,35-39,ชาย,540
นราธิวาส,โรคผิวหนังอักเสบ,35-39,หญิง,1271
นราธิวาส,โรคผิวหนังอักเสบ,40-44,ชาย,582
นราธิวาส,โรคผิวหนังอักเสบ,40-44,หญิง,1212
นราธิวาส,โรคผิวหนังอักเสบ,45-49,ชาย,569
นราธิวาส,โรคผิวหนังอักเสบ,45-49,หญิง,1191
นราธิวาส,โรคผิวหนังอักเสบ,5-9,ชาย,2061
นราธิวาส,โรคผิวหนังอักเสบ,5-9,หญิง,1802
นราธิวาส,โรคผิวหนังอักเสบ,50-54,ชาย,591
นราธิวาส,โรคผิวหนังอักเสบ,50-54,หญิง,1197
นราธิวาส,โรคผิวหนังอักเสบ,55-59,ชาย,646
นราธิวาส,โรคผิวหนังอักเสบ,55-59,หญิง,1035
นราธิวาส,โรคผิวหนังอักเสบ,60-64,ชาย,659
นราธิวาส,โรคผิวหนังอักเสบ,60-64,หญิง,835
นราธิวาส,โรคผิวหนังอักเสบ,65-69,ชาย,526
นราธิวาส,โรคผิวหนังอักเสบ,65-69,หญิง,515
นราธิวาส,โรคผิวหนังอักเสบ,70-74,ชาย,489
นราธิวาส,โรคผิวหนังอักเสบ,70-74,หญิง,442
นราธิวาส,โรคผิวหนังอักเสบ,75-79,ชาย,287
นราธิวาส,โรคผิวหนังอักเสบ,75-79,หญิง,224
นราธิวาส,โรคผิวหนังอักเสบ,80+,ชาย,273
นราธิวาส,โรคผิวหนังอักเสบ,80+,หญิง,263
นราธิวาส,โรคผิวหนังอักเสบ,ไม่ทราบ,ชาย,11
นราธิวาส,โรคผิวหนังอักเสบ,ไม่ทราบ,หญิง,4
นราธิวาส,โรคผิวหนังอักเสบ,ไม่ทราบ,ไม่ระบุ,79
นราธิวาส,โรคลมพิษ,0-4,ชาย,1563
นราธิวาส,โรคลมพิษ,0-4,หญิง,1337
นราธิวาส,โรคลมพิษ,10-14,ชาย,1088
นราธิวาส,โรคลมพิษ,10-14,หญิง,1213
นราธิวาส,โรคลมพิษ,15-19,ชาย,676
นราธิวาส,โรคลมพิษ,15-19,หญิง,1248
นราธิวาส,โรคลมพิษ,20-24,ชาย,372
นราธิวาส,โรคลมพิษ,20-24,หญิง,990
นราธิวาส,โรคลมพิษ,25-29,ชาย,371
นราธิวาส,โรคลมพิษ,25-29,หญิง,1126
นราธิวาส,โรคลมพิษ,30-34,ชาย,401
นราธิวาส,โรคลมพิษ,30-34,หญิง,1183
นราธิวาส,โรคลมพิษ,35-39,ชาย,342
นราธิวาส,โรคลมพิษ,35-39,หญิง,1165
นราธิวาส,โรคลมพิษ,40-44,ชาย,338
นราธิวาส,โรคลมพิษ,40-44,หญิง,933
นราธิวาส,โรคลมพิษ,45-49,ชาย,281
นราธิวาส,โรคลมพิษ,45-49,หญิง,831
นราธิวาส,โรคลมพิษ,5-9,ชาย,1404
นราธิวาส,โรคลมพิษ,5-9,หญิง,1326
นราธิวาส,โรคลมพิษ,50-54,ชาย,281
นราธิวาส,โรคลมพิษ,50-54,หญิง,686
นราธิวาส,โรคลมพิษ,55-59,ชาย,292
นราธิวาส,โรคลมพิษ,55-59,หญิง,533
นราธิวาส,โรคลมพิษ,60-64,ชาย,222
นราธิวาส,โรคลมพิษ,60-64,หญิง,375
นราธิวาส,โรคลมพิษ,65-69,ชาย,167
นราธิวาส,โรคลมพิษ,65-69,หญิง,233
นราธิวาส,โรคลมพิษ,70-74,ชาย,134
นราธิวาส,โรคลมพิษ,70-74,หญิง,174
นราธิวาส,โรคลมพิษ,75-79,ชาย,57
นราธิวาส,โรคลมพิษ,75-79,หญิง,93
นราธิวาส,โรคลมพิษ,80+,ชาย,53
นราธิวาส,โรคลมพิษ,80+,หญิง,76
นราธิวาส,โรคลมพิษ,ไม่ทราบ,ชาย,1
นราธิวาส,โรคลมพิษ,ไม่ทราบ,หญิง,1
นราธิวาส,โรคลมพิษ,ไม่ทราบ,ไม่ระบุ,98
นราธิวาส,โรคหอบหืด,0-4,ชาย,6911
นราธิวาส,โรคหอบหืด,0-4,หญิง,4265
นราธิวาส,โรคหอบหืด,10-14,ชาย,2079
นราธิวาส,โรคหอบหืด,10-14,หญิง,1562
นราธิวาส,โรคหอบหืด,15-19,ชาย,802
นราธิวาส,โรคหอบหืด,15-19,หญิง,1056
นราธิวาส,โรคหอบหืด,20-24,ชาย,764
นราธิวาส,โรคหอบหืด,20-24,หญิง,1176
นราธิวาส,โรคหอบหืด,25-29,ชาย,871
นราธิวาส,โรคหอบหืด,25-29,หญิง,1709
นราธิวาส,โรคหอบหืด,30-34,ชาย,975
นราธิวาส,โรคหอบหืด,30-34,หญิง,2391
นราธิวาส,โรคหอบหืด,35-39,ชาย,1343
นราธิวาส,โรคหอบหืด,35-39,หญิง,2695
นราธิวาส,โรคหอบหืด,40-44,ชาย,1188
นราธิวาส,โรคหอบหืด,40-44,หญิง,3377
นราธิวาส,โรคหอบหืด,45-49,ชาย,1027
นราธิวาส,โรคหอบหืด,45-49,หญิง,3409
นราธิวาส,โรคหอบหืด,5-9,ชาย,4679
นราธิวาส,โรคหอบหืด,5-9,หญิง,3316
นราธิวาส,โรคหอบหืด,50-54,ชาย,1046
นราธิวาส,โรคหอบหืด,50-54,หญิง,3743
นราธิวาส,โรคหอบหืด,55-59,ชาย,965
นราธิวาส,โรคหอบหืด,55-59,หญิง,3397
นราธิวาส,โรคหอบหืด,60-64,ชาย,790
นราธิวาส,โรคหอบหืด,60-64,หญิง,2708
นราธิวาส,โรคหอบหืด,65-69,ชาย,347
นราธิวาส,โรคหอบหืด,65-69,หญิง,1633
นราธิวาส,โรคหอบหืด,70-74,ชาย,523
นราธิวาส,โรคหอบหืด,70-74,หญิง,1490
นราธิวาส,โรคหอบหืด,75-79,ชาย,216
นราธิวาส,โรคหอบหืด,75-79,หญิง,743
นราธิวาส,โรคหอบหืด,80+,ชาย,147
นราธิวาส,โรคหอบหืด,80+,หญิง,522
นราธิวาส,โรคหอบหืด,ไม่ทราบ,ชาย,4
นราธิวาส,โรคหอบหืด,ไม่ทราบ,หญิง,2
นราธิวาส,โรคหอบหืด,ไม่ทราบ,ไม่ระบุ,150
นราธิวาส,โรคเยื่อจมูกอักเสบจากภูมิแพ้,0-4,ชาย,563
นราธิวาส,โรคเยื่อจมูกอักเสบจากภูมิแพ้,0-4,หญิง,549
นราธิวาส,โรคเยื่อจมูกอักเสบจากภูมิแพ้,10-14,ชาย,476
นราธิวาส,โรคเยื่อจมูกอักเสบจากภูมิแพ้,10-14,หญิง,427
นราธิวาส,โรคเยื่อจมูกอักเสบจากภูมิแพ้,15-19,ชาย,175
นราธิวาส,โรคเยื่อจมูกอักเสบจากภูมิแพ้,15-19,หญิง,337
นราธิวาส,โรคเยื่อจมูกอักเสบจากภูมิแพ้,20-24,ชาย,145
นราธิวาส,โรคเยื่อจมูกอักเสบจากภูมิแพ้,20-24,หญิง,343
นราธิวาส,โรคเยื่อจมูกอักเสบจากภูมิแพ้,25-29,ชาย,164
นราธิวาส,โรคเยื่อจมูกอักเสบจากภูมิแพ้,25-29,หญิง,543
นราธิวาส,โรคเยื่อจมูกอักเสบจากภูมิแพ้,30-34,ชาย,199
นราธิวาส,โรคเยื่อจมูกอักเสบจากภูมิแพ้,30-34,หญิง,552
นราธิวาส,โรคเยื่อจมูกอักเสบจากภูมิแพ้,35-39,ชาย,165
นราธิวาส,โรคเยื่อจมูกอักเสบจากภูมิแพ้,35-39,หญิง,706
นราธิวาส,โรคเยื่อจมูกอักเสบจากภูมิแพ้,40-44,ชาย,189
นราธิวาส,โรคเยื่อจมูกอักเสบจากภูมิแพ้,40-44,หญิง,560
นราธิวาส,โรคเยื่อจมูกอักเสบจากภูมิแพ้,45-49,ชาย,166
นราธิวาส,โรคเยื่อจมูกอักเสบจากภูมิแพ้,45-49,หญิง,571
นราธิวาส,โรคเยื่อจมูกอักเสบจากภูมิแพ้,5-9,ชาย,793
นราธิวาส,โรคเยื่อจมูกอักเสบจากภูมิแพ้,5-9,หญิง,567
นราธิวาส,โรคเยื่อจมูกอักเสบจากภูมิแพ้,50-54,ชาย,125
นราธิวาส,โรคเยื่อจมูกอักเสบจากภูมิแพ้,50-54,หญิง,410
นราธิวาส,โรคเยื่อจมูกอักเสบจากภูมิแพ้,50-54,ไม่ระบุ,1
นราธิวาส,โรคเยื่อจมูกอักเสบจากภูมิแพ้,55-59,ชาย,165
นราธิวาส,โรคเยื่อจมูกอักเสบจากภูมิแพ้,55-59,หญิง,324
นราธิวาส,โรคเยื่อจมูกอักเสบจากภูมิแพ้,60-64,ชาย,174
นราธิวาส,โรคเยื่อจมูกอักเสบจากภูมิแพ้,60-64,หญิง,231
นราธิวาส,โรคเยื่อจมูกอักเสบจากภูมิแพ้,65-69,ชาย,94
นราธิวาส,โรคเยื่อจมูกอักเสบจากภูมิแพ้,65-69,หญิง,129
นราธิวาส,โรคเยื่อจมูกอักเสบจากภูมิแพ้,70-74,ชาย,113
นราธิวาส,โรคเยื่อจมูกอักเสบจากภูมิแพ้,70-74,หญิง,118
นราธิวาส,โรคเยื่อจมูกอักเสบจากภูมิแพ้,75-79,ชาย,33
นราธิวาส,โรคเยื่อจมูกอักเสบจากภูมิแพ้,75-79,หญิง,43
นราธิวาส,โรคเยื่อจมูกอักเสบจากภูมิแพ้,80+,ชาย,35
นราธิวาส,โรคเยื่อจมูกอักเสบจากภูมิแพ้,80+,หญิง,33
นราธิวาส,โรคเยื่อจมูกอักเสบจากภูมิแพ้,ไม่ทราบ,ชาย,2
นราธิวาส,โรคเยื่อจมูกอักเสบจากภูมิแพ้,ไม่ทราบ,ไม่ระบุ,25
นราธิวาส,โรคเยื่อบุตาอักเสบ,0-4,ชาย,1718
นราธิวาส,โรคเยื่อบุตาอักเสบ,0-4,หญิง,1299
นราธิวาส,โรคเยื่อบุตาอักเสบ,10-14,ชาย,2015
นราธิวาส,โรคเยื่อบุตาอักเสบ,10-14,หญิง,1742
นราธิวาส,โรคเยื่อบุตาอักเสบ,15-19,ชาย,991
นราธิวาส,โรคเยื่อบุตาอักเสบ,15-19,หญิง,1365
นราธิวาส,โรคเยื่อบุตาอักเสบ,20-24,ชาย,757
นราธิวาส,โรคเยื่อบุตาอักเสบ,20-24,หญิง,921
นราธิวาส,โรคเยื่อบุตาอักเสบ,25-29,ชาย,889
นราธิวาส,โรคเยื่อบุตาอักเสบ,25-29,หญิง,1323
นราธิวาส,โรคเยื่อบุตาอักเสบ,30-34,ชาย,988
นราธิวาส,โรคเยื่อบุตาอักเสบ,30-34,หญิง,1576
นราธิวาส,โรคเยื่อบุตาอักเสบ,35-39,ชาย,1076
นราธิวาส,โรคเยื่อบุตาอักเสบ,35-39,หญิง,1589
นราธิวาส,โรคเยื่อบุตาอักเสบ,40-44,ชาย,961
นราธิวาส,โรคเยื่อบุตาอักเสบ,40-44,หญิง,1423
นราธิวาส,โรคเยื่อบุตาอักเสบ,45-49,ชาย,853
นราธิวาส,โรคเยื่อบุตาอักเสบ,45-49,หญิง,1244
นราธิวาส,โรคเยื่อบุตาอักเสบ,5-9,ชาย,2428
นราธิวาส,โรคเยื่อบุตาอักเสบ,5-9,หญิง,1847
นราธิวาส,โรคเยื่อบุตาอักเสบ,50-54,ชาย,873
นราธิวาส,โรคเยื่อบุตาอักเสบ,50-54,หญิง,1247
นราธิวาส,โรคเยื่อบุตาอักเสบ,55-59,ชาย,840
นราธิวาส,โรคเยื่อบุตาอักเสบ,55-59,หญิง,1114
นราธิวาส,โรคเยื่อบุตาอักเสบ,60-64,ชาย,688
นราธิวาส,โรคเยื่อบุตาอักเสบ,60-64,หญิง,836
นราธิวาส,โรคเยื่อบุตาอักเสบ,65-69,ชาย,534
นราธิวาส,โรคเยื่อบุตาอักเสบ,65-69,หญิง,571
นราธิวาส,โรคเยื่อบุตาอักเสบ,70-74,ชาย,474
นราธิวาส,โรคเยื่อบุตาอักเสบ,70-74,หญิง,470
นราธิวาส,โรคเยื่อบุตาอักเสบ,75-79,ชาย,229
นราธิวาส,โรคเยื่อบุตาอักเสบ,75-79,หญิง,324
นราธิวาส,โรคเยื่อบุตาอักเสบ,80+,ชาย,239
นราธิวาส,โรคเยื่อบุตาอักเสบ,80+,หญิง,375
นราธิวาส,โรคเยื่อบุตาอักเสบ,ไม่ทราบ,ชาย,1
นราธิวาส,โรคเยื่อบุตาอักเสบ,ไม่ทราบ,หญิง,6
นราธิวาส,โรคเยื่อบุตาอักเสบ,ไม่ทราบ,ไม่ระบุ,112
น่าน,โรคติดเชื้อทางเดินหายใจส่วนบนเฉียบพลัน,0-4,ชาย,49144
น่าน,โรคติดเชื้อทางเดินหายใจส่วนบนเฉียบพลัน,0-4,หญิง,43596
น่าน,โรคติดเชื้อทางเดินหายใจส่วนบนเฉียบพลัน,10-14,ชาย,19598
น่าน,โรคติดเชื้อทางเดินหายใจส่วนบนเฉียบพลัน,10-14,หญิง,17291
น่าน,โรคติดเชื้อทางเดินหายใจส่วนบนเฉียบพลัน,15-19,ชาย,8637
น่าน,โรคติดเชื้อทางเดินหายใจส่วนบนเฉียบพลัน,15-19,หญิง,9837
น่าน,โรคติดเชื้อทางเดินหายใจส่วนบนเฉียบพลัน,20-24,ชาย,4595
น่าน,โรคติดเชื้อทางเดินหายใจส่วนบนเฉียบพลัน,20-24,หญิง,6209
น่าน,โรคติดเชื้อทางเดินหายใจส่วนบนเฉียบพลัน,25-29,ชาย,5171
น่าน,โรคติดเชื้อทางเดินหายใจส่วนบนเฉียบพลัน,25-29,หญิง,9423
น่าน,โรคติดเชื้อทางเดินหายใจส่วนบนเฉียบพลัน,30-34,ชาย,5311
น่าน,โรคติดเชื้อทางเดินหายใจส่วนบนเฉียบพลัน,30-34,หญิง,10111
น่าน,โรคติดเชื้อทางเดินหายใจส่วนบนเฉียบพลัน,35-39,ชาย,5521
น่าน,โรคติดเชื้อทางเดินหายใจส่วนบนเฉียบพลัน,35-39,หญิง,10357
น่าน,โรคติดเชื้อทางเดินหายใจส่วนบนเฉียบพลัน,40-44,ชาย,5729
น่าน,โรคติดเชื้อทางเดินหายใจส่วนบนเฉียบพลัน,40-44,หญิง,10355
น่าน,โรคติดเชื้อทางเดินหายใจส่วนบนเฉียบพลัน,45-49,ชาย,5759
น่าน,โรคติดเชื้อทางเดินหายใจส่วนบนเฉียบพลัน,45-49,หญิง,10746
น่าน,โรคติดเชื้อทางเดินหายใจส่วนบนเฉียบพลัน,5-9,ชาย,34530
น่าน,โรคติดเชื้อทางเดินหายใจส่วนบนเฉียบพลัน,5-9,หญิง,31690
น่าน,โรคติดเชื้อทางเดินหายใจส่วนบนเฉียบพลัน,5-9,ไม่ระบุ,5
น่าน,โรคติดเชื้อทางเดินหายใจส่วนบนเฉียบพลัน,50-54,ชาย,6398
น่าน,โรคติดเชื้อทางเดินหายใจส่วนบนเฉียบพลัน,50-54,หญิง,12344
น่าน,โรคติดเชื้อทางเดินหายใจส่วนบนเฉียบพลัน,55-59,ชาย,8219
น่าน,โรคติดเชื้อทางเดินหายใจส่วนบนเฉียบพลัน,55-59,หญิง,14631
น่าน,โรคติดเชื้อทางเดินหายใจส่วนบนเฉียบพลัน,60-64,ชาย,8860
น่าน,โรคติดเชื้อทางเดินหายใจส่วนบนเฉียบพลัน,60-64,หญิง,12735
น่าน,โรคติดเชื้อทางเดินหายใจส่วนบนเฉียบพลัน,65-69,ชาย,8285
น่าน,โรคติดเชื้อทางเดินหายใจส่วนบนเฉียบพลัน,65-69,หญิง,10144
น่าน,โรคติดเชื้อทางเดินหายใจส่วนบนเฉียบพลัน,70-74,ชาย,5646
น่าน,โรคติดเชื้อทางเดินหายใจส่วนบนเฉียบพลัน,70-74,หญิง,5904
น่าน,โรคติดเชื้อทางเดินหายใจส่วนบนเฉียบพลัน,75-79,ชาย,3334
น่าน,โรคติดเชื้อทางเดินหายใจส่วนบนเฉียบพลัน,75-79,หญิง,3238
น่าน,โรคติดเชื้อทางเดินหายใจส่วนบนเฉียบพลัน,80+,ชาย,3493
น่าน,โรคติดเชื้อทางเดินหายใจส่วนบนเฉียบพลัน,80+,หญิง,3487
น่าน,โรคติดเชื้อทางเดินหายใจส่วนบนเฉียบพลัน,ไม่ทราบ,ชาย,122
น่าน,โรคติดเชื้อทางเดินหายใจส่วนบนเฉียบพลัน,ไม่ทราบ,หญิง,124
น่าน,โรคติดเชื้อทางเดินหายใจส่วนบนเฉียบพลัน,ไม่ทราบ,ไม่ระบุ,25355
น่าน,โรคปอดอุดกั้นเรื้อรัง,0-4,ชาย,76
น่าน,โรคปอดอุดกั้นเรื้อรัง,0-4,หญิง,49
น่าน,โรคปอดอุดกั้นเรื้อรัง,10-14,ชาย,5
น่าน,โรคปอดอุดกั้นเรื้อรัง,10-14,หญิง,5
น่าน,โรคปอดอุดกั้นเรื้อรัง,15-19,ชาย,1
น่าน,โรคปอดอุดกั้นเรื้อรัง,15-19,หญิง,1
น่าน,โรคปอดอุดกั้นเรื้อรัง,20-24,หญิง,3
น่าน,โรคปอดอุดกั้นเรื้อรัง,25-29,ชาย,8
น่าน,โรคปอดอุดกั้นเรื้อรัง,25-29,หญิง,1
น่าน,โรคปอดอุดกั้นเรื้อรัง,30-34,ชาย,7
น่าน,โรคปอดอุดกั้นเรื้อรัง,30-34,หญิง,7
น่าน,โรคปอดอุดกั้นเรื้อรัง,35-39,ชาย,46
น่าน,โรคปอดอุดกั้นเรื้อรัง,35-39,หญิง,15
น่าน,โรคปอดอุดกั้นเรื้อรัง,40-44,ชาย,84
น่าน,โรคปอดอุดกั้นเรื้อรัง,40-44,หญิง,27
น่าน,โรคปอดอุดกั้นเรื้อรัง,45-49,ชาย,155
น่าน,โรคปอดอุดกั้นเรื้อรัง,45-49,หญิง,56
น่าน,โรคปอดอุดกั้นเรื้อรัง,5-9,ชาย,32
น่าน,โรคปอดอุดกั้นเรื้อรัง,5-9,หญิง,23
น่าน,โรคปอดอุดกั้นเรื้อรัง,50-54,ชาย,387
น่าน,โรคปอดอุดกั้นเรื้อรัง,50-54,หญิง,173
น่าน,โรคปอดอุดกั้นเรื้อรัง,55-59,ชาย,1069
น่าน,โรคปอดอุดกั้นเรื้อรัง,55-59,หญิง,401
น่าน,โรคปอดอุดกั้นเรื้อรัง,60-64,ชาย,2456
น่าน,โรคปอดอุดกั้นเรื้อรัง,60-64,หญิง,1006
น่าน,โรคปอดอุดกั้นเรื้อรัง,65-69,ชาย,3617
น่าน,โรคปอดอุดกั้นเรื้อรัง,65-69,หญิง,2078
น่าน,โรคปอดอุดกั้นเรื้อรัง,70-74,ชาย,4594
น่าน,โรคปอดอุดกั้นเรื้อรัง,70-74,หญิง,2580
น่าน,โรคปอดอุดกั้นเรื้อรัง,75-79,ชาย,4077
น่าน,โรคปอดอุดกั้นเรื้อรัง,75-79,หญิง,2452
น่าน,โรคปอดอุดกั้นเรื้อรัง,80+,ชาย,5844
น่าน,โรคปอดอุดกั้นเรื้อรัง,80+,หญิง,3976
น่าน,โรคปอดอุดกั้นเรื้อรัง,ไม่ทราบ,ไม่ระบุ,4788
น่าน,โรคผิวหนังอักเสบ,0-4,ชาย,1058
น่าน,โรคผิวหนังอักเสบ,0-4,หญิง,1020
น่าน,โรคผิวหนังอักเสบ,10-14,ชาย,505
น่าน,โรคผิวหนังอักเสบ,10-14,หญิง,472
น่าน,โรคผิวหนังอักเสบ,15-19,ชาย,293
น่าน,โรคผิวหนังอักเสบ,15-19,หญิง,452
น่าน,โรคผิวหนังอักเสบ,20-24,ชาย,215
น่าน,โรคผิวหนังอักเสบ,20-24,หญิง,263
น่าน,โรคผิวหนังอักเสบ,25-29,ชาย,180
น่าน,โรคผิวหนังอักเสบ,25-29,หญิง,421
น่าน,โรคผิวหนังอักเสบ,30-34,ชาย,220
น่าน,โรคผิวหนังอักเสบ,30-34,หญิง,428
น่าน,โรคผิวหนังอักเสบ,35-39,ชาย,235
น่าน,โรคผิวหนังอักเสบ,35-39,หญิง,436
น่าน,โรคผิวหนังอักเสบ,40-44,ชาย,309
น่าน,โรคผิวหนังอักเสบ,40-44,หญิง,520
น่าน,โรคผิวหนังอักเสบ,45-49,ชาย,320
น่าน,โรคผิวหนังอักเสบ,45-49,หญิง,688
น่าน,โรคผิวหนังอักเสบ,5-9,ชาย,686
น่าน,โรคผิวหนังอักเสบ,5-9,หญิง,673
น่าน,โรคผิวหนังอักเสบ,50-54,ชาย,440
น่าน,โรคผิวหนังอักเสบ,50-54,หญิง,908
น่าน,โรคผิวหนังอักเสบ,55-59,ชาย,639
น่าน,โรคผิวหนังอักเสบ,55-59,หญิง,1026
น่าน,โรคผิวหนังอักเสบ,60-64,ชาย,856
น่าน,โรคผิวหนังอักเสบ,60-64,หญิง,985
น่าน,โรคผิวหนังอักเสบ,65-69,ชาย,904
น่าน,โรคผิวหนังอักเสบ,65-69,หญิง,833
น่าน,โรคผิวหนังอักเสบ,70-74,ชาย,667
น่าน,โรคผิวหนังอักเสบ,70-74,หญิง,601
น่าน,โรคผิวหนังอักเสบ,75-79,ชาย,503
น่าน,โรคผิวหนังอักเสบ,75-79,หญิง,366
น่าน,โรคผิวหนังอักเสบ,80+,ชาย,456
น่าน,โรคผิวหนังอักเสบ,80+,หญิง,422
น่าน,โรคผิวหนังอักเสบ,ไม่ทราบ,ชาย,1
น่าน,โรคผิวหนังอักเสบ,ไม่ทราบ,หญิง,2
น่าน,โรคผิวหนังอักเสบ,ไม่ทราบ,ไม่ระบุ,3043
น่าน,โรคลมพิษ,0-4,ชาย,1056
น่าน,โรคลมพิษ,0-4,หญิง,975
น่าน,โรคลมพิษ,10-14,ชาย,681
น่าน,โรคลมพิษ,10-14,หญิง,678
น่าน,โรคลมพิษ,15-19,ชาย,458
น่าน,โรคลมพิษ,15-19,หญิง,670
น่าน,โรคลมพิษ,20-24,ชาย,263
น่าน,โรคลมพิษ,20-24,หญิง,454
น่าน,โรคลมพิษ,25-29,ชาย,311
น่าน,โรคลมพิษ,25-29,หญิง,571
น่าน,โรคลมพิษ,30-34,ชาย,259
น่าน,โรคลมพิษ,30-34,หญิง,634
น่าน,โรคลมพิษ,35-39,ชาย,283
น่าน,โรคลมพิษ,35-39,หญิง,645
น่าน,โรคลมพิษ,40-44,ชาย,285
น่าน,โรคลมพิษ,40-44,หญิง,685
น่าน,โรคลมพิษ,45-49,ชาย,269
น่าน,โรคลมพิษ,45-49,หญิง,795
น่าน,โรคลมพิษ,5-9,ชาย,948
น่าน,โรคลมพิษ,5-9,หญิง,772
น่าน,โรคลมพิษ,50-54,ชาย,330
น่าน,โรคลมพิษ,50-54,หญิง,907
น่าน,โรคลมพิษ,55-59,ชาย,422
น่าน,โรคลมพิษ,55-59,หญิง,946
น่าน,โรคลมพิษ,60-64,ชาย,514
น่าน,โรคลมพิษ,60-64,หญิง,787
น่าน,โรคลมพิษ,65-69,ชาย,452
น่าน,โรคลมพิษ,65-69,หญิง,673
น่าน,โรคลมพิษ,70-74,ชาย,385
น่าน,โรคลมพิษ,70-74,หญิง,385
น่าน,โรคลมพิษ,75-79,ชาย,199
น่าน,โรคลมพิษ,75-79,หญิง,194
น่าน,โรคลมพิษ,80+,ชาย,177
น่าน,โรคลมพิษ,80+,หญิง,187
น่าน,โรคลมพิษ,ไม่ทราบ,หญิง,1
น่าน,โรคลมพิษ,ไม่ทราบ,ไม่ระบุ,2113
น่าน,โรคหอบหืด,0-4,ชาย,1309
น่าน,โรคหอบหืด,0-4,หญิง,731
น่าน,โรคหอบหืด,10-14,ชาย,876
น่าน,โรคหอบหืด,10-14,หญิง,477
น่าน,โรคหอบหืด,15-19,ชาย,187
น่าน,โรคหอบหืด,15-19,หญิง,132
น่าน,โรคหอบหืด,20-24,ชาย,89
น่าน,โรคหอบหืด,20-24,หญิง,119
น่าน,โรคหอบหืด,25-29,ชาย,97
น่าน,โรคหอบหืด,25-29,หญิง,172
น่าน,โรคหอบหืด,30-34,ชาย,164
น่าน,โรคหอบหืด,30-34,หญิง,255
น่าน,โรคหอบหืด,35-39,ชาย,276
น่าน,โรคหอบหืด,35-39,หญิง,386
น่าน,โรคหอบหืด,40-44,ชาย,272
น่าน,โรคหอบหืด,40-44,หญิง,432
น่าน,โรคหอบหืด,45-49,ชาย,373
น่าน,โรคหอบหืด,45-49,หญิง,785
น่าน,โรคหอบหืด,5-9,ชาย,1783
น่าน,โรคหอบหืด,5-9,หญิง,1022
น่าน,โรคหอบหืด,50-54,ชาย,510
น่าน,โรคหอบหืด,50-54,หญิง,1227
น่าน,โรคหอบหืด,55-59,ชาย,802
น่าน,โรคหอบหืด,55-59,หญิง,1387
น่าน,โรคหอบหืด,60-64,ชาย,1015
น่าน,โรคหอบหืด,60-64,หญิง,1339
น่าน,โรคหอบหืด,65-69,ชาย,760
น่าน,โรคหอบหืด,65-69,หญิง,1302
น่าน,โรคหอบหืด,70-74,ชาย,542
น่าน,โรคหอบหืด,70-74,หญิง,855
น่าน,โรคหอบหืด,75-79,ชาย,369
น่าน,โรคหอบหืด,75-79,หญิง,285
น่าน,โรคหอบหืด,80+,ชาย,284
น่าน,โรคหอบหืด,80+,หญิง,276
น่าน,โรคหอบหืด,ไม่ทราบ,ไม่ระบุ,8489
น่าน,โรคเยื่อจมูกอักเสบจากภูมิแพ้,0-4,ชาย,1290
น่าน,โรคเยื่อจมูกอักเสบจากภูมิแพ้,0-4,หญิง,1044
น่าน,โรคเยื่อจมูกอักเสบจากภูมิแพ้,10-14,ชาย,1457
น่าน,โรคเยื่อจมูกอักเสบจากภูมิแพ้,10-14,หญิง,756
น่าน,โรคเยื่อจมูกอักเสบจากภูมิแพ้,10-14,ไม่ระบุ,1
น่าน,โรคเยื่อจมูกอักเสบจากภูมิแพ้,15-19,ชาย,398
น่าน,โรคเยื่อจมูกอักเสบจากภูมิแพ้,15-19,หญิง,418
น่าน,โรคเยื่อจมูกอักเสบจากภูมิแพ้,20-24,ชาย,170
น่าน,โรคเยื่อจมูกอักเสบจากภูมิแพ้,20-24,หญิง,261
น่าน,โรคเยื่อจมูกอักเสบจากภูมิแพ้,25-29,ชาย,209
น่าน,โรคเยื่อจมูกอักเสบจากภูมิแพ้,25-29,หญิง,514
น่าน,โรคเยื่อจมูกอักเสบจากภูมิแพ้,30-34,ชาย,205
น่าน,โรคเยื่อจมูกอักเสบจากภูมิแพ้,30-34,หญิง,660
น่าน,โรคเยื่อจมูกอักเสบจากภูมิแพ้,35-39,ชาย,228
น่าน,โรคเยื่อจมูกอักเสบจากภูมิแพ้,35-39,หญิง,626
น่าน,โรคเยื่อจมูกอักเสบจากภูมิแพ้,40-44,ชาย,249
น่าน,โรคเยื่อจมูกอักเสบจากภูมิแพ้,40-44,หญิง,691
น่าน,โรคเยื่อจมูกอักเสบจากภูมิแพ้,45-49,ชาย,245
น่าน,โรคเยื่อจมูกอักเสบจากภูมิแพ้,45-49,หญิง,890
น่าน,โรคเยื่อจมูกอักเสบจากภูมิแพ้,5-9,ชาย,2101
น่าน,โรคเยื่อจมูกอักเสบจากภูมิแพ้,5-9,หญิง,1527
น่าน,โรคเยื่อจมูกอักเสบจากภูมิแพ้,50-54,ชาย,277
น่าน,โรคเยื่อจมูกอักเสบจากภูมิแพ้,50-54,หญิง,840
น่าน,โรคเยื่อจมูกอักเสบจากภูมิแพ้,55-59,ชาย,368
น่าน,โรคเยื่อจมูกอักเสบจากภูมิแพ้,55-59,หญิง,927
น่าน,โรคเยื่อจมูกอักเสบจากภูมิแพ้,60-64,ชาย,479
น่าน,โรคเยื่อจมูกอักเสบจากภูมิแพ้,60-64,หญิง,703
น่าน,โรคเยื่อจมูกอักเสบจากภูมิแพ้,65-69,ชาย,412
น่าน,โรคเยื่อจมูกอักเสบจากภูมิแพ้,65-69,หญิง,442
น่าน,โรคเยื่อจมูกอักเสบจากภูมิแพ้,70-74,ชาย,228
น่าน,โรคเยื่อจมูกอักเสบจากภูมิแพ้,70-74,หญิง,266
น่าน,โรคเยื่อจมูกอักเสบจากภูมิแพ้,75-79,ชาย,110
น่าน,โรคเยื่อจมูกอักเสบจากภูมิแพ้,75-79,หญิง,88
น่าน,โรคเยื่อจมูกอักเสบจากภูมิแพ้,80+,ชาย,113
น่าน,โรคเยื่อจมูกอักเสบจากภูมิแพ้,80+,หญิง,61
น่าน,โรคเยื่อจมูกอักเสบจากภูมิแพ้,ไม่ทราบ,ชาย,2
น่าน,โรคเยื่อจมูกอักเสบจากภูมิแพ้,ไม่ทราบ,หญิง,2
น่าน,โรคเยื่อจมูกอักเสบจากภูมิแพ้,ไม่ทราบ,ไม่ระบุ,9543
น่าน,โรคเยื่อบุตาอักเสบ,0-4,ชาย,864
น่าน,โรคเยื่อบุตาอักเสบ,0-4,หญิง,744
น่าน,โรคเยื่อบุตาอักเสบ,10-14,ชาย,640
น่าน,โรคเยื่อบุตาอักเสบ,10-14,หญิง,549
น่าน,โรคเยื่อบุตาอักเสบ,15-19,ชาย,517
น่าน,โรคเยื่อบุตาอักเสบ,15-19,หญิง,642
น่าน,โรคเยื่อบุตาอักเสบ,20-24,ชาย,381
น่าน,โรคเยื่อบุตาอักเสบ,20-24,หญิง,344
น่าน,โรคเยื่อบุตาอักเสบ,25-29,ชาย,472
น่าน,โรคเยื่อบุตาอักเสบ,25-29,หญิง,626
น่าน,โรคเยื่อบุตาอักเสบ,30-34,ชาย,580
น่าน,โรคเยื่อบุตาอักเสบ,30-34,หญิง,658
น่าน,โรคเยื่อบุตาอักเสบ,35-39,ชาย,701
น่าน,โรคเยื่อบุตาอักเสบ,35-39,หญิง,752
น่าน,โรคเยื่อบุตาอักเสบ,40-44,ชาย,762
น่าน,โรคเยื่อบุตาอักเสบ,40-44,หญิง,905
น่าน,โรคเยื่อบุตาอักเสบ,45-49,ชาย,889
น่าน,โรคเยื่อบุตาอักเสบ,45-49,หญิง,1162
น่าน,โรคเยื่อบุตาอักเสบ,5-9,ชาย,762
น่าน,โรคเยื่อบุตาอักเสบ,5-9,หญิง,628
น่าน,โรคเยื่อบุตาอักเสบ,50-54,ชาย,1153
น่าน,โรคเยื่อบุตาอักเสบ,50-54,หญิง,1528
น่าน,โรคเยื่อบุตาอักเสบ,55-59,ชาย,1604
น่าน,โรคเยื่อบุตาอักเสบ,55-59,หญิง,2143
น่าน,โรคเยื่อบุตาอักเสบ,60-64,ชาย,1707
น่าน,โรคเยื่อบุตาอักเสบ,60-64,หญิง,1953
น่าน,โรคเยื่อบุตาอักเสบ,65-69,ชาย,1450
น่าน,โรคเยื่อบุตาอักเสบ,65-69,หญิง,1542
น่าน,โรคเยื่อบุตาอักเสบ,70-74,ชาย,890
น่าน,โรคเยื่อบุตาอักเสบ,70-74,หญิง,951
น่าน,โรคเยื่อบุตาอักเสบ,75-79,ชาย,476
น่าน,โรคเยื่อบุตาอักเสบ,75-79,หญิง,426
น่าน,โรคเยื่อบุตาอักเสบ,80+,ชาย,504
น่าน,โรคเยื่อบุตาอักเสบ,80+,หญิง,619
น่าน,โรคเยื่อบุตาอักเสบ,ไม่ทราบ,ชาย,2
น่าน,โรคเยื่อบุตาอักเสบ,ไม่ทราบ,หญิง,6
น่าน,โรคเยื่อบุตาอักเสบ,ไม่ทราบ,ไม่ระบุ,3114
บึงกาฬ,โรคติดเชื้อทางเดินหายใจส่วนบนเฉียบพลัน,0-4,ชาย,42665
บึงกาฬ,โรคติดเชื้อทางเดินหายใจส่วนบนเฉียบพลัน,0-4,หญิง,38880
บึงกาฬ,โรคติดเชื้อทางเดินหายใจส่วนบนเฉียบพลัน,0-4,ไม่ระบุ,1
บึงกาฬ,โรคติดเชื้อทางเดินหายใจส่วนบนเฉียบพลัน,10-14,ชาย,16085
บึงกาฬ,โรคติดเชื้อทางเดินหายใจส่วนบนเฉียบพลัน,10-14,หญิง,14304
บึงกาฬ,โรคติดเชื้อทางเดินหายใจส่วนบนเฉียบพลัน,10-14,ไม่ระบุ,1
บึงกาฬ,โรคติดเชื้อทางเดินหายใจส่วนบนเฉียบพลัน,15-19,ชาย,5794
บึงกาฬ,โรคติดเชื้อทางเดินหายใจส่วนบนเฉียบพลัน,15-19,หญิง,8416
บึงกาฬ,โรคติดเชื้อทางเดินหายใจส่วนบนเฉียบพลัน,20-24,ชาย,3587
บึงกาฬ,โรคติดเชื้อทางเดินหายใจส่วนบนเฉียบพลัน,20-24,หญิง,5948
บึงกาฬ,โรคติดเชื้อทางเดินหายใจส่วนบนเฉียบพลัน,20-24,ไม่ระบุ,5
บึงกาฬ,โรคติดเชื้อทางเดินหายใจส่วนบนเฉียบพลัน,25-29,ชาย,4173
บึงกาฬ,โรคติดเชื้อทางเดินหายใจส่วนบนเฉียบพลัน,25-29,หญิง,7789
บึงกาฬ,โรคติดเชื้อทางเดินหายใจส่วนบนเฉียบพลัน,25-29,ไม่ระบุ,2
บึงกาฬ,โรคติดเชื้อทางเดินหายใจส่วนบนเฉียบพลัน,30-34,ชาย,3911
บึงกาฬ,โรคติดเชื้อทางเดินหายใจส่วนบนเฉียบพลัน,30-34,หญิง,7603
บึงกาฬ,โรคติดเชื้อทางเดินหายใจส่วนบนเฉียบพลัน,30-34,ไม่ระบุ,4
บึงกาฬ,โรคติดเชื้อทางเดินหายใจส่วนบนเฉียบพลัน,35-39,ชาย,3565
บึงกาฬ,โรคติดเชื้อทางเดินหายใจส่วนบนเฉียบพลัน,35-39,หญิง,7614
บึงกาฬ,โรคติดเชื้อทางเดินหายใจส่วนบนเฉียบพลัน,40-44,ชาย,4315
บึงกาฬ,โรคติดเชื้อทางเดินหายใจส่วนบนเฉียบพลัน,40-44,หญิง,9160
บึงกาฬ,โรคติดเชื้อทางเดินหายใจส่วนบนเฉียบพลัน,45-49,ชาย,4389
บึงกาฬ,โรคติดเชื้อทางเดินหายใจส่วนบนเฉียบพลัน,45-49,หญิง,10597
บึงกาฬ,โรคติดเชื้อทางเดินหายใจส่วนบนเฉียบพลัน,5-9,ชาย,30874
บึงกาฬ,โรคติดเชื้อทางเดินหายใจส่วนบนเฉียบพลัน,5-9,หญิง,28471
บึงกาฬ,โรคติดเชื้อทางเดินหายใจส่วนบนเฉียบพลัน,50-54,ชาย,4604
บึงกาฬ,โรคติดเชื้อทางเดินหายใจส่วนบนเฉียบพลัน,50-54,หญิง,11482
บึงกาฬ,โรคติดเชื้อทางเดินหายใจส่วนบนเฉียบพลัน,55-59,ชาย,4548
บึงกาฬ,โรคติดเชื้อทางเดินหายใจส่วนบนเฉียบพลัน,55-59,หญิง,11054
บึงกาฬ,โรคติดเชื้อทางเดินหายใจส่วนบนเฉียบพลัน,60-64,ชาย,4438
บึงกาฬ,โรคติดเชื้อทางเดินหายใจส่วนบนเฉียบพลัน,60-64,หญิง,9088
บึงกาฬ,โรคติดเชื้อทางเดินหายใจส่วนบนเฉียบพลัน,65-69,ชาย,4051
บึงกาฬ,โรคติดเชื้อทางเดินหายใจส่วนบนเฉียบพลัน,65-69,หญิง,6715
บึงกาฬ,โรคติดเชื้อทางเดินหายใจส่วนบนเฉียบพลัน,70-74,ชาย,3562
บึงกาฬ,โรคติดเชื้อทางเดินหายใจส่วนบนเฉียบพลัน,70-74,หญิง,4743
บึงกาฬ,โรคติดเชื้อทางเดินหายใจส่วนบนเฉียบพลัน,70-74,ไม่ระบุ,1
บึงกาฬ,โรคติดเชื้อทางเดินหายใจส่วนบนเฉียบพลัน,75-79,ชาย,2253
บึงกาฬ,โรคติดเชื้อทางเดินหายใจส่วนบนเฉียบพลัน,75-79,หญิง,2815
บึงกาฬ,โรคติดเชื้อทางเดินหายใจส่วนบนเฉียบพลัน,80+,ชาย,2088
บึงกาฬ,โรคติดเชื้อทางเดินหายใจส่วนบนเฉียบพลัน,80+,หญิง,2662
บึงกาฬ,โรคติดเชื้อทางเดินหายใจส่วนบนเฉียบพลัน,80+,ไม่ระบุ,3
บึงกาฬ,โรคติดเชื้อทางเดินหายใจส่วนบนเฉียบพลัน,ไม่ทราบ,ชาย,2
บึงกาฬ,โรคติดเชื้อทางเดินหายใจส่วนบนเฉียบพลัน,ไม่ทราบ,หญิง,6
บึงกาฬ,โรคติดเชื้อทางเดินหายใจส่วนบนเฉียบพลัน,ไม่ทราบ,ไม่ระบุ,11311
บึงกาฬ,โรคปอดอุดกั้นเรื้อรัง,0-4,ชาย,44
บึงกาฬ,โรคปอดอุดกั้นเรื้อรัง,0-4,หญิง,15
บึงกาฬ,โรคปอดอุดกั้นเรื้อรัง,10-14,ชาย,5
บึงกาฬ,โรคปอดอุดกั้นเรื้อรัง,10-14,หญิง,1
บึงกาฬ,โรคปอดอุดกั้นเรื้อรัง,15-19,ชาย,2
บึงกาฬ,โรคปอดอุดกั้นเรื้อรัง,15-19,หญิง,4
บึงกาฬ,โรคปอดอุดกั้นเรื้อรัง,20-24,ชาย,4
บึงกาฬ,โรคปอดอุดกั้นเรื้อรัง,20-24,หญิง,3
บึงกาฬ,โรคปอดอุดกั้นเรื้อรัง,25-29,ชาย,5
บึงกาฬ,โรคปอดอุดกั้นเรื้อรัง,25-29,หญิง,10
บึงกาฬ,โรคปอดอุดกั้นเรื้อรัง,30-34,ชาย,37
บึงกาฬ,โรคปอดอุดกั้นเรื้อรัง,30-34,หญิง,17
บึงกาฬ,โรคปอดอุดกั้นเรื้อรัง,35-39,ชาย,135
บึงกาฬ,โรคปอดอุดกั้นเรื้อรัง,35-39,หญิง,13
บึงกาฬ,โรคปอดอุดกั้นเรื้อรัง,40-44,ชาย,378
บึงกาฬ,โรคปอดอุดกั้นเรื้อรัง,40-44,หญิง,102
บึงกาฬ,โรคปอดอุดกั้นเรื้อรัง,45-49,ชาย,595
บึงกาฬ,โรคปอดอุดกั้นเรื้อรัง,45-49,หญิง,112
บึงกาฬ,โรคปอดอุดกั้นเรื้อรัง,5-9,ชาย,9
บึงกาฬ,โรคปอดอุดกั้นเรื้อรัง,5-9,หญิง,7
บึงกาฬ,โรคปอดอุดกั้นเรื้อรัง,50-54,ชาย,1040
บึงกาฬ,โรคปอดอุดกั้นเรื้อรัง,50-54,หญิง,212
บึงกาฬ,โรคปอดอุดกั้นเรื้อรัง,55-59,ชาย,1781
บึงกาฬ,โรคปอดอุดกั้นเรื้อรัง,55-59,หญิง,322
บึงกาฬ,โรคปอดอุดกั้นเรื้อรัง,60-64,ชาย,2473
บึงกาฬ,โรคปอดอุดกั้นเรื้อรัง,60-64,หญิง,390
บึงกาฬ,โรคปอดอุดกั้นเรื้อรัง,65-69,ชาย,3209
บึงกาฬ,โรคปอดอุดกั้นเรื้อรัง,65-69,หญิง,630
บึงกาฬ,โรคปอดอุดกั้นเรื้อรัง,70-74,ชาย,3962
บึงกาฬ,โรคปอดอุดกั้นเรื้อรัง,70-74,หญิง,686
บึงกาฬ,โรคปอดอุดกั้นเรื้อรัง,75-79,ชาย,2822
บึงกาฬ,โรคปอดอุดกั้นเรื้อรัง,75-79,หญิง,662
บึงกาฬ,โรคปอดอุดกั้นเรื้อรัง,80+,ชาย,3099
บึงกาฬ,โรคปอดอุดกั้นเรื้อรัง,80+,หญิง,957
บึงกาฬ,โรคปอดอุดกั้นเรื้อรัง,ไม่ทราบ,ไม่ระบุ,352
บึงกาฬ,โรคผิวหนังอักเสบ,0-4,ชาย,297
บึงกาฬ,โรคผิวหนังอักเสบ,0-4,หญิง,263
บึงกาฬ,โรคผิวหนังอักเสบ,10-14,ชาย,142
บึงกาฬ,โรคผิวหนังอักเสบ,10-14,หญิง,135
บึงกาฬ,โรคผิวหนังอักเสบ,15-19,ชาย,79
บึงกาฬ,โรคผิวหนังอักเสบ,15-19,หญิง,138
บึงกาฬ,โรคผิวหนังอักเสบ,20-24,ชาย,67
บึงกาฬ,โรคผิวหนังอักเสบ,20-24,หญิง,98
บึงกาฬ,โรคผิวหนังอักเสบ,25-29,ชาย,96
บึงกาฬ,โรคผิวหนังอักเสบ,25-29,หญิง,122
บึงกาฬ,โรคผิวหนังอักเสบ,30-34,ชาย,77
บึงกาฬ,โรคผิวหนังอักเสบ,30-34,หญิง,144
บึงกาฬ,โรคผิวหนังอักเสบ,35-39,ชาย,61
บึงกาฬ,โรคผิวหนังอักเสบ,35-39,หญิง,123
บึงกาฬ,โรคผิวหนังอักเสบ,40-44,ชาย,114
บึงกาฬ,โรคผิวหนังอักเสบ,40-44,หญิง,204
บึงกาฬ,โรคผิวหนังอักเสบ,45-49,ชาย,125
บึงกาฬ,โรคผิวหนังอักเสบ,45-49,หญิง,229
บึงกาฬ,โรคผิวหนังอักเสบ,5-9,ชาย,198
บึงกาฬ,โรคผิวหนังอักเสบ,5-9,หญิง,175
บึงกาฬ,โรคผิวหนังอักเสบ,50-54,ชาย,136
บึงกาฬ,โรคผิวหนังอักเสบ,50-54,หญิง,293
บึงกาฬ,โรคผิวหนังอักเสบ,55-59,ชาย,178
บึงกาฬ,โรคผิวหนังอักเสบ,55-59,หญิง,232
บึงกาฬ,โรคผิวหนังอักเสบ,60-64,ชาย,181
บึงกาฬ,โรคผิวหนังอักเสบ,60-64,หญิง,192
บึงกาฬ,โรคผิวหนังอักเสบ,65-69,ชาย,164
บึงกาฬ,โรคผิวหนังอักเสบ,65-69,หญิง,173
บึงกาฬ,โรคผิวหนังอักเสบ,70-74,ชาย,152
บึงกาฬ,โรคผิวหนังอักเสบ,70-74,หญิง,140
บึงกาฬ,โรคผิวหนังอักเสบ,75-79,ชาย,115
บึงกาฬ,โรคผิวหนังอักเสบ,75-79,หญิง,84
บึงกาฬ,โรคผิวหนังอักเสบ,80+,ชาย,83
บึงกาฬ,โรคผิวหนังอักเสบ,80+,หญิง,95
บึงกาฬ,โรคผิวหนังอักเสบ,ไม่ทราบ,ไม่ระบุ,151
บึงกาฬ,โรคลมพิษ,0-4,ชาย,924
บึงกาฬ,โรคลมพิษ,0-4,หญิง,828
บึงกาฬ,โรคลมพิษ,10-14,ชาย,677
บึงกาฬ,โรคลมพิษ,10-14,หญิง,654
บึงกาฬ,โรคลมพิษ,15-19,ชาย,422
บึงกาฬ,โรคลมพิษ,15-19,หญิง,630
บึงกาฬ,โรคลมพิษ,20-24,ชาย,241
บึงกาฬ,โรคลมพิษ,20-24,หญิง,473
บึงกาฬ,โรคลมพิษ,25-29,ชาย,292
บึงกาฬ,โรคลมพิษ,25-29,หญิง,605
บึงกาฬ,โรคลมพิษ,30-34,ชาย,265
บึงกาฬ,โรคลมพิษ,30-34,หญิง,527
บึงกาฬ,โรคลมพิษ,35-39,ชาย,260
บึงกาฬ,โรคลมพิษ,35-39,หญิง,586
บึงกาฬ,โรคลมพิษ,40-44,ชาย,252
บึงกาฬ,โรคลมพิษ,40-44,หญิง,661
บึงกาฬ,โรคลมพิษ,45-49,ชาย,291
บึงกาฬ,โรคลมพิษ,45-49,หญิง,783
บึงกาฬ,โรคลมพิษ,5-9,ชาย,772
บึงกาฬ,โรคลมพิษ,5-9,หญิง,671
บึงกาฬ,โรคลมพิษ,50-54,ชาย,342
บึงกาฬ,โรคลมพิษ,50-54,หญิง,772
บึงกาฬ,โรคลมพิษ,55-59,ชาย,258
บึงกาฬ,โรคลมพิษ,55-59,หญิง,652
บึงกาฬ,โรคลมพิษ,60-64,ชาย,257
บึงกาฬ,โรคลมพิษ,60-64,หญิง,511
บึงกาฬ,โรคลมพิษ,65-69,ชาย,244
บึงกาฬ,โรคลมพิษ,65-69,หญิง,358
บึงกาฬ,โรคลมพิษ,70-74,ชาย,195
บึงกาฬ,โรคลมพิษ,70-74,หญิง,232
บึงกาฬ,โรคลมพิษ,75-79,ชาย,130
บึงกาฬ,โรคลมพิษ,75-79,หญิง,139
บึงกาฬ,โรคลมพิษ,80+,ชาย,126
บึงกาฬ,โรคลมพิษ,80+,หญิง,130
บึงกาฬ,โรคลมพิษ,ไม่ทราบ,ไม่ระบุ,578
บึงกาฬ,โรคหอบหืด,0-4,ชาย,1746
บึงกาฬ,โรคหอบหืด,0-4,หญิง,985
บึงกาฬ,โรคหอบหืด,10-14,ชาย,1183
บึงกาฬ,โรคหอบหืด,10-14,หญิง,646
บึงกาฬ,โรคหอบหืด,15-19,ชาย,183
บึงกาฬ,โรคหอบหืด,15-19,หญิง,220
บึงกาฬ,โรคหอบหืด,20-24,ชาย,94
บึงกาฬ,โรคหอบหืด,20-24,หญิง,173
บึงกาฬ,โรคหอบหืด,25-29,ชาย,128
บึงกาฬ,โรคหอบหืด,25-29,หญิง,238
บึงกาฬ,โรคหอบหืด,30-34,ชาย,174
บึงกาฬ,โรคหอบหืด,30-34,หญิง,319
บึงกาฬ,โรคหอบหืด,35-39,ชาย,261
บึงกาฬ,โรคหอบหืด,35-39,หญิง,581
บึงกาฬ,โรคหอบหืด,40-44,ชาย,370
บึงกาฬ,โรคหอบหืด,40-44,หญิง,971
บึงกาฬ,โรคหอบหืด,45-49,ชาย,347
บึงกาฬ,โรคหอบหืด,45-49,หญิง,1311
บึงกาฬ,โรคหอบหืด,5-9,ชาย,2551
บึงกาฬ,โรคหอบหืด,5-9,หญิง,1589
บึงกาฬ,โรคหอบหืด,50-54,ชาย,537
บึงกาฬ,โรคหอบหืด,50-54,หญิง,1829
บึงกาฬ,โรคหอบหืด,55-59,ชาย,452
บึงกาฬ,โรคหอบหืด,55-59,หญิง,1825
บึงกาฬ,โรคหอบหืด,60-64,ชาย,413
บึงกาฬ,โรคหอบหืด,60-64,หญิง,1862
บึงกาฬ,โรคหอบหืด,65-69,ชาย,282
บึงกาฬ,โรคหอบหืด,65-69,หญิง,2015
บึงกาฬ,โรคหอบหืด,70-74,ชาย,275
บึงกาฬ,โรคหอบหืด,70-74,หญิง,1391
บึงกาฬ,โรคหอบหืด,75-79,ชาย,71
บึงกาฬ,โรคหอบหืด,75-79,หญิง,966
บึงกาฬ,โรคหอบหืด,80+,ชาย,135
บึงกาฬ,โรคหอบหืด,80+,หญิง,778
บึงกาฬ,โรคหอบหืด,ไม่ทราบ,ไม่ระบุ,370
บึงกาฬ,โรคเยื่อจมูกอักเสบจากภูมิแพ้,0-4,ชาย,515
บึงกาฬ,โรคเยื่อจมูกอักเสบจากภูมิแพ้,0-4,หญิง,500
บึงกาฬ,โรคเยื่อจมูกอักเสบจากภูมิแพ้,10-14,ชาย,452
บึงกาฬ,โรคเยื่อจมูกอักเสบจากภูมิแพ้,10-14,หญิง,280
บึงกาฬ,โรคเยื่อจมูกอักเสบจากภูมิแพ้,15-19,ชาย,111
บึงกาฬ,โรคเยื่อจมูกอักเสบจากภูมิแพ้,15-19,หญิง,158
บึงกาฬ,โรคเยื่อจมูกอักเสบจากภูมิแพ้,20-24,ชาย,114
บึงกาฬ,โรคเยื่อจมูกอักเสบจากภูมิแพ้,20-24,หญิง,186
บึงกาฬ,โรคเยื่อจมูกอักเสบจากภูมิแพ้,25-29,ชาย,115
บึงกาฬ,โรคเยื่อจมูกอักเสบจากภูมิแพ้,25-29,หญิง,307
บึงกาฬ,โรคเยื่อจมูกอักเสบจากภูมิแพ้,30-34,ชาย,152
บึงกาฬ,โรคเยื่อจมูกอักเสบจากภูมิแพ้,30-34,หญิง,271
บึงกาฬ,โรคเยื่อจมูกอักเสบจากภูมิแพ้,35-39,ชาย,129
บึงกาฬ,โรคเยื่อจมูกอักเสบจากภูมิแพ้,35-39,หญิง,281
บึงกาฬ,โรคเยื่อจมูกอักเสบจากภูมิแพ้,40-44,ชาย,133
บึงกาฬ,โรคเยื่อจมูกอักเสบจากภูมิแพ้,40-44,หญิง,267
บึงกาฬ,โรคเยื่อจมูกอักเสบจากภูมิแพ้,45-49,ชาย,127
บึงกาฬ,โรคเยื่อจมูกอักเสบจากภูมิแพ้,45-49,หญิง,272
บึงกาฬ,โรคเยื่อจมูกอักเสบจากภูมิแพ้,5-9,ชาย,774
บึงกาฬ,โรคเยื่อจมูกอักเสบจากภูมิแพ้,5-9,หญิง,561
บึงกาฬ,โรคเยื่อจมูกอักเสบจากภูมิแพ้,50-54,ชาย,147
บึงกาฬ,โรคเยื่อจมูกอักเสบจากภูมิแพ้,50-54,หญิง,313
บึงกาฬ,โรคเยื่อจมูกอักเสบจากภูมิแพ้,55-59,ชาย,145
บึงกาฬ,โรคเยื่อจมูกอักเสบจากภูมิแพ้,55-59,หญิง,287
บึงกาฬ,โรคเยื่อจมูกอักเสบจากภูมิแพ้,60-64,ชาย,129
บึงกาฬ,โรคเยื่อจมูกอักเสบจากภูมิแพ้,60-64,หญิง,236
บึงกาฬ,โรคเยื่อจมูกอักเสบจากภูมิแพ้,65-69,ชาย,90
บึงกาฬ,โรคเยื่อจมูกอักเสบจากภูมิแพ้,65-69,หญิง,158
บึงกาฬ,โรคเยื่อจมูกอักเสบจากภูมิแพ้,70-74,ชาย,77
บึงกาฬ,โรคเยื่อจมูกอักเสบจากภูมิแพ้,70-74,หญิง,89
บึงกาฬ,โรคเยื่อจมูกอักเสบจากภูมิแพ้,75-79,ชาย,48
บึงกาฬ,โรคเยื่อจมูกอักเสบจากภูมิแพ้,75-79,หญิง,46
บึงกาฬ,โรคเยื่อจมูกอักเสบจากภูมิแพ้,80+,ชาย,33
บึงกาฬ,โรคเยื่อจมูกอักเสบจากภูมิแพ้,80+,หญิง,40
บึงกาฬ,โรคเยื่อจมูกอักเสบจากภูมิแพ้,ไม่ทราบ,ไม่ระบุ,83
บึงกาฬ,โรคเยื่อบุตาอักเสบ,0-4,ชาย,779
บึงกาฬ,โรคเยื่อบุตาอักเสบ,0-4,หญิง,637
บึงกาฬ,โรคเยื่อบุตาอักเสบ,10-14,ชาย,692
บึงกาฬ,โรคเยื่อบุตาอักเสบ,10-14,หญิง,684
บึงกาฬ,โรคเยื่อบุตาอักเสบ,15-19,ชาย,485
บึงกาฬ,โรคเยื่อบุตาอักเสบ,15-19,หญิง,801
บึงกาฬ,โรคเยื่อบุตาอักเสบ,20-24,ชาย,390
บึงกาฬ,โรคเยื่อบุตาอักเสบ,20-24,หญิง,461
บึงกาฬ,โรคเยื่อบุตาอักเสบ,25-29,ชาย,528
บึงกาฬ,โรคเยื่อบุตาอักเสบ,25-29,หญิง,654
บึงกาฬ,โรคเยื่อบุตาอักเสบ,30-34,ชาย,529
บึงกาฬ,โรคเยื่อบุตาอักเสบ,30-34,หญิง,741
บึงกาฬ,โรคเยื่อบุตาอักเสบ,35-39,ชาย,575
บึงกาฬ,โรคเยื่อบุตาอักเสบ,35-39,หญิง,789
บึงกาฬ,โรคเยื่อบุตาอักเสบ,40-44,ชาย,807
บึงกาฬ,โรคเยื่อบุตาอักเสบ,40-44,หญิง,1095
บึงกาฬ,โรคเยื่อบุตาอักเสบ,45-49,ชาย,932
บึงกาฬ,โรคเยื่อบุตาอักเสบ,45-49,หญิง,1397
บึงกาฬ,โรคเยื่อบุตาอักเสบ,5-9,ชาย,915
บึงกาฬ,โรคเยื่อบุตาอักเสบ,5-9,หญิง,605
บึงกาฬ,โรคเยื่อบุตาอักเสบ,50-54,ชาย,931
บึงกาฬ,โรคเยื่อบุตาอักเสบ,50-54,หญิง,1665
บึงกาฬ,โรคเยื่อบุตาอักเสบ,55-59,ชาย,961
บึงกาฬ,โรคเยื่อบุตาอักเสบ,55-59,หญิง,1637
บึงกาฬ,โรคเยื่อบุตาอักเสบ,60-64,ชาย,827
บึงกาฬ,โรคเยื่อบุตาอักเสบ,60-64,หญิง,1518
บึงกาฬ,โรคเยื่อบุตาอักเสบ,65-69,ชาย,762
บึงกาฬ,โรคเยื่อบุตาอักเสบ,65-69,หญิง,1189
บึงกาฬ,โรคเยื่อบุตาอักเสบ,70-74,ชาย,621
บึงกาฬ,โรคเยื่อบุตาอักเสบ,70-74,หญิง,876
บึงกาฬ,โรคเยื่อบุตาอักเสบ,75-79,ชาย,404
บึงกาฬ,โรคเยื่อบุตาอักเสบ,75-79,หญิง,529
บึงกาฬ,โรคเยื่อบุตาอักเสบ,80+,ชาย,324
บึงกาฬ,โรคเยื่อบุตาอักเสบ,80+,หญิง,484
บึงกาฬ,โรคเยื่อบุตาอักเสบ,ไม่ทราบ,ไม่ระบุ,576
บุรีรัมย์,โรคติดเชื้อทางเดินหายใจส่วนบนเฉียบพลัน,0-4,ชาย,185498
บุรีรัมย์,โรคติดเชื้อทางเดินหายใจส่วนบนเฉียบพลัน,0-4,หญิง,169861
บุรีรัมย์,โรคติดเชื้อทางเดินหายใจส่วนบนเฉียบพลัน,0-4,ไม่ระบุ,21
บุรีรัมย์,โรคติดเชื้อทางเดินหายใจส่วนบนเฉียบพลัน,10-14,ชาย,75971
บุรีรัมย์,โรคติดเชื้อทางเดินหายใจส่วนบนเฉียบพลัน,10-14,หญิง,71113
บุรีรัมย์,โรคติดเชื้อทางเดินหายใจส่วนบนเฉียบพลัน,10-14,ไม่ระบุ,7
บุรีรัมย์,โรคติดเชื้อทางเดินหายใจส่วนบนเฉียบพลัน,15-19,ชาย,33261
บุรีรัมย์,โรคติดเชื้อทางเดินหายใจส่วนบนเฉียบพลัน,15-19,หญิง,47333
บุรีรัมย์,โรคติดเชื้อทางเดินหายใจส่วนบนเฉียบพลัน,15-19,ไม่ระบุ,5
บุรีรัมย์,โรคติดเชื้อทางเดินหายใจส่วนบนเฉียบพลัน,20-24,ชาย,19962
บุรีรัมย์,โรคติดเชื้อทางเดินหายใจส่วนบนเฉียบพลัน,20-24,หญิง,31716
บุรีรัมย์,โรคติดเชื้อทางเดินหายใจส่วนบนเฉียบพลัน,20-24,ไม่ระบุ,6
บุรีรัมย์,โรคติดเชื้อทางเดินหายใจส่วนบนเฉียบพลัน,25-29,ชาย,19190
บุรีรัมย์,โรคติดเชื้อทางเดินหายใจส่วนบนเฉียบพลัน,25-29,หญิง,35468
บุรีรัมย์,โรคติดเชื้อทางเดินหายใจส่วนบนเฉียบพลัน,25-29,ไม่ระบุ,5
บุรีรัมย์,โรคติดเชื้อทางเดินหายใจส่วนบนเฉียบพลัน,30-34,ชาย,16670
บุรีรัมย์,โรคติดเชื้อทางเดินหายใจส่วนบนเฉียบพลัน,30-34,หญิง,34221
บุรีรัมย์,โรคติดเชื้อทางเดินหายใจส่วนบนเฉียบพลัน,30-34,ไม่ระบุ,3
บุรีรัมย์,โรคติดเชื้อทางเดินหายใจส่วนบนเฉียบพลัน,35-39,ชาย,15666
บุรีรัมย์,โรคติดเชื้อทางเดินหายใจส่วนบนเฉียบพลัน,35-39,หญิง,32969
บุรีรัมย์,โรคติดเชื้อทางเดินหายใจส่วนบนเฉียบพลัน,40-44,ชาย,17463
บุรีรัมย์,โรคติดเชื้อทางเดินหายใจส่วนบนเฉียบพลัน,40-44,หญิง,38304
บุรีรัมย์,โรคติดเชื้อทางเดินหายใจส่วนบนเฉียบพลัน,40-44,ไม่ระบุ,4
บุรีรัมย์,โรคติดเชื้อทางเดินหายใจส่วนบนเฉียบพลัน,45-49,ชาย,18634
บุรีรัมย์,โรคติดเชื้อทางเดินหายใจส่วนบนเฉียบพลัน,45-49,หญิง,45128
บุรีรัมย์,โรคติดเชื้อทางเดินหายใจส่วนบนเฉียบพลัน,5-9,ชาย,136948
บุรีรัมย์,โรคติดเชื้อทางเดินหายใจส่วนบนเฉียบพลัน,5-9,หญิง,128280
บุรีรัมย์,โรคติดเชื้อทางเดินหายใจส่วนบนเฉียบพลัน,5-9,ไม่ระบุ,9
บุรีรัมย์,โรคติดเชื้อทางเดินหายใจส่วนบนเฉียบพลัน,50-54,ชาย,20064
บุรีรัมย์,โรคติดเชื้อทางเดินหายใจส่วนบนเฉียบพลัน,50-54,หญิง,51573
บุรีรัมย์,โรคติดเชื้อทางเดินหายใจส่วนบนเฉียบพลัน,55-59,ชาย,20817
บุรีรัมย์,โรคติดเชื้อทางเดินหายใจส่วนบนเฉียบพลัน,55-59,หญิง,48487
บุรีรัมย์,โรคติดเชื้อทางเดินหายใจส่วนบนเฉียบพลัน,60-64,ชาย,20517
บุรีรัมย์,โรคติดเชื้อทางเดินหายใจส่วนบนเฉียบพลัน,60-64,หญิง,40216
บุรีรัมย์,โรคติดเชื้อทางเดินหายใจส่วนบนเฉียบพลัน,65-69,ชาย,18065
บุรีรัมย์,โรคติดเชื้อทางเดินหายใจส่วนบนเฉียบพลัน,65-69,หญิง,29927
บุรีรัมย์,โรคติดเชื้อทางเดินหายใจส่วนบนเฉียบพลัน,70-74,ชาย,14974
บุรีรัมย์,โรคติดเชื้อทางเดินหายใจส่วนบนเฉียบพลัน,70-74,หญิง,20722
บุรีรัมย์,โรคติดเชื้อทางเดินหายใจส่วนบนเฉียบพลัน,75-79,ชาย,10158
บุรีรัมย์,โรคติดเชื้อทางเดินหายใจส่วนบนเฉียบพลัน,75-79,หญิง,13302
บุรีรัมย์,โรคติดเชื้อทางเดินหายใจส่วนบนเฉียบพลัน,80+,ชาย,9919
บุรีรัมย์,โรคติดเชื้อทางเดินหายใจส่วนบนเฉียบพลัน,80+,หญิง,13484
บุรีรัมย์,โรคติดเชื้อทางเดินหายใจส่วนบนเฉียบพลัน,80+,ไม่ระบุ,7
บุรีรัมย์,โรคติดเชื้อทางเดินหายใจส่วนบนเฉียบพลัน,ไม่ทราบ,ชาย,12
บุรีรัมย์,โรคติดเชื้อทางเดินหายใจส่วนบนเฉียบพลัน,ไม่ทราบ,หญิง,36
บุรีรัมย์,โรคติดเชื้อทางเดินหายใจส่วนบนเฉียบพลัน,ไม่ทราบ,ไม่ระบุ,29081
บุรีรัมย์,โรคปอดอุดกั้นเรื้อรัง,0-4,ชาย,88
บุรีรัมย์,โรคปอดอุดกั้นเรื้อรัง,0-4,หญิง,50
บุรีรัมย์,โรคปอดอุดกั้นเรื้อรัง,10-14,ชาย,10
บุรีรัมย์,โรคปอดอุดกั้นเรื้อรัง,10-14,หญิง,11
บุรีรัมย์,โรคปอดอุดกั้นเรื้อรัง,15-19,ชาย,8
บุรีรัมย์,โรคปอดอุดกั้นเรื้อรัง,15-19,หญิง,5
บุรีรัมย์,โรคปอดอุดกั้นเรื้อรัง,20-24,ชาย,17
บุรีรัมย์,โรคปอดอุดกั้นเรื้อรัง,20-24,หญิง,5
บุรีรัมย์,โรคปอดอุดกั้นเรื้อรัง,25-29,ชาย,34
บุรีรัมย์,โรคปอดอุดกั้นเรื้อรัง,25-29,หญิง,10
บุรีรัมย์,โรคปอดอุดกั้นเรื้อรัง,30-34,ชาย,111
บุรีรัมย์,โรคปอดอุดกั้นเรื้อรัง,30-34,หญิง,25
บุรีรัมย์,โรคปอดอุดกั้นเรื้อรัง,35-39,ชาย,181
บุรีรัมย์,โรคปอดอุดกั้นเรื้อรัง,35-39,หญิง,27
บุรีรัมย์,โรคปอดอุดกั้นเรื้อรัง,40-44,ชาย,627
บุรีรัมย์,โรคปอดอุดกั้นเรื้อรัง,40-44,หญิง,54
บุรีรัมย์,โรคปอดอุดกั้นเรื้อรัง,45-49,ชาย,1395
บุรีรัมย์,โรคปอดอุดกั้นเรื้อรัง,45-49,หญิง,133
บุรีรัมย์,โรคปอดอุดกั้นเรื้อรัง,5-9,ชาย,23
บุรีรัมย์,โรคปอดอุดกั้นเรื้อรัง,5-9,หญิง,13
บุรีรัมย์,โรคปอดอุดกั้นเรื้อรัง,50-54,ชาย,2487
บุรีรัมย์,โรคปอดอุดกั้นเรื้อรัง,50-54,หญิง,426
บุรีรัมย์,โรคปอดอุดกั้นเรื้อรัง,55-59,ชาย,5023
บุรีรัมย์,โรคปอดอุดกั้นเรื้อรัง,55-59,หญิง,566
บุรีรัมย์,โรคปอดอุดกั้นเรื้อรัง,60-64,ชาย,6898
บุรีรัมย์,โรคปอดอุดกั้นเรื้อรัง,60-64,หญิง,972
บุรีรัมย์,โรคปอดอุดกั้นเรื้อรัง,65-69,ชาย,8427
บุรีรัมย์,โรคปอดอุดกั้นเรื้อรัง,65-69,หญิง,1233
บุรีรัมย์,โรคปอดอุดกั้นเรื้อรัง,70-74,ชาย,10451
บุรีรัมย์,โรคปอดอุดกั้นเรื้อรัง,70-74,หญิง,1769
บุรีรัมย์,โรคปอดอุดกั้นเรื้อรัง,75-79,ชาย,9347
บุรีรัมย์,โรคปอดอุดกั้นเรื้อรัง,75-79,หญิง,1637
บุรีรัมย์,โรคปอดอุดกั้นเรื้อรัง,80+,ชาย,11390
บุรีรัมย์,โรคปอดอุดกั้นเรื้อรัง,80+,หญิง,2436
บุรีรัมย์,โรคปอดอุดกั้นเรื้อรัง,ไม่ทราบ,ไม่ระบุ,665
บุรีรัมย์,โรคผิวหนังอักเสบ,0-4,ชาย,2854
บุรีรัมย์,โรคผิวหนังอักเสบ,0-4,หญิง,2659
บุรีรัมย์,โรคผิวหนังอักเสบ,10-14,ชาย,1353
บุรีรัมย์,โรคผิวหนังอักเสบ,10-14,หญิง,1433
บุรีรัมย์,โรคผิวหนังอักเสบ,10-14,ไม่ระบุ,1
บุรีรัมย์,โรคผิวหนังอักเสบ,15-19,ชาย,899
บุรีรัมย์,โรคผิวหนังอักเสบ,15-19,หญิง,1648
บุรีรัมย์,โรคผิวหนังอักเสบ,20-24,ชาย,693
บุรีรัมย์,โรคผิวหนังอักเสบ,20-24,หญิง,1300
บุรีรัมย์,โรคผิวหนังอักเสบ,25-29,ชาย,685
บุรีรัมย์,โรคผิวหนังอักเสบ,25-29,หญิง,1269
บุรีรัมย์,โรคผิวหนังอักเสบ,30-34,ชาย,712
บุรีรัมย์,โรคผิวหนังอักเสบ,30-34,หญิง,1405
บุรีรัมย์,โรคผิวหนังอักเสบ,35-39,ชาย,729
บุรีรัมย์,โรคผิวหนังอักเสบ,35-39,หญิง,1504
บุรีรัมย์,โรคผิวหนังอักเสบ,40-44,ชาย,1085
บุรีรัมย์,โรคผิวหนังอักเสบ,40-44,หญิง,2045
บุรีรัมย์,โรคผิวหนังอักเสบ,45-49,ชาย,1259
บุรีรัมย์,โรคผิวหนังอักเสบ,45-49,หญิง,2462
บุรีรัมย์,โรคผิวหนังอักเสบ,5-9,ชาย,2045
บุรีรัมย์,โรคผิวหนังอักเสบ,5-9,หญิง,1683
บุรีรัมย์,โรคผิวหนังอักเสบ,5-9,ไม่ระบุ,1
บุรีรัมย์,โรคผิวหนังอักเสบ,50-54,ชาย,1603
บุรีรัมย์,โรคผิวหนังอักเสบ,50-54,หญิง,3092
บุรีรัมย์,โรคผิวหนังอักเสบ,55-59,ชาย,1643
บุรีรัมย์,โรคผิวหนังอักเสบ,55-59,หญิง,2774
บุรีรัมย์,โรคผิวหนังอักเสบ,60-64,ชาย,1760
บุรีรัมย์,โรคผิวหนังอักเสบ,60-64,หญิง,2370
บุรีรัมย์,โรคผิวหนังอักเสบ,65-69,ชาย,1665
บุรีรัมย์,โรคผิวหนังอักเสบ,65-69,หญิง,1813
บุรีรัมย์,โรคผิวหนังอักเสบ,70-74,ชาย,1532
บุรีรัมย์,โรคผิวหนังอักเสบ,70-74,หญิง,1355
บุรีรัมย์,โรคผิวหนังอักเสบ,75-79,ชาย,1096
บุรีรัมย์,โรคผิวหนังอักเสบ,75-79,หญิง,941
บุรีรัมย์,โรคผิวหนังอักเสบ,80+,ชาย,986
บุรีรัมย์,โรคผิวหนังอักเสบ,80+,หญิง,1220
บุรีรัมย์,โรคผิวหนังอักเสบ,ไม่ทราบ,หญิง,4
บุรีรัมย์,โรคผิวหนังอักเสบ,ไม่ทราบ,ไม่ระบุ,593
บุรีรัมย์,โรคลมพิษ,0-4,ชาย,3574
บุรีรัมย์,โรคลมพิษ,0-4,หญิง,3278
บุรีรัมย์,โรคลมพิษ,10-14,ชาย,2337
บุรีรัมย์,โรคลมพิษ,10-14,หญิง,2417
บุรีรัมย์,โรคลมพิษ,15-19,ชาย,1424
บุรีรัมย์,โรคลมพิษ,15-19,หญิง,2695
บุรีรัมย์,โรคลมพิษ,20-24,ชาย,880
บุรีรัมย์,โรคลมพิษ,20-24,หญิง,1681
บุรีรัมย์,โรคลมพิษ,25-29,ชาย,835
บุรีรัมย์,โรคลมพิษ,25-29,หญิง,1963
บุรีรัมย์,โรคลมพิษ,30-34,ชาย,871
บุรีรัมย์,โรคลมพิษ,30-34,หญิง,1832
บุรีรัมย์,โรคลมพิษ,35-39,ชาย,801
บุรีรัมย์,โรคลมพิษ,35-39,หญิง,1927
บุรีรัมย์,โรคลมพิษ,40-44,ชาย,988
บุรีรัมย์,โรคลมพิษ,40-44,หญิง,2564
บุรีรัมย์,โรคลมพิษ,45-49,ชาย,1223
บุรีรัมย์,โรคลมพิษ,45-49,หญิง,3195
บุรีรัมย์,โรคลมพิษ,5-9,ชาย,3034
บุรีรัมย์,โรคลมพิษ,5-9,หญิง,2542
บุรีรัมย์,โรคลมพิษ,50-54,ชาย,1383
บุรีรัมย์,โรคลมพิษ,50-54,หญิง,3537
บุรีรัมย์,โรคลมพิษ,55-59,ชาย,1400
บุรีรัมย์,โรคลมพิษ,55-59,หญิง,3099
บุรีรัมย์,โรคลมพิษ,60-64,ชาย,1335
บุรีรัมย์,โรคลมพิษ,60-64,หญิง,2458
บุรีรัมย์,โรคลมพิษ,65-69,ชาย,1271
บุรีรัมย์,โรคลมพิษ,65-69,หญิง,1915
บุรีรัมย์,โรคลมพิษ,70-74,ชาย,1011
บุรีรัมย์,โรคลมพิษ,70-74,หญิง,1364
บุรีรัมย์,โรคลมพิษ,75-79,ชาย,692
บุรีรัมย์,โรคลมพิษ,75-79,หญิง,873
บุรีรัมย์,โรคลมพิษ,80+,ชาย,662
บุรีรัมย์,โรคลมพิษ,80+,หญิง,914
บุรีรัมย์,โรคลมพิษ,ไม่ทราบ,ไม่ระบุ,2237
บุรีรัมย์,โรคหอบหืด,0-4,ชาย,6748
บุรีรัมย์,โรคหอบหืด,0-4,หญิง,3834
บุรีรัมย์,โรคหอบหืด,10-14,ชาย,4536
บุรีรัมย์,โรคหอบหืด,10-14,หญิง,2526
บุรีรัมย์,โรคหอบหืด,15-19,ชาย,1135
บุรีรัมย์,โรคหอบหืด,15-19,หญิง,1025
บุรีรัมย์,โรคหอบหืด,20-24,ชาย,974
บุรีรัมย์,โรคหอบหืด,20-24,หญิง,737
บุรีรัมย์,โรคหอบหืด,25-29,ชาย,759
บุรีรัมย์,โรคหอบหืด,25-29,หญิง,1037
บุรีรัมย์,โรคหอบหืด,30-34,ชาย,630
บุรีรัมย์,โรคหอบหืด,30-34,หญิง,1467
บุรีรัมย์,โรคหอบหืด,35-39,ชาย,906
บุรีรัมย์,โรคหอบหืด,35-39,หญิง,1997
บุรีรัมย์,โรคหอบหืด,40-44,ชาย,1404
บุรีรัมย์,โรคหอบหืด,40-44,หญิง,3075
บุรีรัมย์,โรคหอบหืด,45-49,ชาย,1821
บุรีรัมย์,โรคหอบหืด,45-49,หญิง,4653
บุรีรัมย์,โรคหอบหืด,5-9,ชาย,9411
บุรีรัมย์,โรคหอบหืด,5-9,หญิง,5549
บุรีรัมย์,โรคหอบหืด,50-54,ชาย,2235
บุรีรัมย์,โรคหอบหืด,50-54,หญิง,6298
บุรีรัมย์,โรคหอบหืด,55-59,ชาย,2612
บุรีรัมย์,โรคหอบหืด,55-59,หญิง,6909
บุรีรัมย์,โรคหอบหืด,60-64,ชาย,2621
บุรีรัมย์,โรคหอบหืด,60-64,หญิง,7240
บุรีรัมย์,โรคหอบหืด,65-69,ชาย,2199
บุรีรัมย์,โรคหอบหืด,65-69,หญิง,6229
บุรีรัมย์,โรคหอบหืด,70-74,ชาย,1673
บุรีรัมย์,โรคหอบหืด,70-74,หญิง,5298
บุรีรัมย์,โรคหอบหืด,75-79,ชาย,1130
บุรีรัมย์,โรคหอบหืด,75-79,หญิง,3646
บุรีรัมย์,โรคหอบหืด,80+,ชาย,998
บุรีรัมย์,โรคหอบหืด,80+,หญิง,3503
บุรีรัมย์,โรคหอบหืด,ไม่ทราบ,ชาย,1
บุรีรัมย์,โรคหอบหืด,ไม่ทราบ,ไม่ระบุ,975
บุรีรัมย์,โรคเยื่อจมูกอักเสบจากภูมิแพ้,0-4,ชาย,2472
บุรีรัมย์,โรคเยื่อจมูกอักเสบจากภูมิแพ้,0-4,หญิง,2085
บุรีรัมย์,โรคเยื่อจมูกอักเสบจากภูมิแพ้,10-14,ชาย,2102
บุรีรัมย์,โรคเยื่อจมูกอักเสบจากภูมิแพ้,10-14,หญิง,1606
บุรีรัมย์,โรคเยื่อจมูกอักเสบจากภูมิแพ้,15-19,ชาย,574
บุรีรัมย์,โรคเยื่อจมูกอักเสบจากภูมิแพ้,15-19,หญิง,1018
บุรีรัมย์,โรคเยื่อจมูกอักเสบจากภูมิแพ้,20-24,ชาย,491
บุรีรัมย์,โรคเยื่อจมูกอักเสบจากภูมิแพ้,20-24,หญิง,941
บุรีรัมย์,โรคเยื่อจมูกอักเสบจากภูมิแพ้,25-29,ชาย,640
บุรีรัมย์,โรคเยื่อจมูกอักเสบจากภูมิแพ้,25-29,หญิง,1404
บุรีรัมย์,โรคเยื่อจมูกอักเสบจากภูมิแพ้,30-34,ชาย,561
บุรีรัมย์,โรคเยื่อจมูกอักเสบจากภูมิแพ้,30-34,หญิง,1518
บุรีรัมย์,โรคเยื่อจมูกอักเสบจากภูมิแพ้,35-39,ชาย,568
บุรีรัมย์,โรคเยื่อจมูกอักเสบจากภูมิแพ้,35-39,หญิง,1535
บุรีรัมย์,โรคเยื่อจมูกอักเสบจากภูมิแพ้,40-44,ชาย,540
บุรีรัมย์,โรคเยื่อจมูกอักเสบจากภูมิแพ้,40-44,หญิง,1723
บุรีรัมย์,โรคเยื่อจมูกอักเสบจากภูมิแพ้,45-49,ชาย,655
บุรีรัมย์,โรคเยื่อจมูกอักเสบจากภูมิแพ้,45-49,หญิง,2122
บุรีรัมย์,โรคเยื่อจมูกอักเสบจากภูมิแพ้,5-9,ชาย,3810
บุรีรัมย์,โรคเยื่อจมูกอักเสบจากภูมิแพ้,5-9,หญิง,2714
บุรีรัมย์,โรคเยื่อจมูกอักเสบจากภูมิแพ้,50-54,ชาย,789
บุรีรัมย์,โรคเยื่อจมูกอักเสบจากภูมิแพ้,50-54,หญิง,1968
บุรีรัมย์,โรคเยื่อจมูกอักเสบจากภูมิแพ้,55-59,ชาย,716
บุรีรัมย์,โรคเยื่อจมูกอักเสบจากภูมิแพ้,55-59,หญิง,1654
บุรีรัมย์,โรคเยื่อจมูกอักเสบจากภูมิแพ้,60-64,ชาย,825
บุรีรัมย์,โรคเยื่อจมูกอักเสบจากภูมิแพ้,60-64,หญิง,1417
บุรีรัมย์,โรคเยื่อจมูกอักเสบจากภูมิแพ้,65-69,ชาย,592
บุรีรัมย์,โรคเยื่อจมูกอักเสบจากภูมิแพ้,65-69,หญิง,872
บุรีรัมย์,โรคเยื่อจมูกอักเสบจากภูมิแพ้,70-74,ชาย,529
บุรีรัมย์,โรคเยื่อจมูกอักเสบจากภูมิแพ้,70-74,หญิง,538
บุรีรัมย์,โรคเยื่อจมูกอักเสบจากภูมิแพ้,75-79,ชาย,426
บุรีรัมย์,โรคเยื่อจมูกอักเสบจากภูมิแพ้,75-79,หญิง,332
บุรีรัมย์,โรคเยื่อจมูกอักเสบจากภูมิแพ้,80+,ชาย,265
บุรีรัมย์,โรคเยื่อจมูกอักเสบจากภูมิแพ้,80+,หญิง,225
บุรีรัมย์,โรคเยื่อจมูกอักเสบจากภูมิแพ้,ไม่ทราบ,ชาย,1
บุรีรัมย์,โรคเยื่อจมูกอักเสบจากภูมิแพ้,ไม่ทราบ,หญิง,1
บุรีรัมย์,โรคเยื่อจมูกอักเสบจากภูมิแพ้,ไม่ทราบ,ไม่ระบุ,356
บุรีรัมย์,โรคเยื่อบุตาอักเสบ,0-4,ชาย,3403
บุรีรัมย์,โรคเยื่อบุตาอักเสบ,0-4,หญิง,2887
บุรีรัมย์,โรคเยื่อบุตาอักเสบ,0-4,ไม่ระบุ,1
บุรีรัมย์,โรคเยื่อบุตาอักเสบ,10-14,ชาย,2849
บุรีรัมย์,โรคเยื่อบุตาอักเสบ,10-14,หญิง,2924
บุรีรัมย์,โรคเยื่อบุตาอักเสบ,15-19,ชาย,2449
บุรีรัมย์,โรคเยื่อบุตาอักเสบ,15-19,หญิง,3582
บุรีรัมย์,โรคเยื่อบุตาอักเสบ,20-24,ชาย,1789
บุรีรัมย์,โรคเยื่อบุตาอักเสบ,20-24,หญิง,1939
บุรีรัมย์,โรคเยื่อบุตาอักเสบ,25-29,ชาย,2083
บุรีรัมย์,โรคเยื่อบุตาอักเสบ,25-29,หญิง,2154
บุรีรัมย์,โรคเยื่อบุตาอักเสบ,30-34,ชาย,2099
บุรีรัมย์,โรคเยื่อบุตาอักเสบ,30-34,หญิง,2091
บุรีรัมย์,โรคเยื่อบุตาอักเสบ,35-39,ชาย,2125
บุรีรัมย์,โรคเยื่อบุตาอักเสบ,35-39,หญิง,2285
บุรีรัมย์,โรคเยื่อบุตาอักเสบ,40-44,ชาย,2578
บุรีรัมย์,โรคเยื่อบุตาอักเสบ,40-44,หญิง,3139
บุรีรัมย์,โรคเยื่อบุตาอักเสบ,45-49,ชาย,3101
บุรีรัมย์,โรคเยื่อบุตาอักเสบ,45-49,หญิง,4128
บุรีรัมย์,โรคเยื่อบุตาอักเสบ,5-9,ชาย,3426
บุรีรัมย์,โรคเยื่อบุตาอักเสบ,5-9,หญิง,2436
บุรีรัมย์,โรคเยื่อบุตาอักเสบ,50-54,ชาย,3353
บุรีรัมย์,โรคเยื่อบุตาอักเสบ,50-54,หญิง,5605
บุรีรัมย์,โรคเยื่อบุตาอักเสบ,55-59,ชาย,3538
บุรีรัมย์,โรคเยื่อบุตาอักเสบ,55-59,หญิง,5658
บุรีรัมย์,โรคเยื่อบุตาอักเสบ,60-64,ชาย,3194
บุรีรัมย์,โรคเยื่อบุตาอักเสบ,60-64,หญิง,4673
บุรีรัมย์,โรคเยื่อบุตาอักเสบ,65-69,ชาย,2720
บุรีรัมย์,โรคเยื่อบุตาอักเสบ,65-69,หญิง,3838
บุรีรัมย์,โรคเยื่อบุตาอักเสบ,70-74,ชาย,2167
บุรีรัมย์,โรคเยื่อบุตาอักเสบ,70-74,หญิง,2799
บุรีรัมย์,โรคเยื่อบุตาอักเสบ,75-79,ชาย,1557
บุรีรัมย์,โรคเยื่อบุตาอักเสบ,75-79,หญิง,1723
บุรีรัมย์,โรคเยื่อบุตาอักเสบ,80+,ชาย,1414
บุรีรัมย์,โรคเยื่อบุตาอักเสบ,80+,หญิง,2139
บุรีรัมย์,โรคเยื่อบุตาอักเสบ,ไม่ทราบ,หญิง,7
บุรีรัมย์,โรคเยื่อบุตาอักเสบ,ไม่ทราบ,ไม่ระบุ,2201
ปทุมธานี,โรคติดเชื้อทางเดินหายใจส่วนบนเฉียบพลัน,0-4,ชาย,71033
ปทุมธานี,โรคติดเชื้อทางเดินหายใจส่วนบนเฉียบพลัน,0-4,หญิง,64104
ปทุมธานี,โรคติดเชื้อทางเดินหายใจส่วนบนเฉียบพลัน,10-14,ชาย,30997
ปทุมธานี,โรคติดเชื้อทางเดินหายใจส่วนบนเฉียบพลัน,10-14,หญิง,27147
ปทุมธานี,โรคติดเชื้อทางเดินหายใจส่วนบนเฉียบพลัน,15-19,ชาย,19278
ปทุมธานี,โรคติดเชื้อทางเดินหายใจส่วนบนเฉียบพลัน,15-19,หญิง,25078
ปทุมธานี,โรคติดเชื้อทางเดินหายใจส่วนบนเฉียบพลัน,20-24,ชาย,19308
ปทุมธานี,โรคติดเชื้อทางเดินหายใจส่วนบนเฉียบพลัน,20-24,หญิง,30063
ปทุมธานี,โรคติดเชื้อทางเดินหายใจส่วนบนเฉียบพลัน,25-29,ชาย,16512
ปทุมธานี,โรคติดเชื้อทางเดินหายใจส่วนบนเฉียบพลัน,25-29,หญิง,21810
ปทุมธานี,โรคติดเชื้อทางเดินหายใจส่วนบนเฉียบพลัน,25-29,ไม่ระบุ,2
ปทุมธานี,โรคติดเชื้อทางเดินหายใจส่วนบนเฉียบพลัน,30-34,ชาย,13722
ปทุมธานี,โรคติดเชื้อทางเดินหายใจส่วนบนเฉียบพลัน,30-34,หญิง,17702
ปทุมธานี,โรคติดเชื้อทางเดินหายใจส่วนบนเฉียบพลัน,35-39,ชาย,11275
ปทุมธานี,โรคติดเชื้อทางเดินหายใจส่วนบนเฉียบพลัน,35-39,หญิง,15110
ปทุมธานี,โรคติดเชื้อทางเดินหายใจส่วนบนเฉียบพลัน,40-44,ชาย,10922
ปทุมธานี,โรคติดเชื้อทางเดินหายใจส่วนบนเฉียบพลัน,40-44,หญิง,14588
ปทุมธานี,โรคติดเชื้อทางเดินหายใจส่วนบนเฉียบพลัน,45-49,ชาย,9346
ปทุมธานี,โรคติดเชื้อทางเดินหายใจส่วนบนเฉียบพลัน,45-49,หญิง,14139
ปทุมธานี,โรคติดเชื้อทางเดินหายใจส่วนบนเฉียบพลัน,5-9,ชาย,57944
ปทุมธานี,โรคติดเชื้อทางเดินหายใจส่วนบนเฉียบพลัน,5-9,หญิง,55272
ปทุมธานี,โรคติดเชื้อทางเดินหายใจส่วนบนเฉียบพลัน,50-54,ชาย,8108
ปทุมธานี,โรคติดเชื้อทางเดินหายใจส่วนบนเฉียบพลัน,50-54,หญิง,14086
ปทุมธานี,โรคติดเชื้อทางเดินหายใจส่วนบนเฉียบพลัน,55-59,ชาย,8364
ปทุมธานี,โรคติดเชื้อทางเดินหายใจส่วนบนเฉียบพลัน,55-59,หญิง,14956
ปทุมธานี,โรคติดเชื้อทางเดินหายใจส่วนบนเฉียบพลัน,60-64,ชาย,8661
ปทุมธานี,โรคติดเชื้อทางเดินหายใจส่วนบนเฉียบพลัน,60-64,หญิง,14091
ปทุมธานี,โรคติดเชื้อทางเดินหายใจส่วนบนเฉียบพลัน,65-69,ชาย,7052
ปทุมธานี,โรคติดเชื้อทางเดินหายใจส่วนบนเฉียบพลัน,65-69,หญิง,10735
ปทุมธานี,โรคติดเชื้อทางเดินหายใจส่วนบนเฉียบพลัน,70-74,ชาย,5473
ปทุมธานี,โรคติดเชื้อทางเดินหายใจส่วนบนเฉียบพลัน,70-74,หญิง,7679
ปทุมธานี,โรคติดเชื้อทางเดินหายใจส่วนบนเฉียบพลัน,75-79,ชาย,3021
ปทุมธานี,โรคติดเชื้อทางเดินหายใจส่วนบนเฉียบพลัน,75-79,หญิง,4370
ปทุมธานี,โรคติดเชื้อทางเดินหายใจส่วนบนเฉียบพลัน,80+,ชาย,2513
ปทุมธานี,โรคติดเชื้อทางเดินหายใจส่วนบนเฉียบพลัน,80+,หญิง,3928
ปทุมธานี,โรคติดเชื้อทางเดินหายใจส่วนบนเฉียบพลัน,ไม่ทราบ,ชาย,44
ปทุมธานี,โรคติดเชื้อทางเดินหายใจส่วนบนเฉียบพลัน,ไม่ทราบ,หญิง,57
ปทุมธานี,โรคติดเชื้อทางเดินหายใจส่วนบนเฉียบพลัน,ไม่ทราบ,ไม่ระบุ,11578
ปทุมธานี,โรคปอดอุดกั้นเรื้อรัง,0-4,ชาย,149
ปทุมธานี,โรคปอดอุดกั้นเรื้อรัง,0-4,หญิง,99
ปทุมธานี,โรคปอดอุดกั้นเรื้อรัง,10-14,ชาย,16
ปทุมธานี,โรคปอดอุดกั้นเรื้อรัง,10-14,หญิง,3
ปทุมธานี,โรคปอดอุดกั้นเรื้อรัง,15-19,ชาย,4
ปทุมธานี,โรคปอดอุดกั้นเรื้อรัง,15-19,หญิง,2
ปทุมธานี,โรคปอดอุดกั้นเรื้อรัง,20-24,ชาย,21
ปทุมธานี,โรคปอดอุดกั้นเรื้อรัง,20-24,หญิง,3
ปทุมธานี,โรคปอดอุดกั้นเรื้อรัง,25-29,ชาย,23
ปทุมธานี,โรคปอดอุดกั้นเรื้อรัง,25-29,หญิง,8
ปทุมธานี,โรคปอดอุดกั้นเรื้อรัง,30-34,ชาย,94
ปทุมธานี,โรคปอดอุดกั้นเรื้อรัง,30-34,หญิง,27
ปทุมธานี,โรคปอดอุดกั้นเรื้อรัง,35-39,ชาย,159
ปทุมธานี,โรคปอดอุดกั้นเรื้อรัง,35-39,หญิง,20
ปทุมธานี,โรคปอดอุดกั้นเรื้อรัง,40-44,ชาย,327
ปทุมธานี,โรคปอดอุดกั้นเรื้อรัง,40-44,หญิง,47
ปทุมธานี,โรคปอดอุดกั้นเรื้อรัง,45-49,ชาย,641
ปทุมธานี,โรคปอดอุดกั้นเรื้อรัง,45-49,หญิง,171
ปทุมธานี,โรคปอดอุดกั้นเรื้อรัง,5-9,ชาย,24
ปทุมธานี,โรคปอดอุดกั้นเรื้อรัง,5-9,หญิง,23
ปทุมธานี,โรคปอดอุดกั้นเรื้อรัง,50-54,ชาย,1107
ปทุมธานี,โรคปอดอุดกั้นเรื้อรัง,50-54,หญิง,152
ปทุมธานี,โรคปอดอุดกั้นเรื้อรัง,55-59,ชาย,1898
ปทุมธานี,โรคปอดอุดกั้นเรื้อรัง,55-59,หญิง,445
ปทุมธานี,โรคปอดอุดกั้นเรื้อรัง,60-64,ชาย,3162
ปทุมธานี,โรคปอดอุดกั้นเรื้อรัง,60-64,หญิง,654
ปทุมธานี,โรคปอดอุดกั้นเรื้อรัง,65-69,ชาย,3922
ปทุมธานี,โรคปอดอุดกั้นเรื้อรัง,65-69,หญิง,636
ปทุมธานี,โรคปอดอุดกั้นเรื้อรัง,70-74,ชาย,3738
ปทุมธานี,โรคปอดอุดกั้นเรื้อรัง,70-74,หญิง,782
ปทุมธานี,โรคปอดอุดกั้นเรื้อรัง,75-79,ชาย,2642
ปทุมธานี,โรคปอดอุดกั้นเรื้อรัง,75-79,หญิง,721
ปทุมธานี,โรคปอดอุดกั้นเรื้อรัง,80+,ชาย,3102
ปทุมธานี,โรคปอดอุดกั้นเรื้อรัง,80+,หญิง,1107
ปทุมธานี,โรคปอดอุดกั้นเรื้อรัง,ไม่ทราบ,ไม่ระบุ,287
ปทุมธานี,โรคผิวหนังอักเสบ,0-4,ชาย,1700
ปทุมธานี,โรคผิวหนังอักเสบ,0-4,หญิง,1699
ปทุมธานี,โรคผิวหนังอักเสบ,10-14,ชาย,864
ปทุมธานี,โรคผิวหนังอักเสบ,10-14,หญิง,910
ปทุมธานี,โรคผิวหนังอักเสบ,15-19,ชาย,859
ปทุมธานี,โรคผิวหนังอักเสบ,15-19,หญิง,1393
ปทุมธานี,โรคผิวหนังอักเสบ,20-24,ชาย,966
ปทุมธานี,โรคผิวหนังอักเสบ,20-24,หญิง,1776
ปทุมธานี,โรคผิวหนังอักเสบ,25-29,ชาย,751
ปทุมธานี,โรคผิวหนังอักเสบ,25-29,หญิง,1243
ปทุมธานี,โรคผิวหนังอักเสบ,30-34,ชาย,667
ปทุมธานี,โรคผิวหนังอักเสบ,30-34,หญิง,1147
ปทุมธานี,โรคผิวหนังอักเสบ,35-39,ชาย,656
ปทุมธานี,โรคผิวหนังอักเสบ,35-39,หญิง,1122
ปทุมธานี,โรคผิวหนังอักเสบ,40-44,ชาย,731
ปทุมธานี,โรคผิวหนังอักเสบ,40-44,หญิง,1352
ปทุมธานี,โรคผิวหนังอักเสบ,45-49,ชาย,840
ปทุมธานี,โรคผิวหนังอักเสบ,45-49,หญิง,1557
ปทุมธานี,โรคผิวหนังอักเสบ,5-9,ชาย,1203
ปทุมธานี,โรคผิวหนังอักเสบ,5-9,หญิง,1023
ปทุมธานี,โรคผิวหนังอักเสบ,50-54,ชาย,798
ปทุมธานี,โรคผิวหนังอักเสบ,50-54,หญิง,1702
ปทุมธานี,โรคผิวหนังอักเสบ,55-59,ชาย,1070
ปทุมธานี,โรคผิวหนังอักเสบ,55-59,หญิง,1601
ปทุมธานี,โรคผิวหนังอักเสบ,60-64,ชาย,1161
ปทุมธานี,โรคผิวหนังอักเสบ,60-64,หญิง,1611
ปทุมธานี,โรคผิวหนังอักเสบ,65-69,ชาย,1076
ปทุมธานี,โรคผิวหนังอักเสบ,65-69,หญิง,1414
ปทุมธานี,โรคผิวหนังอักเสบ,70-74,ชาย,830
ปทุมธานี,โรคผิวหนังอักเสบ,70-74,หญิง,985
ปทุมธานี,โรคผิวหนังอักเสบ,75-79,ชาย,502
ปทุมธานี,โรคผิวหนังอักเสบ,75-79,หญิง,570
ปทุมธานี,โรคผิวหนังอักเสบ,80+,ชาย,500
ปทุมธานี,โรคผิวหนังอักเสบ,80+,หญิง,620
ปทุมธานี,โรคผิวหนังอักเสบ,ไม่ทราบ,ชาย,2
ปทุมธานี,โรคผิวหนังอักเสบ,ไม่ทราบ,หญิง,3
ปทุมธานี,โรคผิวหนังอักเสบ,ไม่ทราบ,ไม่ระบุ,557
ปทุมธานี,โรคลมพิษ,0-4,ชาย,987
ปทุมธานี,โรคลมพิษ,0-4,หญิง,860
ปทุมธานี,โรคลมพิษ,10-14,ชาย,674
ปทุมธานี,โรคลมพิษ,10-14,หญิง,628
ปทุมธานี,โรคลมพิษ,15-19,ชาย,494
ปทุมธานี,โรคลมพิษ,15-19,หญิง,939
ปทุมธานี,โรคลมพิษ,20-24,ชาย,549
ปทุมธานี,โรคลมพิษ,20-24,หญิง,1091
ปทุมธานี,โรคลมพิษ,25-29,ชาย,585
ปทุมธานี,โรคลมพิษ,25-29,หญิง,808
ปทุมธานี,โรคลมพิษ,30-34,ชาย,533
ปทุมธานี,โรคลมพิษ,30-34,หญิง,667
ปทุมธานี,โรคลมพิษ,35-39,ชาย,458
ปทุมธานี,โรคลมพิษ,35-39,หญิง,651
ปทุมธานี,โรคลมพิษ,40-44,ชาย,423
ปทุมธานี,โรคลมพิษ,40-44,หญิง,625
ปทุมธานี,โรคลมพิษ,45-49,ชาย,402
ปทุมธานี,โรคลมพิษ,45-49,หญิง,593
ปทุมธานี,โรคลมพิษ,5-9,ชาย,882
ปทุมธานี,โรคลมพิษ,5-9,หญิง,739
ปทุมธานี,โรคลมพิษ,50-54,ชาย,276
ปทุมธานี,โรคลมพิษ,50-54,หญิง,543
ปทุมธานี,โรคลมพิษ,55-59,ชาย,295
ปทุมธานี,โรคลมพิษ,55-59,หญิง,560
ปทุมธานี,โรคลมพิษ,60-64,ชาย,246
ปทุมธานี,โรคลมพิษ,60-64,หญิง,458
ปทุมธานี,โรคลมพิษ,65-69,ชาย,208
ปทุมธานี,โรคลมพิษ,65-69,หญิง,370
ปทุมธานี,โรคลมพิษ,70-74,ชาย,123
ปทุมธานี,โรคลมพิษ,70-74,หญิง,208
ปทุมธานี,โรคลมพิษ,75-79,ชาย,50
ปทุมธานี,โรคลมพิษ,75-79,หญิง,123
ปทุมธานี,โรคลมพิษ,80+,ชาย,51
ปทุมธานี,โรคลมพิษ,80+,หญิง,110
ปทุมธานี,โรคลมพิษ,ไม่ทราบ,ชาย,1
ปทุมธานี,โรคลมพิษ,ไม่ทราบ,หญิง,3
ปทุมธานี,โรคลมพิษ,ไม่ทราบ,ไม่ระบุ,399
ปทุมธานี,โรคหอบหืด,0-4,ชาย,2362
ปทุมธานี,โรคหอบหืด,0-4,หญิง,1257
ปทุมธานี,โรคหอบหืด,10-14,ชาย,2717
ปทุมธานี,โรคหอบหืด,10-14,หญิง,1298
ปทุมธานี,โรคหอบหืด,15-19,ชาย,829
ปทุมธานี,โรคหอบหืด,15-19,หญิง,802
ปทุมธานี,โรคหอบหืด,20-24,ชาย,565
ปทุมธานี,โรคหอบหืด,20-24,หญิง,779
ปทุมธานี,โรคหอบหืด,25-29,ชาย,530
ปทุมธานี,โรคหอบหืด,25-29,หญิง,779
ปทุมธานี,โรคหอบหืด,30-34,ชาย,667
ปทุมธานี,โรคหอบหืด,30-34,หญิง,1028
ปทุมธานี,โรคหอบหืด,35-39,ชาย,939
ปทุมธานี,โรคหอบหืด,35-39,หญิง,1221
ปทุมธานี,โรคหอบหืด,40-44,ชาย,1064
ปทุมธานี,โรคหอบหืด,40-44,หญิง,1487
ปทุมธานี,โรคหอบหืด,45-49,ชาย,1343
ปทุมธานี,โรคหอบหืด,45-49,หญิง,2271
ปทุมธานี,โรคหอบหืด,5-9,ชาย,4905
ปทุมธานี,โรคหอบหืด,5-9,หญิง,2816
ปทุมธานี,โรคหอบหืด,50-54,ชาย,1266
ปทุมธานี,โรคหอบหืด,50-54,หญิง,2909
ปทุมธานี,โรคหอบหืด,55-59,ชาย,1469
ปทุมธานี,โรคหอบหืด,55-59,หญิง,3471
ปทุมธานี,โรคหอบหืด,60-64,ชาย,1302
ปทุมธานี,โรคหอบหืด,60-64,หญิง,3566
ปทุมธานี,โรคหอบหืด,65-69,ชาย,1156
ปทุมธานี,โรคหอบหืด,65-69,หญิง,3030
ปทุมธานี,โรคหอบหืด,70-74,ชาย,829
ปทุมธานี,โรคหอบหืด,70-74,หญิง,2434
ปทุมธานี,โรคหอบหืด,75-79,ชาย,327
ปทุมธานี,โรคหอบหืด,75-79,หญิง,1567
ปทุมธานี,โรคหอบหืด,80+,ชาย,301
ปทุมธานี,โรคหอบหืด,80+,หญิง,1306
ปทุมธานี,โรคหอบหืด,ไม่ทราบ,ชาย,1
ปทุมธานี,โรคหอบหืด,ไม่ทราบ,หญิง,2
ปทุมธานี,โรคหอบหืด,ไม่ทราบ,ไม่ระบุ,542
ปทุมธานี,โรคเยื่อจมูกอักเสบจากภูมิแพ้,0-4,ชาย,2242
ปทุมธานี,โรคเยื่อจมูกอักเสบจากภูมิแพ้,0-4,หญิง,1863
ปทุมธานี,โรคเยื่อจมูกอักเสบจากภูมิแพ้,10-14,ชาย,2433
ปทุมธานี,โรคเยื่อจมูกอักเสบจากภูมิแพ้,10-14,หญิง,1665
ปทุมธานี,โรคเยื่อจมูกอักเสบจากภูมิแพ้,15-19,ชาย,853
ปทุมธานี,โรคเยื่อจมูกอักเสบจากภูมิแพ้,15-19,หญิง,1210
ปทุมธานี,โรคเยื่อจมูกอักเสบจากภูมิแพ้,20-24,ชาย,798
ปทุมธานี,โรคเยื่อจมูกอักเสบจากภูมิแพ้,20-24,หญิง,1396
ปทุมธานี,โรคเยื่อจมูกอักเสบจากภูมิแพ้,25-29,ชาย,678
ปทุมธานี,โรคเยื่อจมูกอักเสบจากภูมิแพ้,25-29,หญิง,1151
ปทุมธานี,โรคเยื่อจมูกอักเสบจากภูมิแพ้,30-34,ชาย,651
ปทุมธานี,โรคเยื่อจมูกอักเสบจากภูมิแพ้,30-34,หญิง,1163
ปทุมธานี,โรคเยื่อจมูกอักเสบจากภูมิแพ้,35-39,ชาย,546
ปทุมธานี,โรคเยื่อจมูกอักเสบจากภูมิแพ้,35-39,หญิง,1000
ปทุมธานี,โรคเยื่อจมูกอักเสบจากภูมิแพ้,40-44,ชาย,587
ปทุมธานี,โรคเยื่อจมูกอักเสบจากภูมิแพ้,40-44,หญิง,1074
ปทุมธานี,โรคเยื่อจมูกอักเสบจากภูมิแพ้,45-49,ชาย,534
ปทุมธานี,โรคเยื่อจมูกอักเสบจากภูมิแพ้,45-49,หญิง,1387
ปทุมธานี,โรคเยื่อจมูกอักเสบจากภูมิแพ้,5-9,ชาย,4852
ปทุมธานี,โรคเยื่อจมูกอักเสบจากภูมิแพ้,5-9,หญิง,3458
ปทุมธานี,โรคเยื่อจมูกอักเสบจากภูมิแพ้,50-54,ชาย,606
ปทุมธานี,โรคเยื่อจมูกอักเสบจากภูมิแพ้,50-54,หญิง,1363
ปทุมธานี,โรคเยื่อจมูกอักเสบจากภูมิแพ้,55-59,ชาย,807
ปทุมธานี,โรคเยื่อจมูกอักเสบจากภูมิแพ้,55-59,หญิง,1590
ปทุมธานี,โรคเยื่อจมูกอักเสบจากภูมิแพ้,60-64,ชาย,925
ปทุมธานี,โรคเยื่อจมูกอักเสบจากภูมิแพ้,60-64,หญิง,1474
ปทุมธานี,โรคเยื่อจมูกอักเสบจากภูมิแพ้,65-69,ชาย,815
ปทุมธานี,โรคเยื่อจมูกอักเสบจากภูมิแพ้,65-69,หญิง,1106
ปทุมธานี,โรคเยื่อจมูกอักเสบจากภูมิแพ้,70-74,ชาย,557
ปทุมธานี,โรคเยื่อจมูกอักเสบจากภูมิแพ้,70-74,หญิง,789
ปทุมธานี,โรคเยื่อจมูกอักเสบจากภูมิแพ้,75-79,ชาย,322
ปทุมธานี,โรคเยื่อจมูกอักเสบจากภูมิแพ้,75-79,หญิง,404
ปทุมธานี,โรคเยื่อจมูกอักเสบจากภูมิแพ้,80+,ชาย,236
ปทุมธานี,โรคเยื่อจมูกอักเสบจากภูมิแพ้,80+,หญิง,213
ปทุมธานี,โรคเยื่อจมูกอักเสบจากภูมิแพ้,ไม่ทราบ,ไม่ระบุ,428
ปทุมธานี,โรคเยื่อบุตาอักเสบ,0-4,ชาย,1959
ปทุมธานี,โรคเยื่อบุตาอักเสบ,0-4,หญิง,1518
ปทุมธานี,โรคเยื่อบุตาอักเสบ,10-14,ชาย,1514
ปทุมธานี,โรคเยื่อบุตาอักเสบ,10-14,หญิง,1192
ปทุมธานี,โรคเยื่อบุตาอักเสบ,15-19,ชาย,1369
ปทุมธานี,โรคเยื่อบุตาอักเสบ,15-19,หญิง,1775
ปทุมธานี,โรคเยื่อบุตาอักเสบ,20-24,ชาย,1723
ปทุมธานี,โรคเยื่อบุตาอักเสบ,20-24,หญิง,2175
ปทุมธานี,โรคเยื่อบุตาอักเสบ,25-29,ชาย,1666
ปทุมธานี,โรคเยื่อบุตาอักเสบ,25-29,หญิง,1537
ปทุมธานี,โรคเยื่อบุตาอักเสบ,30-34,ชาย,1512
ปทุมธานี,โรคเยื่อบุตาอักเสบ,30-34,หญิง,1362
ปทุมธานี,โรคเยื่อบุตาอักเสบ,35-39,ชาย,1338
ปทุมธานี,โรคเยื่อบุตาอักเสบ,35-39,หญิง,1140
ปทุมธานี,โรคเยื่อบุตาอักเสบ,40-44,ชาย,1395
ปทุมธานี,โรคเยื่อบุตาอักเสบ,40-44,หญิง,1160
ปทุมธานี,โรคเยื่อบุตาอักเสบ,45-49,ชาย,1227
ปทุมธานี,โรคเยื่อบุตาอักเสบ,45-49,หญิง,1329
ปทุมธานี,โรคเยื่อบุตาอักเสบ,5-9,ชาย,2338
ปทุมธานี,โรคเยื่อบุตาอักเสบ,5-9,หญิง,1594
ปทุมธานี,โรคเยื่อบุตาอักเสบ,50-54,ชาย,1151
ปทุมธานี,โรคเยื่อบุตาอักเสบ,50-54,หญิง,1703
ปทุมธานี,โรคเยื่อบุตาอักเสบ,55-59,ชาย,1160
ปทุมธานี,โรคเยื่อบุตาอักเสบ,55-59,หญิง,1938
ปทุมธานี,โรคเยื่อบุตาอักเสบ,60-64,ชาย,1125
ปทุมธานี,โรคเยื่อบุตาอักเสบ,60-64,หญิง,1998
ปทุมธานี,โรคเยื่อบุตาอักเสบ,65-69,ชาย,1032
ปทุมธานี,โรคเยื่อบุตาอักเสบ,65-69,หญิง,1584
ปทุมธานี,โรคเยื่อบุตาอักเสบ,70-74,ชาย,777
ปทุมธานี,โรคเยื่อบุตาอักเสบ,70-74,หญิง,1269
ปทุมธานี,โรคเยื่อบุตาอักเสบ,75-79,ชาย,370
ปทุมธานี,โรคเยื่อบุตาอักเสบ,75-79,หญิง,684
ปทุมธานี,โรคเยื่อบุตาอักเสบ,80+,ชาย,452
ปทุมธานี,โรคเยื่อบุตาอักเสบ,80+,หญิง,723
ปทุมธานี,โรคเยื่อบุตาอักเสบ,ไม่ทราบ,ชาย,4
ปทุมธานี,โรคเยื่อบุตาอักเสบ,ไม่ทราบ,หญิง,9
ปทุมธานี,โรคเยื่อบุตาอักเสบ,ไม่ทราบ,ไม่ระบุ,528
ประจวบคีรีขันธ์,โรคติดเชื้อทางเดินหายใจส่วนบนเฉียบพลัน,0-4,ชาย,35208
ประจวบคีรีขันธ์,โรคติดเชื้อทางเดินหายใจส่วนบนเฉียบพลัน,0-4,หญิง,31525
ประจวบคีรีขันธ์,โรคติดเชื้อทางเดินหายใจส่วนบนเฉียบพลัน,10-14,ชาย,14986
ประจวบคีรีขันธ์,โรคติดเชื้อทางเดินหายใจส่วนบนเฉียบพลัน,10-14,หญิง,13876
ประจวบคีรีขันธ์,โรคติดเชื้อทางเดินหายใจส่วนบนเฉียบพลัน,15-19,ชาย,7677
ประจวบคีรีขันธ์,โรคติดเชื้อทางเดินหายใจส่วนบนเฉียบพลัน,15-19,หญิง,10168
ประจวบคีรีขันธ์,โรคติดเชื้อทางเดินหายใจส่วนบนเฉียบพลัน,20-24,ชาย,7204
ประจวบคีรีขันธ์,โรคติดเชื้อทางเดินหายใจส่วนบนเฉียบพลัน,20-24,หญิง,11773
ประจวบคีรีขันธ์,โรคติดเชื้อทางเดินหายใจส่วนบนเฉียบพลัน,25-29,ชาย,8331
ประจวบคีรีขันธ์,โรคติดเชื้อทางเดินหายใจส่วนบนเฉียบพลัน,25-29,หญิง,15458
ประจวบคีรีขันธ์,โรคติดเชื้อทางเดินหายใจส่วนบนเฉียบพลัน,30-34,ชาย,7194
ประจวบคีรีขันธ์,โรคติดเชื้อทางเดินหายใจส่วนบนเฉียบพลัน,30-34,หญิง,14707
ประจวบคีรีขันธ์,โรคติดเชื้อทางเดินหายใจส่วนบนเฉียบพลัน,35-39,ชาย,6173
ประจวบคีรีขันธ์,โรคติดเชื้อทางเดินหายใจส่วนบนเฉียบพลัน,35-39,หญิง,12978
ประจวบคีรีขันธ์,โรคติดเชื้อทางเดินหายใจส่วนบนเฉียบพลัน,40-44,ชาย,6343
ประจวบคีรีขันธ์,โรคติดเชื้อทางเดินหายใจส่วนบนเฉียบพลัน,40-44,หญิง,12434
ประจวบคีรีขันธ์,โรคติดเชื้อทางเดินหายใจส่วนบนเฉียบพลัน,45-49,ชาย,5748
ประจวบคีรีขันธ์,โรคติดเชื้อทางเดินหายใจส่วนบนเฉียบพลัน,45-49,หญิง,11253
ประจวบคีรีขันธ์,โรคติดเชื้อทางเดินหายใจส่วนบนเฉียบพลัน,5-9,ชาย,26470
ประจวบคีรีขันธ์,โรคติดเชื้อทางเดินหายใจส่วนบนเฉียบพลัน,5-9,หญิง,24033
ประจวบคีรีขันธ์,โรคติดเชื้อทางเดินหายใจส่วนบนเฉียบพลัน,50-54,ชาย,5001
ประจวบคีรีขันธ์,โรคติดเชื้อทางเดินหายใจส่วนบนเฉียบพลัน,50-54,หญิง,10762
ประจวบคีรีขันธ์,โรคติดเชื้อทางเดินหายใจส่วนบนเฉียบพลัน,55-59,ชาย,4706
ประจวบคีรีขันธ์,โรคติดเชื้อทางเดินหายใจส่วนบนเฉียบพลัน,55-59,หญิง,9695
ประจวบคีรีขันธ์,โรคติดเชื้อทางเดินหายใจส่วนบนเฉียบพลัน,60-64,ชาย,4197
ประจวบคีรีขันธ์,โรคติดเชื้อทางเดินหายใจส่วนบนเฉียบพลัน,60-64,หญิง,8001
ประจวบคีรีขันธ์,โรคติดเชื้อทางเดินหายใจส่วนบนเฉียบพลัน,65-69,ชาย,3821
ประจวบคีรีขันธ์,โรคติดเชื้อทางเดินหายใจส่วนบนเฉียบพลัน,65-69,หญิง,6515
ประจวบคีรีขันธ์,โรคติดเชื้อทางเดินหายใจส่วนบนเฉียบพลัน,70-74,ชาย,3197
ประจวบคีรีขันธ์,โรคติดเชื้อทางเดินหายใจส่วนบนเฉียบพลัน,70-74,หญิง,4293
ประจวบคีรีขันธ์,โรคติดเชื้อทางเดินหายใจส่วนบนเฉียบพลัน,75-79,ชาย,2037
ประจวบคีรีขันธ์,โรคติดเชื้อทางเดินหายใจส่วนบนเฉียบพลัน,75-79,หญิง,2555
ประจวบคีรีขันธ์,โรคติดเชื้อทางเดินหายใจส่วนบนเฉียบพลัน,80+,ชาย,1782
ประจวบคีรีขันธ์,โรคติดเชื้อทางเดินหายใจส่วนบนเฉียบพลัน,80+,หญิง,2698
ประจวบคีรีขันธ์,โรคติดเชื้อทางเดินหายใจส่วนบนเฉียบพลัน,ไม่ทราบ,ชาย,19
ประจวบคีรีขันธ์,โรคติดเชื้อทางเดินหายใจส่วนบนเฉียบพลัน,ไม่ทราบ,หญิง,12
ประจวบคีรีขันธ์,โรคติดเชื้อทางเดินหายใจส่วนบนเฉียบพลัน,ไม่ทราบ,ไม่ระบุ,1285
ประจวบคีรีขันธ์,โรคปอดอุดกั้นเรื้อรัง,0-4,ชาย,32
ประจวบคีรีขันธ์,โรคปอดอุดกั้นเรื้อรัง,0-4,หญิง,24
ประจวบคีรีขันธ์,โรคปอดอุดกั้นเรื้อรัง,10-14,ชาย,6
ประจวบคีรีขันธ์,โรคปอดอุดกั้นเรื้อรัง,10-14,หญิง,2
ประจวบคีรีขันธ์,โรคปอดอุดกั้นเรื้อรัง,15-19,ชาย,3
ประจวบคีรีขันธ์,โรคปอดอุดกั้นเรื้อรัง,15-19,หญิง,10
ประจวบคีรีขันธ์,โรคปอดอุดกั้นเรื้อรัง,20-24,ชาย,3
ประจวบคีรีขันธ์,โรคปอดอุดกั้นเรื้อรัง,20-24,หญิง,4
ประจวบคีรีขันธ์,โรคปอดอุดกั้นเรื้อรัง,25-29,ชาย,51
ประจวบคีรีขันธ์,โรคปอดอุดกั้นเรื้อรัง,25-29,หญิง,10
ประจวบคีรีขันธ์,โรคปอดอุดกั้นเรื้อรัง,30-34,ชาย,123
ประจวบคีรีขันธ์,โรคปอดอุดกั้นเรื้อรัง,30-34,หญิง,15
ประจวบคีรีขันธ์,โรคปอดอุดกั้นเรื้อรัง,35-39,ชาย,277
ประจวบคีรีขันธ์,โรคปอดอุดกั้นเรื้อรัง,35-39,หญิง,30
ประจวบคีรีขันธ์,โรคปอดอุดกั้นเรื้อรัง,40-44,ชาย,512
ประจวบคีรีขันธ์,โรคปอดอุดกั้นเรื้อรัง,40-44,หญิง,108
ประจวบคีรีขันธ์,โรคปอดอุดกั้นเรื้อรัง,45-49,ชาย,1120
ประจวบคีรีขันธ์,โรคปอดอุดกั้นเรื้อรัง,45-49,หญิง,246
ประจวบคีรีขันธ์,โรคปอดอุดกั้นเรื้อรัง,5-9,ชาย,14
ประจวบคีรีขันธ์,โรคปอดอุดกั้นเรื้อรัง,5-9,หญิง,3
ประจวบคีรีขันธ์,โรคปอดอุดกั้นเรื้อรัง,50-54,ชาย,1598
ประจวบคีรีขันธ์,โรคปอดอุดกั้นเรื้อรัง,50-54,หญิง,455
ประจวบคีรีขันธ์,โรคปอดอุดกั้นเรื้อรัง,55-59,ชาย,2455
ประจวบคีรีขันธ์,โรคปอดอุดกั้นเรื้อรัง,55-59,หญิง,654
ประจวบคีรีขันธ์,โรคปอดอุดกั้นเรื้อรัง,60-64,ชาย,3715
ประจวบคีรีขันธ์,โรคปอดอุดกั้นเรื้อรัง,60-64,หญิง,949
ประจวบคีรีขันธ์,โรคปอดอุดกั้นเรื้อรัง,65-69,ชาย,4690
ประจวบคีรีขันธ์,โรคปอดอุดกั้นเรื้อรัง,65-69,หญิง,1060
ประจวบคีรีขันธ์,โรคปอดอุดกั้นเรื้อรัง,70-74,ชาย,4267
ประจวบคีรีขันธ์,โรคปอดอุดกั้นเรื้อรัง,70-74,หญิง,1432
ประจวบคีรีขันธ์,โรคปอดอุดกั้นเรื้อรัง,75-79,ชาย,3561
ประจวบคีรีขันธ์,โรคปอดอุดกั้นเรื้อรัง,75-79,หญิง,1298
ประจวบคีรีขันธ์,โรคปอดอุดกั้นเรื้อรัง,80+,ชาย,4487
ประจวบคีรีขันธ์,โรคปอดอุดกั้นเรื้อรัง,80+,หญิง,2257
ประจวบคีรีขันธ์,โรคปอดอุดกั้นเรื้อรัง,ไม่ทราบ,ไม่ระบุ,39
ประจวบคีรีขันธ์,โรคผิวหนังอักเสบ,0-4,ชาย,648
ประจวบคีรีขันธ์,โรคผิวหนังอักเสบ,0-4,หญิง,598
ประจวบคีรีขันธ์,โรคผิวหนังอักเสบ,10-14,ชาย,491
ประจวบคีรีขันธ์,โรคผิวหนังอักเสบ,10-14,หญิง,335
ประจวบคีรีขันธ์,โรคผิวหนังอักเสบ,15-19,ชาย,343
ประจวบคีรีขันธ์,โรคผิวหนังอักเสบ,15-19,หญิง,381
ประจวบคีรีขันธ์,โรคผิวหนังอักเสบ,20-24,ชาย,294
ประจวบคีรีขันธ์,โรคผิวหนังอักเสบ,20-24,หญิง,412
ประจวบคีรีขันธ์,โรคผิวหนังอักเสบ,25-29,ชาย,406
ประจวบคีรีขันธ์,โรคผิวหนังอักเสบ,25-29,หญิง,592
ประจวบคีรีขันธ์,โรคผิวหนังอักเสบ,30-34,ชาย,386
ประจวบคีรีขันธ์,โรคผิวหนังอักเสบ,30-34,หญิง,648
ประจวบคีรีขันธ์,โรคผิวหนังอักเสบ,35-39,ชาย,340
ประจวบคีรีขันธ์,โรคผิวหนังอักเสบ,35-39,หญิง,663
ประจวบคีรีขันธ์,โรคผิวหนังอักเสบ,40-44,ชาย,416
ประจวบคีรีขันธ์,โรคผิวหนังอักเสบ,40-44,หญิง,702
ประจวบคีรีขันธ์,โรคผิวหนังอักเสบ,45-49,ชาย,508
ประจวบคีรีขันธ์,โรคผิวหนังอักเสบ,45-49,หญิง,898
ประจวบคีรีขันธ์,โรคผิวหนังอักเสบ,5-9,ชาย,634
ประจวบคีรีขันธ์,โรคผิวหนังอักเสบ,5-9,หญิง,467
ประจวบคีรีขันธ์,โรคผิวหนังอักเสบ,50-54,ชาย,476
ประจวบคีรีขันธ์,โรคผิวหนังอักเสบ,50-54,หญิง,929
ประจวบคีรีขันธ์,โรคผิวหนังอักเสบ,55-59,ชาย,547
ประจวบคีรีขันธ์,โรคผิวหนังอักเสบ,55-59,หญิง,784
ประจวบคีรีขันธ์,โรคผิวหนังอักเสบ,60-64,ชาย,571
ประจวบคีรีขันธ์,โรคผิวหนังอักเสบ,60-64,หญิง,690
ประจวบคีรีขันธ์,โรคผิวหนังอักเสบ,65-69,ชาย,620
ประจวบคีรีขันธ์,โรคผิวหนังอักเสบ,65-69,หญิง,741
ประจวบคีรีขันธ์,โรคผิวหนังอักเสบ,70-74,ชาย,588
ประจวบคีรีขันธ์,โรคผิวหนังอักเสบ,70-74,หญิง,559
ประจวบคีรีขันธ์,โรคผิวหนังอักเสบ,75-79,ชาย,393
ประจวบคีรีขันธ์,โรคผิวหนังอักเสบ,75-79,หญิง,310
ประจวบคีรีขันธ์,โรคผิวหนังอักเสบ,80+,ชาย,336
ประจวบคีรีขันธ์,โรคผิวหนังอักเสบ,80+,หญิง,448
ประจวบคีรีขันธ์,โรคผิวหนังอักเสบ,ไม่ทราบ,ชาย,2
ประจวบคีรีขันธ์,โรคผิวหนังอักเสบ,ไม่ทราบ,หญิง,3
ประจวบคีรีขันธ์,โรคผิวหนังอักเสบ,ไม่ทราบ,ไม่ระบุ,80
ประจวบคีรีขันธ์,โรคลมพิษ,0-4,ชาย,635
ประจวบคีรีขันธ์,โรคลมพิษ,0-4,หญิง,537
ประจวบคีรีขันธ์,โรคลมพิษ,10-14,ชาย,532
ประจวบคีรีขันธ์,โรคลมพิษ,10-14,หญิง,424
ประจวบคีรีขันธ์,โรคลมพิษ,15-19,ชาย,349
ประจวบคีรีขันธ์,โรคลมพิษ,15-19,หญิง,568
ประจวบคีรีขันธ์,โรคลมพิษ,20-24,ชาย,317
ประจวบคีรีขันธ์,โรคลมพิษ,20-24,หญิง,655
ประจวบคีรีขันธ์,โรคลมพิษ,25-29,ชาย,305
ประจวบคีรีขันธ์,โรคลมพิษ,25-29,หญิง,800
ประจวบคีรีขันธ์,โรคลมพิษ,30-34,ชาย,263
ประจวบคีรีขันธ์,โรคลมพิษ,30-34,หญิง,759
ประจวบคีรีขันธ์,โรคลมพิษ,35-39,ชาย,239
ประจวบคีรีขันธ์,โรคลมพิษ,35-39,หญิง,679
ประจวบคีรีขันธ์,โรคลมพิษ,40-44,ชาย,239
ประจวบคีรีขันธ์,โรคลมพิษ,40-44,หญิง,628
ประจวบคีรีขันธ์,โรคลมพิษ,45-49,ชาย,253
ประจวบคีรีขันธ์,โรคลมพิษ,45-49,หญิง,519
ประจวบคีรีขันธ์,โรคลมพิษ,5-9,ชาย,593
ประจวบคีรีขันธ์,โรคลมพิษ,5-9,หญิง,500
ประจวบคีรีขันธ์,โรคลมพิษ,50-54,ชาย,183
ประจวบคีรีขันธ์,โรคลมพิษ,50-54,หญิง,520
ประจวบคีรีขันธ์,โรคลมพิษ,55-59,ชาย,184
ประจวบคีรีขันธ์,โรคลมพิษ,55-59,หญิง,435
ประจวบคีรีขันธ์,โรคลมพิษ,60-64,ชาย,153
ประจวบคีรีขันธ์,โรคลมพิษ,60-64,หญิง,288
ประจวบคีรีขันธ์,โรคลมพิษ,65-69,ชาย,124
ประจวบคีรีขันธ์,โรคลมพิษ,65-69,หญิง,238
ประจวบคีรีขันธ์,โรคลมพิษ,70-74,ชาย,96
ประจวบคีรีขันธ์,โรคลมพิษ,70-74,หญิง,150
ประจวบคีรีขันธ์,โรคลมพิษ,75-79,ชาย,48
ประจวบคีรีขันธ์,โรคลมพิษ,75-79,หญิง,85
ประจวบคีรีขันธ์,โรคลมพิษ,80+,ชาย,29
ประจวบคีรีขันธ์,โรคลมพิษ,80+,หญิง,52
ประจวบคีรีขันธ์,โรคลมพิษ,ไม่ทราบ,ไม่ระบุ,33
ประจวบคีรีขันธ์,โรคหอบหืด,0-4,ชาย,1870
ประจวบคีรีขันธ์,โรคหอบหืด,0-4,หญิง,1054
ประจวบคีรีขันธ์,โรคหอบหืด,10-14,ชาย,1483
ประจวบคีรีขันธ์,โรคหอบหืด,10-14,หญิง,968
ประจวบคีรีขันธ์,โรคหอบหืด,15-19,ชาย,429
ประจวบคีรีขันธ์,โรคหอบหืด,15-19,หญิง,427
ประจวบคีรีขันธ์,โรคหอบหืด,20-24,ชาย,410
ประจวบคีรีขันธ์,โรคหอบหืด,20-24,หญิง,524
ประจวบคีรีขันธ์,โรคหอบหืด,25-29,ชาย,348
ประจวบคีรีขันธ์,โรคหอบหืด,25-29,หญิง,751
ประจวบคีรีขันธ์,โรคหอบหืด,30-34,ชาย,432
ประจวบคีรีขันธ์,โรคหอบหืด,30-34,หญิง,939
ประจวบคีรีขันธ์,โรคหอบหืด,35-39,ชาย,574
ประจวบคีรีขันธ์,โรคหอบหืด,35-39,หญิง,1354
ประจวบคีรีขันธ์,โรคหอบหืด,40-44,ชาย,618
ประจวบคีรีขันธ์,โรคหอบหืด,40-44,หญิง,1611
ประจวบคีรีขันธ์,โรคหอบหืด,45-49,ชาย,774
ประจวบคีรีขันธ์,โรคหอบหืด,45-49,หญิง,2106
ประจวบคีรีขันธ์,โรคหอบหืด,5-9,ชาย,3073
ประจวบคีรีขันธ์,โรคหอบหืด,5-9,หญิง,1685
ประจวบคีรีขันธ์,โรคหอบหืด,50-54,ชาย,895
ประจวบคีรีขันธ์,โรคหอบหืด,50-54,หญิง,2426
ประจวบคีรีขันธ์,โรคหอบหืด,55-59,ชาย,791
ประจวบคีรีขันธ์,โรคหอบหืด,55-59,หญิง,2847
ประจวบคีรีขันธ์,โรคหอบหืด,60-64,ชาย,914
ประจวบคีรีขันธ์,โรคหอบหืด,60-64,หญิง,2506
ประจวบคีรีขันธ์,โรคหอบหืด,65-69,ชาย,577
ประจวบคีรีขันธ์,โรคหอบหืด,65-69,หญิง,2093
ประจวบคีรีขันธ์,โรคหอบหืด,70-74,ชาย,456
ประจวบคีรีขันธ์,โรคหอบหืด,70-74,หญิง,1715
ประจวบคีรีขันธ์,โรคหอบหืด,75-79,ชาย,272
ประจวบคีรีขันธ์,โรคหอบหืด,75-79,หญิง,927
ประจวบคีรีขันธ์,โรคหอบหืด,80+,ชาย,282
ประจวบคีรีขันธ์,โรคหอบหืด,80+,หญิง,871
ประจวบคีรีขันธ์,โรคหอบหืด,ไม่ทราบ,ไม่ระบุ,47
ประจวบคีรีขันธ์,โรคเยื่อจมูกอักเสบจากภูมิแพ้,0-4,ชาย,911
ประจวบคีรีขันธ์,โรคเยื่อจมูกอักเสบจากภูมิแพ้,0-4,หญิง,636
ประจวบคีรีขันธ์,โรคเยื่อจมูกอักเสบจากภูมิแพ้,10-14,ชาย,1234
ประจวบคีรีขันธ์,โรคเยื่อจมูกอักเสบจากภูมิแพ้,10-14,หญิง,689
ประจวบคีรีขันธ์,โรคเยื่อจมูกอักเสบจากภูมิแพ้,15-19,ชาย,446
ประจวบคีรีขันธ์,โรคเยื่อจมูกอักเสบจากภูมิแพ้,15-19,หญิง,427
ประจวบคีรีขันธ์,โรคเยื่อจมูกอักเสบจากภูมิแพ้,20-24,ชาย,217
ประจวบคีรีขันธ์,โรคเยื่อจมูกอักเสบจากภูมิแพ้,20-24,หญิง,451
ประจวบคีรีขันธ์,โรคเยื่อจมูกอักเสบจากภูมิแพ้,25-29,ชาย,318
ประจวบคีรีขันธ์,โรคเยื่อจมูกอักเสบจากภูมิแพ้,25-29,หญิง,813
ประจวบคีรีขันธ์,โรคเยื่อจมูกอักเสบจากภูมิแพ้,30-34,ชาย,312
ประจวบคีรีขันธ์,โรคเยื่อจมูกอักเสบจากภูมิแพ้,30-34,หญิง,840
ประจวบคีรีขันธ์,โรคเยื่อจมูกอักเสบจากภูมิแพ้,35-39,ชาย,292
ประจวบคีรีขันธ์,โรคเยื่อจมูกอักเสบจากภูมิแพ้,35-39,หญิง,831
ประจวบคีรีขันธ์,โรคเยื่อจมูกอักเสบจากภูมิแพ้,40-44,ชาย,372
ประจวบคีรีขันธ์,โรคเยื่อจมูกอักเสบจากภูมิแพ้,40-44,หญิง,920
ประจวบคีรีขันธ์,โรคเยื่อจมูกอักเสบจากภูมิแพ้,45-49,ชาย,247
ประจวบคีรีขันธ์,โรคเยื่อจมูกอักเสบจากภูมิแพ้,45-49,หญิง,894
ประจวบคีรีขันธ์,โรคเยื่อจมูกอักเสบจากภูมิแพ้,5-9,ชาย,1996
ประจวบคีรีขันธ์,โรคเยื่อจมูกอักเสบจากภูมิแพ้,5-9,หญิง,1146
ประจวบคีรีขันธ์,โรคเยื่อจมูกอักเสบจากภูมิแพ้,50-54,ชาย,370
ประจวบคีรีขันธ์,โรคเยื่อจมูกอักเสบจากภูมิแพ้,50-54,หญิง,799
ประจวบคีรีขันธ์,โรคเยื่อจมูกอักเสบจากภูมิแพ้,55-59,ชาย,316
ประจวบคีรีขันธ์,โรคเยื่อจมูกอักเสบจากภูมิแพ้,55-59,หญิง,676
ประจวบคีรีขันธ์,โรคเยื่อจมูกอักเสบจากภูมิแพ้,60-64,ชาย,342
ประจวบคีรีขันธ์,โรคเยื่อจมูกอักเสบจากภูมิแพ้,60-64,หญิง,647
ประจวบคีรีขันธ์,โรคเยื่อจมูกอักเสบจากภูมิแพ้,65-69,ชาย,296
ประจวบคีรีขันธ์,โรคเยื่อจมูกอักเสบจากภูมิแพ้,65-69,หญิง,509
ประจวบคีรีขันธ์,โรคเยื่อจมูกอักเสบจากภูมิแพ้,70-74,ชาย,167
ประจวบคีรีขันธ์,โรคเยื่อจมูกอักเสบจากภูมิแพ้,70-74,หญิง,256
ประจวบคีรีขันธ์,โรคเยื่อจมูกอักเสบจากภูมิแพ้,75-79,ชาย,173
ประจวบคีรีขันธ์,โรคเยื่อจมูกอักเสบจากภูมิแพ้,75-79,หญิง,128
ประจวบคีรีขันธ์,โรคเยื่อจมูกอักเสบจากภูมิแพ้,80+,ชาย,147
ประจวบคีรีขันธ์,โรคเยื่อจมูกอักเสบจากภูมิแพ้,80+,หญิง,113
ประจวบคีรีขันธ์,โรคเยื่อจมูกอักเสบจากภูมิแพ้,ไม่ทราบ,ไม่ระบุ,43
ประจวบคีรีขันธ์,โรคเยื่อบุตาอักเสบ,0-4,ชาย,790
ประจวบคีรีขันธ์,โรคเยื่อบุตาอักเสบ,0-4,หญิง,639
ประจวบคีรีขันธ์,โรคเยื่อบุตาอักเสบ,10-14,ชาย,699
ประจวบคีรีขันธ์,โรคเยื่อบุตาอักเสบ,10-14,หญิง,556
ประจวบคีรีขันธ์,โรคเยื่อบุตาอักเสบ,15-19,ชาย,492
ประจวบคีรีขันธ์,โรคเยื่อบุตาอักเสบ,15-19,หญิง,559
ประจวบคีรีขันธ์,โรคเยื่อบุตาอักเสบ,20-24,ชาย,606
ประจวบคีรีขันธ์,โรคเยื่อบุตาอักเสบ,20-24,หญิง,669
ประจวบคีรีขันธ์,โรคเยื่อบุตาอักเสบ,25-29,ชาย,657
ประจวบคีรีขันธ์,โรคเยื่อบุตาอักเสบ,25-29,หญิง,954
ประจวบคีรีขันธ์,โรคเยื่อบุตาอักเสบ,30-34,ชาย,718
ประจวบคีรีขันธ์,โรคเยื่อบุตาอักเสบ,30-34,หญิง,977
ประจวบคีรีขันธ์,โรคเยื่อบุตาอักเสบ,35-39,ชาย,768
ประจวบคีรีขันธ์,โรคเยื่อบุตาอักเสบ,35-39,หญิง,867
ประจวบคีรีขันธ์,โรคเยื่อบุตาอักเสบ,40-44,ชาย,775
ประจวบคีรีขันธ์,โรคเยื่อบุตาอักเสบ,40-44,หญิง,975
ประจวบคีรีขันธ์,โรคเยื่อบุตาอักเสบ,45-49,ชาย,795
ประจวบคีรีขันธ์,โรคเยื่อบุตาอักเสบ,45-49,หญิง,1021
ประจวบคีรีขันธ์,โรคเยื่อบุตาอักเสบ,5-9,ชาย,893
ประจวบคีรีขันธ์,โรคเยื่อบุตาอักเสบ,5-9,หญิง,650
ประจวบคีรีขันธ์,โรคเยื่อบุตาอักเสบ,50-54,ชาย,757
ประจวบคีรีขันธ์,โรคเยื่อบุตาอักเสบ,50-54,หญิง,1114
ประจวบคีรีขันธ์,โรคเยื่อบุตาอักเสบ,55-59,ชาย,703
ประจวบคีรีขันธ์,โรคเยื่อบุตาอักเสบ,55-59,หญิง,1062
ประจวบคีรีขันธ์,โรคเยื่อบุตาอักเสบ,60-64,ชาย,626
ประจวบคีรีขันธ์,โรคเยื่อบุตาอักเสบ,60-64,หญิง,1010
ประจวบคีรีขันธ์,โรคเยื่อบุตาอักเสบ,65-69,ชาย,547
ประจวบคีรีขันธ์,โรคเยื่อบุตาอักเสบ,65-69,หญิง,764
ประจวบคีรีขันธ์,โรคเยื่อบุตาอักเสบ,70-74,ชาย,483
ประจวบคีรีขันธ์,โรคเยื่อบุตาอักเสบ,70-74,หญิง,674
ประจวบคีรีขันธ์,โรคเยื่อบุตาอักเสบ,75-79,ชาย,299
ประจวบคีรีขันธ์,โรคเยื่อบุตาอักเสบ,75-79,หญิง,403
ประจวบคีรีขันธ์,โรคเยื่อบุตาอักเสบ,80+,ชาย,358
ประจวบคีรีขันธ์,โรคเยื่อบุตาอักเสบ,80+,หญิง,432
ประจวบคีรีขันธ์,โรคเยื่อบุตาอักเสบ,ไม่ทราบ,ชาย,2
ประจวบคีรีขันธ์,โรคเยื่อบุตาอักเสบ,ไม่ทราบ,หญิง,1
ประจวบคีรีขันธ์,โรคเยื่อบุตาอักเสบ,ไม่ทราบ,ไม่ระบุ,31
ปราจีนบุรี,โรคติดเชื้อทางเดินหายใจส่วนบนเฉียบพลัน,0-4,ชาย,44352
ปราจีนบุรี,โรคติดเชื้อทางเดินหายใจส่วนบนเฉียบพลัน,0-4,หญิง,39271
ปราจีนบุรี,โรคติดเชื้อทางเดินหายใจส่วนบนเฉียบพลัน,10-14,ชาย,16707
ปราจีนบุรี,โรคติดเชื้อทางเดินหายใจส่วนบนเฉียบพลัน,10-14,หญิง,14826
ปราจีนบุรี,โรคติดเชื้อทางเดินหายใจส่วนบนเฉียบพลัน,15-19,ชาย,10323
ปราจีนบุรี,โรคติดเชื้อทางเดินหายใจส่วนบนเฉียบพลัน,15-19,หญิง,12540
ปราจีนบุรี,โรคติดเชื้อทางเดินหายใจส่วนบนเฉียบพลัน,20-24,ชาย,17086
ปราจีนบุรี,โรคติดเชื้อทางเดินหายใจส่วนบนเฉียบพลัน,20-24,หญิง,15289
ปราจีนบุรี,โรคติดเชื้อทางเดินหายใจส่วนบนเฉียบพลัน,25-29,ชาย,15130
ปราจีนบุรี,โรคติดเชื้อทางเดินหายใจส่วนบนเฉียบพลัน,25-29,หญิง,18281
ปราจีนบุรี,โรคติดเชื้อทางเดินหายใจส่วนบนเฉียบพลัน,25-29,ไม่ระบุ,1
ปราจีนบุรี,โรคติดเชื้อทางเดินหายใจส่วนบนเฉียบพลัน,30-34,ชาย,11891
ปราจีนบุรี,โรคติดเชื้อทางเดินหายใจส่วนบนเฉียบพลัน,30-34,หญิง,16877
ปราจีนบุรี,โรคติดเชื้อทางเดินหายใจส่วนบนเฉียบพลัน,35-39,ชาย,9388
ปราจีนบุรี,โรคติดเชื้อทางเดินหายใจส่วนบนเฉียบพลัน,35-39,หญิง,14856
ปราจีนบุรี,โรคติดเชื้อทางเดินหายใจส่วนบนเฉียบพลัน,40-44,ชาย,8793
ปราจีนบุรี,โรคติดเชื้อทางเดินหายใจส่วนบนเฉียบพลัน,40-44,หญิง,14516
ปราจีนบุรี,โรคติดเชื้อทางเดินหายใจส่วนบนเฉียบพลัน,45-49,ชาย,7999
ปราจีนบุรี,โรคติดเชื้อทางเดินหายใจส่วนบนเฉียบพลัน,45-49,หญิง,14174
ปราจีนบุรี,โรคติดเชื้อทางเดินหายใจส่วนบนเฉียบพลัน,5-9,ชาย,31009
ปราจีนบุรี,โรคติดเชื้อทางเดินหายใจส่วนบนเฉียบพลัน,5-9,หญิง,28950
ปราจีนบุรี,โรคติดเชื้อทางเดินหายใจส่วนบนเฉียบพลัน,50-54,ชาย,6805
ปราจีนบุรี,โรคติดเชื้อทางเดินหายใจส่วนบนเฉียบพลัน,50-54,หญิง,13548
ปราจีนบุรี,โรคติดเชื้อทางเดินหายใจส่วนบนเฉียบพลัน,55-59,ชาย,6195
ปราจีนบุรี,โรคติดเชื้อทางเดินหายใจส่วนบนเฉียบพลัน,55-59,หญิง,12824
ปราจีนบุรี,โรคติดเชื้อทางเดินหายใจส่วนบนเฉียบพลัน,60-64,ชาย,5937
ปราจีนบุรี,โรคติดเชื้อทางเดินหายใจส่วนบนเฉียบพลัน,60-64,หญิง,10805
ปราจีนบุรี,โรคติดเชื้อทางเดินหายใจส่วนบนเฉียบพลัน,65-69,ชาย,5116
ปราจีนบุรี,โรคติดเชื้อทางเดินหายใจส่วนบนเฉียบพลัน,65-69,หญิง,8496
ปราจีนบุรี,โรคติดเชื้อทางเดินหายใจส่วนบนเฉียบพลัน,70-74,ชาย,4336
ปราจีนบุรี,โรคติดเชื้อทางเดินหายใจส่วนบนเฉียบพลัน,70-74,หญิง,6159
ปราจีนบุรี,โรคติดเชื้อทางเดินหายใจส่วนบนเฉียบพลัน,75-79,ชาย,2799
ปราจีนบุรี,โรคติดเชื้อทางเดินหายใจส่วนบนเฉียบพลัน,75-79,หญิง,3615
ปราจีนบุรี,โรคติดเชื้อทางเดินหายใจส่วนบนเฉียบพลัน,80+,ชาย,2637
ปราจีนบุรี,โรคติดเชื้อทางเดินหายใจส่วนบนเฉียบพลัน,80+,หญิง,4044
ปราจีนบุรี,โรคติดเชื้อทางเดินหายใจส่วนบนเฉียบพลัน,ไม่ทราบ,ชาย,107
ปราจีนบุรี,โรคติดเชื้อทางเดินหายใจส่วนบนเฉียบพลัน,ไม่ทราบ,หญิง,60
ปราจีนบุรี,โรคติดเชื้อทางเดินหายใจส่วนบนเฉียบพลัน,ไม่ทราบ,ไม่ระบุ,26307
ปราจีนบุรี,โรคปอดอุดกั้นเรื้อรัง,0-4,ชาย,55
ปราจีนบุรี,โรคปอดอุดกั้นเรื้อรัง,0-4,หญิง,61
ปราจีนบุรี,โรคปอดอุดกั้นเรื้อรัง,10-14,ชาย,8
ปราจีนบุรี,โรคปอดอุดกั้นเรื้อรัง,10-14,หญิง,11
ปราจีนบุรี,โรคปอดอุดกั้นเรื้อรัง,15-19,ชาย,6
ปราจีนบุรี,โรคปอดอุดกั้นเรื้อรัง,15-19,หญิง,20
ปราจีนบุรี,โรคปอดอุดกั้นเรื้อรัง,20-24,ชาย,12
ปราจีนบุรี,โรคปอดอุดกั้นเรื้อรัง,20-24,หญิง,14
ปราจีนบุรี,โรคปอดอุดกั้นเรื้อรัง,25-29,ชาย,14
ปราจีนบุรี,โรคปอดอุดกั้นเรื้อรัง,25-29,หญิง,23
ปราจีนบุรี,โรคปอดอุดกั้นเรื้อรัง,30-34,ชาย,91
ปราจีนบุรี,โรคปอดอุดกั้นเรื้อรัง,30-34,หญิง,6
ปราจีนบุรี,โรคปอดอุดกั้นเรื้อรัง,35-39,ชาย,83
ปราจีนบุรี,โรคปอดอุดกั้นเรื้อรัง,35-39,หญิง,12
ปราจีนบุรี,โรคปอดอุดกั้นเรื้อรัง,40-44,ชาย,196
ปราจีนบุรี,โรคปอดอุดกั้นเรื้อรัง,40-44,หญิง,54
ปราจีนบุรี,โรคปอดอุดกั้นเรื้อรัง,45-49,ชาย,649
ปราจีนบุรี,โรคปอดอุดกั้นเรื้อรัง,45-49,หญิง,67
ปราจีนบุรี,โรคปอดอุดกั้นเรื้อรัง,5-9,ชาย,29
ปราจีนบุรี,โรคปอดอุดกั้นเรื้อรัง,5-9,หญิง,23
ปราจีนบุรี,โรคปอดอุดกั้นเรื้อรัง,50-54,ชาย,1009
ปราจีนบุรี,โรคปอดอุดกั้นเรื้อรัง,50-54,หญิง,119
ปราจีนบุรี,โรคปอดอุดกั้นเรื้อรัง,55-59,ชาย,1865
ปราจีนบุรี,โรคปอดอุดกั้นเรื้อรัง,55-59,หญิง,324
ปราจีนบุรี,โรคปอดอุดกั้นเรื้อรัง,60-64,ชาย,2450
ปราจีนบุรี,โรคปอดอุดกั้นเรื้อรัง,60-64,หญิง,350
ปราจีนบุรี,โรคปอดอุดกั้นเรื้อรัง,65-69,ชาย,2798
ปราจีนบุรี,โรคปอดอุดกั้นเรื้อรัง,65-69,หญิง,484
ปราจีนบุรี,โรคปอดอุดกั้นเรื้อรัง,70-74,ชาย,3303
ปราจีนบุรี,โรคปอดอุดกั้นเรื้อรัง,70-74,หญิง,462
ปราจีนบุรี,โรคปอดอุดกั้นเรื้อรัง,75-79,ชาย,3015
ปราจีนบุรี,โรคปอดอุดกั้นเรื้อรัง,75-79,หญิง,453
ปราจีนบุรี,โรคปอดอุดกั้นเรื้อรัง,80+,ชาย,3996
ปราจีนบุรี,โรคปอดอุดกั้นเรื้อรัง,80+,หญิง,949
ปราจีนบุรี,โรคปอดอุดกั้นเรื้อรัง,ไม่ทราบ,ไม่ระบุ,1560
ปราจีนบุรี,โรคผิวหนังอักเสบ,0-4,ชาย,786
ปราจีนบุรี,โรคผิวหนังอักเสบ,0-4,หญิง,740
ปราจีนบุรี,โรคผิวหนังอักเสบ,10-14,ชาย,458
ปราจีนบุรี,โรคผิวหนังอักเสบ,10-14,หญิง,497
ปราจีนบุรี,โรคผิวหนังอักเสบ,15-19,ชาย,344
ปราจีนบุรี,โรคผิวหนังอักเสบ,15-19,หญิง,549
ปราจีนบุรี,โรคผิวหนังอักเสบ,20-24,ชาย,542
ปราจีนบุรี,โรคผิวหนังอักเสบ,20-24,หญิง,584
ปราจีนบุรี,โรคผิวหนังอักเสบ,25-29,ชาย,534
ปราจีนบุรี,โรคผิวหนังอักเสบ,25-29,หญิง,758
ปราจีนบุรี,โรคผิวหนังอักเสบ,30-34,ชาย,469
ปราจีนบุรี,โรคผิวหนังอักเสบ,30-34,หญิง,879
ปราจีนบุรี,โรคผิวหนังอักเสบ,35-39,ชาย,526
ปราจีนบุรี,โรคผิวหนังอักเสบ,35-39,หญิง,839
ปราจีนบุรี,โรคผิวหนังอักเสบ,40-44,ชาย,521
ปราจีนบุรี,โรคผิวหนังอักเสบ,40-44,หญิง,996
ปราจีนบุรี,โรคผิวหนังอักเสบ,45-49,ชาย,595
ปราจีนบุรี,โรคผิวหนังอักเสบ,45-49,หญิง,1321
ปราจีนบุรี,โรคผิวหนังอักเสบ,5-9,ชาย,625
ปราจีนบุรี,โรคผิวหนังอักเสบ,5-9,หญิง,581
ปราจีนบุรี,โรคผิวหนังอักเสบ,50-54,ชาย,582
ปราจีนบุรี,โรคผิวหนังอักเสบ,50-54,หญิง,1153
ปราจีนบุรี,โรคผิวหนังอักเสบ,55-59,ชาย,737
ปราจีนบุรี,โรคผิวหนังอักเสบ,55-59,หญิง,1235
ปราจีนบุรี,โรคผิวหนังอักเสบ,60-64,ชาย,852
ปราจีนบุรี,โรคผิวหนังอักเสบ,60-64,หญิง,1202
ปราจีนบุรี,โรคผิวหนังอักเสบ,65-69,ชาย,713
ปราจีนบุรี,โรคผิวหนังอักเสบ,65-69,หญิง,870
ปราจีนบุรี,โรคผิวหนังอักเสบ,70-74,ชาย,628
ปราจีนบุรี,โรคผิวหนังอักเสบ,70-74,หญิง,671
ปราจีนบุรี,โรคผิวหนังอักเสบ,75-79,ชาย,393
ปราจีนบุรี,โรคผิวหนังอักเสบ,75-79,หญิง,406
ปราจีนบุรี,โรคผิวหนังอักเสบ,80+,ชาย,531
ปราจีนบุรี,โรคผิวหนังอักเสบ,80+,หญิง,509
ปราจีนบุรี,โรคผิวหนังอักเสบ,ไม่ทราบ,ชาย,5
ปราจีนบุรี,โรคผิวหนังอักเสบ,ไม่ทราบ,หญิง,6
ปราจีนบุรี,โรคผิวหนังอักเสบ,ไม่ทราบ,ไม่ระบุ,1170
ปราจีนบุรี,โรคลมพิษ,0-4,ชาย,530
ปราจีนบุรี,โรคลมพิษ,0-4,หญิง,525
ปราจีนบุรี,โรคลมพิษ,10-14,ชาย,354
ปราจีนบุรี,โรคลมพิษ,10-14,หญิง,360
ปราจีนบุรี,โรคลมพิษ,15-19,ชาย,210
ปราจีนบุรี,โรคลมพิษ,15-19,หญิง,400
ปราจีนบุรี,โรคลมพิษ,20-24,ชาย,354
ปราจีนบุรี,โรคลมพิษ,20-24,หญิง,467
ปราจีนบุรี,โรคลมพิษ,25-29,ชาย,298
ปราจีนบุรี,โรคลมพิษ,25-29,หญิง,628
ปราจีนบุรี,โรคลมพิษ,30-34,ชาย,218
ปราจีนบุรี,โรคลมพิษ,30-34,หญิง,488
ปราจีนบุรี,โรคลมพิษ,35-39,ชาย,231
ปราจีนบุรี,โรคลมพิษ,35-39,หญิง,481
ปราจีนบุรี,โรคลมพิษ,40-44,ชาย,203
ปราจีนบุรี,โรคลมพิษ,40-44,หญิง,500
ปราจีนบุรี,โรคลมพิษ,45-49,ชาย,258
ปราจีนบุรี,โรคลมพิษ,45-49,หญิง,545
ปราจีนบุรี,โรคลมพิษ,5-9,ชาย,470
ปราจีนบุรี,โรคลมพิษ,5-9,หญิง,368
ปราจีนบุรี,โรคลมพิษ,50-54,ชาย,182
ปราจีนบุรี,โรคลมพิษ,50-54,หญิง,432
ปราจีนบุรี,โรคลมพิษ,55-59,ชาย,168
ปราจีนบุรี,โรคลมพิษ,55-59,หญิง,365
ปราจีนบุรี,โรคลมพิษ,60-64,ชาย,148
ปราจีนบุรี,โรคลมพิษ,60-64,หญิง,239
ปราจีนบุรี,โรคลมพิษ,65-69,ชาย,115
ปราจีนบุรี,โรคลมพิษ,65-69,หญิง,183
ปราจีนบุรี,โรคลมพิษ,70-74,ชาย,93
ปราจีนบุรี,โรคลมพิษ,70-74,หญิง,108
ปราจีนบุรี,โรคลมพิษ,75-79,ชาย,49
ปราจีนบุรี,โรคลมพิษ,75-79,หญิง,65
ปราจีนบุรี,โรคลมพิษ,80+,ชาย,42
ปราจีนบุรี,โรคลมพิษ,80+,หญิง,80
ปราจีนบุรี,โรคลมพิษ,ไม่ทราบ,ชาย,1
ปราจีนบุรี,โรคลมพิษ,ไม่ทราบ,ไม่ระบุ,684
ปราจีนบุรี,โรคหอบหืด,0-4,ชาย,1469
ปราจีนบุรี,โรคหอบหืด,0-4,หญิง,672
ปราจีนบุรี,โรคหอบหืด,10-14,ชาย,1078
ปราจีนบุรี,โรคหอบหืด,10-14,หญิง,392
ปราจีนบุรี,โรคหอบหืด,15-19,ชาย,316
ปราจีนบุรี,โรคหอบหืด,15-19,หญิง,331
ปราจีนบุรี,โรคหอบหืด,20-24,ชาย,355
ปราจีนบุรี,โรคหอบหืด,20-24,หญิง,336
ปราจีนบุรี,โรคหอบหืด,25-29,ชาย,367
ปราจีนบุรี,โรคหอบหืด,25-29,หญิง,606
ปราจีนบุรี,โรคหอบหืด,30-34,ชาย,480
ปราจีนบุรี,โรคหอบหืด,30-34,หญิง,592
ปราจีนบุรี,โรคหอบหืด,35-39,ชาย,566
ปราจีนบุรี,โรคหอบหืด,35-39,หญิง,876
ปราจีนบุรี,โรคหอบหืด,40-44,ชาย,764
ปราจีนบุรี,โรคหอบหืด,40-44,หญิง,1316
ปราจีนบุรี,โรคหอบหืด,45-49,ชาย,818
ปราจีนบุรี,โรคหอบหืด,45-49,หญิง,1759
ปราจีนบุรี,โรคหอบหืด,5-9,ชาย,2045
ปราจีนบุรี,โรคหอบหืด,5-9,หญิง,1164
ปราจีนบุรี,โรคหอบหืด,50-54,ชาย,800
ปราจีนบุรี,โรคหอบหืด,50-54,หญิง,2126
ปราจีนบุรี,โรคหอบหืด,55-59,ชาย,861
ปราจีนบุรี,โรคหอบหืด,55-59,หญิง,2249
ปราจีนบุรี,โรคหอบหืด,60-64,ชาย,1044
ปราจีนบุรี,โรคหอบหืด,60-64,หญิง,2214
ปราจีนบุรี,โรคหอบหืด,65-69,ชาย,711
ปราจีนบุรี,โรคหอบหืด,65-69,หญิง,1882
ปราจีนบุรี,โรคหอบหืด,70-74,ชาย,530
ปราจีนบุรี,โรคหอบหืด,70-74,หญิง,1468
ปราจีนบุรี,โรคหอบหืด,75-79,ชาย,282
ปราจีนบุรี,โรคหอบหืด,75-79,หญิง,808
ปราจีนบุรี,โรคหอบหืด,80+,ชาย,254
ปราจีนบุรี,โรคหอบหืด,80+,หญิง,967
ปราจีนบุรี,โรคหอบหืด,ไม่ทราบ,ชาย,5
ปราจีนบุรี,โรคหอบหืด,ไม่ทราบ,หญิง,1
ปราจีนบุรี,โรคหอบหืด,ไม่ทราบ,ไม่ระบุ,2354
ปราจีนบุรี,โรคเยื่อจมูกอักเสบจากภูมิแพ้,0-4,ชาย,1167
ปราจีนบุรี,โรคเยื่อจมูกอักเสบจากภูมิแพ้,0-4,หญิง,926
ปราจีนบุรี,โรคเยื่อจมูกอักเสบจากภูมิแพ้,10-14,ชาย,927
ปราจีนบุรี,โรคเยื่อจมูกอักเสบจากภูมิแพ้,10-14,หญิง,575
ปราจีนบุรี,โรคเยื่อจมูกอักเสบจากภูมิแพ้,15-19,ชาย,221
ปราจีนบุรี,โรคเยื่อจมูกอักเสบจากภูมิแพ้,15-19,หญิง,296
ปราจีนบุรี,โรคเยื่อจมูกอักเสบจากภูมิแพ้,20-24,ชาย,308
ปราจีนบุรี,โรคเยื่อจมูกอักเสบจากภูมิแพ้,20-24,หญิง,351
ปราจีนบุรี,โรคเยื่อจมูกอักเสบจากภูมิแพ้,25-29,ชาย,321
ปราจีนบุรี,โรคเยื่อจมูกอักเสบจากภูมิแพ้,25-29,หญิง,516
ปราจีนบุรี,โรคเยื่อจมูกอักเสบจากภูมิแพ้,30-34,ชาย,338
ปราจีนบุรี,โรคเยื่อจมูกอักเสบจากภูมิแพ้,30-34,หญิง,642
ปราจีนบุรี,โรคเยื่อจมูกอักเสบจากภูมิแพ้,35-39,ชาย,261
ปราจีนบุรี,โรคเยื่อจมูกอักเสบจากภูมิแพ้,35-39,หญิง,590
ปราจีนบุรี,โรคเยื่อจมูกอักเสบจากภูมิแพ้,40-44,ชาย,303
ปราจีนบุรี,โรคเยื่อจมูกอักเสบจากภูมิแพ้,40-44,หญิง,541
ปราจีนบุรี,โรคเยื่อจมูกอักเสบจากภูมิแพ้,45-49,ชาย,388
ปราจีนบุรี,โรคเยื่อจมูกอักเสบจากภูมิแพ้,45-49,หญิง,697
ปราจีนบุรี,โรคเยื่อจมูกอักเสบจากภูมิแพ้,5-9,ชาย,1807
ปราจีนบุรี,โรคเยื่อจมูกอักเสบจากภูมิแพ้,5-9,หญิง,1201
ปราจีนบุรี,โรคเยื่อจมูกอักเสบจากภูมิแพ้,50-54,ชาย,345
ปราจีนบุรี,โรคเยื่อจมูกอักเสบจากภูมิแพ้,50-54,หญิง,673
ปราจีนบุรี,โรคเยื่อจมูกอักเสบจากภูมิแพ้,55-59,ชาย,257
ปราจีนบุรี,โรคเยื่อจมูกอักเสบจากภูมิแพ้,55-59,หญิง,540
ปราจีนบุรี,โรคเยื่อจมูกอักเสบจากภูมิแพ้,60-64,ชาย,287
ปราจีนบุรี,โรคเยื่อจมูกอักเสบจากภูมิแพ้,60-64,หญิง,625
ปราจีนบุรี,โรคเยื่อจมูกอักเสบจากภูมิแพ้,65-69,ชาย,280
ปราจีนบุรี,โรคเยื่อจมูกอักเสบจากภูมิแพ้,65-69,หญิง,420
ปราจีนบุรี,โรคเยื่อจมูกอักเสบจากภูมิแพ้,70-74,ชาย,197
ปราจีนบุรี,โรคเยื่อจมูกอักเสบจากภูมิแพ้,70-74,หญิง,266
ปราจีนบุรี,โรคเยื่อจมูกอักเสบจากภูมิแพ้,75-79,ชาย,145
ปราจีนบุรี,โรคเยื่อจมูกอักเสบจากภูมิแพ้,75-79,หญิง,196
ปราจีนบุรี,โรคเยื่อจมูกอักเสบจากภูมิแพ้,80+,ชาย,105
ปราจีนบุรี,โรคเยื่อจมูกอักเสบจากภูมิแพ้,80+,หญิง,130
ปราจีนบุรี,โรคเยื่อจมูกอักเสบจากภูมิแพ้,ไม่ทราบ,ชาย,1
ปราจีนบุรี,โรคเยื่อจมูกอักเสบจากภูมิแพ้,ไม่ทราบ,หญิง,1
ปราจีนบุรี,โรคเยื่อจมูกอักเสบจากภูมิแพ้,ไม่ทราบ,ไม่ระบุ,908
ปราจีนบุรี,โรคเยื่อบุตาอักเสบ,0-4,ชาย,897
ปราจีนบุรี,โรคเยื่อบุตาอักเสบ,0-4,หญิง,710
ปราจีนบุรี,โรคเยื่อบุตาอักเสบ,10-14,ชาย,686
ปราจีนบุรี,โรคเยื่อบุตาอักเสบ,10-14,หญิง,584
ปราจีนบุรี,โรคเยื่อบุตาอักเสบ,15-19,ชาย,577
ปราจีนบุรี,โรคเยื่อบุตาอักเสบ,15-19,หญิง,745
ปราจีนบุรี,โรคเยื่อบุตาอักเสบ,20-24,ชาย,918
ปราจีนบุรี,โรคเยื่อบุตาอักเสบ,20-24,หญิง,711
ปราจีนบุรี,โรคเยื่อบุตาอักเสบ,25-29,ชาย,910
ปราจีนบุรี,โรคเยื่อบุตาอักเสบ,25-29,หญิง,1055
ปราจีนบุรี,โรคเยื่อบุตาอักเสบ,30-34,ชาย,908
ปราจีนบุรี,โรคเยื่อบุตาอักเสบ,30-34,หญิง,991
ปราจีนบุรี,โรคเยื่อบุตาอักเสบ,35-39,ชาย,806
ปราจีนบุรี,โรคเยื่อบุตาอักเสบ,35-39,หญิง,757
ปราจีนบุรี,โรคเยื่อบุตาอักเสบ,40-44,ชาย,965
ปราจีนบุรี,โรคเยื่อบุตาอักเสบ,40-44,หญิง,992
ปราจีนบุรี,โรคเยื่อบุตาอักเสบ,45-49,ชาย,966
ปราจีนบุรี,โรคเยื่อบุตาอักเสบ,45-49,หญิง,1148
ปราจีนบุรี,โรคเยื่อบุตาอักเสบ,5-9,ชาย,897
ปราจีนบุรี,โรคเยื่อบุตาอักเสบ,5-9,หญิง,708
ปราจีนบุรี,โรคเยื่อบุตาอักเสบ,50-54,ชาย,846
ปราจีนบุรี,โรคเยื่อบุตาอักเสบ,50-54,หญิง,1180
ปราจีนบุรี,โรคเยื่อบุตาอักเสบ,55-59,ชาย,766
ปราจีนบุรี,โรคเยื่อบุตาอักเสบ,55-59,หญิง,1319
ปราจีนบุรี,โรคเยื่อบุตาอักเสบ,60-64,ชาย,829
ปราจีนบุรี,โรคเยื่อบุตาอักเสบ,60-64,หญิง,1327
ปราจีนบุรี,โรคเยื่อบุตาอักเสบ,65-69,ชาย,693
ปราจีนบุรี,โรคเยื่อบุตาอักเสบ,65-69,หญิง,1009
ปราจีนบุรี,โรคเยื่อบุตาอักเสบ,70-74,ชาย,670
ปราจีนบุรี,โรคเยื่อบุตาอักเสบ,70-74,หญิง,801
ปราจีนบุรี,โรคเยื่อบุตาอักเสบ,75-79,ชาย,391
ปราจีนบุรี,โรคเยื่อบุตาอักเสบ,75-79,หญิง,506
ปราจีนบุรี,โรคเยื่อบุตาอักเสบ,80+,ชาย,414
ปราจีนบุรี,โรคเยื่อบุตาอักเสบ,80+,หญิง,623
ปราจีนบุรี,โรคเยื่อบุตาอักเสบ,ไม่ทราบ,ชาย,5
ปราจีนบุรี,โรคเยื่อบุตาอักเสบ,ไม่ทราบ,หญิง,3
ปราจีนบุรี,โรคเยื่อบุตาอักเสบ,ไม่ทราบ,ไม่ระบุ,796
ปัตตานี,โรคติดเชื้อทางเดินหายใจส่วนบนเฉียบพลัน,0-4,ชาย,84695
ปัตตานี,โรคติดเชื้อทางเดินหายใจส่วนบนเฉียบพลัน,0-4,หญิง,76536
ปัตตานี,โรคติดเชื้อทางเดินหายใจส่วนบนเฉียบพลัน,10-14,ชาย,25870
ปัตตานี,โรคติดเชื้อทางเดินหายใจส่วนบนเฉียบพลัน,10-14,หญิง,25526
ปัตตานี,โรคติดเชื้อทางเดินหายใจส่วนบนเฉียบพลัน,15-19,ชาย,10850
ปัตตานี,โรคติดเชื้อทางเดินหายใจส่วนบนเฉียบพลัน,15-19,หญิง,16278
ปัตตานี,โรคติดเชื้อทางเดินหายใจส่วนบนเฉียบพลัน,20-24,ชาย,7783
ปัตตานี,โรคติดเชื้อทางเดินหายใจส่วนบนเฉียบพลัน,20-24,หญิง,15716
ปัตตานี,โรคติดเชื้อทางเดินหายใจส่วนบนเฉียบพลัน,25-29,ชาย,8361
ปัตตานี,โรคติดเชื้อทางเดินหายใจส่วนบนเฉียบพลัน,25-29,หญิง,22310
ปัตตานี,โรคติดเชื้อทางเดินหายใจส่วนบนเฉียบพลัน,30-34,ชาย,7943
ปัตตานี,โรคติดเชื้อทางเดินหายใจส่วนบนเฉียบพลัน,30-34,หญิง,24518
ปัตตานี,โรคติดเชื้อทางเดินหายใจส่วนบนเฉียบพลัน,35-39,ชาย,7884
ปัตตานี,โรคติดเชื้อทางเดินหายใจส่วนบนเฉียบพลัน,35-39,หญิง,24617
ปัตตานี,โรคติดเชื้อทางเดินหายใจส่วนบนเฉียบพลัน,40-44,ชาย,6943
ปัตตานี,โรคติดเชื้อทางเดินหายใจส่วนบนเฉียบพลัน,40-44,หญิง,22194
ปัตตานี,โรคติดเชื้อทางเดินหายใจส่วนบนเฉียบพลัน,45-49,ชาย,6444
ปัตตานี,โรคติดเชื้อทางเดินหายใจส่วนบนเฉียบพลัน,45-49,หญิง,21195
ปัตตานี,โรคติดเชื้อทางเดินหายใจส่วนบนเฉียบพลัน,5-9,ชาย,58479
ปัตตานี,โรคติดเชื้อทางเดินหายใจส่วนบนเฉียบพลัน,5-9,หญิง,57152
ปัตตานี,โรคติดเชื้อทางเดินหายใจส่วนบนเฉียบพลัน,50-54,ชาย,7072
ปัตตานี,โรคติดเชื้อทางเดินหายใจส่วนบนเฉียบพลัน,50-54,หญิง,19801
ปัตตานี,โรคติดเชื้อทางเดินหายใจส่วนบนเฉียบพลัน,55-59,ชาย,7562
ปัตตานี,โรคติดเชื้อทางเดินหายใจส่วนบนเฉียบพลัน,55-59,หญิง,16526
ปัตตานี,โรคติดเชื้อทางเดินหายใจส่วนบนเฉียบพลัน,60-64,ชาย,6896
ปัตตานี,โรคติดเชื้อทางเดินหายใจส่วนบนเฉียบพลัน,60-64,หญิง,12415
ปัตตานี,โรคติดเชื้อทางเดินหายใจส่วนบนเฉียบพลัน,60-64,ไม่ระบุ,5
ปัตตานี,โรคติดเชื้อทางเดินหายใจส่วนบนเฉียบพลัน,65-69,ชาย,5465
ปัตตานี,โรคติดเชื้อทางเดินหายใจส่วนบนเฉียบพลัน,65-69,หญิง,8575
ปัตตานี,โรคติดเชื้อทางเดินหายใจส่วนบนเฉียบพลัน,70-74,ชาย,5126
ปัตตานี,โรคติดเชื้อทางเดินหายใจส่วนบนเฉียบพลัน,70-74,หญิง,6670
ปัตตานี,โรคติดเชื้อทางเดินหายใจส่วนบนเฉียบพลัน,75-79,ชาย,3035
ปัตตานี,โรคติดเชื้อทางเดินหายใจส่วนบนเฉียบพลัน,75-79,หญิง,3628
ปัตตานี,โรคติดเชื้อทางเดินหายใจส่วนบนเฉียบพลัน,80+,ชาย,3401
ปัตตานี,โรคติดเชื้อทางเดินหายใจส่วนบนเฉียบพลัน,80+,หญิง,4507
ปัตตานี,โรคติดเชื้อทางเดินหายใจส่วนบนเฉียบพลัน,80+,ไม่ระบุ,3
ปัตตานี,โรคติดเชื้อทางเดินหายใจส่วนบนเฉียบพลัน,ไม่ทราบ,ชาย,55
ปัตตานี,โรคติดเชื้อทางเดินหายใจส่วนบนเฉียบพลัน,ไม่ทราบ,หญิง,66
ปัตตานี,โรคติดเชื้อทางเดินหายใจส่วนบนเฉียบพลัน,ไม่ทราบ,ไม่ระบุ,4207
ปัตตานี,โรคปอดอุดกั้นเรื้อรัง,0-4,ชาย,30
ปัตตานี,โรคปอดอุดกั้นเรื้อรัง,0-4,หญิง,24
ปัตตานี,โรคปอดอุดกั้นเรื้อรัง,10-14,ชาย,3
ปัตตานี,โรคปอดอุดกั้นเรื้อรัง,10-14,หญิง,3
ปัตตานี,โรคปอดอุดกั้นเรื้อรัง,15-19,ชาย,4
ปัตตานี,โรคปอดอุดกั้นเรื้อรัง,15-19,หญิง,2
ปัตตานี,โรคปอดอุดกั้นเรื้อรัง,20-24,ชาย,17
ปัตตานี,โรคปอดอุดกั้นเรื้อรัง,20-24,หญิง,6
ปัตตานี,โรคปอดอุดกั้นเรื้อรัง,25-29,ชาย,38
ปัตตานี,โรคปอดอุดกั้นเรื้อรัง,25-29,หญิง,30
ปัตตานี,โรคปอดอุดกั้นเรื้อรัง,30-34,ชาย,95
ปัตตานี,โรคปอดอุดกั้นเรื้อรัง,30-34,หญิง,21
ปัตตานี,โรคปอดอุดกั้นเรื้อรัง,35-39,ชาย,259
ปัตตานี,โรคปอดอุดกั้นเรื้อรัง,35-39,หญิง,83
ปัตตานี,โรคปอดอุดกั้นเรื้อรัง,40-44,ชาย,590
ปัตตานี,โรคปอดอุดกั้นเรื้อรัง,40-44,หญิง,105
ปัตตานี,โรคปอดอุดกั้นเรื้อรัง,45-49,ชาย,1334
ปัตตานี,โรคปอดอุดกั้นเรื้อรัง,45-49,หญิง,167
ปัตตานี,โรคปอดอุดกั้นเรื้อรัง,5-9,ชาย,11
ปัตตานี,โรคปอดอุดกั้นเรื้อรัง,5-9,หญิง,8
ปัตตานี,โรคปอดอุดกั้นเรื้อรัง,50-54,ชาย,2022
ปัตตานี,โรคปอดอุดกั้นเรื้อรัง,50-54,หญิง,452
ปัตตานี,โรคปอดอุดกั้นเรื้อรัง,55-59,ชาย,3057
ปัตตานี,โรคปอดอุดกั้นเรื้อรัง,55-59,หญิง,825
ปัตตานี,โรคปอดอุดกั้นเรื้อรัง,60-64,ชาย,4319
ปัตตานี,โรคปอดอุดกั้นเรื้อรัง,60-64,หญิง,1180
ปัตตานี,โรคปอดอุดกั้นเรื้อรัง,65-69,ชาย,4713
ปัตตานี,โรคปอดอุดกั้นเรื้อรัง,65-69,หญิง,1566
ปัตตานี,โรคปอดอุดกั้นเรื้อรัง,70-74,ชาย,5244
ปัตตานี,โรคปอดอุดกั้นเรื้อรัง,70-74,หญิง,2007
ปัตตานี,โรคปอดอุดกั้นเรื้อรัง,75-79,ชาย,3574
ปัตตานี,โรคปอดอุดกั้นเรื้อรัง,75-79,หญิง,1784
ปัตตานี,โรคปอดอุดกั้นเรื้อรัง,80+,ชาย,4636
ปัตตานี,โรคปอดอุดกั้นเรื้อรัง,80+,หญิง,2421
ปัตตานี,โรคปอดอุดกั้นเรื้อรัง,ไม่ทราบ,ไม่ระบุ,2
ปัตตานี,โรคผิวหนังอักเสบ,0-4,ชาย,2280
ปัตตานี,โรคผิวหนังอักเสบ,0-4,หญิง,2105
ปัตตานี,โรคผิวหนังอักเสบ,10-14,ชาย,1522
ปัตตานี,โรคผิวหนังอักเสบ,10-14,หญิง,1234
ปัตตานี,โรคผิวหนังอักเสบ,15-19,ชาย,631
ปัตตานี,โรคผิวหนังอักเสบ,15-19,หญิง,987
ปัตตานี,โรคผิวหนังอักเสบ,20-24,ชาย,435
ปัตตานี,โรคผิวหนังอักเสบ,20-24,หญิง,806
ปัตตานี,โรคผิวหนังอักเสบ,20-24,ไม่ระบุ,1
ปัตตานี,โรคผิวหนังอักเสบ,25-29,ชาย,459
ปัตตานี,โรคผิวหนังอักเสบ,25-29,หญิง,1005
ปัตตานี,โรคผิวหนังอักเสบ,30-34,ชาย,522
ปัตตานี,โรคผิวหนังอักเสบ,30-34,หญิง,1169
ปัตตานี,โรคผิวหนังอักเสบ,35-39,ชาย,505
ปัตตานี,โรคผิวหนังอักเสบ,35-39,หญิง,1195
ปัตตานี,โรคผิวหนังอักเสบ,40-44,ชาย,465
ปัตตานี,โรคผิวหนังอักเสบ,40-44,หญิง,1106
ปัตตานี,โรคผิวหนังอักเสบ,45-49,ชาย,515
ปัตตานี,โรคผิวหนังอักเสบ,45-49,หญิง,1060
ปัตตานี,โรคผิวหนังอักเสบ,5-9,ชาย,2052
ปัตตานี,โรคผิวหนังอักเสบ,5-9,หญิง,1685
ปัตตานี,โรคผิวหนังอักเสบ,50-54,ชาย,570
ปัตตานี,โรคผิวหนังอักเสบ,50-54,หญิง,1162
ปัตตานี,โรคผิวหนังอักเสบ,55-59,ชาย,605
ปัตตานี,โรคผิวหนังอักเสบ,55-59,หญิง,981
ปัตตานี,โรคผิวหนังอักเสบ,60-64,ชาย,570
ปัตตานี,โรคผิวหนังอักเสบ,60-64,หญิง,813
ปัตตานี,โรคผิวหนังอักเสบ,65-69,ชาย,502
ปัตตานี,โรคผิวหนังอักเสบ,65-69,หญิง,546
ปัตตานี,โรคผิวหนังอักเสบ,70-74,ชาย,462
ปัตตานี,โรคผิวหนังอักเสบ,70-74,หญิง,459
ปัตตานี,โรคผิวหนังอักเสบ,75-79,ชาย,283
ปัตตานี,โรคผิวหนังอักเสบ,75-79,หญิง,266
ปัตตานี,โรคผิวหนังอักเสบ,80+,ชาย,266
ปัตตานี,โรคผิวหนังอักเสบ,80+,หญิง,346
ปัตตานี,โรคผิวหนังอักเสบ,ไม่ทราบ,ชาย,3
ปัตตานี,โรคผิวหนังอักเสบ,ไม่ทราบ,หญิง,4
ปัตตานี,โรคผิวหนังอักเสบ,ไม่ทราบ,ไม่ระบุ,123
ปัตตานี,โรคลมพิษ,0-4,ชาย,1270
ปัตตานี,โรคลมพิษ,0-4,หญิง,1058
ปัตตานี,โรคลมพิษ,10-14,ชาย,906
ปัตตานี,โรคลมพิษ,10-14,หญิง,994
ปัตตานี,โรคลมพิษ,15-19,ชาย,589
ปัตตานี,โรคลมพิษ,15-19,หญิง,1028
ปัตตานี,โรคลมพิษ,20-24,ชาย,304
ปัตตานี,โรคลมพิษ,20-24,หญิง,808
ปัตตานี,โรคลมพิษ,25-29,ชาย,312
ปัตตานี,โรคลมพิษ,25-29,หญิง,954
ปัตตานี,โรคลมพิษ,30-34,ชาย,246
ปัตตานี,โรคลมพิษ,30-34,หญิง,929
ปัตตานี,โรคลมพิษ,35-39,ชาย,262
ปัตตานี,โรคลมพิษ,35-39,หญิง,869
ปัตตานี,โรคลมพิษ,40-44,ชาย,222
ปัตตานี,โรคลมพิษ,40-44,หญิง,809
ปัตตานี,โรคลมพิษ,45-49,ชาย,202
ปัตตานี,โรคลมพิษ,45-49,หญิง,670
ปัตตานี,โรคลมพิษ,5-9,ชาย,1152
ปัตตานี,โรคลมพิษ,5-9,หญิง,1036
ปัตตานี,โรคลมพิษ,50-54,ชาย,235
ปัตตานี,โรคลมพิษ,50-54,หญิง,574
ปัตตานี,โรคลมพิษ,55-59,ชาย,179
ปัตตานี,โรคลมพิษ,55-59,หญิง,443
ปัตตานี,โรคลมพิษ,60-64,ชาย,219
ปัตตานี,โรคลมพิษ,60-64,หญิง,359
ปัตตานี,โรคลมพิษ,65-69,ชาย,134
ปัตตานี,โรคลมพิษ,65-69,หญิง,238
ปัตตานี,โรคลมพิษ,70-74,ชาย,113
ปัตตานี,โรคลมพิษ,70-74,หญิง,155
ปัตตานี,โรคลมพิษ,75-79,ชาย,59
ปัตตานี,โรคลมพิษ,75-79,หญิง,87
ปัตตานี,โรคลมพิษ,80+,ชาย,58
ปัตตานี,โรคลมพิษ,80+,หญิง,92
ปัตตานี,โรคลมพิษ,ไม่ทราบ,ชาย,1
ปัตตานี,โรคลมพิษ,ไม่ทราบ,ไม่ระบุ,52
ปัตตานี,โรคหอบหืด,0-4,ชาย,6351
ปัตตานี,โรคหอบหืด,0-4,หญิง,4099
ปัตตานี,โรคหอบหืด,10-14,ชาย,2194
ปัตตานี,โรคหอบหืด,10-14,หญิง,1518
ปัตตานี,โรคหอบหืด,15-19,ชาย,914
ปัตตานี,โรคหอบหืด,15-19,หญิง,1058
ปัตตานี,โรคหอบหืด,20-24,ชาย,627
ปัตตานี,โรคหอบหืด,20-24,หญิง,1104
ปัตตานี,โรคหอบหืด,25-29,ชาย,599
ปัตตานี,โรคหอบหืด,25-29,หญิง,1546
ปัตตานี,โรคหอบหืด,30-34,ชาย,840
ปัตตานี,โรคหอบหืด,30-34,หญิง,2136
ปัตตานี,โรคหอบหืด,35-39,ชาย,889
ปัตตานี,โรคหอบหืด,35-39,หญิง,2346
ปัตตานี,โรคหอบหืด,40-44,ชาย,906
ปัตตานี,โรคหอบหืด,40-44,หญิง,2687
ปัตตานี,โรคหอบหืด,45-49,ชาย,948
ปัตตานี,โรคหอบหืด,45-49,หญิง,2974
ปัตตานี,โรคหอบหืด,5-9,ชาย,4896
ปัตตานี,โรคหอบหืด,5-9,หญิง,3238
ปัตตานี,โรคหอบหืด,50-54,ชาย,829
ปัตตานี,โรคหอบหืด,50-54,หญิง,3339
ปัตตานี,โรคหอบหืด,55-59,ชาย,906
ปัตตานี,โรคหอบหืด,55-59,หญิง,3082
ปัตตานี,โรคหอบหืด,60-64,ชาย,851
ปัตตานี,โรคหอบหืด,60-64,หญิง,2696
ปัตตานี,โรคหอบหืด,65-69,ชาย,575
ปัตตานี,โรคหอบหืด,65-69,หญิง,2056
ปัตตานี,โรคหอบหืด,70-74,ชาย,425
ปัตตานี,โรคหอบหืด,70-74,หญิง,1471
ปัตตานี,โรคหอบหืด,75-79,ชาย,183
ปัตตานี,โรคหอบหืด,75-79,หญิง,600
ปัตตานี,โรคหอบหืด,80+,ชาย,279
ปัตตานี,โรคหอบหืด,80+,หญิง,630
ปัตตานี,โรคหอบหืด,ไม่ทราบ,หญิง,1
ปัตตานี,โรคหอบหืด,ไม่ทราบ,ไม่ระบุ,49
ปัตตานี,โรคเยื่อจมูกอักเสบจากภูมิแพ้,0-4,ชาย,322
ปัตตานี,โรคเยื่อจมูกอักเสบจากภูมิแพ้,0-4,หญิง,279
ปัตตานี,โรคเยื่อจมูกอักเสบจากภูมิแพ้,10-14,ชาย,406
ปัตตานี,โรคเยื่อจมูกอักเสบจากภูมิแพ้,10-14,หญิง,324
ปัตตานี,โรคเยื่อจมูกอักเสบจากภูมิแพ้,15-19,ชาย,218
ปัตตานี,โรคเยื่อจมูกอักเสบจากภูมิแพ้,15-19,หญิง,379
ปัตตานี,โรคเยื่อจมูกอักเสบจากภูมิแพ้,20-24,ชาย,165
ปัตตานี,โรคเยื่อจมูกอักเสบจากภูมิแพ้,20-24,หญิง,317
ปัตตานี,โรคเยื่อจมูกอักเสบจากภูมิแพ้,25-29,ชาย,208
ปัตตานี,โรคเยื่อจมูกอักเสบจากภูมิแพ้,25-29,หญิง,538
ปัตตานี,โรคเยื่อจมูกอักเสบจากภูมิแพ้,30-34,ชาย,185
ปัตตานี,โรคเยื่อจมูกอักเสบจากภูมิแพ้,30-34,หญิง,599
ปัตตานี,โรคเยื่อจมูกอักเสบจากภูมิแพ้,35-39,ชาย,173
ปัตตานี,โรคเยื่อจมูกอักเสบจากภูมิแพ้,35-39,หญิง,569
ปัตตานี,โรคเยื่อจมูกอักเสบจากภูมิแพ้,40-44,ชาย,215
ปัตตานี,โรคเยื่อจมูกอักเสบจากภูมิแพ้,40-44,หญิง,546
ปัตตานี,โรคเยื่อจมูกอักเสบจากภูมิแพ้,45-49,ชาย,150
ปัตตานี,โรคเยื่อจมูกอักเสบจากภูมิแพ้,45-49,หญิง,486
ปัตตานี,โรคเยื่อจมูกอักเสบจากภูมิแพ้,5-9,ชาย,475
ปัตตานี,โรคเยื่อจมูกอักเสบจากภูมิแพ้,5-9,หญิง,413
ปัตตานี,โรคเยื่อจมูกอักเสบจากภูมิแพ้,50-54,ชาย,165
ปัตตานี,โรคเยื่อจมูกอักเสบจากภูมิแพ้,50-54,หญิง,431
ปัตตานี,โรคเยื่อจมูกอักเสบจากภูมิแพ้,55-59,ชาย,144
ปัตตานี,โรคเยื่อจมูกอักเสบจากภูมิแพ้,55-59,หญิง,369
ปัตตานี,โรคเยื่อจมูกอักเสบจากภูมิแพ้,60-64,ชาย,180
ปัตตานี,โรคเยื่อจมูกอักเสบจากภูมิแพ้,60-64,หญิง,271
ปัตตานี,โรคเยื่อจมูกอักเสบจากภูมิแพ้,65-69,ชาย,142
ปัตตานี,โรคเยื่อจมูกอักเสบจากภูมิแพ้,65-69,หญิง,190
ปัตตานี,โรคเยื่อจมูกอักเสบจากภูมิแพ้,70-74,ชาย,95
ปัตตานี,โรคเยื่อจมูกอักเสบจากภูมิแพ้,70-74,หญิง,130
ปัตตานี,โรคเยื่อจมูกอักเสบจากภูมิแพ้,75-79,ชาย,76
ปัตตานี,โรคเยื่อจมูกอักเสบจากภูมิแพ้,75-79,หญิง,53
ปัตตานี,โรคเยื่อจมูกอักเสบจากภูมิแพ้,80+,ชาย,41
ปัตตานี,โรคเยื่อจมูกอักเสบจากภูมิแพ้,80+,หญิง,46
ปัตตานี,โรคเยื่อจมูกอักเสบจากภูมิแพ้,ไม่ทราบ,ชาย,1
ปัตตานี,โรคเยื่อจมูกอักเสบจากภูมิแพ้,ไม่ทราบ,ไม่ระบุ,24
ปัตตานี,โรคเยื่อบุตาอักเสบ,0-4,ชาย,1610
ปัตตานี,โรคเยื่อบุตาอักเสบ,0-4,หญิง,1385
ปัตตานี,โรคเยื่อบุตาอักเสบ,10-14,ชาย,2128
ปัตตานี,โรคเยื่อบุตาอักเสบ,10-14,หญิง,1869
ปัตตานี,โรคเยื่อบุตาอักเสบ,15-19,ชาย,1142
ปัตตานี,โรคเยื่อบุตาอักเสบ,15-19,หญิง,1670
ปัตตานี,โรคเยื่อบุตาอักเสบ,20-24,ชาย,902
ปัตตานี,โรคเยื่อบุตาอักเสบ,20-24,หญิง,1261
ปัตตานี,โรคเยื่อบุตาอักเสบ,25-29,ชาย,1087
ปัตตานี,โรคเยื่อบุตาอักเสบ,25-29,หญิง,1750
ปัตตานี,โรคเยื่อบุตาอักเสบ,30-34,ชาย,1227
ปัตตานี,โรคเยื่อบุตาอักเสบ,30-34,หญิง,1967
ปัตตานี,โรคเยื่อบุตาอักเสบ,35-39,ชาย,1194
ปัตตานี,โรคเยื่อบุตาอักเสบ,35-39,หญิง,1943
ปัตตานี,โรคเยื่อบุตาอักเสบ,40-44,ชาย,1066
ปัตตานี,โรคเยื่อบุตาอักเสบ,40-44,หญิง,1775
ปัตตานี,โรคเยื่อบุตาอักเสบ,45-49,ชาย,1060
ปัตตานี,โรคเยื่อบุตาอักเสบ,45-49,หญิง,1743
ปัตตานี,โรคเยื่อบุตาอักเสบ,5-9,ชาย,2560
ปัตตานี,โรคเยื่อบุตาอักเสบ,5-9,หญิง,1946
ปัตตานี,โรคเยื่อบุตาอักเสบ,50-54,ชาย,913
ปัตตานี,โรคเยื่อบุตาอักเสบ,50-54,หญิง,1794
ปัตตานี,โรคเยื่อบุตาอักเสบ,55-59,ชาย,954
ปัตตานี,โรคเยื่อบุตาอักเสบ,55-59,หญิง,1760
ปัตตานี,โรคเยื่อบุตาอักเสบ,60-64,ชาย,862
ปัตตานี,โรคเยื่อบุตาอักเสบ,60-64,หญิง,1521
ปัตตานี,โรคเยื่อบุตาอักเสบ,65-69,ชาย,639
ปัตตานี,โรคเยื่อบุตาอักเสบ,65-69,หญิง,1153
ปัตตานี,โรคเยื่อบุตาอักเสบ,70-74,ชาย,546
ปัตตานี,โรคเยื่อบุตาอักเสบ,70-74,หญิง,851
ปัตตานี,โรคเยื่อบุตาอักเสบ,75-79,ชาย,359
ปัตตานี,โรคเยื่อบุตาอักเสบ,75-79,หญิง,590
ปัตตานี,โรคเยื่อบุตาอักเสบ,80+,ชาย,336
ปัตตานี,โรคเยื่อบุตาอักเสบ,80+,หญิง,726
ปัตตานี,โรคเยื่อบุตาอักเสบ,ไม่ทราบ,ชาย,3
ปัตตานี,โรคเยื่อบุตาอักเสบ,ไม่ทราบ,หญิง,4
ปัตตานี,โรคเยื่อบุตาอักเสบ,ไม่ทราบ,ไม่ระบุ,143
พระนครศรีอยุธยา,โรคติดเชื้อทางเดินหายใจส่วนบนเฉียบพลัน,0-4,ชาย,63554
พระนครศรีอยุธยา,โรคติดเชื้อทางเดินหายใจส่วนบนเฉียบพลัน,0-4,หญิง,56484
พระนครศรีอยุธยา,โรคติดเชื้อทางเดินหายใจส่วนบนเฉียบพลัน,0-4,ไม่ระบุ,28
พระนครศรีอยุธยา,โรคติดเชื้อทางเดินหายใจส่วนบนเฉียบพลัน,10-14,ชาย,31990
พระนครศรีอยุธยา,โรคติดเชื้อทางเดินหายใจส่วนบนเฉียบพลัน,10-14,หญิง,28946
พระนครศรีอยุธยา,โรคติดเชื้อทางเดินหายใจส่วนบนเฉียบพลัน,10-14,ไม่ระบุ,4
พระนครศรีอยุธยา,โรคติดเชื้อทางเดินหายใจส่วนบนเฉียบพลัน,15-19,ชาย,19674
พระนครศรีอยุธยา,โรคติดเชื้อทางเดินหายใจส่วนบนเฉียบพลัน,15-19,หญิง,23640
พระนครศรีอยุธยา,โรคติดเชื้อทางเดินหายใจส่วนบนเฉียบพลัน,15-19,ไม่ระบุ,9
พระนครศรีอยุธยา,โรคติดเชื้อทางเดินหายใจส่วนบนเฉียบพลัน,20-24,ชาย,17428
พระนครศรีอยุธยา,โรคติดเชื้อทางเดินหายใจส่วนบนเฉียบพลัน,20-24,หญิง,23758
พระนครศรีอยุธยา,โรคติดเชื้อทางเดินหายใจส่วนบนเฉียบพลัน,20-24,ไม่ระบุ,9
พระนครศรีอยุธยา,โรคติดเชื้อทางเดินหายใจส่วนบนเฉียบพลัน,25-29,ชาย,16581
พระนครศรีอยุธยา,โรคติดเชื้อทางเดินหายใจส่วนบนเฉียบพลัน,25-29,หญิง,25674
พระนครศรีอยุธยา,โรคติดเชื้อทางเดินหายใจส่วนบนเฉียบพลัน,25-29,ไม่ระบุ,18
พระนครศรีอยุธยา,โรคติดเชื้อทางเดินหายใจส่วนบนเฉียบพลัน,30-34,ชาย,13248
พระนครศรีอยุธยา,โรคติดเชื้อทางเดินหายใจส่วนบนเฉียบพลัน,30-34,หญิง,22674
พระนครศรีอยุธยา,โรคติดเชื้อทางเดินหายใจส่วนบนเฉียบพลัน,35-39,ชาย,11279
พระนครศรีอยุธยา,โรคติดเชื้อทางเดินหายใจส่วนบนเฉียบพลัน,35-39,หญิง,20505
พระนครศรีอยุธยา,โรคติดเชื้อทางเดินหายใจส่วนบนเฉียบพลัน,35-39,ไม่ระบุ,3
พระนครศรีอยุธยา,โรคติดเชื้อทางเดินหายใจส่วนบนเฉียบพลัน,40-44,ชาย,11473
พระนครศรีอยุธยา,โรคติดเชื้อทางเดินหายใจส่วนบนเฉียบพลัน,40-44,หญิง,21142
พระนครศรีอยุธยา,โรคติดเชื้อทางเดินหายใจส่วนบนเฉียบพลัน,40-44,ไม่ระบุ,5
พระนครศรีอยุธยา,โรคติดเชื้อทางเดินหายใจส่วนบนเฉียบพลัน,45-49,ชาย,11514
พระนครศรีอยุธยา,โรคติดเชื้อทางเดินหายใจส่วนบนเฉียบพลัน,45-49,หญิง,22431
พระนครศรีอยุธยา,โรคติดเชื้อทางเดินหายใจส่วนบนเฉียบพลัน,45-49,ไม่ระบุ,3
พระนครศรีอยุธยา,โรคติดเชื้อทางเดินหายใจส่วนบนเฉียบพลัน,5-9,ชาย,52810
พระนครศรีอยุธยา,โรคติดเชื้อทางเดินหายใจส่วนบนเฉียบพลัน,5-9,หญิง,49037
พระนครศรีอยุธยา,โรคติดเชื้อทางเดินหายใจส่วนบนเฉียบพลัน,5-9,ไม่ระบุ,12
พระนครศรีอยุธยา,โรคติดเชื้อทางเดินหายใจส่วนบนเฉียบพลัน,50-54,ชาย,10941
พระนครศรีอยุธยา,โรคติดเชื้อทางเดินหายใจส่วนบนเฉียบพลัน,50-54,หญิง,23555
พระนครศรีอยุธยา,โรคติดเชื้อทางเดินหายใจส่วนบนเฉียบพลัน,50-54,ไม่ระบุ,1
พระนครศรีอยุธยา,โรคติดเชื้อทางเดินหายใจส่วนบนเฉียบพลัน,55-59,ชาย,12075
พระนครศรีอยุธยา,โรคติดเชื้อทางเดินหายใจส่วนบนเฉียบพลัน,55-59,หญิง,25615
พระนครศรีอยุธยา,โรคติดเชื้อทางเดินหายใจส่วนบนเฉียบพลัน,55-59,ไม่ระบุ,5
พระนครศรีอยุธยา,โรคติดเชื้อทางเดินหายใจส่วนบนเฉียบพลัน,60-64,ชาย,12646
พระนครศรีอยุธยา,โรคติดเชื้อทางเดินหายใจส่วนบนเฉียบพลัน,60-64,หญิง,24910
พระนครศรีอยุธยา,โรคติดเชื้อทางเดินหายใจส่วนบนเฉียบพลัน,60-64,ไม่ระบุ,1
พระนครศรีอยุธยา,โรคติดเชื้อทางเดินหายใจส่วนบนเฉียบพลัน,65-69,ชาย,11751
พระนครศรีอยุธยา,โรคติดเชื้อทางเดินหายใจส่วนบนเฉียบพลัน,65-69,หญิง,20372
พระนครศรีอยุธยา,โรคติดเชื้อทางเดินหายใจส่วนบนเฉียบพลัน,65-69,ไม่ระบุ,1
พระนครศรีอยุธยา,โรคติดเชื้อทางเดินหายใจส่วนบนเฉียบพลัน,70-74,ชาย,9757
พระนครศรีอยุธยา,โรคติดเชื้อทางเดินหายใจส่วนบนเฉียบพลัน,70-74,หญิง,14780
พระนครศรีอยุธยา,โรคติดเชื้อทางเดินหายใจส่วนบนเฉียบพลัน,70-74,ไม่ระบุ,2
พระนครศรีอยุธยา,โรคติดเชื้อทางเดินหายใจส่วนบนเฉียบพลัน,75-79,ชาย,5947
พระนครศรีอยุธยา,โรคติดเชื้อทางเดินหายใจส่วนบนเฉียบพลัน,75-79,หญิง,8781
พระนครศรีอยุธยา,โรคติดเชื้อทางเดินหายใจส่วนบนเฉียบพลัน,75-79,ไม่ระบุ,2
พระนครศรีอยุธยา,โรคติดเชื้อทางเดินหายใจส่วนบนเฉียบพลัน,80+,ชาย,6343
พระนครศรีอยุธยา,โรคติดเชื้อทางเดินหายใจส่วนบนเฉียบพลัน,80+,หญิง,9692
พระนครศรีอยุธยา,โรคติดเชื้อทางเดินหายใจส่วนบนเฉียบพลัน,80+,ไม่ระบุ,2
พระนครศรีอยุธยา,โรคติดเชื้อทางเดินหายใจส่วนบนเฉียบพลัน,ไม่ทราบ,ชาย,21
พระนครศรีอยุธยา,โรคติดเชื้อทางเดินหายใจส่วนบนเฉียบพลัน,ไม่ทราบ,หญิง,28
พระนครศรีอยุธยา,โรคติดเชื้อทางเดินหายใจส่วนบนเฉียบพลัน,ไม่ทราบ,ไม่ระบุ,8553
พระนครศรีอยุธยา,โรคปอดอุดกั้นเรื้อรัง,0-4,ชาย,24
พระนครศรีอยุธยา,โรคปอดอุดกั้นเรื้อรัง,0-4,หญิง,7
พระนครศรีอยุธยา,โรคปอดอุดกั้นเรื้อรัง,10-14,ชาย,2
พระนครศรีอยุธยา,โรคปอดอุดกั้นเรื้อรัง,15-19,ชาย,3
พระนครศรีอยุธยา,โรคปอดอุดกั้นเรื้อรัง,15-19,หญิง,6
พระนครศรีอยุธยา,โรคปอดอุดกั้นเรื้อรัง,20-24,ชาย,8
พระนครศรีอยุธยา,โรคปอดอุดกั้นเรื้อรัง,20-24,หญิง,3
พระนครศรีอยุธยา,โรคปอดอุดกั้นเรื้อรัง,25-29,ชาย,15
พระนครศรีอยุธยา,โรคปอดอุดกั้นเรื้อรัง,25-29,หญิง,2
พระนครศรีอยุธยา,โรคปอดอุดกั้นเรื้อรัง,30-34,ชาย,54
พระนครศรีอยุธยา,โรคปอดอุดกั้นเรื้อรัง,30-34,หญิง,10
พระนครศรีอยุธยา,โรคปอดอุดกั้นเรื้อรัง,35-39,ชาย,132
พระนครศรีอยุธยา,โรคปอดอุดกั้นเรื้อรัง,35-39,หญิง,22
พระนครศรีอยุธยา,โรคปอดอุดกั้นเรื้อรัง,40-44,ชาย,230
พระนครศรีอยุธยา,โรคปอดอุดกั้นเรื้อรัง,40-44,หญิง,38
พระนครศรีอยุธยา,โรคปอดอุดกั้นเรื้อรัง,45-49,ชาย,589
พระนครศรีอยุธยา,โรคปอดอุดกั้นเรื้อรัง,45-49,หญิง,65
พระนครศรีอยุธยา,โรคปอดอุดกั้นเรื้อรัง,5-9,ชาย,10
พระนครศรีอยุธยา,โรคปอดอุดกั้นเรื้อรัง,5-9,หญิง,4
พระนครศรีอยุธยา,โรคปอดอุดกั้นเรื้อรัง,50-54,ชาย,1236
พระนครศรีอยุธยา,โรคปอดอุดกั้นเรื้อรัง,50-54,หญิง,183
พระนครศรีอยุธยา,โรคปอดอุดกั้นเรื้อรัง,55-59,ชาย,1916
พระนครศรีอยุธยา,โรคปอดอุดกั้นเรื้อรัง,55-59,หญิง,254
พระนครศรีอยุธยา,โรคปอดอุดกั้นเรื้อรัง,60-64,ชาย,2733
พระนครศรีอยุธยา,โรคปอดอุดกั้นเรื้อรัง,60-64,หญิง,298
พระนครศรีอยุธยา,โรคปอดอุดกั้นเรื้อรัง,65-69,ชาย,3644
พระนครศรีอยุธยา,โรคปอดอุดกั้นเรื้อรัง,65-69,หญิง,600
พระนครศรีอยุธยา,โรคปอดอุดกั้นเรื้อรัง,70-74,ชาย,3597
พระนครศรีอยุธยา,โรคปอดอุดกั้นเรื้อรัง,70-74,หญิง,660
พระนครศรีอยุธยา,โรคปอดอุดกั้นเรื้อรัง,75-79,ชาย,2890
พระนครศรีอยุธยา,โรคปอดอุดกั้นเรื้อรัง,75-79,หญิง,633
พระนครศรีอยุธยา,โรคปอดอุดกั้นเรื้อรัง,80+,ชาย,4455
พระนครศรีอยุธยา,โรคปอดอุดกั้นเรื้อรัง,80+,หญิง,1195
พระนครศรีอยุธยา,โรคปอดอุดกั้นเรื้อรัง,ไม่ทราบ,ไม่ระบุ,82
พระนครศรีอยุธยา,โรคผิวหนังอักเสบ,0-4,ชาย,1861
พระนครศรีอยุธยา,โรคผิวหนังอักเสบ,0-4,หญิง,1776
พระนครศรีอยุธยา,โรคผิวหนังอักเสบ,0-4,ไม่ระบุ,1
พระนครศรีอยุธยา,โรคผิวหนังอักเสบ,10-14,ชาย,997
พระนครศรีอยุธยา,โรคผิวหนังอักเสบ,10-14,หญิง,941
พระนครศรีอยุธยา,โรคผิวหนังอักเสบ,15-19,ชาย,795
พระนครศรีอยุธยา,โรคผิวหนังอักเสบ,15-19,หญิง,1249
พระนครศรีอยุธยา,โรคผิวหนังอักเสบ,15-19,ไม่ระบุ,1
พระนครศรีอยุธยา,โรคผิวหนังอักเสบ,20-24,ชาย,741
พระนครศรีอยุธยา,โรคผิวหนังอักเสบ,20-24,หญิง,1319
พระนครศรีอยุธยา,โรคผิวหนังอักเสบ,25-29,ชาย,697
พระนครศรีอยุธยา,โรคผิวหนังอักเสบ,25-29,หญิง,1540
พระนครศรีอยุธยา,โรคผิวหนังอักเสบ,30-34,ชาย,661
พระนครศรีอยุธยา,โรคผิวหนังอักเสบ,30-34,หญิง,1432
พระนครศรีอยุธยา,โรคผิวหนังอักเสบ,35-39,ชาย,622
พระนครศรีอยุธยา,โรคผิวหนังอักเสบ,35-39,หญิง,1420
พระนครศรีอยุธยา,โรคผิวหนังอักเสบ,40-44,ชาย,775
พระนครศรีอยุธยา,โรคผิวหนังอักเสบ,40-44,หญิง,1726
พระนครศรีอยุธยา,โรคผิวหนังอักเสบ,45-49,ชาย,938
พระนครศรีอยุธยา,โรคผิวหนังอักเสบ,45-49,หญิง,2112
พระนครศรีอยุธยา,โรคผิวหนังอักเสบ,45-49,ไม่ระบุ,1
พระนครศรีอยุธยา,โรคผิวหนังอักเสบ,5-9,ชาย,1221
พระนครศรีอยุธยา,โรคผิวหนังอักเสบ,5-9,หญิง,1141
พระนครศรีอยุธยา,โรคผิวหนังอักเสบ,5-9,ไม่ระบุ,1
พระนครศรีอยุธยา,โรคผิวหนังอักเสบ,50-54,ชาย,994
พระนครศรีอยุธยา,โรคผิวหนังอักเสบ,50-54,หญิง,2262
พระนครศรีอยุธยา,โรคผิวหนังอักเสบ,55-59,ชาย,1083
พระนครศรีอยุธยา,โรคผิวหนังอักเสบ,55-59,หญิง,2320
พระนครศรีอยุธยา,โรคผิวหนังอักเสบ,60-64,ชาย,1214
พระนครศรีอยุธยา,โรคผิวหนังอักเสบ,60-64,หญิง,2246
พระนครศรีอยุธยา,โรคผิวหนังอักเสบ,65-69,ชาย,1207
พระนครศรีอยุธยา,โรคผิวหนังอักเสบ,65-69,หญิง,1898
พระนครศรีอยุธยา,โรคผิวหนังอักเสบ,70-74,ชาย,964
พระนครศรีอยุธยา,โรคผิวหนังอักเสบ,70-74,หญิง,1583
พระนครศรีอยุธยา,โรคผิวหนังอักเสบ,75-79,ชาย,754
พระนครศรีอยุธยา,โรคผิวหนังอักเสบ,75-79,หญิง,867
พระนครศรีอยุธยา,โรคผิวหนังอักเสบ,75-79,ไม่ระบุ,1
พระนครศรีอยุธยา,โรคผิวหนังอักเสบ,80+,ชาย,677
พระนครศรีอยุธยา,โรคผิวหนังอักเสบ,80+,หญิง,1198
พระนครศรีอยุธยา,โรคผิวหนังอักเสบ,ไม่ทราบ,ไม่ระบุ,384
พระนครศรีอยุธยา,โรคลมพิษ,0-4,ชาย,1108
พระนครศรีอยุธยา,โรคลมพิษ,0-4,หญิง,907
พระนครศรีอยุธยา,โรคลมพิษ,10-14,ชาย,740
พระนครศรีอยุธยา,โรคลมพิษ,10-14,หญิง,770
พระนครศรีอยุธยา,โรคลมพิษ,10-14,ไม่ระบุ,1
พระนครศรีอยุธยา,โรคลมพิษ,15-19,ชาย,546
พระนครศรีอยุธยา,โรคลมพิษ,15-19,หญิง,859
พระนครศรีอยุธยา,โรคลมพิษ,20-24,ชาย,420
พระนครศรีอยุธยา,โรคลมพิษ,20-24,หญิง,817
พระนครศรีอยุธยา,โรคลมพิษ,25-29,ชาย,376
พระนครศรีอยุธยา,โรคลมพิษ,25-29,หญิง,847
พระนครศรีอยุธยา,โรคลมพิษ,30-34,ชาย,321
พระนครศรีอยุธยา,โรคลมพิษ,30-34,หญิง,719
พระนครศรีอยุธยา,โรคลมพิษ,35-39,ชาย,328
พระนครศรีอยุธยา,โรคลมพิษ,35-39,หญิง,714
พระนครศรีอยุธยา,โรคลมพิษ,40-44,ชาย,308
พระนครศรีอยุธยา,โรคลมพิษ,40-44,หญิง,754
พระนครศรีอยุธยา,โรคลมพิษ,45-49,ชาย,331
พระนครศรีอยุธยา,โรคลมพิษ,45-49,หญิง,794
พระนครศรีอยุธยา,โรคลมพิษ,5-9,ชาย,871
พระนครศรีอยุธยา,โรคลมพิษ,5-9,หญิง,767
พระนครศรีอยุธยา,โรคลมพิษ,50-54,ชาย,302
พระนครศรีอยุธยา,โรคลมพิษ,50-54,หญิง,814
พระนครศรีอยุธยา,โรคลมพิษ,55-59,ชาย,337
พระนครศรีอยุธยา,โรคลมพิษ,55-59,หญิง,787
พระนครศรีอยุธยา,โรคลมพิษ,60-64,ชาย,385
พระนครศรีอยุธยา,โรคลมพิษ,60-64,หญิง,751
พระนครศรีอยุธยา,โรคลมพิษ,65-69,ชาย,302
พระนครศรีอยุธยา,โรคลมพิษ,65-69,หญิง,565
พระนครศรีอยุธยา,โรคลมพิษ,70-74,ชาย,253
พระนครศรีอยุธยา,โรคลมพิษ,70-74,หญิง,465
พระนครศรีอยุธยา,โรคลมพิษ,75-79,ชาย,177
พระนครศรีอยุธยา,โรคลมพิษ,75-79,หญิง,229
พระนครศรีอยุธยา,โรคลมพิษ,80+,ชาย,176
พระนครศรีอยุธยา,โรคลมพิษ,80+,หญิง,261
พระนครศรีอยุธยา,โรคลมพิษ,ไม่ทราบ,ชาย,1
พระนครศรีอยุธยา,โรคลมพิษ,ไม่ทราบ,ไม่ระบุ,155
พระนครศรีอยุธยา,โรคหอบหืด,0-4,ชาย,1677
พระนครศรีอยุธยา,โรคหอบหืด,0-4,หญิง,1127
พระนครศรีอยุธยา,โรคหอบหืด,10-14,ชาย,2449
พระนครศรีอยุธยา,โรคหอบหืด,10-14,หญิง,1527
พระนครศรีอยุธยา,โรคหอบหืด,15-19,ชาย,942
พระนครศรีอยุธยา,โรคหอบหืด,15-19,หญิง,798
พระนครศรีอยุธยา,โรคหอบหืด,20-24,ชาย,769
พระนครศรีอยุธยา,โรคหอบหืด,20-24,หญิง,650
พระนครศรีอยุธยา,โรคหอบหืด,25-29,ชาย,794
พระนครศรีอยุธยา,โรคหอบหืด,25-29,หญิง,894
พระนครศรีอยุธยา,โรคหอบหืด,30-34,ชาย,1016
พระนครศรีอยุธยา,โรคหอบหืด,30-34,หญิง,1235
พระนครศรีอยุธยา,โรคหอบหืด,35-39,ชาย,1221
พระนครศรีอยุธยา,โรคหอบหืด,35-39,หญิง,1697
พระนครศรีอยุธยา,โรคหอบหืด,35-39,ไม่ระบุ,1
พระนครศรีอยุธยา,โรคหอบหืด,40-44,ชาย,1467
พระนครศรีอยุธยา,โรคหอบหืด,40-44,หญิง,2150
พระนครศรีอยุธยา,โรคหอบหืด,45-49,ชาย,1929
พระนครศรีอยุธยา,โรคหอบหืด,45-49,หญิง,2807
พระนครศรีอยุธยา,โรคหอบหืด,5-9,ชาย,4170
พระนครศรีอยุธยา,โรคหอบหืด,5-9,หญิง,2233
พระนครศรีอยุธยา,โรคหอบหืด,50-54,ชาย,1845
พระนครศรีอยุธยา,โรคหอบหืด,50-54,หญิง,3457
พระนครศรีอยุธยา,โรคหอบหืด,55-59,ชาย,2007
พระนครศรีอยุธยา,โรคหอบหืด,55-59,หญิง,4045
พระนครศรีอยุธยา,โรคหอบหืด,60-64,ชาย,1765
พระนครศรีอยุธยา,โรคหอบหืด,60-64,หญิง,3968
พระนครศรีอยุธยา,โรคหอบหืด,65-69,ชาย,1231
พระนครศรีอยุธยา,โรคหอบหืด,65-69,หญิง,3642
พระนครศรีอยุธยา,โรคหอบหืด,70-74,ชาย,1052
พระนครศรีอยุธยา,โรคหอบหืด,70-74,หญิง,2974
พระนครศรีอยุธยา,โรคหอบหืด,75-79,ชาย,626
พระนครศรีอยุธยา,โรคหอบหืด,75-79,หญิง,1787
พระนครศรีอยุธยา,โรคหอบหืด,80+,ชาย,569
พระนครศรีอยุธยา,โรคหอบหืด,80+,หญิง,1772
พระนครศรีอยุธยา,โรคหอบหืด,ไม่ทราบ,ไม่ระบุ,221
พระนครศรีอยุธยา,โรคเยื่อจมูกอักเสบจากภูมิแพ้,0-4,ชาย,1768
พระนครศรีอยุธยา,โรคเยื่อจมูกอักเสบจากภูมิแพ้,0-4,หญิง,1370
พระนครศรีอยุธยา,โรคเยื่อจมูกอักเสบจากภูมิแพ้,10-14,ชาย,2917
พระนครศรีอยุธยา,โรคเยื่อจมูกอักเสบจากภูมิแพ้,10-14,หญิง,1798
พระนครศรีอยุธยา,โรคเยื่อจมูกอักเสบจากภูมิแพ้,15-19,ชาย,1024
พระนครศรีอยุธยา,โรคเยื่อจมูกอักเสบจากภูมิแพ้,15-19,หญิง,1067
พระนครศรีอยุธยา,โรคเยื่อจมูกอักเสบจากภูมิแพ้,20-24,ชาย,543
พระนครศรีอยุธยา,โรคเยื่อจมูกอักเสบจากภูมิแพ้,20-24,หญิง,896
พระนครศรีอยุธยา,โรคเยื่อจมูกอักเสบจากภูมิแพ้,25-29,ชาย,647
พระนครศรีอยุธยา,โรคเยื่อจมูกอักเสบจากภูมิแพ้,25-29,หญิง,1259
พระนครศรีอยุธยา,โรคเยื่อจมูกอักเสบจากภูมิแพ้,30-34,ชาย,663
พระนครศรีอยุธยา,โรคเยื่อจมูกอักเสบจากภูมิแพ้,30-34,หญิง,1483
พระนครศรีอยุธยา,โรคเยื่อจมูกอักเสบจากภูมิแพ้,35-39,ชาย,592
พระนครศรีอยุธยา,โรคเยื่อจมูกอักเสบจากภูมิแพ้,35-39,หญิง,1497
พระนครศรีอยุธยา,โรคเยื่อจมูกอักเสบจากภูมิแพ้,40-44,ชาย,670
พระนครศรีอยุธยา,โรคเยื่อจมูกอักเสบจากภูมิแพ้,40-44,หญิง,1985
พระนครศรีอยุธยา,โรคเยื่อจมูกอักเสบจากภูมิแพ้,45-49,ชาย,692
พระนครศรีอยุธยา,โรคเยื่อจมูกอักเสบจากภูมิแพ้,45-49,หญิง,2424
พระนครศรีอยุธยา,โรคเยื่อจมูกอักเสบจากภูมิแพ้,5-9,ชาย,4780
พระนครศรีอยุธยา,โรคเยื่อจมูกอักเสบจากภูมิแพ้,5-9,หญิง,2920
พระนครศรีอยุธยา,โรคเยื่อจมูกอักเสบจากภูมิแพ้,50-54,ชาย,875
พระนครศรีอยุธยา,โรคเยื่อจมูกอักเสบจากภูมิแพ้,50-54,หญิง,2365
พระนครศรีอยุธยา,โรคเยื่อจมูกอักเสบจากภูมิแพ้,55-59,ชาย,1030
พระนครศรีอยุธยา,โรคเยื่อจมูกอักเสบจากภูมิแพ้,55-59,หญิง,2465
พระนครศรีอยุธยา,โรคเยื่อจมูกอักเสบจากภูมิแพ้,60-64,ชาย,1103
พระนครศรีอยุธยา,โรคเยื่อจมูกอักเสบจากภูมิแพ้,60-64,หญิง,2043
พระนครศรีอยุธยา,โรคเยื่อจมูกอักเสบจากภูมิแพ้,65-69,ชาย,860
พระนครศรีอยุธยา,โรคเยื่อจมูกอักเสบจากภูมิแพ้,65-69,หญิง,1739
พระนครศรีอยุธยา,โรคเยื่อจมูกอักเสบจากภูมิแพ้,70-74,ชาย,811
พระนครศรีอยุธยา,โรคเยื่อจมูกอักเสบจากภูมิแพ้,70-74,หญิง,1257
พระนครศรีอยุธยา,โรคเยื่อจมูกอักเสบจากภูมิแพ้,75-79,ชาย,565
พระนครศรีอยุธยา,โรคเยื่อจมูกอักเสบจากภูมิแพ้,75-79,หญิง,749
พระนครศรีอยุธยา,โรคเยื่อจมูกอักเสบจากภูมิแพ้,80+,ชาย,435
พระนครศรีอยุธยา,โรคเยื่อจมูกอักเสบจากภูมิแพ้,80+,หญิง,665
พระนครศรีอยุธยา,โรคเยื่อจมูกอักเสบจากภูมิแพ้,ไม่ทราบ,หญิง,1
พระนครศรีอยุธยา,โรคเยื่อจมูกอักเสบจากภูมิแพ้,ไม่ทราบ,ไม่ระบุ,112
พระนครศรีอยุธยา,โรคเยื่อบุตาอักเสบ,0-4,ชาย,1588
พระนครศรีอยุธยา,โรคเยื่อบุตาอักเสบ,0-4,หญิง,1338
พระนครศรีอยุธยา,โรคเยื่อบุตาอักเสบ,10-14,ชาย,1409
พระนครศรีอยุธยา,โรคเยื่อบุตาอักเสบ,10-14,หญิง,1182
พระนครศรีอยุธยา,โรคเยื่อบุตาอักเสบ,15-19,ชาย,1368
พระนครศรีอยุธยา,โรคเยื่อบุตาอักเสบ,15-19,หญิง,1627
พระนครศรีอยุธยา,โรคเยื่อบุตาอักเสบ,15-19,ไม่ระบุ,1
พระนครศรีอยุธยา,โรคเยื่อบุตาอักเสบ,20-24,ชาย,1230
พระนครศรีอยุธยา,โรคเยื่อบุตาอักเสบ,20-24,หญิง,1493
พระนครศรีอยุธยา,โรคเยื่อบุตาอักเสบ,20-24,ไม่ระบุ,1
พระนครศรีอยุธยา,โรคเยื่อบุตาอักเสบ,25-29,ชาย,1409
พระนครศรีอยุธยา,โรคเยื่อบุตาอักเสบ,25-29,หญิง,1602
พระนครศรีอยุธยา,โรคเยื่อบุตาอักเสบ,25-29,ไม่ระบุ,2
พระนครศรีอยุธยา,โรคเยื่อบุตาอักเสบ,30-34,ชาย,1340
พระนครศรีอยุธยา,โรคเยื่อบุตาอักเสบ,30-34,หญิง,1464
พระนครศรีอยุธยา,โรคเยื่อบุตาอักเสบ,30-34,ไม่ระบุ,1
พระนครศรีอยุธยา,โรคเยื่อบุตาอักเสบ,35-39,ชาย,1213
พระนครศรีอยุธยา,โรคเยื่อบุตาอักเสบ,35-39,หญิง,1427
พระนครศรีอยุธยา,โรคเยื่อบุตาอักเสบ,40-44,ชาย,1376
พระนครศรีอยุธยา,โรคเยื่อบุตาอักเสบ,40-44,หญิง,1483
พระนครศรีอยุธยา,โรคเยื่อบุตาอักเสบ,40-44,ไม่ระบุ,1
พระนครศรีอยุธยา,โรคเยื่อบุตาอักเสบ,45-49,ชาย,1364
พระนครศรีอยุธยา,โรคเยื่อบุตาอักเสบ,45-49,หญิง,1717
พระนครศรีอยุธยา,โรคเยื่อบุตาอักเสบ,5-9,ชาย,1702
พระนครศรีอยุธยา,โรคเยื่อบุตาอักเสบ,5-9,หญิง,1230
พระนครศรีอยุธยา,โรคเยื่อบุตาอักเสบ,50-54,ชาย,1333
พระนครศรีอยุธยา,โรคเยื่อบุตาอักเสบ,50-54,หญิง,2016
พระนครศรีอยุธยา,โรคเยื่อบุตาอักเสบ,50-54,ไม่ระบุ,1
พระนครศรีอยุธยา,โรคเยื่อบุตาอักเสบ,55-59,ชาย,1409
พระนครศรีอยุธยา,โรคเยื่อบุตาอักเสบ,55-59,หญิง,2552
พระนครศรีอยุธยา,โรคเยื่อบุตาอักเสบ,60-64,ชาย,1411
พระนครศรีอยุธยา,โรคเยื่อบุตาอักเสบ,60-64,หญิง,2732
พระนครศรีอยุธยา,โรคเยื่อบุตาอักเสบ,65-69,ชาย,1293
พระนครศรีอยุธยา,โรคเยื่อบุตาอักเสบ,65-69,หญิง,2422
พระนครศรีอยุธยา,โรคเยื่อบุตาอักเสบ,70-74,ชาย,1180
พระนครศรีอยุธยา,โรคเยื่อบุตาอักเสบ,70-74,หญิง,1926
พระนครศรีอยุธยา,โรคเยื่อบุตาอักเสบ,70-74,ไม่ระบุ,1
พระนครศรีอยุธยา,โรคเยื่อบุตาอักเสบ,75-79,ชาย,762
พระนครศรีอยุธยา,โรคเยื่อบุตาอักเสบ,75-79,หญิง,1228
พระนครศรีอยุธยา,โรคเยื่อบุตาอักเสบ,80+,ชาย,852
พระนครศรีอยุธยา,โรคเยื่อบุตาอักเสบ,80+,หญิง,1695
พระนครศรีอยุธยา,โรคเยื่อบุตาอักเสบ,ไม่ทราบ,หญิง,3
พระนครศรีอยุธยา,โรคเยื่อบุตาอักเสบ,ไม่ทราบ,ไม่ระบุ,607
พะเยา,โรคติดเชื้อทางเดินหายใจส่วนบนเฉียบพลัน,0-4,ชาย,35972
พะเยา,โรคติดเชื้อทางเดินหายใจส่วนบนเฉียบพลัน,0-4,หญิง,31988
พะเยา,โรคติดเชื้อทางเดินหายใจส่วนบนเฉียบพลัน,0-4,ไม่ระบุ,2
พะเยา,โรคติดเชื้อทางเดินหายใจส่วนบนเฉียบพลัน,10-14,ชาย,16223
พะเยา,โรคติดเชื้อทางเดินหายใจส่วนบนเฉียบพลัน,10-14,หญิง,13566
พะเยา,โรคติดเชื้อทางเดินหายใจส่วนบนเฉียบพลัน,15-19,ชาย,8523
พะเยา,โรคติดเชื้อทางเดินหายใจส่วนบนเฉียบพลัน,15-19,หญิง,10536
พะเยา,โรคติดเชื้อทางเดินหายใจส่วนบนเฉียบพลัน,20-24,ชาย,5055
พะเยา,โรคติดเชื้อทางเดินหายใจส่วนบนเฉียบพลัน,20-24,หญิง,8333
พะเยา,โรคติดเชื้อทางเดินหายใจส่วนบนเฉียบพลัน,20-24,ไม่ระบุ,1
พะเยา,โรคติดเชื้อทางเดินหายใจส่วนบนเฉียบพลัน,25-29,ชาย,4027
พะเยา,โรคติดเชื้อทางเดินหายใจส่วนบนเฉียบพลัน,25-29,หญิง,6570
พะเยา,โรคติดเชื้อทางเดินหายใจส่วนบนเฉียบพลัน,30-34,ชาย,3965
พะเยา,โรคติดเชื้อทางเดินหายใจส่วนบนเฉียบพลัน,30-34,หญิง,7425
พะเยา,โรคติดเชื้อทางเดินหายใจส่วนบนเฉียบพลัน,35-39,ชาย,3868
พะเยา,โรคติดเชื้อทางเดินหายใจส่วนบนเฉียบพลัน,35-39,หญิง,7796
พะเยา,โรคติดเชื้อทางเดินหายใจส่วนบนเฉียบพลัน,40-44,ชาย,4088
พะเยา,โรคติดเชื้อทางเดินหายใจส่วนบนเฉียบพลัน,40-44,หญิง,7949
พะเยา,โรคติดเชื้อทางเดินหายใจส่วนบนเฉียบพลัน,45-49,ชาย,4475
พะเยา,โรคติดเชื้อทางเดินหายใจส่วนบนเฉียบพลัน,45-49,หญิง,9539
พะเยา,โรคติดเชื้อทางเดินหายใจส่วนบนเฉียบพลัน,5-9,ชาย,28053
พะเยา,โรคติดเชื้อทางเดินหายใจส่วนบนเฉียบพลัน,5-9,หญิง,26094
พะเยา,โรคติดเชื้อทางเดินหายใจส่วนบนเฉียบพลัน,50-54,ชาย,4938
พะเยา,โรคติดเชื้อทางเดินหายใจส่วนบนเฉียบพลัน,50-54,หญิง,11900
พะเยา,โรคติดเชื้อทางเดินหายใจส่วนบนเฉียบพลัน,55-59,ชาย,6523
พะเยา,โรคติดเชื้อทางเดินหายใจส่วนบนเฉียบพลัน,55-59,หญิง,14491
พะเยา,โรคติดเชื้อทางเดินหายใจส่วนบนเฉียบพลัน,55-59,ไม่ระบุ,2
พะเยา,โรคติดเชื้อทางเดินหายใจส่วนบนเฉียบพลัน,60-64,ชาย,7741
พะเยา,โรคติดเชื้อทางเดินหายใจส่วนบนเฉียบพลัน,60-64,หญิง,14211
พะเยา,โรคติดเชื้อทางเดินหายใจส่วนบนเฉียบพลัน,60-64,ไม่ระบุ,2
พะเยา,โรคติดเชื้อทางเดินหายใจส่วนบนเฉียบพลัน,65-69,ชาย,8187
พะเยา,โรคติดเชื้อทางเดินหายใจส่วนบนเฉียบพลัน,65-69,หญิง,11319
พะเยา,โรคติดเชื้อทางเดินหายใจส่วนบนเฉียบพลัน,70-74,ชาย,6274
พะเยา,โรคติดเชื้อทางเดินหายใจส่วนบนเฉียบพลัน,70-74,หญิง,6929
พะเยา,โรคติดเชื้อทางเดินหายใจส่วนบนเฉียบพลัน,75-79,ชาย,3240
พะเยา,โรคติดเชื้อทางเดินหายใจส่วนบนเฉียบพลัน,75-79,หญิง,3076
พะเยา,โรคติดเชื้อทางเดินหายใจส่วนบนเฉียบพลัน,80+,ชาย,3105
พะเยา,โรคติดเชื้อทางเดินหายใจส่วนบนเฉียบพลัน,80+,หญิง,3223
พะเยา,โรคติดเชื้อทางเดินหายใจส่วนบนเฉียบพลัน,80+,ไม่ระบุ,23
พะเยา,โรคติดเชื้อทางเดินหายใจส่วนบนเฉียบพลัน,ไม่ทราบ,ชาย,8
พะเยา,โรคติดเชื้อทางเดินหายใจส่วนบนเฉียบพลัน,ไม่ทราบ,หญิง,6
พะเยา,โรคติดเชื้อทางเดินหายใจส่วนบนเฉียบพลัน,ไม่ทราบ,ไม่ระบุ,2510
พะเยา,โรคปอดอุดกั้นเรื้อรัง,0-4,ชาย,11
พะเยา,โรคปอดอุดกั้นเรื้อรัง,0-4,หญิง,14
พะเยา,โรคปอดอุดกั้นเรื้อรัง,10-14,ชาย,4
พะเยา,โรคปอดอุดกั้นเรื้อรัง,15-19,ชาย,1
พะเยา,โรคปอดอุดกั้นเรื้อรัง,15-19,หญิง,3
พะเยา,โรคปอดอุดกั้นเรื้อรัง,20-24,ชาย,1
พะเยา,โรคปอดอุดกั้นเรื้อรัง,20-24,หญิง,4
พะเยา,โรคปอดอุดกั้นเรื้อรัง,25-29,ชาย,7
พะเยา,โรคปอดอุดกั้นเรื้อรัง,25-29,หญิง,1
พะเยา,โรคปอดอุดกั้นเรื้อรัง,30-34,ชาย,33
พะเยา,โรคปอดอุดกั้นเรื้อรัง,30-34,หญิง,6
พะเยา,โรคปอดอุดกั้นเรื้อรัง,35-39,ชาย,28
พะเยา,โรคปอดอุดกั้นเรื้อรัง,35-39,หญิง,37
พะเยา,โรคปอดอุดกั้นเรื้อรัง,40-44,ชาย,55
พะเยา,โรคปอดอุดกั้นเรื้อรัง,40-44,หญิง,40
พะเยา,โรคปอดอุดกั้นเรื้อรัง,45-49,ชาย,185
พะเยา,โรคปอดอุดกั้นเรื้อรัง,45-49,หญิง,68
พะเยา,โรคปอดอุดกั้นเรื้อรัง,5-9,ชาย,7
พะเยา,โรคปอดอุดกั้นเรื้อรัง,5-9,หญิง,1
พะเยา,โรคปอดอุดกั้นเรื้อรัง,50-54,ชาย,488
พะเยา,โรคปอดอุดกั้นเรื้อรัง,50-54,หญิง,135
พะเยา,โรคปอดอุดกั้นเรื้อรัง,55-59,ชาย,1127
พะเยา,โรคปอดอุดกั้นเรื้อรัง,55-59,หญิง,521
พะเยา,โรคปอดอุดกั้นเรื้อรัง,60-64,ชาย,2719
พะเยา,โรคปอดอุดกั้นเรื้อรัง,60-64,หญิง,1017
พะเยา,โรคปอดอุดกั้นเรื้อรัง,65-69,ชาย,4366
พะเยา,โรคปอดอุดกั้นเรื้อรัง,65-69,หญิง,1794
พะเยา,โรคปอดอุดกั้นเรื้อรัง,70-74,ชาย,4965
พะเยา,โรคปอดอุดกั้นเรื้อรัง,70-74,หญิง,2222
พะเยา,โรคปอดอุดกั้นเรื้อรัง,75-79,ชาย,3826
พะเยา,โรคปอดอุดกั้นเรื้อรัง,75-79,หญิง,2052
พะเยา,โรคปอดอุดกั้นเรื้อรัง,80+,ชาย,5099
พะเยา,โรคปอดอุดกั้นเรื้อรัง,80+,หญิง,3793
พะเยา,โรคปอดอุดกั้นเรื้อรัง,ไม่ทราบ,ไม่ระบุ,17
พะเยา,โรคผิวหนังอักเสบ,0-4,ชาย,692
พะเยา,โรคผิวหนังอักเสบ,0-4,หญิง,720
พะเยา,โรคผิวหนังอักเสบ,10-14,ชาย,452
พะเยา,โรคผิวหนังอักเสบ,10-14,หญิง,394
พะเยา,โรคผิวหนังอักเสบ,15-19,ชาย,293
พะเยา,โรคผิวหนังอักเสบ,15-19,หญิง,495
พะเยา,โรคผิวหนังอักเสบ,20-24,ชาย,240
พะเยา,โรคผิวหนังอักเสบ,20-24,หญิง,447
พะเยา,โรคผิวหนังอักเสบ,25-29,ชาย,225
พะเยา,โรคผิวหนังอักเสบ,25-29,หญิง,367
พะเยา,โรคผิวหนังอักเสบ,30-34,ชาย,194
พะเยา,โรคผิวหนังอักเสบ,30-34,หญิง,421
พะเยา,โรคผิวหนังอักเสบ,35-39,ชาย,222
พะเยา,โรคผิวหนังอักเสบ,35-39,หญิง,427
พะเยา,โรคผิวหนังอักเสบ,40-44,ชาย,298
พะเยา,โรคผิวหนังอักเสบ,40-44,หญิง,547
พะเยา,โรคผิวหนังอักเสบ,45-49,ชาย,376
พะเยา,โรคผิวหนังอักเสบ,45-49,หญิง,778
พะเยา,โรคผิวหนังอักเสบ,5-9,ชาย,572
พะเยา,โรคผิวหนังอักเสบ,5-9,หญิง,519
พะเยา,โรคผิวหนังอักเสบ,50-54,ชาย,476
พะเยา,โรคผิวหนังอักเสบ,50-54,หญิง,966
พะเยา,โรคผิวหนังอักเสบ,55-59,ชาย,769
พะเยา,โรคผิวหนังอักเสบ,55-59,หญิง,1186
พะเยา,โรคผิวหนังอักเสบ,60-64,ชาย,908
พะเยา,โรคผิวหนังอักเสบ,60-64,หญิง,1213
พะเยา,โรคผิวหนังอักเสบ,65-69,ชาย,1170
พะเยา,โรคผิวหนังอักเสบ,65-69,หญิง,1028
พะเยา,โรคผิวหนังอักเสบ,70-74,ชาย,990
พะเยา,โรคผิวหนังอักเสบ,70-74,หญิง,769
พะเยา,โรคผิวหนังอักเสบ,75-79,ชาย,616
พะเยา,โรคผิวหนังอักเสบ,75-79,หญิง,356
พะเยา,โรคผิวหนังอักเสบ,80+,ชาย,568
พะเยา,โรคผิวหนังอักเสบ,80+,หญิง,511
พะเยา,โรคผิวหนังอักเสบ,80+,ไม่ระบุ,1
พะเยา,โรคผิวหนังอักเสบ,ไม่ทราบ,ชาย,1
พะเยา,โรคผิวหนังอักเสบ,ไม่ทราบ,ไม่ระบุ,76
พะเยา,โรคลมพิษ,0-4,ชาย,838
พะเยา,โรคลมพิษ,0-4,หญิง,688
พะเยา,โรคลมพิษ,10-14,ชาย,572
พะเยา,โรคลมพิษ,10-14,หญิง,523
พะเยา,โรคลมพิษ,15-19,ชาย,432
พะเยา,โรคลมพิษ,15-19,หญิง,649
พะเยา,โรคลมพิษ,20-24,ชาย,314
พะเยา,โรคลมพิษ,20-24,หญิง,500
พะเยา,โรคลมพิษ,25-29,ชาย,281
พะเยา,โรคลมพิษ,25-29,หญิง,510
พะเยา,โรคลมพิษ,30-34,ชาย,265
พะเยา,โรคลมพิษ,30-34,หญิง,591
พะเยา,โรคลมพิษ,35-39,ชาย,267
พะเยา,โรคลมพิษ,35-39,หญิง,545
พะเยา,โรคลมพิษ,40-44,ชาย,286
พะเยา,โรคลมพิษ,40-44,หญิง,609
พะเยา,โรคลมพิษ,45-49,ชาย,293
พะเยา,โรคลมพิษ,45-49,หญิง,821
พะเยา,โรคลมพิษ,5-9,ชาย,745
พะเยา,โรคลมพิษ,5-9,หญิง,594
พะเยา,โรคลมพิษ,50-54,ชาย,324
พะเยา,โรคลมพิษ,50-54,หญิง,917
พะเยา,โรคลมพิษ,55-59,ชาย,433
พะเยา,โรคลมพิษ,55-59,หญิง,1039
พะเยา,โรคลมพิษ,60-64,ชาย,521
พะเยา,โรคลมพิษ,60-64,หญิง,957
พะเยา,โรคลมพิษ,65-69,ชาย,527
พะเยา,โรคลมพิษ,65-69,หญิง,758
พะเยา,โรคลมพิษ,70-74,ชาย,394
พะเยา,โรคลมพิษ,70-74,หญิง,517
พะเยา,โรคลมพิษ,75-79,ชาย,222
พะเยา,โรคลมพิษ,75-79,หญิง,182
พะเยา,โรคลมพิษ,75-79,ไม่ระบุ,1
พะเยา,โรคลมพิษ,80+,ชาย,210
พะเยา,โรคลมพิษ,80+,หญิง,257
พะเยา,โรคลมพิษ,80+,ไม่ระบุ,1
พะเยา,โรคลมพิษ,ไม่ทราบ,ไม่ระบุ,61
พะเยา,โรคหอบหืด,0-4,ชาย,1239
พะเยา,โรคหอบหืด,0-4,หญิง,770
พะเยา,โรคหอบหืด,10-14,ชาย,888
พะเยา,โรคหอบหืด,10-14,หญิง,560
พะเยา,โรคหอบหืด,15-19,ชาย,255
พะเยา,โรคหอบหืด,15-19,หญิง,211
พะเยา,โรคหอบหืด,20-24,ชาย,179
พะเยา,โรคหอบหืด,20-24,หญิง,151
พะเยา,โรคหอบหืด,25-29,ชาย,177
พะเยา,โรคหอบหืด,25-29,หญิง,242
พะเยา,โรคหอบหืด,30-34,ชาย,221
พะเยา,โรคหอบหืด,30-34,หญิง,506
พะเยา,โรคหอบหืด,35-39,ชาย,293
พะเยา,โรคหอบหืด,35-39,หญิง,541
พะเยา,โรคหอบหืด,40-44,ชาย,405
พะเยา,โรคหอบหืด,40-44,หญิง,921
พะเยา,โรคหอบหืด,45-49,ชาย,617
พะเยา,โรคหอบหืด,45-49,หญิง,1391
พะเยา,โรคหอบหืด,5-9,ชาย,1914
พะเยา,โรคหอบหืด,5-9,หญิง,1014
พะเยา,โรคหอบหืด,50-54,ชาย,657
พะเยา,โรคหอบหืด,50-54,หญิง,1743
พะเยา,โรคหอบหืด,55-59,ชาย,1117
พะเยา,โรคหอบหืด,55-59,หญิง,2636
พะเยา,โรคหอบหืด,60-64,ชาย,1699
พะเยา,โรคหอบหืด,60-64,หญิง,3057
พะเยา,โรคหอบหืด,65-69,ชาย,1976
พะเยา,โรคหอบหืด,65-69,หญิง,2803
พะเยา,โรคหอบหืด,70-74,ชาย,1622
พะเยา,โรคหอบหืด,70-74,หญิง,2132
พะเยา,โรคหอบหืด,75-79,ชาย,841
พะเยา,โรคหอบหืด,75-79,หญิง,933
พะเยา,โรคหอบหืด,80+,ชาย,766
พะเยา,โรคหอบหืด,80+,หญิง,708
พะเยา,โรคหอบหืด,ไม่ทราบ,ไม่ระบุ,26
พะเยา,โรคเยื่อจมูกอักเสบจากภูมิแพ้,0-4,ชาย,1598
พะเยา,โรคเยื่อจมูกอักเสบจากภูมิแพ้,0-4,หญิง,1245
พะเยา,โรคเยื่อจมูกอักเสบจากภูมิแพ้,10-14,ชาย,2011
พะเยา,โรคเยื่อจมูกอักเสบจากภูมิแพ้,10-14,หญิง,1342
พะเยา,โรคเยื่อจมูกอักเสบจากภูมิแพ้,15-19,ชาย,476
พะเยา,โรคเยื่อจมูกอักเสบจากภูมิแพ้,15-19,หญิง,692
พะเยา,โรคเยื่อจมูกอักเสบจากภูมิแพ้,20-24,ชาย,291
พะเยา,โรคเยื่อจมูกอักเสบจากภูมิแพ้,20-24,หญิง,477
พะเยา,โรคเยื่อจมูกอักเสบจากภูมิแพ้,25-29,ชาย,244
พะเยา,โรคเยื่อจมูกอักเสบจากภูมิแพ้,25-29,หญิง,546
พะเยา,โรคเยื่อจมูกอักเสบจากภูมิแพ้,30-34,ชาย,223
พะเยา,โรคเยื่อจมูกอักเสบจากภูมิแพ้,30-34,หญิง,708
พะเยา,โรคเยื่อจมูกอักเสบจากภูมิแพ้,35-39,ชาย,223
พะเยา,โรคเยื่อจมูกอักเสบจากภูมิแพ้,35-39,หญิง,756
พะเยา,โรคเยื่อจมูกอักเสบจากภูมิแพ้,40-44,ชาย,262
พะเยา,โรคเยื่อจมูกอักเสบจากภูมิแพ้,40-44,หญิง,927
พะเยา,โรคเยื่อจมูกอักเสบจากภูมิแพ้,45-49,ชาย,362
พะเยา,โรคเยื่อจมูกอักเสบจากภูมิแพ้,45-49,หญิง,1296
พะเยา,โรคเยื่อจมูกอักเสบจากภูมิแพ้,5-9,ชาย,3257
พะเยา,โรคเยื่อจมูกอักเสบจากภูมิแพ้,5-9,หญิง,2341
พะเยา,โรคเยื่อจมูกอักเสบจากภูมิแพ้,50-54,ชาย,381
พะเยา,โรคเยื่อจมูกอักเสบจากภูมิแพ้,50-54,หญิง,1213
พะเยา,โรคเยื่อจมูกอักเสบจากภูมิแพ้,55-59,ชาย,535
พะเยา,โรคเยื่อจมูกอักเสบจากภูมิแพ้,55-59,หญิง,1419
พะเยา,โรคเยื่อจมูกอักเสบจากภูมิแพ้,60-64,ชาย,607
พะเยา,โรคเยื่อจมูกอักเสบจากภูมิแพ้,60-64,หญิง,1329
พะเยา,โรคเยื่อจมูกอักเสบจากภูมิแพ้,65-69,ชาย,672
พะเยา,โรคเยื่อจมูกอักเสบจากภูมิแพ้,65-69,หญิง,904
พะเยา,โรคเยื่อจมูกอักเสบจากภูมิแพ้,70-74,ชาย,398
พะเยา,โรคเยื่อจมูกอักเสบจากภูมิแพ้,70-74,หญิง,526
พะเยา,โรคเยื่อจมูกอักเสบจากภูมิแพ้,75-79,ชาย,236
พะเยา,โรคเยื่อจมูกอักเสบจากภูมิแพ้,75-79,หญิง,164
พะเยา,โรคเยื่อจมูกอักเสบจากภูมิแพ้,80+,ชาย,182
พะเยา,โรคเยื่อจมูกอักเสบจากภูมิแพ้,80+,หญิง,95
พะเยา,โรคเยื่อจมูกอักเสบจากภูมิแพ้,ไม่ทราบ,ไม่ระบุ,105
พะเยา,โรคเยื่อบุตาอักเสบ,0-4,ชาย,841
พะเยา,โรคเยื่อบุตาอักเสบ,0-4,หญิง,752
พะเยา,โรคเยื่อบุตาอักเสบ,10-14,ชาย,872
พะเยา,โรคเยื่อบุตาอักเสบ,10-14,หญิง,760
พะเยา,โรคเยื่อบุตาอักเสบ,15-19,ชาย,602
พะเยา,โรคเยื่อบุตาอักเสบ,15-19,หญิง,727
พะเยา,โรคเยื่อบุตาอักเสบ,20-24,ชาย,468
พะเยา,โรคเยื่อบุตาอักเสบ,20-24,หญิง,539
พะเยา,โรคเยื่อบุตาอักเสบ,25-29,ชาย,511
พะเยา,โรคเยื่อบุตาอักเสบ,25-29,หญิง,661
พะเยา,โรคเยื่อบุตาอักเสบ,30-34,ชาย,601
พะเยา,โรคเยื่อบุตาอักเสบ,30-34,หญิง,757
พะเยา,โรคเยื่อบุตาอักเสบ,35-39,ชาย,705
พะเยา,โรคเยื่อบุตาอักเสบ,35-39,หญิง,884
พะเยา,โรคเยื่อบุตาอักเสบ,40-44,ชาย,889
พะเยา,โรคเยื่อบุตาอักเสบ,40-44,หญิง,1079
พะเยา,โรคเยื่อบุตาอักเสบ,45-49,ชาย,1104
พะเยา,โรคเยื่อบุตาอักเสบ,45-49,หญิง,1425
พะเยา,โรคเยื่อบุตาอักเสบ,5-9,ชาย,993
พะเยา,โรคเยื่อบุตาอักเสบ,5-9,หญิง,727
พะเยา,โรคเยื่อบุตาอักเสบ,50-54,ชาย,1282
พะเยา,โรคเยื่อบุตาอักเสบ,50-54,หญิง,2150
พะเยา,โรคเยื่อบุตาอักเสบ,50-54,ไม่ระบุ,1
พะเยา,โรคเยื่อบุตาอักเสบ,55-59,ชาย,1702
พะเยา,โรคเยื่อบุตาอักเสบ,55-59,หญิง,2912
พะเยา,โรคเยื่อบุตาอักเสบ,60-64,ชาย,1936
พะเยา,โรคเยื่อบุตาอักเสบ,60-64,หญิง,3047
พะเยา,โรคเยื่อบุตาอักเสบ,65-69,ชาย,1904
พะเยา,โรคเยื่อบุตาอักเสบ,65-69,หญิง,2600
พะเยา,โรคเยื่อบุตาอักเสบ,70-74,ชาย,1376
พะเยา,โรคเยื่อบุตาอักเสบ,70-74,หญิง,1686
พะเยา,โรคเยื่อบุตาอักเสบ,75-79,ชาย,697
พะเยา,โรคเยื่อบุตาอักเสบ,75-79,หญิง,787
พะเยา,โรคเยื่อบุตาอักเสบ,80+,ชาย,663
พะเยา,โรคเยื่อบุตาอักเสบ,80+,หญิง,738
พะเยา,โรคเยื่อบุตาอักเสบ,80+,ไม่ระบุ,3
พะเยา,โรคเยื่อบุตาอักเสบ,ไม่ทราบ,หญิง,1
พะเยา,โรคเยื่อบุตาอักเสบ,ไม่ทราบ,ไม่ระบุ,311
พังงา,โรคติดเชื้อทางเดินหายใจส่วนบนเฉียบพลัน,0-4,ชาย,15671
พังงา,โรคติดเชื้อทางเดินหายใจส่วนบนเฉียบพลัน,0-4,หญิง,14538
พังงา,โรคติดเชื้อทางเดินหายใจส่วนบนเฉียบพลัน,0-4,ไม่ระบุ,29
พังงา,โรคติดเชื้อทางเดินหายใจส่วนบนเฉียบพลัน,10-14,ชาย,6824
พังงา,โรคติดเชื้อทางเดินหายใจส่วนบนเฉียบพลัน,10-14,หญิง,6220
พังงา,โรคติดเชื้อทางเดินหายใจส่วนบนเฉียบพลัน,10-14,ไม่ระบุ,4
พังงา,โรคติดเชื้อทางเดินหายใจส่วนบนเฉียบพลัน,15-19,ชาย,3296
พังงา,โรคติดเชื้อทางเดินหายใจส่วนบนเฉียบพลัน,15-19,หญิง,4545
พังงา,โรคติดเชื้อทางเดินหายใจส่วนบนเฉียบพลัน,15-19,ไม่ระบุ,1
พังงา,โรคติดเชื้อทางเดินหายใจส่วนบนเฉียบพลัน,20-24,ชาย,3126
พังงา,โรคติดเชื้อทางเดินหายใจส่วนบนเฉียบพลัน,20-24,หญิง,4609
พังงา,โรคติดเชื้อทางเดินหายใจส่วนบนเฉียบพลัน,25-29,ชาย,3602
พังงา,โรคติดเชื้อทางเดินหายใจส่วนบนเฉียบพลัน,25-29,หญิง,5937
พังงา,โรคติดเชื้อทางเดินหายใจส่วนบนเฉียบพลัน,30-34,ชาย,2993
พังงา,โรคติดเชื้อทางเดินหายใจส่วนบนเฉียบพลัน,30-34,หญิง,5657
พังงา,โรคติดเชื้อทางเดินหายใจส่วนบนเฉียบพลัน,35-39,ชาย,2810
พังงา,โรคติดเชื้อทางเดินหายใจส่วนบนเฉียบพลัน,35-39,หญิง,4972
พังงา,โรคติดเชื้อทางเดินหายใจส่วนบนเฉียบพลัน,40-44,ชาย,2642
พังงา,โรคติดเชื้อทางเดินหายใจส่วนบนเฉียบพลัน,40-44,หญิง,5151
พังงา,โรคติดเชื้อทางเดินหายใจส่วนบนเฉียบพลัน,45-49,ชาย,2336
พังงา,โรคติดเชื้อทางเดินหายใจส่วนบนเฉียบพลัน,45-49,หญิง,5039
พังงา,โรคติดเชื้อทางเดินหายใจส่วนบนเฉียบพลัน,5-9,ชาย,12057
พังงา,โรคติดเชื้อทางเดินหายใจส่วนบนเฉียบพลัน,5-9,หญิง,11211
พังงา,โรคติดเชื้อทางเดินหายใจส่วนบนเฉียบพลัน,5-9,ไม่ระบุ,18
พังงา,โรคติดเชื้อทางเดินหายใจส่วนบนเฉียบพลัน,50-54,ชาย,2324
พังงา,โรคติดเชื้อทางเดินหายใจส่วนบนเฉียบพลัน,50-54,หญิง,5136
พังงา,โรคติดเชื้อทางเดินหายใจส่วนบนเฉียบพลัน,55-59,ชาย,2256
พังงา,โรคติดเชื้อทางเดินหายใจส่วนบนเฉียบพลัน,55-59,หญิง,4977
พังงา,โรคติดเชื้อทางเดินหายใจส่วนบนเฉียบพลัน,60-64,ชาย,2053
พังงา,โรคติดเชื้อทางเดินหายใจส่วนบนเฉียบพลัน,60-64,หญิง,4225
พังงา,โรคติดเชื้อทางเดินหายใจส่วนบนเฉียบพลัน,65-69,ชาย,1916
พังงา,โรคติดเชื้อทางเดินหายใจส่วนบนเฉียบพลัน,65-69,หญิง,3097
พังงา,โรคติดเชื้อทางเดินหายใจส่วนบนเฉียบพลัน,70-74,ชาย,1574
พังงา,โรคติดเชื้อทางเดินหายใจส่วนบนเฉียบพลัน,70-74,หญิง,2161
พังงา,โรคติดเชื้อทางเดินหายใจส่วนบนเฉียบพลัน,75-79,ชาย,1142
พังงา,โรคติดเชื้อทางเดินหายใจส่วนบนเฉียบพลัน,75-79,หญิง,1301
พังงา,โรคติดเชื้อทางเดินหายใจส่วนบนเฉียบพลัน,80+,ชาย,1426
พังงา,โรคติดเชื้อทางเดินหายใจส่วนบนเฉียบพลัน,80+,หญิง,1615
พังงา,โรคติดเชื้อทางเดินหายใจส่วนบนเฉียบพลัน,ไม่ทราบ,ชาย,7
พังงา,โรคติดเชื้อทางเดินหายใจส่วนบนเฉียบพลัน,ไม่ทราบ,หญิง,4
พังงา,โรคติดเชื้อทางเดินหายใจส่วนบนเฉียบพลัน,ไม่ทราบ,ไม่ระบุ,84
พังงา,โรคปอดอุดกั้นเรื้อรัง,0-4,ชาย,18
พังงา,โรคปอดอุดกั้นเรื้อรัง,0-4,หญิง,13
พังงา,โรคปอดอุดกั้นเรื้อรัง,10-14,ชาย,6
พังงา,โรคปอดอุดกั้นเรื้อรัง,10-14,หญิง,6
พังงา,โรคปอดอุดกั้นเรื้อรัง,15-19,ชาย,9
พังงา,โรคปอดอุดกั้นเรื้อรัง,15-19,หญิง,9
พังงา,โรคปอดอุดกั้นเรื้อรัง,20-24,ชาย,9
พังงา,โรคปอดอุดกั้นเรื้อรัง,20-24,หญิง,3
พังงา,โรคปอดอุดกั้นเรื้อรัง,25-29,ชาย,18
พังงา,โรคปอดอุดกั้นเรื้อรัง,25-29,หญิง,9
พังงา,โรคปอดอุดกั้นเรื้อรัง,30-34,ชาย,55
พังงา,โรคปอดอุดกั้นเรื้อรัง,30-34,หญิง,20
พังงา,โรคปอดอุดกั้นเรื้อรัง,35-39,ชาย,79
พังงา,โรคปอดอุดกั้นเรื้อรัง,35-39,หญิง,49
พังงา,โรคปอดอุดกั้นเรื้อรัง,40-44,ชาย,238
พังงา,โรคปอดอุดกั้นเรื้อรัง,40-44,หญิง,57
พังงา,โรคปอดอุดกั้นเรื้อรัง,45-49,ชาย,449
พังงา,โรคปอดอุดกั้นเรื้อรัง,45-49,หญิง,93
พังงา,โรคปอดอุดกั้นเรื้อรัง,5-9,ชาย,11
พังงา,โรคปอดอุดกั้นเรื้อรัง,5-9,หญิง,10
พังงา,โรคปอดอุดกั้นเรื้อรัง,50-54,ชาย,957
พังงา,โรคปอดอุดกั้นเรื้อรัง,50-54,หญิง,215
พังงา,โรคปอดอุดกั้นเรื้อรัง,55-59,ชาย,1394
พังงา,โรคปอดอุดกั้นเรื้อรัง,55-59,หญิง,277
พังงา,โรคปอดอุดกั้นเรื้อรัง,60-64,ชาย,1968
พังงา,โรคปอดอุดกั้นเรื้อรัง,60-64,หญิง,312
พังงา,โรคปอดอุดกั้นเรื้อรัง,65-69,ชาย,2812
พังงา,โรคปอดอุดกั้นเรื้อรัง,65-69,หญิง,428
พังงา,โรคปอดอุดกั้นเรื้อรัง,70-74,ชาย,2619
พังงา,โรคปอดอุดกั้นเรื้อรัง,70-74,หญิง,741
พังงา,โรคปอดอุดกั้นเรื้อรัง,75-79,ชาย,2388
พังงา,โรคปอดอุดกั้นเรื้อรัง,75-79,หญิง,628
พังงา,โรคปอดอุดกั้นเรื้อรัง,80+,ชาย,4401
พังงา,โรคปอดอุดกั้นเรื้อรัง,80+,หญิง,1691
พังงา,โรคปอดอุดกั้นเรื้อรัง,ไม่ทราบ,ชาย,1
พังงา,โรคปอดอุดกั้นเรื้อรัง,ไม่ทราบ,ไม่ระบุ,7
พังงา,โรคผิวหนังอักเสบ,0-4,ชาย,316
พังงา,โรคผิวหนังอักเสบ,0-4,หญิง,324
พังงา,โรคผิวหนังอักเสบ,0-4,ไม่ระบุ,1
พังงา,โรคผิวหนังอักเสบ,10-14,ชาย,279
พังงา,โรคผิวหนังอักเสบ,10-14,หญิง,270
พังงา,โรคผิวหนังอักเสบ,10-14,ไม่ระบุ,1
พังงา,โรคผิวหนังอักเสบ,15-19,ชาย,187
พังงา,โรคผิวหนังอักเสบ,15-19,หญิง,231
พังงา,โรคผิวหนังอักเสบ,20-24,ชาย,137
พังงา,โรคผิวหนังอักเสบ,20-24,หญิง,238
พังงา,โรคผิวหนังอักเสบ,25-29,ชาย,217
พังงา,โรคผิวหนังอักเสบ,25-29,หญิง,271
พังงา,โรคผิวหนังอักเสบ,30-34,ชาย,206
พังงา,โรคผิวหนังอักเสบ,30-34,หญิง,280
พังงา,โรคผิวหนังอักเสบ,35-39,ชาย,206
พังงา,โรคผิวหนังอักเสบ,35-39,หญิง,375
พังงา,โรคผิวหนังอักเสบ,40-44,ชาย,216
พังงา,โรคผิวหนังอักเสบ,40-44,หญิง,367
พังงา,โรคผิวหนังอักเสบ,45-49,ชาย,292
พังงา,โรคผิวหนังอักเสบ,45-49,หญิง,468
พังงา,โรคผิวหนังอักเสบ,5-9,ชาย,392
พังงา,โรคผิวหนังอักเสบ,5-9,หญิง,359
พังงา,โรคผิวหนังอักเสบ,50-54,ชาย,294
พังงา,โรคผิวหนังอักเสบ,50-54,หญิง,491
พังงา,โรคผิวหนังอักเสบ,55-59,ชาย,305
พังงา,โรคผิวหนังอักเสบ,55-59,หญิง,470
พังงา,โรคผิวหนังอักเสบ,60-64,ชาย,302
พังงา,โรคผิวหนังอักเสบ,60-64,หญิง,425
พังงา,โรคผิวหนังอักเสบ,65-69,ชาย,243
พังงา,โรคผิวหนังอักเสบ,65-69,หญิง,334
พังงา,โรคผิวหนังอักเสบ,70-74,ชาย,262
พังงา,โรคผิวหนังอักเสบ,70-74,หญิง,233
พังงา,โรคผิวหนังอักเสบ,75-79,ชาย,198
พังงา,โรคผิวหนังอักเสบ,75-79,หญิง,150
พังงา,โรคผิวหนังอักเสบ,80+,ชาย,218
พังงา,โรคผิวหนังอักเสบ,80+,หญิง,217
พังงา,โรคผิวหนังอักเสบ,ไม่ทราบ,ไม่ระบุ,3
พังงา,โรคลมพิษ,0-4,ชาย,310
พังงา,โรคลมพิษ,0-4,หญิง,286
พังงา,โรคลมพิษ,10-14,ชาย,281
พังงา,โรคลมพิษ,10-14,หญิง,265
พังงา,โรคลมพิษ,15-19,ชาย,196
พังงา,โรคลมพิษ,15-19,หญิง,303
พังงา,โรคลมพิษ,20-24,ชาย,119
พังงา,โรคลมพิษ,20-24,หญิง,261
พังงา,โรคลมพิษ,20-24,ไม่ระบุ,1
พังงา,โรคลมพิษ,25-29,ชาย,118
พังงา,โรคลมพิษ,25-29,หญิง,310
พังงา,โรคลมพิษ,30-34,ชาย,96
พังงา,โรคลมพิษ,30-34,หญิง,312
พังงา,โรคลมพิษ,35-39,ชาย,127
พังงา,โรคลมพิษ,35-39,หญิง,271
พังงา,โรคลมพิษ,40-44,ชาย,109
พังงา,โรคลมพิษ,40-44,หญิง,306
พังงา,โรคลมพิษ,45-49,ชาย,92
พังงา,โรคลมพิษ,45-49,หญิง,279
พังงา,โรคลมพิษ,5-9,ชาย,322
พังงา,โรคลมพิษ,5-9,หญิง,298
พังงา,โรคลมพิษ,50-54,ชาย,100
พังงา,โรคลมพิษ,50-54,หญิง,240
พังงา,โรคลมพิษ,55-59,ชาย,98
พังงา,โรคลมพิษ,55-59,หญิง,249
พังงา,โรคลมพิษ,60-64,ชาย,98
พังงา,โรคลมพิษ,60-64,หญิง,147
พังงา,โรคลมพิษ,65-69,ชาย,71
พังงา,โรคลมพิษ,65-69,หญิง,118
พังงา,โรคลมพิษ,70-74,ชาย,43
พังงา,โรคลมพิษ,70-74,หญิง,78
พังงา,โรคลมพิษ,75-79,ชาย,28
พังงา,โรคลมพิษ,75-79,หญิง,39
พังงา,โรคลมพิษ,80+,ชาย,18
พังงา,โรคลมพิษ,80+,หญิง,38
พังงา,โรคลมพิษ,ไม่ทราบ,ไม่ระบุ,1
พังงา,โรคหอบหืด,0-4,ชาย,1953
พังงา,โรคหอบหืด,0-4,หญิง,1246
พังงา,โรคหอบหืด,10-14,ชาย,1201
พังงา,โรคหอบหืด,10-14,หญิง,671
พังงา,โรคหอบหืด,15-19,ชาย,319
พังงา,โรคหอบหืด,15-19,หญิง,251
พังงา,โรคหอบหืด,20-24,ชาย,203
พังงา,โรคหอบหืด,20-24,หญิง,325
พังงา,โรคหอบหืด,25-29,ชาย,334
พังงา,โรคหอบหืด,25-29,หญิง,453
พังงา,โรคหอบหืด,30-34,ชาย,310
พังงา,โรคหอบหืด,30-34,หญิง,558
พังงา,โรคหอบหืด,35-39,ชาย,452
พังงา,โรคหอบหืด,35-39,หญิง,720
พังงา,โรคหอบหืด,40-44,ชาย,489
พังงา,โรคหอบหืด,40-44,หญิง,1115
พังงา,โรคหอบหืด,45-49,ชาย,472
พังงา,โรคหอบหืด,45-49,หญิง,1539
พังงา,โรคหอบหืด,5-9,ชาย,2642
พังงา,โรคหอบหืด,5-9,หญิง,1493
พังงา,โรคหอบหืด,50-54,ชาย,616
พังงา,โรคหอบหืด,50-54,หญิง,1761
พังงา,โรคหอบหืด,55-59,ชาย,599
พังงา,โรคหอบหืด,55-59,หญิง,1949
พังงา,โรคหอบหืด,60-64,ชาย,628
พังงา,โรคหอบหืด,60-64,หญิง,1896
พังงา,โรคหอบหืด,65-69,ชาย,587
พังงา,โรคหอบหืด,65-69,หญิง,1737
พังงา,โรคหอบหืด,70-74,ชาย,358
พังงา,โรคหอบหืด,70-74,หญิง,1454
พังงา,โรคหอบหืด,75-79,ชาย,198
พังงา,โรคหอบหืด,75-79,หญิง,921
พังงา,โรคหอบหืด,80+,ชาย,301
พังงา,โรคหอบหืด,80+,หญิง,1154
พังงา,โรคหอบหืด,ไม่ทราบ,ไม่ระบุ,4
พังงา,โรคเยื่อจมูกอักเสบจากภูมิแพ้,0-4,ชาย,406
พังงา,โรคเยื่อจมูกอักเสบจากภูมิแพ้,0-4,หญิง,343
พังงา,โรคเยื่อจมูกอักเสบจากภูมิแพ้,10-14,ชาย,622
พังงา,โรคเยื่อจมูกอักเสบจากภูมิแพ้,10-14,หญิง,392
พังงา,โรคเยื่อจมูกอักเสบจากภูมิแพ้,15-19,ชาย,202
พังงา,โรคเยื่อจมูกอักเสบจากภูมิแพ้,15-19,หญิง,294
พังงา,โรคเยื่อจมูกอักเสบจากภูมิแพ้,20-24,ชาย,134
พังงา,โรคเยื่อจมูกอักเสบจากภูมิแพ้,20-24,หญิง,244
พังงา,โรคเยื่อจมูกอักเสบจากภูมิแพ้,25-29,ชาย,180
พังงา,โรคเยื่อจมูกอักเสบจากภูมิแพ้,25-29,หญิง,452
พังงา,โรคเยื่อจมูกอักเสบจากภูมิแพ้,30-34,ชาย,161
พังงา,โรคเยื่อจมูกอักเสบจากภูมิแพ้,30-34,หญิง,563
พังงา,โรคเยื่อจมูกอักเสบจากภูมิแพ้,35-39,ชาย,243
พังงา,โรคเยื่อจมูกอักเสบจากภูมิแพ้,35-39,หญิง,482
พังงา,โรคเยื่อจมูกอักเสบจากภูมิแพ้,40-44,ชาย,216
พังงา,โรคเยื่อจมูกอักเสบจากภูมิแพ้,40-44,หญิง,582
พังงา,โรคเยื่อจมูกอักเสบจากภูมิแพ้,45-49,ชาย,193
พังงา,โรคเยื่อจมูกอักเสบจากภูมิแพ้,45-49,หญิง,641
พังงา,โรคเยื่อจมูกอักเสบจากภูมิแพ้,5-9,ชาย,856
พังงา,โรคเยื่อจมูกอักเสบจากภูมิแพ้,5-9,หญิง,669
พังงา,โรคเยื่อจมูกอักเสบจากภูมิแพ้,5-9,ไม่ระบุ,1
พังงา,โรคเยื่อจมูกอักเสบจากภูมิแพ้,50-54,ชาย,213
พังงา,โรคเยื่อจมูกอักเสบจากภูมิแพ้,50-54,หญิง,636
พังงา,โรคเยื่อจมูกอักเสบจากภูมิแพ้,55-59,ชาย,271
พังงา,โรคเยื่อจมูกอักเสบจากภูมิแพ้,55-59,หญิง,645
พังงา,โรคเยื่อจมูกอักเสบจากภูมิแพ้,60-64,ชาย,282
พังงา,โรคเยื่อจมูกอักเสบจากภูมิแพ้,60-64,หญิง,585
พังงา,โรคเยื่อจมูกอักเสบจากภูมิแพ้,65-69,ชาย,378
พังงา,โรคเยื่อจมูกอักเสบจากภูมิแพ้,65-69,หญิง,535
พังงา,โรคเยื่อจมูกอักเสบจากภูมิแพ้,70-74,ชาย,287
พังงา,โรคเยื่อจมูกอักเสบจากภูมิแพ้,70-74,หญิง,350
พังงา,โรคเยื่อจมูกอักเสบจากภูมิแพ้,75-79,ชาย,208
พังงา,โรคเยื่อจมูกอักเสบจากภูมิแพ้,75-79,หญิง,203
พังงา,โรคเยื่อจมูกอักเสบจากภูมิแพ้,80+,ชาย,230
พังงา,โรคเยื่อจมูกอักเสบจากภูมิแพ้,80+,หญิง,219
พังงา,โรคเยื่อจมูกอักเสบจากภูมิแพ้,ไม่ทราบ,ไม่ระบุ,3
พังงา,โรคเยื่อบุตาอักเสบ,0-4,ชาย,351
พังงา,โรคเยื่อบุตาอักเสบ,0-4,หญิง,340
พังงา,โรคเยื่อบุตาอักเสบ,0-4,ไม่ระบุ,3
พังงา,โรคเยื่อบุตาอักเสบ,10-14,ชาย,628
พังงา,โรคเยื่อบุตาอักเสบ,10-14,หญิง,383
พังงา,โรคเยื่อบุตาอักเสบ,10-14,ไม่ระบุ,2
พังงา,โรคเยื่อบุตาอักเสบ,15-19,ชาย,346
พังงา,โรคเยื่อบุตาอักเสบ,15-19,หญิง,401
พังงา,โรคเยื่อบุตาอักเสบ,20-24,ชาย,333
พังงา,โรคเยื่อบุตาอักเสบ,20-24,หญิง,342
พังงา,โรคเยื่อบุตาอักเสบ,25-29,ชาย,415
พังงา,โรคเยื่อบุตาอักเสบ,25-29,หญิง,476
พังงา,โรคเยื่อบุตาอักเสบ,30-34,ชาย,465
พังงา,โรคเยื่อบุตาอักเสบ,30-34,หญิง,505
พังงา,โรคเยื่อบุตาอักเสบ,35-39,ชาย,499
พังงา,โรคเยื่อบุตาอักเสบ,35-39,หญิง,517
พังงา,โรคเยื่อบุตาอักเสบ,40-44,ชาย,565
พังงา,โรคเยื่อบุตาอักเสบ,40-44,หญิง,564
พังงา,โรคเยื่อบุตาอักเสบ,45-49,ชาย,559
พังงา,โรคเยื่อบุตาอักเสบ,45-49,หญิง,644
พังงา,โรคเยื่อบุตาอักเสบ,5-9,ชาย,559
พังงา,โรคเยื่อบุตาอักเสบ,5-9,หญิง,373
พังงา,โรคเยื่อบุตาอักเสบ,5-9,ไม่ระบุ,1
พังงา,โรคเยื่อบุตาอักเสบ,50-54,ชาย,604
พังงา,โรคเยื่อบุตาอักเสบ,50-54,หญิง,821
พังงา,โรคเยื่อบุตาอักเสบ,55-59,ชาย,581
พังงา,โรคเยื่อบุตาอักเสบ,55-59,หญิง,903
พังงา,โรคเยื่อบุตาอักเสบ,60-64,ชาย,537
พังงา,โรคเยื่อบุตาอักเสบ,60-64,หญิง,852
พังงา,โรคเยื่อบุตาอักเสบ,65-69,ชาย,526
พังงา,โรคเยื่อบุตาอักเสบ,65-69,หญิง,808
พังงา,โรคเยื่อบุตาอักเสบ,70-74,ชาย,430
พังงา,โรคเยื่อบุตาอักเสบ,70-74,หญิง,619
พังงา,โรคเยื่อบุตาอักเสบ,75-79,ชาย,264
พังงา,โรคเยื่อบุตาอักเสบ,75-79,หญิง,364
พังงา,โรคเยื่อบุตาอักเสบ,80+,ชาย,371
พังงา,โรคเยื่อบุตาอักเสบ,80+,หญิง,517
พังงา,โรคเยื่อบุตาอักเสบ,ไม่ทราบ,ชาย,2
พังงา,โรคเยื่อบุตาอักเสบ,ไม่ทราบ,ไม่ระบุ,7
พัทลุง,โรคติดเชื้อทางเดินหายใจส่วนบนเฉียบพลัน,0-4,ชาย,48234
พัทลุง,โรคติดเชื้อทางเดินหายใจส่วนบนเฉียบพลัน,0-4,หญิง,45198
พัทลุง,โรคติดเชื้อทางเดินหายใจส่วนบนเฉียบพลัน,0-4,ไม่ระบุ,1
พัทลุง,โรคติดเชื้อทางเดินหายใจส่วนบนเฉียบพลัน,10-14,ชาย,26760
พัทลุง,โรคติดเชื้อทางเดินหายใจส่วนบนเฉียบพลัน,10-14,หญิง,24474
พัทลุง,โรคติดเชื้อทางเดินหายใจส่วนบนเฉียบพลัน,15-19,ชาย,12749
พัทลุง,โรคติดเชื้อทางเดินหายใจส่วนบนเฉียบพลัน,15-19,หญิง,15555
พัทลุง,โรคติดเชื้อทางเดินหายใจส่วนบนเฉียบพลัน,20-24,ชาย,7472
พัทลุง,โรคติดเชื้อทางเดินหายใจส่วนบนเฉียบพลัน,20-24,หญิง,11125
พัทลุง,โรคติดเชื้อทางเดินหายใจส่วนบนเฉียบพลัน,25-29,ชาย,7796
พัทลุง,โรคติดเชื้อทางเดินหายใจส่วนบนเฉียบพลัน,25-29,หญิง,15496
พัทลุง,โรคติดเชื้อทางเดินหายใจส่วนบนเฉียบพลัน,30-34,ชาย,7706
พัทลุง,โรคติดเชื้อทางเดินหายใจส่วนบนเฉียบพลัน,30-34,หญิง,16177
พัทลุง,โรคติดเชื้อทางเดินหายใจส่วนบนเฉียบพลัน,35-39,ชาย,7997
พัทลุง,โรคติดเชื้อทางเดินหายใจส่วนบนเฉียบพลัน,35-39,หญิง,16742
พัทลุง,โรคติดเชื้อทางเดินหายใจส่วนบนเฉียบพลัน,40-44,ชาย,8121
พัทลุง,โรคติดเชื้อทางเดินหายใจส่วนบนเฉียบพลัน,40-44,หญิง,17697
พัทลุง,โรคติดเชื้อทางเดินหายใจส่วนบนเฉียบพลัน,45-49,ชาย,8344
พัทลุง,โรคติดเชื้อทางเดินหายใจส่วนบนเฉียบพลัน,45-49,หญิง,20486
พัทลุง,โรคติดเชื้อทางเดินหายใจส่วนบนเฉียบพลัน,5-9,ชาย,43938
พัทลุง,โรคติดเชื้อทางเดินหายใจส่วนบนเฉียบพลัน,5-9,หญิง,41710
พัทลุง,โรคติดเชื้อทางเดินหายใจส่วนบนเฉียบพลัน,50-54,ชาย,9008
พัทลุง,โรคติดเชื้อทางเดินหายใจส่วนบนเฉียบพลัน,50-54,หญิง,21957
พัทลุง,โรคติดเชื้อทางเดินหายใจส่วนบนเฉียบพลัน,55-59,ชาย,9199
พัทลุง,โรคติดเชื้อทางเดินหายใจส่วนบนเฉียบพลัน,55-59,หญิง,20475
พัทลุง,โรคติดเชื้อทางเดินหายใจส่วนบนเฉียบพลัน,60-64,ชาย,8923
พัทลุง,โรคติดเชื้อทางเดินหายใจส่วนบนเฉียบพลัน,60-64,หญิง,17173
พัทลุง,โรคติดเชื้อทางเดินหายใจส่วนบนเฉียบพลัน,65-69,ชาย,7855
พัทลุง,โรคติดเชื้อทางเดินหายใจส่วนบนเฉียบพลัน,65-69,หญิง,13815
พัทลุง,โรคติดเชื้อทางเดินหายใจส่วนบนเฉียบพลัน,70-74,ชาย,6903
พัทลุง,โรคติดเชื้อทางเดินหายใจส่วนบนเฉียบพลัน,70-74,หญิง,10331
พัทลุง,โรคติดเชื้อทางเดินหายใจส่วนบนเฉียบพลัน,75-79,ชาย,5469
พัทลุง,โรคติดเชื้อทางเดินหายใจส่วนบนเฉียบพลัน,75-79,หญิง,7515
พัทลุง,โรคติดเชื้อทางเดินหายใจส่วนบนเฉียบพลัน,80+,ชาย,6039
พัทลุง,โรคติดเชื้อทางเดินหายใจส่วนบนเฉียบพลัน,80+,หญิง,8698
พัทลุง,โรคติดเชื้อทางเดินหายใจส่วนบนเฉียบพลัน,ไม่ทราบ,ชาย,64
พัทลุง,โรคติดเชื้อทางเดินหายใจส่วนบนเฉียบพลัน,ไม่ทราบ,หญิง,23
พัทลุง,โรคติดเชื้อทางเดินหายใจส่วนบนเฉียบพลัน,ไม่ทราบ,ไม่ระบุ,240
พัทลุง,โรคปอดอุดกั้นเรื้อรัง,0-4,ชาย,23
พัทลุง,โรคปอดอุดกั้นเรื้อรัง,0-4,หญิง,38
พัทลุง,โรคปอดอุดกั้นเรื้อรัง,10-14,ชาย,29
พัทลุง,โรคปอดอุดกั้นเรื้อรัง,10-14,หญิง,34
พัทลุง,โรคปอดอุดกั้นเรื้อรัง,15-19,ชาย,59
พัทลุง,โรคปอดอุดกั้นเรื้อรัง,15-19,หญิง,64
พัทลุง,โรคปอดอุดกั้นเรื้อรัง,20-24,ชาย,71
พัทลุง,โรคปอดอุดกั้นเรื้อรัง,20-24,หญิง,74
พัทลุง,โรคปอดอุดกั้นเรื้อรัง,25-29,ชาย,96
พัทลุง,โรคปอดอุดกั้นเรื้อรัง,25-29,หญิง,86
พัทลุง,โรคปอดอุดกั้นเรื้อรัง,30-34,ชาย,133
พัทลุง,โรคปอดอุดกั้นเรื้อรัง,30-34,หญิง,155
พัทลุง,โรคปอดอุดกั้นเรื้อรัง,35-39,ชาย,228
พัทลุง,โรคปอดอุดกั้นเรื้อรัง,35-39,หญิง,66
พัทลุง,โรคปอดอุดกั้นเรื้อรัง,40-44,ชาย,471
พัทลุง,โรคปอดอุดกั้นเรื้อรัง,40-44,หญิง,181
พัทลุง,โรคปอดอุดกั้นเรื้อรัง,45-49,ชาย,792
พัทลุง,โรคปอดอุดกั้นเรื้อรัง,45-49,หญิง,114
พัทลุง,โรคปอดอุดกั้นเรื้อรัง,5-9,ชาย,29
พัทลุง,โรคปอดอุดกั้นเรื้อรัง,5-9,หญิง,57
พัทลุง,โรคปอดอุดกั้นเรื้อรัง,50-54,ชาย,1543
พัทลุง,โรคปอดอุดกั้นเรื้อรัง,50-54,หญิง,171
พัทลุง,โรคปอดอุดกั้นเรื้อรัง,55-59,ชาย,2407
พัทลุง,โรคปอดอุดกั้นเรื้อรัง,55-59,หญิง,242
พัทลุง,โรคปอดอุดกั้นเรื้อรัง,60-64,ชาย,4130
พัทลุง,โรคปอดอุดกั้นเรื้อรัง,60-64,หญิง,299
พัทลุง,โรคปอดอุดกั้นเรื้อรัง,65-69,ชาย,4463
พัทลุง,โรคปอดอุดกั้นเรื้อรัง,65-69,หญิง,429
พัทลุง,โรคปอดอุดกั้นเรื้อรัง,70-74,ชาย,5073
พัทลุง,โรคปอดอุดกั้นเรื้อรัง,70-74,หญิง,539
พัทลุง,โรคปอดอุดกั้นเรื้อรัง,75-79,ชาย,4741
พัทลุง,โรคปอดอุดกั้นเรื้อรัง,75-79,หญิง,613
พัทลุง,โรคปอดอุดกั้นเรื้อรัง,80+,ชาย,6397
พัทลุง,โรคปอดอุดกั้นเรื้อรัง,80+,หญิง,1157
พัทลุง,โรคปอดอุดกั้นเรื้อรัง,ไม่ทราบ,หญิง,3
พัทลุง,โรคปอดอุดกั้นเรื้อรัง,ไม่ทราบ,ไม่ระบุ,15
พัทลุง,โรคผิวหนังอักเสบ,0-4,ชาย,1247
พัทลุง,โรคผิวหนังอักเสบ,0-4,หญิง,1146
พัทลุง,โรคผิวหนังอักเสบ,10-14,ชาย,1090
พัทลุง,โรคผิวหนังอักเสบ,10-14,หญิง,885
พัทลุง,โรคผิวหนังอักเสบ,15-19,ชาย,566
พัทลุง,โรคผิวหนังอักเสบ,15-19,หญิง,821
พัทลุง,โรคผิวหนังอักเสบ,20-24,ชาย,356
พัทลุง,โรคผิวหนังอักเสบ,20-24,หญิง,529
พัทลุง,โรคผิวหนังอักเสบ,25-29,ชาย,407
พัทลุง,โรคผิวหนังอักเสบ,25-29,หญิง,659
พัทลุง,โรคผิวหนังอักเสบ,30-34,ชาย,411
พัทลุง,โรคผิวหนังอักเสบ,30-34,หญิง,715
พัทลุง,โรคผิวหนังอักเสบ,35-39,ชาย,396
พัทลุง,โรคผิวหนังอักเสบ,35-39,หญิง,820
พัทลุง,โรคผิวหนังอักเสบ,40-44,ชาย,485
พัทลุง,โรคผิวหนังอักเสบ,40-44,หญิง,984
พัทลุง,โรคผิวหนังอักเสบ,45-49,ชาย,609
พัทลุง,โรคผิวหนังอักเสบ,45-49,หญิง,1306
พัทลุง,โรคผิวหนังอักเสบ,5-9,ชาย,1499
พัทลุง,โรคผิวหนังอักเสบ,5-9,หญิง,1141
พัทลุง,โรคผิวหนังอักเสบ,50-54,ชาย,696
พัทลุง,โรคผิวหนังอักเสบ,50-54,หญิง,1491
พัทลุง,โรคผิวหนังอักเสบ,55-59,ชาย,719
พัทลุง,โรคผิวหนังอักเสบ,55-59,หญิง,1519
พัทลุง,โรคผิวหนังอักเสบ,60-64,ชาย,880
พัทลุง,โรคผิวหนังอักเสบ,60-64,หญิง,1150
พัทลุง,โรคผิวหนังอักเสบ,65-69,ชาย,811
พัทลุง,โรคผิวหนังอักเสบ,65-69,หญิง,1041
พัทลุง,โรคผิวหนังอักเสบ,70-74,ชาย,698
พัทลุง,โรคผิวหนังอักเสบ,70-74,หญิง,785
พัทลุง,โรคผิวหนังอักเสบ,75-79,ชาย,537
พัทลุง,โรคผิวหนังอักเสบ,75-79,หญิง,567
พัทลุง,โรคผิวหนังอักเสบ,80+,ชาย,579
พัทลุง,โรคผิวหนังอักเสบ,80+,หญิง,756
พัทลุง,โรคผิวหนังอักเสบ,ไม่ทราบ,หญิง,2
พัทลุง,โรคผิวหนังอักเสบ,ไม่ทราบ,ไม่ระบุ,22
พัทลุง,โรคลมพิษ,0-4,ชาย,1068
พัทลุง,โรคลมพิษ,0-4,หญิง,892
พัทลุง,โรคลมพิษ,10-14,ชาย,878
พัทลุง,โรคลมพิษ,10-14,หญิง,839
พัทลุง,โรคลมพิษ,15-19,ชาย,601
พัทลุง,โรคลมพิษ,15-19,หญิง,920
พัทลุง,โรคลมพิษ,20-24,ชาย,322
พัทลุง,โรคลมพิษ,20-24,หญิง,648
พัทลุง,โรคลมพิษ,25-29,ชาย,283
พัทลุง,โรคลมพิษ,25-29,หญิง,823
พัทลุง,โรคลมพิษ,30-34,ชาย,301
พัทลุง,โรคลมพิษ,30-34,หญิง,783
พัทลุง,โรคลมพิษ,35-39,ชาย,233
พัทลุง,โรคลมพิษ,35-39,หญิง,792
พัทลุง,โรคลมพิษ,40-44,ชาย,257
พัทลุง,โรคลมพิษ,40-44,หญิง,818
พัทลุง,โรคลมพิษ,45-49,ชาย,312
พัทลุง,โรคลมพิษ,45-49,หญิง,954
พัทลุง,โรคลมพิษ,5-9,ชาย,1140
พัทลุง,โรคลมพิษ,5-9,หญิง,898
พัทลุง,โรคลมพิษ,50-54,ชาย,277
พัทลุง,โรคลมพิษ,50-54,หญิง,845
พัทลุง,โรคลมพิษ,55-59,ชาย,301
พัทลุง,โรคลมพิษ,55-59,หญิง,701
พัทลุง,โรคลมพิษ,60-64,ชาย,247
พัทลุง,โรคลมพิษ,60-64,หญิง,627
พัทลุง,โรคลมพิษ,65-69,ชาย,214
พัทลุง,โรคลมพิษ,65-69,หญิง,394
พัทลุง,โรคลมพิษ,70-74,ชาย,149
พัทลุง,โรคลมพิษ,70-74,หญิง,300
พัทลุง,โรคลมพิษ,75-79,ชาย,105
พัทลุง,โรคลมพิษ,75-79,หญิง,221
พัทลุง,โรคลมพิษ,80+,ชาย,86
พัทลุง,โรคลมพิษ,80+,หญิง,225
พัทลุง,โรคลมพิษ,ไม่ทราบ,หญิง,1
พัทลุง,โรคลมพิษ,ไม่ทราบ,ไม่ระบุ,5
พัทลุง,โรคหอบหืด,0-4,ชาย,7079
พัทลุง,โรคหอบหืด,0-4,หญิง,4333
พัทลุง,โรคหอบหืด,10-14,ชาย,3197
พัทลุง,โรคหอบหืด,10-14,หญิง,1843
พัทลุง,โรคหอบหืด,15-19,ชาย,867
พัทลุง,โรคหอบหืด,15-19,หญิง,725
พัทลุง,โรคหอบหืด,20-24,ชาย,570
พัทลุง,โรคหอบหืด,20-24,หญิง,555
พัทลุง,โรคหอบหืด,25-29,ชาย,502
พัทลุง,โรคหอบหืด,25-29,หญิง,917
พัทลุง,โรคหอบหืด,30-34,ชาย,602
พัทลุง,โรคหอบหืด,30-34,หญิง,1286
พัทลุง,โรคหอบหืด,35-39,ชาย,758
พัทลุง,โรคหอบหืด,35-39,หญิง,1662
พัทลุง,โรคหอบหืด,40-44,ชาย,956
พัทลุง,โรคหอบหืด,40-44,หญิง,2419
พัทลุง,โรคหอบหืด,45-49,ชาย,1437
พัทลุง,โรคหอบหืด,45-49,หญิง,3277
พัทลุง,โรคหอบหืด,5-9,ชาย,7172
พัทลุง,โรคหอบหืด,5-9,หญิง,4441
พัทลุง,โรคหอบหืด,50-54,ชาย,1845
พัทลุง,โรคหอบหืด,50-54,หญิง,4238
พัทลุง,โรคหอบหืด,55-59,ชาย,1973
พัทลุง,โรคหอบหืด,55-59,หญิง,4274
พัทลุง,โรคหอบหืด,60-64,ชาย,2046
พัทลุง,โรคหอบหืด,60-64,หญิง,4628
พัทลุง,โรคหอบหืด,65-69,ชาย,1554
พัทลุง,โรคหอบหืด,65-69,หญิง,4262
พัทลุง,โรคหอบหืด,70-74,ชาย,1287
พัทลุง,โรคหอบหืด,70-74,หญิง,3707
พัทลุง,โรคหอบหืด,75-79,ชาย,918
พัทลุง,โรคหอบหืด,75-79,หญิง,2639
พัทลุง,โรคหอบหืด,80+,ชาย,1024
พัทลุง,โรคหอบหืด,80+,หญิง,3111
พัทลุง,โรคหอบหืด,ไม่ทราบ,ชาย,14
พัทลุง,โรคหอบหืด,ไม่ทราบ,หญิง,3
พัทลุง,โรคหอบหืด,ไม่ทราบ,ไม่ระบุ,28
พัทลุง,โรคเยื่อจมูกอักเสบจากภูมิแพ้,0-4,ชาย,1946
พัทลุง,โรคเยื่อจมูกอักเสบจากภูมิแพ้,0-4,หญิง,1450
พัทลุง,โรคเยื่อจมูกอักเสบจากภูมิแพ้,10-14,ชาย,2077
พัทลุง,โรคเยื่อจมูกอักเสบจากภูมิแพ้,10-14,หญิง,1334
พัทลุง,โรคเยื่อจมูกอักเสบจากภูมิแพ้,15-19,ชาย,364
พัทลุง,โรคเยื่อจมูกอักเสบจากภูมิแพ้,15-19,หญิง,510
พัทลุง,โรคเยื่อจมูกอักเสบจากภูมิแพ้,20-24,ชาย,197
พัทลุง,โรคเยื่อจมูกอักเสบจากภูมิแพ้,20-24,หญิง,366
พัทลุง,โรคเยื่อจมูกอักเสบจากภูมิแพ้,25-29,ชาย,272
พัทลุง,โรคเยื่อจมูกอักเสบจากภูมิแพ้,25-29,หญิง,592
พัทลุง,โรคเยื่อจมูกอักเสบจากภูมิแพ้,30-34,ชาย,267
พัทลุง,โรคเยื่อจมูกอักเสบจากภูมิแพ้,30-34,หญิง,713
พัทลุง,โรคเยื่อจมูกอักเสบจากภูมิแพ้,35-39,ชาย,263
พัทลุง,โรคเยื่อจมูกอักเสบจากภูมิแพ้,35-39,หญิง,870
พัทลุง,โรคเยื่อจมูกอักเสบจากภูมิแพ้,40-44,ชาย,343
พัทลุง,โรคเยื่อจมูกอักเสบจากภูมิแพ้,40-44,หญิง,979
พัทลุง,โรคเยื่อจมูกอักเสบจากภูมิแพ้,45-49,ชาย,339
พัทลุง,โรคเยื่อจมูกอักเสบจากภูมิแพ้,45-49,หญิง,1231
พัทลุง,โรคเยื่อจมูกอักเสบจากภูมิแพ้,5-9,ชาย,3833
พัทลุง,โรคเยื่อจมูกอักเสบจากภูมิแพ้,5-9,หญิง,2695
พัทลุง,โรคเยื่อจมูกอักเสบจากภูมิแพ้,50-54,ชาย,491
พัทลุง,โรคเยื่อจมูกอักเสบจากภูมิแพ้,50-54,หญิง,1168
พัทลุง,โรคเยื่อจมูกอักเสบจากภูมิแพ้,55-59,ชาย,486
พัทลุง,โรคเยื่อจมูกอักเสบจากภูมิแพ้,55-59,หญิง,1041
พัทลุง,โรคเยื่อจมูกอักเสบจากภูมิแพ้,60-64,ชาย,513
พัทลุง,โรคเยื่อจมูกอักเสบจากภูมิแพ้,60-64,หญิง,923
พัทลุง,โรคเยื่อจมูกอักเสบจากภูมิแพ้,65-69,ชาย,444
พัทลุง,โรคเยื่อจมูกอักเสบจากภูมิแพ้,65-69,หญิง,610
พัทลุง,โรคเยื่อจมูกอักเสบจากภูมิแพ้,70-74,ชาย,378
พัทลุง,โรคเยื่อจมูกอักเสบจากภูมิแพ้,70-74,หญิง,502
พัทลุง,โรคเยื่อจมูกอักเสบจากภูมิแพ้,75-79,ชาย,280
พัทลุง,โรคเยื่อจมูกอักเสบจากภูมิแพ้,75-79,หญิง,394
พัทลุง,โรคเยื่อจมูกอักเสบจากภูมิแพ้,80+,ชาย,207
พัทลุง,โรคเยื่อจมูกอักเสบจากภูมิแพ้,80+,หญิง,273
พัทลุง,โรคเยื่อจมูกอักเสบจากภูมิแพ้,ไม่ทราบ,ไม่ระบุ,2
พัทลุง,โรคเยื่อบุตาอักเสบ,0-4,ชาย,835
พัทลุง,โรคเยื่อบุตาอักเสบ,0-4,หญิง,773
พัทลุง,โรคเยื่อบุตาอักเสบ,10-14,ชาย,1299
พัทลุง,โรคเยื่อบุตาอักเสบ,10-14,หญิง,992
พัทลุง,โรคเยื่อบุตาอักเสบ,15-19,ชาย,788
พัทลุง,โรคเยื่อบุตาอักเสบ,15-19,หญิง,916
พัทลุง,โรคเยื่อบุตาอักเสบ,20-24,ชาย,570
พัทลุง,โรคเยื่อบุตาอักเสบ,20-24,หญิง,563
พัทลุง,โรคเยื่อบุตาอักเสบ,25-29,ชาย,629
พัทลุง,โรคเยื่อบุตาอักเสบ,25-29,หญิง,876
พัทลุง,โรคเยื่อบุตาอักเสบ,30-34,ชาย,719
พัทลุง,โรคเยื่อบุตาอักเสบ,30-34,หญิง,927
พัทลุง,โรคเยื่อบุตาอักเสบ,35-39,ชาย,746
พัทลุง,โรคเยื่อบุตาอักเสบ,35-39,หญิง,997
พัทลุง,โรคเยื่อบุตาอักเสบ,40-44,ชาย,886
พัทลุง,โรคเยื่อบุตาอักเสบ,40-44,หญิง,1250
พัทลุง,โรคเยื่อบุตาอักเสบ,45-49,ชาย,1013
พัทลุง,โรคเยื่อบุตาอักเสบ,45-49,หญิง,1455
พัทลุง,โรคเยื่อบุตาอักเสบ,5-9,ชาย,1402
พัทลุง,โรคเยื่อบุตาอักเสบ,5-9,หญิง,1112
พัทลุง,โรคเยื่อบุตาอักเสบ,50-54,ชาย,997
พัทลุง,โรคเยื่อบุตาอักเสบ,50-54,หญิง,1783
พัทลุง,โรคเยื่อบุตาอักเสบ,55-59,ชาย,984
พัทลุง,โรคเยื่อบุตาอักเสบ,55-59,หญิง,1830
พัทลุง,โรคเยื่อบุตาอักเสบ,60-64,ชาย,942
พัทลุง,โรคเยื่อบุตาอักเสบ,60-64,หญิง,1640
พัทลุง,โรคเยื่อบุตาอักเสบ,65-69,ชาย,790
พัทลุง,โรคเยื่อบุตาอักเสบ,65-69,หญิง,1249
พัทลุง,โรคเยื่อบุตาอักเสบ,70-74,ชาย,758
พัทลุง,โรคเยื่อบุตาอักเสบ,70-74,หญิง,1012
พัทลุง,โรคเยื่อบุตาอักเสบ,75-79,ชาย,579
พัทลุง,โรคเยื่อบุตาอักเสบ,75-79,หญิง,792
พัทลุง,โรคเยื่อบุตาอักเสบ,80+,ชาย,666
พัทลุง,โรคเยื่อบุตาอักเสบ,80+,หญิง,1060
พัทลุง,โรคเยื่อบุตาอักเสบ,ไม่ทราบ,ชาย,1
พัทลุง,โรคเยื่อบุตาอักเสบ,ไม่ทราบ,ไม่ระบุ,9
พิจิตร,โรคติดเชื้อทางเดินหายใจส่วนบนเฉียบพลัน,0-4,ชาย,40967
พิจิตร,โรคติดเชื้อทางเดินหายใจส่วนบนเฉียบพลัน,0-4,หญิง,35924
พิจิตร,โรคติดเชื้อทางเดินหายใจส่วนบนเฉียบพลัน,0-4,ไม่ระบุ,4
พิจิตร,โรคติดเชื้อทางเดินหายใจส่วนบนเฉียบพลัน,10-14,ชาย,19835
พิจิตร,โรคติดเชื้อทางเดินหายใจส่วนบนเฉียบพลัน,10-14,หญิง,17479
พิจิตร,โรคติดเชื้อทางเดินหายใจส่วนบนเฉียบพลัน,15-19,ชาย,9454
พิจิตร,โรคติดเชื้อทางเดินหายใจส่วนบนเฉียบพลัน,15-19,หญิง,12294
พิจิตร,โรคติดเชื้อทางเดินหายใจส่วนบนเฉียบพลัน,20-24,ชาย,5778
พิจิตร,โรคติดเชื้อทางเดินหายใจส่วนบนเฉียบพลัน,20-24,หญิง,9240
พิจิตร,โรคติดเชื้อทางเดินหายใจส่วนบนเฉียบพลัน,25-29,ชาย,6269
พิจิตร,โรคติดเชื้อทางเดินหายใจส่วนบนเฉียบพลัน,25-29,หญิง,11618
พิจิตร,โรคติดเชื้อทางเดินหายใจส่วนบนเฉียบพลัน,30-34,ชาย,5705
พิจิตร,โรคติดเชื้อทางเดินหายใจส่วนบนเฉียบพลัน,30-34,หญิง,11191
พิจิตร,โรคติดเชื้อทางเดินหายใจส่วนบนเฉียบพลัน,35-39,ชาย,5152
พิจิตร,โรคติดเชื้อทางเดินหายใจส่วนบนเฉียบพลัน,35-39,หญิง,10398
พิจิตร,โรคติดเชื้อทางเดินหายใจส่วนบนเฉียบพลัน,40-44,ชาย,5921
พิจิตร,โรคติดเชื้อทางเดินหายใจส่วนบนเฉียบพลัน,40-44,หญิง,12119
พิจิตร,โรคติดเชื้อทางเดินหายใจส่วนบนเฉียบพลัน,45-49,ชาย,6065
พิจิตร,โรคติดเชื้อทางเดินหายใจส่วนบนเฉียบพลัน,45-49,หญิง,13292
พิจิตร,โรคติดเชื้อทางเดินหายใจส่วนบนเฉียบพลัน,5-9,ชาย,33069
พิจิตร,โรคติดเชื้อทางเดินหายใจส่วนบนเฉียบพลัน,5-9,หญิง,30581
พิจิตร,โรคติดเชื้อทางเดินหายใจส่วนบนเฉียบพลัน,50-54,ชาย,6771
พิจิตร,โรคติดเชื้อทางเดินหายใจส่วนบนเฉียบพลัน,50-54,หญิง,14787
พิจิตร,โรคติดเชื้อทางเดินหายใจส่วนบนเฉียบพลัน,50-54,ไม่ระบุ,2
พิจิตร,โรคติดเชื้อทางเดินหายใจส่วนบนเฉียบพลัน,55-59,ชาย,7350
พิจิตร,โรคติดเชื้อทางเดินหายใจส่วนบนเฉียบพลัน,55-59,หญิง,16825
พิจิตร,โรคติดเชื้อทางเดินหายใจส่วนบนเฉียบพลัน,60-64,ชาย,8572
พิจิตร,โรคติดเชื้อทางเดินหายใจส่วนบนเฉียบพลัน,60-64,หญิง,15457
พิจิตร,โรคติดเชื้อทางเดินหายใจส่วนบนเฉียบพลัน,65-69,ชาย,8102
พิจิตร,โรคติดเชื้อทางเดินหายใจส่วนบนเฉียบพลัน,65-69,หญิง,13182
พิจิตร,โรคติดเชื้อทางเดินหายใจส่วนบนเฉียบพลัน,70-74,ชาย,7117
พิจิตร,โรคติดเชื้อทางเดินหายใจส่วนบนเฉียบพลัน,70-74,หญิง,9801
พิจิตร,โรคติดเชื้อทางเดินหายใจส่วนบนเฉียบพลัน,75-79,ชาย,4603
พิจิตร,โรคติดเชื้อทางเดินหายใจส่วนบนเฉียบพลัน,75-79,หญิง,5071
พิจิตร,โรคติดเชื้อทางเดินหายใจส่วนบนเฉียบพลัน,80+,ชาย,4565
พิจิตร,โรคติดเชื้อทางเดินหายใจส่วนบนเฉียบพลัน,80+,หญิง,6136
พิจิตร,โรคติดเชื้อทางเดินหายใจส่วนบนเฉียบพลัน,ไม่ทราบ,ชาย,87
พิจิตร,โรคติดเชื้อทางเดินหายใจส่วนบนเฉียบพลัน,ไม่ทราบ,หญิง,60
พิจิตร,โรคติดเชื้อทางเดินหายใจส่วนบนเฉียบพลัน,ไม่ทราบ,ไม่ระบุ,1356
พิจิตร,โรคปอดอุดกั้นเรื้อรัง,0-4,ชาย,94
พิจิตร,โรคปอดอุดกั้นเรื้อรัง,0-4,หญิง,39
พิจิตร,โรคปอดอุดกั้นเรื้อรัง,10-14,ชาย,15
พิจิตร,โรคปอดอุดกั้นเรื้อรัง,10-14,หญิง,6
พิจิตร,โรคปอดอุดกั้นเรื้อรัง,15-19,ชาย,11
พิจิตร,โรคปอดอุดกั้นเรื้อรัง,15-19,หญิง,2
พิจิตร,โรคปอดอุดกั้นเรื้อรัง,20-24,ชาย,8
พิจิตร,โรคปอดอุดกั้นเรื้อรัง,20-24,หญิง,1
พิจิตร,โรคปอดอุดกั้นเรื้อรัง,25-29,ชาย,19
พิจิตร,โรคปอดอุดกั้นเรื้อรัง,25-29,หญิง,14
พิจิตร,โรคปอดอุดกั้นเรื้อรัง,30-34,ชาย,62
พิจิตร,โรคปอดอุดกั้นเรื้อรัง,30-34,หญิง,23
พิจิตร,โรคปอดอุดกั้นเรื้อรัง,35-39,ชาย,95
พิจิตร,โรคปอดอุดกั้นเรื้อรัง,35-39,หญิง,23
พิจิตร,โรคปอดอุดกั้นเรื้อรัง,40-44,ชาย,337
พิจิตร,โรคปอดอุดกั้นเรื้อรัง,40-44,หญิง,37
พิจิตร,โรคปอดอุดกั้นเรื้อรัง,45-49,ชาย,747
พิจิตร,โรคปอดอุดกั้นเรื้อรัง,45-49,หญิง,195
พิจิตร,โรคปอดอุดกั้นเรื้อรัง,5-9,ชาย,28
พิจิตร,โรคปอดอุดกั้นเรื้อรัง,5-9,หญิง,13
พิจิตร,โรคปอดอุดกั้นเรื้อรัง,50-54,ชาย,1188
พิจิตร,โรคปอดอุดกั้นเรื้อรัง,50-54,หญิง,310
พิจิตร,โรคปอดอุดกั้นเรื้อรัง,55-59,ชาย,2190
พิจิตร,โรคปอดอุดกั้นเรื้อรัง,55-59,หญิง,469
พิจิตร,โรคปอดอุดกั้นเรื้อรัง,60-64,ชาย,3375
พิจิตร,โรคปอดอุดกั้นเรื้อรัง,60-64,หญิง,974
พิจิตร,โรคปอดอุดกั้นเรื้อรัง,65-69,ชาย,4421
พิจิตร,โรคปอดอุดกั้นเรื้อรัง,65-69,หญิง,1108
พิจิตร,โรคปอดอุดกั้นเรื้อรัง,70-74,ชาย,4811
พิจิตร,โรคปอดอุดกั้นเรื้อรัง,70-74,หญิง,1222
พิจิตร,โรคปอดอุดกั้นเรื้อรัง,75-79,ชาย,3880
พิจิตร,โรคปอดอุดกั้นเรื้อรัง,75-79,หญิง,1142
พิจิตร,โรคปอดอุดกั้นเรื้อรัง,80+,ชาย,5507
พิจิตร,โรคปอดอุดกั้นเรื้อรัง,80+,หญิง,1712
พิจิตร,โรคปอดอุดกั้นเรื้อรัง,ไม่ทราบ,หญิง,2
พิจิตร,โรคปอดอุดกั้นเรื้อรัง,ไม่ทราบ,ไม่ระบุ,32
พิจิตร,โรคผิวหนังอักเสบ,0-4,ชาย,720
พิจิตร,โรคผิวหนังอักเสบ,0-4,หญิง,676
พิจิตร,โรคผิวหนังอักเสบ,10-14,ชาย,580
พิจิตร,โรคผิวหนังอักเสบ,10-14,หญิง,489
พิจิตร,โรคผิวหนังอักเสบ,15-19,ชาย,328
พิจิตร,โรคผิวหนังอักเสบ,15-19,หญิง,499
พิจิตร,โรคผิวหนังอักเสบ,20-24,ชาย,226
พิจิตร,โรคผิวหนังอักเสบ,20-24,หญิง,387
พิจิตร,โรคผิวหนังอักเสบ,25-29,ชาย,275
พิจิตร,โรคผิวหนังอักเสบ,25-29,หญิง,464
พิจิตร,โรคผิวหนังอักเสบ,30-34,ชาย,295
พิจิตร,โรคผิวหนังอักเสบ,30-34,หญิง,518
พิจิตร,โรคผิวหนังอักเสบ,35-39,ชาย,268
พิจิตร,โรคผิวหนังอักเสบ,35-39,หญิง,507
พิจิตร,โรคผิวหนังอักเสบ,40-44,ชาย,384
พิจิตร,โรคผิวหนังอักเสบ,40-44,หญิง,653
พิจิตร,โรคผิวหนังอักเสบ,45-49,ชาย,441
พิจิตร,โรคผิวหนังอักเสบ,45-49,หญิง,785
พิจิตร,โรคผิวหนังอักเสบ,5-9,ชาย,665
พิจิตร,โรคผิวหนังอักเสบ,5-9,หญิง,577
พิจิตร,โรคผิวหนังอักเสบ,50-54,ชาย,482
พิจิตร,โรคผิวหนังอักเสบ,50-54,หญิง,1005
พิจิตร,โรคผิวหนังอักเสบ,55-59,ชาย,598
พิจิตร,โรคผิวหนังอักเสบ,55-59,หญิง,1087
พิจิตร,โรคผิวหนังอักเสบ,60-64,ชาย,655
พิจิตร,โรคผิวหนังอักเสบ,60-64,หญิง,1024
พิจิตร,โรคผิวหนังอักเสบ,65-69,ชาย,757
พิจิตร,โรคผิวหนังอักเสบ,65-69,หญิง,837
พิจิตร,โรคผิวหนังอักเสบ,70-74,ชาย,626
พิจิตร,โรคผิวหนังอักเสบ,70-74,หญิง,738
พิจิตร,โรคผิวหนังอักเสบ,75-79,ชาย,483
พิจิตร,โรคผิวหนังอักเสบ,75-79,หญิง,334
พิจิตร,โรคผิวหนังอักเสบ,80+,ชาย,428
พิจิตร,โรคผิวหนังอักเสบ,80+,หญิง,498
พิจิตร,โรคผิวหนังอักเสบ,ไม่ทราบ,ชาย,1
พิจิตร,โรคผิวหนังอักเสบ,ไม่ทราบ,ไม่ระบุ,96
พิจิตร,โรคลมพิษ,0-4,ชาย,614
พิจิตร,โรคลมพิษ,0-4,หญิง,557
พิจิตร,โรคลมพิษ,10-14,ชาย,514
พิจิตร,โรคลมพิษ,10-14,หญิง,520
พิจิตร,โรคลมพิษ,15-19,ชาย,405
พิจิตร,โรคลมพิษ,15-19,หญิง,565
พิจิตร,โรคลมพิษ,20-24,ชาย,218
พิจิตร,โรคลมพิษ,20-24,หญิง,442
พิจิตร,โรคลมพิษ,25-29,ชาย,214
พิจิตร,โรคลมพิษ,25-29,หญิง,471
พิจิตร,โรคลมพิษ,30-34,ชาย,200
พิจิตร,โรคลมพิษ,30-34,หญิง,405
พิจิตร,โรคลมพิษ,35-39,ชาย,178
พิจิตร,โรคลมพิษ,35-39,หญิง,454
พิจิตร,โรคลมพิษ,35-39,ไม่ระบุ,1
พิจิตร,โรคลมพิษ,40-44,ชาย,214
พิจิตร,โรคลมพิษ,40-44,หญิง,519
พิจิตร,โรคลมพิษ,45-49,ชาย,200
พิจิตร,โรคลมพิษ,45-49,หญิง,571
พิจิตร,โรคลมพิษ,5-9,ชาย,618
พิจิตร,โรคลมพิษ,5-9,หญิง,503
พิจิตร,โรคลมพิษ,50-54,ชาย,232
พิจิตร,โรคลมพิษ,50-54,หญิง,614
พิจิตร,โรคลมพิษ,55-59,ชาย,262
พิจิตร,โรคลมพิษ,55-59,หญิง,659
พิจิตร,โรคลมพิษ,60-64,ชาย,284
พิจิตร,โรคลมพิษ,60-64,หญิง,598
พิจิตร,โรคลมพิษ,65-69,ชาย,294
พิจิตร,โรคลมพิษ,65-69,หญิง,443
พิจิตร,โรคลมพิษ,70-74,ชาย,198
พิจิตร,โรคลมพิษ,70-74,หญิง,310
พิจิตร,โรคลมพิษ,75-79,ชาย,154
พิจิตร,โรคลมพิษ,75-79,หญิง,152
พิจิตร,โรคลมพิษ,80+,ชาย,151
พิจิตร,โรคลมพิษ,80+,หญิง,160
พิจิตร,โรคลมพิษ,ไม่ทราบ,ชาย,4
พิจิตร,โรคลมพิษ,ไม่ทราบ,หญิง,1
พิจิตร,โรคลมพิษ,ไม่ทราบ,ไม่ระบุ,18
พิจิตร,โรคหอบหืด,0-4,ชาย,824
พิจิตร,โรคหอบหืด,0-4,หญิง,458
พิจิตร,โรคหอบหืด,10-14,ชาย,1231
พิจิตร,โรคหอบหืด,10-14,หญิง,646
พิจิตร,โรคหอบหืด,15-19,ชาย,514
พิจิตร,โรคหอบหืด,15-19,หญิง,317
พิจิตร,โรคหอบหืด,20-24,ชาย,319
พิจิตร,โรคหอบหืด,20-24,หญิง,248
พิจิตร,โรคหอบหืด,25-29,ชาย,290
พิจิตร,โรคหอบหืด,25-29,หญิง,525
พิจิตร,โรคหอบหืด,30-34,ชาย,378
พิจิตร,โรคหอบหืด,30-34,หญิง,786
พิจิตร,โรคหอบหืด,35-39,ชาย,608
พิจิตร,โรคหอบหืด,35-39,หญิง,1039
พิจิตร,โรคหอบหืด,40-44,ชาย,781
พิจิตร,โรคหอบหืด,40-44,หญิง,1382
พิจิตร,โรคหอบหืด,45-49,ชาย,688
พิจิตร,โรคหอบหืด,45-49,หญิง,1779
พิจิตร,โรคหอบหืด,5-9,ชาย,2195
พิจิตร,โรคหอบหืด,5-9,หญิง,1282
พิจิตร,โรคหอบหืด,50-54,ชาย,925
พิจิตร,โรคหอบหืด,50-54,หญิง,2263
พิจิตร,โรคหอบหืด,55-59,ชาย,958
พิจิตร,โรคหอบหืด,55-59,หญิง,2510
พิจิตร,โรคหอบหืด,60-64,ชาย,856
พิจิตร,โรคหอบหืด,60-64,หญิง,2337
พิจิตร,โรคหอบหืด,65-69,ชาย,627
พิจิตร,โรคหอบหืด,65-69,หญิง,2202
พิจิตร,โรคหอบหืด,70-74,ชาย,317
พิจิตร,โรคหอบหืด,70-74,หญิง,1615
พิจิตร,โรคหอบหืด,75-79,ชาย,254
พิจิตร,โรคหอบหืด,75-79,หญิง,756
พิจิตร,โรคหอบหืด,80+,ชาย,236
พิจิตร,โรคหอบหืด,80+,หญิง,710
พิจิตร,โรคหอบหืด,ไม่ทราบ,ชาย,1
พิจิตร,โรคหอบหืด,ไม่ทราบ,ไม่ระบุ,17
พิจิตร,โรคเยื่อจมูกอักเสบจากภูมิแพ้,0-4,ชาย,700
พิจิตร,โรคเยื่อจมูกอักเสบจากภูมิแพ้,0-4,หญิง,810
พิจิตร,โรคเยื่อจมูกอักเสบจากภูมิแพ้,10-14,ชาย,1097
พิจิตร,โรคเยื่อจมูกอักเสบจากภูมิแพ้,10-14,หญิง,663
พิจิตร,โรคเยื่อจมูกอักเสบจากภูมิแพ้,15-19,ชาย,268
พิจิตร,โรคเยื่อจมูกอักเสบจากภูมิแพ้,15-19,หญิง,372
พิจิตร,โรคเยื่อจมูกอักเสบจากภูมิแพ้,20-24,ชาย,161
พิจิตร,โรคเยื่อจมูกอักเสบจากภูมิแพ้,20-24,หญิง,303
พิจิตร,โรคเยื่อจมูกอักเสบจากภูมิแพ้,25-29,ชาย,319
พิจิตร,โรคเยื่อจมูกอักเสบจากภูมิแพ้,25-29,หญิง,544
พิจิตร,โรคเยื่อจมูกอักเสบจากภูมิแพ้,30-34,ชาย,276
พิจิตร,โรคเยื่อจมูกอักเสบจากภูมิแพ้,30-34,หญิง,661
พิจิตร,โรคเยื่อจมูกอักเสบจากภูมิแพ้,35-39,ชาย,189
พิจิตร,โรคเยื่อจมูกอักเสบจากภูมิแพ้,35-39,หญิง,684
พิจิตร,โรคเยื่อจมูกอักเสบจากภูมิแพ้,40-44,ชาย,315
พิจิตร,โรคเยื่อจมูกอักเสบจากภูมิแพ้,40-44,หญิง,717
พิจิตร,โรคเยื่อจมูกอักเสบจากภูมิแพ้,45-49,ชาย,298
พิจิตร,โรคเยื่อจมูกอักเสบจากภูมิแพ้,45-49,หญิง,729
พิจิตร,โรคเยื่อจมูกอักเสบจากภูมิแพ้,5-9,ชาย,1577
พิจิตร,โรคเยื่อจมูกอักเสบจากภูมิแพ้,5-9,หญิง,1062
พิจิตร,โรคเยื่อจมูกอักเสบจากภูมิแพ้,50-54,ชาย,313
พิจิตร,โรคเยื่อจมูกอักเสบจากภูมิแพ้,50-54,หญิง,751
พิจิตร,โรคเยื่อจมูกอักเสบจากภูมิแพ้,55-59,ชาย,491
พิจิตร,โรคเยื่อจมูกอักเสบจากภูมิแพ้,55-59,หญิง,777
พิจิตร,โรคเยื่อจมูกอักเสบจากภูมิแพ้,60-64,ชาย,363
พิจิตร,โรคเยื่อจมูกอักเสบจากภูมิแพ้,60-64,หญิง,726
พิจิตร,โรคเยื่อจมูกอักเสบจากภูมิแพ้,65-69,ชาย,321
พิจิตร,โรคเยื่อจมูกอักเสบจากภูมิแพ้,65-69,หญิง,571
พิจิตร,โรคเยื่อจมูกอักเสบจากภูมิแพ้,70-74,ชาย,305
พิจิตร,โรคเยื่อจมูกอักเสบจากภูมิแพ้,70-74,หญิง,419
พิจิตร,โรคเยื่อจมูกอักเสบจากภูมิแพ้,75-79,ชาย,235
พิจิตร,โรคเยื่อจมูกอักเสบจากภูมิแพ้,75-79,หญิง,142
พิจิตร,โรคเยื่อจมูกอักเสบจากภูมิแพ้,80+,ชาย,172
พิจิตร,โรคเยื่อจมูกอักเสบจากภูมิแพ้,80+,หญิง,214
พิจิตร,โรคเยื่อจมูกอักเสบจากภูมิแพ้,ไม่ทราบ,ชาย,2
พิจิตร,โรคเยื่อจมูกอักเสบจากภูมิแพ้,ไม่ทราบ,หญิง,1
พิจิตร,โรคเยื่อจมูกอักเสบจากภูมิแพ้,ไม่ทราบ,ไม่ระบุ,42
พิจิตร,โรคเยื่อบุตาอักเสบ,0-4,ชาย,757
พิจิตร,โรคเยื่อบุตาอักเสบ,0-4,หญิง,594
พิจิตร,โรคเยื่อบุตาอักเสบ,10-14,ชาย,975
พิจิตร,โรคเยื่อบุตาอักเสบ,10-14,หญิง,811
พิจิตร,โรคเยื่อบุตาอักเสบ,15-19,ชาย,745
พิจิตร,โรคเยื่อบุตาอักเสบ,15-19,หญิง,910
พิจิตร,โรคเยื่อบุตาอักเสบ,20-24,ชาย,565
พิจิตร,โรคเยื่อบุตาอักเสบ,20-24,หญิง,688
พิจิตร,โรคเยื่อบุตาอักเสบ,25-29,ชาย,706
พิจิตร,โรคเยื่อบุตาอักเสบ,25-29,หญิง,854
พิจิตร,โรคเยื่อบุตาอักเสบ,30-34,ชาย,686
พิจิตร,โรคเยื่อบุตาอักเสบ,30-34,หญิง,849
พิจิตร,โรคเยื่อบุตาอักเสบ,35-39,ชาย,751
พิจิตร,โรคเยื่อบุตาอักเสบ,35-39,หญิง,869
พิจิตร,โรคเยื่อบุตาอักเสบ,40-44,ชาย,879
พิจิตร,โรคเยื่อบุตาอักเสบ,40-44,หญิง,1151
พิจิตร,โรคเยื่อบุตาอักเสบ,45-49,ชาย,933
พิจิตร,โรคเยื่อบุตาอักเสบ,45-49,หญิง,1305
พิจิตร,โรคเยื่อบุตาอักเสบ,5-9,ชาย,913
พิจิตร,โรคเยื่อบุตาอักเสบ,5-9,หญิง,751
พิจิตร,โรคเยื่อบุตาอักเสบ,50-54,ชาย,1015
พิจิตร,โรคเยื่อบุตาอักเสบ,50-54,หญิง,1776
พิจิตร,โรคเยื่อบุตาอักเสบ,55-59,ชาย,1057
พิจิตร,โรคเยื่อบุตาอักเสบ,55-59,หญิง,2056
พิจิตร,โรคเยื่อบุตาอักเสบ,60-64,ชาย,1294
พิจิตร,โรคเยื่อบุตาอักเสบ,60-64,หญิง,2247
พิจิตร,โรคเยื่อบุตาอักเสบ,65-69,ชาย,1323
พิจิตร,โรคเยื่อบุตาอักเสบ,65-69,หญิง,1766
พิจิตร,โรคเยื่อบุตาอักเสบ,70-74,ชาย,1014
พิจิตร,โรคเยื่อบุตาอักเสบ,70-74,หญิง,1385
พิจิตร,โรคเยื่อบุตาอักเสบ,75-79,ชาย,661
พิจิตร,โรคเยื่อบุตาอักเสบ,75-79,หญิง,746
พิจิตร,โรคเยื่อบุตาอักเสบ,80+,ชาย,548
พิจิตร,โรคเยื่อบุตาอักเสบ,80+,หญิง,953
พิจิตร,โรคเยื่อบุตาอักเสบ,ไม่ทราบ,ชาย,9
พิจิตร,โรคเยื่อบุตาอักเสบ,ไม่ทราบ,หญิง,11
พิจิตร,โรคเยื่อบุตาอักเสบ,ไม่ทราบ,ไม่ระบุ,113
พิษณุโลก,โรคติดเชื้อทางเดินหายใจส่วนบนเฉียบพลัน,0-4,ชาย,61171
พิษณุโลก,โรคติดเชื้อทางเดินหายใจส่วนบนเฉียบพลัน,0-4,หญิง,53473
พิษณุโลก,โรคติดเชื้อทางเดินหายใจส่วนบนเฉียบพลัน,0-4,ไม่ระบุ,35
พิษณุโลก,โรคติดเชื้อทางเดินหายใจส่วนบนเฉียบพลัน,10-14,ชาย,28693
พิษณุโลก,โรคติดเชื้อทางเดินหายใจส่วนบนเฉียบพลัน,10-14,หญิง,24930
พิษณุโลก,โรคติดเชื้อทางเดินหายใจส่วนบนเฉียบพลัน,10-14,ไม่ระบุ,7
พิษณุโลก,โรคติดเชื้อทางเดินหายใจส่วนบนเฉียบพลัน,15-19,ชาย,15377
พิษณุโลก,โรคติดเชื้อทางเดินหายใจส่วนบนเฉียบพลัน,15-19,หญิง,18107
พิษณุโลก,โรคติดเชื้อทางเดินหายใจส่วนบนเฉียบพลัน,15-19,ไม่ระบุ,3
พิษณุโลก,โรคติดเชื้อทางเดินหายใจส่วนบนเฉียบพลัน,20-24,ชาย,17013
พิษณุโลก,โรคติดเชื้อทางเดินหายใจส่วนบนเฉียบพลัน,20-24,หญิง,16186
พิษณุโลก,โรคติดเชื้อทางเดินหายใจส่วนบนเฉียบพลัน,20-24,ไม่ระบุ,1
พิษณุโลก,โรคติดเชื้อทางเดินหายใจส่วนบนเฉียบพลัน,25-29,ชาย,11845
พิษณุโลก,โรคติดเชื้อทางเดินหายใจส่วนบนเฉียบพลัน,25-29,หญิง,17654
พิษณุโลก,โรคติดเชื้อทางเดินหายใจส่วนบนเฉียบพลัน,25-29,ไม่ระบุ,3
พิษณุโลก,โรคติดเชื้อทางเดินหายใจส่วนบนเฉียบพลัน,30-34,ชาย,10970
พิษณุโลก,โรคติดเชื้อทางเดินหายใจส่วนบนเฉียบพลัน,30-34,หญิง,17645
พิษณุโลก,โรคติดเชื้อทางเดินหายใจส่วนบนเฉียบพลัน,30-34,ไม่ระบุ,15
พิษณุโลก,โรคติดเชื้อทางเดินหายใจส่วนบนเฉียบพลัน,35-39,ชาย,10343
พิษณุโลก,โรคติดเชื้อทางเดินหายใจส่วนบนเฉียบพลัน,35-39,หญิง,18416
พิษณุโลก,โรคติดเชื้อทางเดินหายใจส่วนบนเฉียบพลัน,35-39,ไม่ระบุ,18
พิษณุโลก,โรคติดเชื้อทางเดินหายใจส่วนบนเฉียบพลัน,40-44,ชาย,10299
พิษณุโลก,โรคติดเชื้อทางเดินหายใจส่วนบนเฉียบพลัน,40-44,หญิง,18660
พิษณุโลก,โรคติดเชื้อทางเดินหายใจส่วนบนเฉียบพลัน,40-44,ไม่ระบุ,3
พิษณุโลก,โรคติดเชื้อทางเดินหายใจส่วนบนเฉียบพลัน,45-49,ชาย,9936
พิษณุโลก,โรคติดเชื้อทางเดินหายใจส่วนบนเฉียบพลัน,45-49,หญิง,19854
พิษณุโลก,โรคติดเชื้อทางเดินหายใจส่วนบนเฉียบพลัน,45-49,ไม่ระบุ,17
พิษณุโลก,โรคติดเชื้อทางเดินหายใจส่วนบนเฉียบพลัน,5-9,ชาย,47491
พิษณุโลก,โรคติดเชื้อทางเดินหายใจส่วนบนเฉียบพลัน,5-9,หญิง,43936
พิษณุโลก,โรคติดเชื้อทางเดินหายใจส่วนบนเฉียบพลัน,5-9,ไม่ระบุ,19
พิษณุโลก,โรคติดเชื้อทางเดินหายใจส่วนบนเฉียบพลัน,50-54,ชาย,9943
พิษณุโลก,โรคติดเชื้อทางเดินหายใจส่วนบนเฉียบพลัน,50-54,หญิง,21593
พิษณุโลก,โรคติดเชื้อทางเดินหายใจส่วนบนเฉียบพลัน,50-54,ไม่ระบุ,8
พิษณุโลก,โรคติดเชื้อทางเดินหายใจส่วนบนเฉียบพลัน,55-59,ชาย,11009
พิษณุโลก,โรคติดเชื้อทางเดินหายใจส่วนบนเฉียบพลัน,55-59,หญิง,23852
พิษณุโลก,โรคติดเชื้อทางเดินหายใจส่วนบนเฉียบพลัน,55-59,ไม่ระบุ,2
พิษณุโลก,โรคติดเชื้อทางเดินหายใจส่วนบนเฉียบพลัน,60-64,ชาย,11237
พิษณุโลก,โรคติดเชื้อทางเดินหายใจส่วนบนเฉียบพลัน,60-64,หญิง,21008
พิษณุโลก,โรคติดเชื้อทางเดินหายใจส่วนบนเฉียบพลัน,60-64,ไม่ระบุ,4
พิษณุโลก,โรคติดเชื้อทางเดินหายใจส่วนบนเฉียบพลัน,65-69,ชาย,9780
พิษณุโลก,โรคติดเชื้อทางเดินหายใจส่วนบนเฉียบพลัน,65-69,หญิง,16419
พิษณุโลก,โรคติดเชื้อทางเดินหายใจส่วนบนเฉียบพลัน,65-69,ไม่ระบุ,1
พิษณุโลก,โรคติดเชื้อทางเดินหายใจส่วนบนเฉียบพลัน,70-74,ชาย,8010
พิษณุโลก,โรคติดเชื้อทางเดินหายใจส่วนบนเฉียบพลัน,70-74,หญิง,11430
พิษณุโลก,โรคติดเชื้อทางเดินหายใจส่วนบนเฉียบพลัน,70-74,ไม่ระบุ,1
พิษณุโลก,โรคติดเชื้อทางเดินหายใจส่วนบนเฉียบพลัน,75-79,ชาย,5142
พิษณุโลก,โรคติดเชื้อทางเดินหายใจส่วนบนเฉียบพลัน,75-79,หญิง,6240
พิษณุโลก,โรคติดเชื้อทางเดินหายใจส่วนบนเฉียบพลัน,75-79,ไม่ระบุ,2
พิษณุโลก,โรคติดเชื้อทางเดินหายใจส่วนบนเฉียบพลัน,80+,ชาย,5307
พิษณุโลก,โรคติดเชื้อทางเดินหายใจส่วนบนเฉียบพลัน,80+,หญิง,6827
พิษณุโลก,โรคติดเชื้อทางเดินหายใจส่วนบนเฉียบพลัน,80+,ไม่ระบุ,6
พิษณุโลก,โรคติดเชื้อทางเดินหายใจส่วนบนเฉียบพลัน,ไม่ทราบ,ชาย,7
พิษณุโลก,โรคติดเชื้อทางเดินหายใจส่วนบนเฉียบพลัน,ไม่ทราบ,หญิง,22
พิษณุโลก,โรคติดเชื้อทางเดินหายใจส่วนบนเฉียบพลัน,ไม่ทราบ,ไม่ระบุ,2069
พิษณุโลก,โรคปอดอุดกั้นเรื้อรัง,0-4,ชาย,11
พิษณุโลก,โรคปอดอุดกั้นเรื้อรัง,0-4,หญิง,8
พิษณุโลก,โรคปอดอุดกั้นเรื้อรัง,10-14,ชาย,3
พิษณุโลก,โรคปอดอุดกั้นเรื้อรัง,10-14,หญิง,6
พิษณุโลก,โรคปอดอุดกั้นเรื้อรัง,15-19,ชาย,4
พิษณุโลก,โรคปอดอุดกั้นเรื้อรัง,15-19,หญิง,3
พิษณุโลก,โรคปอดอุดกั้นเรื้อรัง,20-24,ชาย,6
พิษณุโลก,โรคปอดอุดกั้นเรื้อรัง,20-24,หญิง,3
พิษณุโลก,โรคปอดอุดกั้นเรื้อรัง,25-29,ชาย,13
พิษณุโลก,โรคปอดอุดกั้นเรื้อรัง,25-29,หญิง,1
พิษณุโลก,โรคปอดอุดกั้นเรื้อรัง,30-34,ชาย,38
พิษณุโลก,โรคปอดอุดกั้นเรื้อรัง,30-34,หญิง,8
พิษณุโลก,โรคปอดอุดกั้นเรื้อรัง,35-39,ชาย,105
พิษณุโลก,โรคปอดอุดกั้นเรื้อรัง,35-39,หญิง,35
พิษณุโลก,โรคปอดอุดกั้นเรื้อรัง,40-44,ชาย,241
พิษณุโลก,โรคปอดอุดกั้นเรื้อรัง,40-44,หญิง,57
พิษณุโลก,โรคปอดอุดกั้นเรื้อรัง,45-49,ชาย,473
พิษณุโลก,โรคปอดอุดกั้นเรื้อรัง,45-49,หญิง,82
พิษณุโลก,โรคปอดอุดกั้นเรื้อรัง,5-9,ชาย,5
พิษณุโลก,โรคปอดอุดกั้นเรื้อรัง,50-54,ชาย,1188
พิษณุโลก,โรคปอดอุดกั้นเรื้อรัง,50-54,หญิง,288
พิษณุโลก,โรคปอดอุดกั้นเรื้อรัง,55-59,ชาย,2374
พิษณุโลก,โรคปอดอุดกั้นเรื้อรัง,55-59,หญิง,677
พิษณุโลก,โรคปอดอุดกั้นเรื้อรัง,60-64,ชาย,3993
พิษณุโลก,โรคปอดอุดกั้นเรื้อรัง,60-64,หญิง,788
พิษณุโลก,โรคปอดอุดกั้นเรื้อรัง,65-69,ชาย,5230
พิษณุโลก,โรคปอดอุดกั้นเรื้อรัง,65-69,หญิง,1249
พิษณุโลก,โรคปอดอุดกั้นเรื้อรัง,70-74,ชาย,5295
พิษณุโลก,โรคปอดอุดกั้นเรื้อรัง,70-74,หญิง,1198
พิษณุโลก,โรคปอดอุดกั้นเรื้อรัง,75-79,ชาย,4447
พิษณุโลก,โรคปอดอุดกั้นเรื้อรัง,75-79,หญิง,1159
พิษณุโลก,โรคปอดอุดกั้นเรื้อรัง,80+,ชาย,6965
พิษณุโลก,โรคปอดอุดกั้นเรื้อรัง,80+,หญิง,1700
พิษณุโลก,โรคปอดอุดกั้นเรื้อรัง,ไม่ทราบ,ไม่ระบุ,34
พิษณุโลก,โรคผิวหนังอักเสบ,0-4,ชาย,1227
พิษณุโลก,โรคผิวหนังอักเสบ,0-4,หญิง,1226
พิษณุโลก,โรคผิวหนังอักเสบ,10-14,ชาย,698
พิษณุโลก,โรคผิวหนังอักเสบ,10-14,หญิง,640
พิษณุโลก,โรคผิวหนังอักเสบ,15-19,ชาย,519
พิษณุโลก,โรคผิวหนังอักเสบ,15-19,หญิง,697
พิษณุโลก,โรคผิวหนังอักเสบ,20-24,ชาย,837
พิษณุโลก,โรคผิวหนังอักเสบ,20-24,หญิง,862
พิษณุโลก,โรคผิวหนังอักเสบ,25-29,ชาย,537
พิษณุโลก,โรคผิวหนังอักเสบ,25-29,หญิง,965
พิษณุโลก,โรคผิวหนังอักเสบ,30-34,ชาย,462
พิษณุโลก,โรคผิวหนังอักเสบ,30-34,หญิง,1250
พิษณุโลก,โรคผิวหนังอักเสบ,30-34,ไม่ระบุ,1
พิษณุโลก,โรคผิวหนังอักเสบ,35-39,ชาย,457
พิษณุโลก,โรคผิวหนังอักเสบ,35-39,หญิง,1268
พิษณุโลก,โรคผิวหนังอักเสบ,40-44,ชาย,551
พิษณุโลก,โรคผิวหนังอักเสบ,40-44,หญิง,1473
พิษณุโลก,โรคผิวหนังอักเสบ,45-49,ชาย,721
พิษณุโลก,โรคผิวหนังอักเสบ,45-49,หญิง,1642
พิษณุโลก,โรคผิวหนังอักเสบ,5-9,ชาย,908
พิษณุโลก,โรคผิวหนังอักเสบ,5-9,หญิง,813
พิษณุโลก,โรคผิวหนังอักเสบ,50-54,ชาย,778
พิษณุโลก,โรคผิวหนังอักเสบ,50-54,หญิง,1695
พิษณุโลก,โรคผิวหนังอักเสบ,50-54,ไม่ระบุ,1
พิษณุโลก,โรคผิวหนังอักเสบ,55-59,ชาย,950
พิษณุโลก,โรคผิวหนังอักเสบ,55-59,หญิง,1980
พิษณุโลก,โรคผิวหนังอักเสบ,60-64,ชาย,1149
พิษณุโลก,โรคผิวหนังอักเสบ,60-64,หญิง,1727
พิษณุโลก,โรคผิวหนังอักเสบ,65-69,ชาย,1117
พิษณุโลก,โรคผิวหนังอักเสบ,65-69,หญิง,1445
พิษณุโลก,โรคผิวหนังอักเสบ,65-69,ไม่ระบุ,1
พิษณุโลก,โรคผิวหนังอักเสบ,70-74,ชาย,863
พิษณุโลก,โรคผิวหนังอักเสบ,70-74,หญิง,998
พิษณุโลก,โรคผิวหนังอักเสบ,75-79,ชาย,601
พิษณุโลก,โรคผิวหนังอักเสบ,75-79,หญิง,681
พิษณุโลก,โรคผิวหนังอักเสบ,80+,ชาย,623
พิษณุโลก,โรคผิวหนังอักเสบ,80+,หญิง,739
พิษณุโลก,โรคผิวหนังอักเสบ,80+,ไม่ระบุ,1
พิษณุโลก,โรคผิวหนังอักเสบ,ไม่ทราบ,หญิง,2
พิษณุโลก,โรคผิวหนังอักเสบ,ไม่ทราบ,ไม่ระบุ,166
พิษณุโลก,โรคลมพิษ,0-4,ชาย,898
พิษณุโลก,โรคลมพิษ,0-4,หญิง,738
พิษณุโลก,โรคลมพิษ,10-14,ชาย,719
พิษณุโลก,โรคลมพิษ,10-14,หญิง,661
พิษณุโลก,โรคลมพิษ,15-19,ชาย,584
พิษณุโลก,โรคลมพิษ,15-19,หญิง,895
พิษณุโลก,โรคลมพิษ,20-24,ชาย,524
พิษณุโลก,โรคลมพิษ,20-24,หญิง,963
พิษณุโลก,โรคลมพิษ,25-29,ชาย,421
พิษณุโลก,โรคลมพิษ,25-29,หญิง,807
พิษณุโลก,โรคลมพิษ,30-34,ชาย,419
พิษณุโลก,โรคลมพิษ,30-34,หญิง,856
พิษณุโลก,โรคลมพิษ,30-34,ไม่ระบุ,1
พิษณุโลก,โรคลมพิษ,35-39,ชาย,361
พิษณุโลก,โรคลมพิษ,35-39,หญิง,929
พิษณุโลก,โรคลมพิษ,40-44,ชาย,422
พิษณุโลก,โรคลมพิษ,40-44,หญิง,1028
พิษณุโลก,โรคลมพิษ,45-49,ชาย,399
พิษณุโลก,โรคลมพิษ,45-49,หญิง,1068
พิษณุโลก,โรคลมพิษ,5-9,ชาย,845
พิษณุโลก,โรคลมพิษ,5-9,หญิง,691
พิษณุโลก,โรคลมพิษ,50-54,ชาย,361
พิษณุโลก,โรคลมพิษ,50-54,หญิง,908
พิษณุโลก,โรคลมพิษ,55-59,ชาย,406
พิษณุโลก,โรคลมพิษ,55-59,หญิง,885
พิษณุโลก,โรคลมพิษ,60-64,ชาย,386
พิษณุโลก,โรคลมพิษ,60-64,หญิง,709
พิษณุโลก,โรคลมพิษ,65-69,ชาย,318
พิษณุโลก,โรคลมพิษ,65-69,หญิง,485
พิษณุโลก,โรคลมพิษ,70-74,ชาย,221
พิษณุโลก,โรคลมพิษ,70-74,หญิง,310
พิษณุโลก,โรคลมพิษ,75-79,ชาย,141
พิษณุโลก,โรคลมพิษ,75-79,หญิง,180
พิษณุโลก,โรคลมพิษ,80+,ชาย,140
พิษณุโลก,โรคลมพิษ,80+,หญิง,172
พิษณุโลก,โรคลมพิษ,ไม่ทราบ,ไม่ระบุ,95
พิษณุโลก,โรคหอบหืด,0-4,ชาย,1635
พิษณุโลก,โรคหอบหืด,0-4,หญิง,983
พิษณุโลก,โรคหอบหืด,10-14,ชาย,2111
พิษณุโลก,โรคหอบหืด,10-14,หญิง,1034
พิษณุโลก,โรคหอบหืด,15-19,ชาย,687
พิษณุโลก,โรคหอบหืด,15-19,หญิง,585
พิษณุโลก,โรคหอบหืด,20-24,ชาย,475
พิษณุโลก,โรคหอบหืด,20-24,หญิง,464
พิษณุโลก,โรคหอบหืด,25-29,ชาย,411
พิษณุโลก,โรคหอบหืด,25-29,หญิง,597
พิษณุโลก,โรคหอบหืด,30-34,ชาย,456
พิษณุโลก,โรคหอบหืด,30-34,หญิง,881
พิษณุโลก,โรคหอบหืด,30-34,ไม่ระบุ,1
พิษณุโลก,โรคหอบหืด,35-39,ชาย,665
พิษณุโลก,โรคหอบหืด,35-39,หญิง,1333
พิษณุโลก,โรคหอบหืด,35-39,ไม่ระบุ,1
พิษณุโลก,โรคหอบหืด,40-44,ชาย,987
พิษณุโลก,โรคหอบหืด,40-44,หญิง,1935
พิษณุโลก,โรคหอบหืด,45-49,ชาย,1180
พิษณุโลก,โรคหอบหืด,45-49,หญิง,2844
พิษณุโลก,โรคหอบหืด,5-9,ชาย,3301
พิษณุโลก,โรคหอบหืด,5-9,หญิง,1772
พิษณุโลก,โรคหอบหืด,50-54,ชาย,1476
พิษณุโลก,โรคหอบหืด,50-54,หญิง,3199
พิษณุโลก,โรคหอบหืด,55-59,ชาย,1859
พิษณุโลก,โรคหอบหืด,55-59,หญิง,4249
พิษณุโลก,โรคหอบหืด,60-64,ชาย,1817
พิษณุโลก,โรคหอบหืด,60-64,หญิง,4457
พิษณุโลก,โรคหอบหืด,65-69,ชาย,1756
พิษณุโลก,โรคหอบหืด,65-69,หญิง,4103
พิษณุโลก,โรคหอบหืด,70-74,ชาย,1488
พิษณุโลก,โรคหอบหืด,70-74,หญิง,3011
พิษณุโลก,โรคหอบหืด,75-79,ชาย,724
พิษณุโลก,โรคหอบหืด,75-79,หญิง,1779
พิษณุโลก,โรคหอบหืด,80+,ชาย,877
พิษณุโลก,โรคหอบหืด,80+,หญิง,1982
พิษณุโลก,โรคหอบหืด,ไม่ทราบ,ไม่ระบุ,115
พิษณุโลก,โรคเยื่อจมูกอักเสบจากภูมิแพ้,0-4,ชาย,1976
พิษณุโลก,โรคเยื่อจมูกอักเสบจากภูมิแพ้,0-4,หญิง,1494
พิษณุโลก,โรคเยื่อจมูกอักเสบจากภูมิแพ้,0-4,ไม่ระบุ,1
พิษณุโลก,โรคเยื่อจมูกอักเสบจากภูมิแพ้,10-14,ชาย,3531
พิษณุโลก,โรคเยื่อจมูกอักเสบจากภูมิแพ้,10-14,หญิง,1899
พิษณุโลก,โรคเยื่อจมูกอักเสบจากภูมิแพ้,15-19,ชาย,1265
พิษณุโลก,โรคเยื่อจมูกอักเสบจากภูมิแพ้,15-19,หญิง,1144
พิษณุโลก,โรคเยื่อจมูกอักเสบจากภูมิแพ้,20-24,ชาย,905
พิษณุโลก,โรคเยื่อจมูกอักเสบจากภูมิแพ้,20-24,หญิง,1279
พิษณุโลก,โรคเยื่อจมูกอักเสบจากภูมิแพ้,25-29,ชาย,1059
พิษณุโลก,โรคเยื่อจมูกอักเสบจากภูมิแพ้,25-29,หญิง,1795
พิษณุโลก,โรคเยื่อจมูกอักเสบจากภูมิแพ้,30-34,ชาย,1168
พิษณุโลก,โรคเยื่อจมูกอักเสบจากภูมิแพ้,30-34,หญิง,2067
พิษณุโลก,โรคเยื่อจมูกอักเสบจากภูมิแพ้,30-34,ไม่ระบุ,1
พิษณุโลก,โรคเยื่อจมูกอักเสบจากภูมิแพ้,35-39,ชาย,1127
พิษณุโลก,โรคเยื่อจมูกอักเสบจากภูมิแพ้,35-39,หญิง,2189
พิษณุโลก,โรคเยื่อจมูกอักเสบจากภูมิแพ้,35-39,ไม่ระบุ,2
พิษณุโลก,โรคเยื่อจมูกอักเสบจากภูมิแพ้,40-44,ชาย,1351
พิษณุโลก,โรคเยื่อจมูกอักเสบจากภูมิแพ้,40-44,หญิง,2507
พิษณุโลก,โรคเยื่อจมูกอักเสบจากภูมิแพ้,45-49,ชาย,1303
พิษณุโลก,โรคเยื่อจมูกอักเสบจากภูมิแพ้,45-49,หญิง,2536
พิษณุโลก,โรคเยื่อจมูกอักเสบจากภูมิแพ้,5-9,ชาย,5153
พิษณุโลก,โรคเยื่อจมูกอักเสบจากภูมิแพ้,5-9,หญิง,3480
พิษณุโลก,โรคเยื่อจมูกอักเสบจากภูมิแพ้,50-54,ชาย,1048
พิษณุโลก,โรคเยื่อจมูกอักเสบจากภูมิแพ้,50-54,หญิง,2426
พิษณุโลก,โรคเยื่อจมูกอักเสบจากภูมิแพ้,55-59,ชาย,1252
พิษณุโลก,โรคเยื่อจมูกอักเสบจากภูมิแพ้,55-59,หญิง,2515
พิษณุโลก,โรคเยื่อจมูกอักเสบจากภูมิแพ้,60-64,ชาย,1369
พิษณุโลก,โรคเยื่อจมูกอักเสบจากภูมิแพ้,60-64,หญิง,2184
พิษณุโลก,โรคเยื่อจมูกอักเสบจากภูมิแพ้,65-69,ชาย,1299
พิษณุโลก,โรคเยื่อจมูกอักเสบจากภูมิแพ้,65-69,หญิง,1852
พิษณุโลก,โรคเยื่อจมูกอักเสบจากภูมิแพ้,70-74,ชาย,1068
พิษณุโลก,โรคเยื่อจมูกอักเสบจากภูมิแพ้,70-74,หญิง,1279
พิษณุโลก,โรคเยื่อจมูกอักเสบจากภูมิแพ้,75-79,ชาย,604
พิษณุโลก,โรคเยื่อจมูกอักเสบจากภูมิแพ้,75-79,หญิง,561
พิษณุโลก,โรคเยื่อจมูกอักเสบจากภูมิแพ้,80+,ชาย,510
พิษณุโลก,โรคเยื่อจมูกอักเสบจากภูมิแพ้,80+,หญิง,516
พิษณุโลก,โรคเยื่อจมูกอักเสบจากภูมิแพ้,ไม่ทราบ,หญิง,1
พิษณุโลก,โรคเยื่อจมูกอักเสบจากภูมิแพ้,ไม่ทราบ,ไม่ระบุ,119
พิษณุโลก,โรคเยื่อบุตาอักเสบ,0-4,ชาย,1470
พิษณุโลก,โรคเยื่อบุตาอักเสบ,0-4,หญิง,1144
พิษณุโลก,โรคเยื่อบุตาอักเสบ,0-4,ไม่ระบุ,1
พิษณุโลก,โรคเยื่อบุตาอักเสบ,10-14,ชาย,1395
พิษณุโลก,โรคเยื่อบุตาอักเสบ,10-14,หญิง,1248
พิษณุโลก,โรคเยื่อบุตาอักเสบ,15-19,ชาย,1212
พิษณุโลก,โรคเยื่อบุตาอักเสบ,15-19,หญิง,1512
พิษณุโลก,โรคเยื่อบุตาอักเสบ,20-24,ชาย,1384
พิษณุโลก,โรคเยื่อบุตาอักเสบ,20-24,หญิง,1376
พิษณุโลก,โรคเยื่อบุตาอักเสบ,25-29,ชาย,1243
พิษณุโลก,โรคเยื่อบุตาอักเสบ,25-29,หญิง,1480
พิษณุโลก,โรคเยื่อบุตาอักเสบ,30-34,ชาย,1217
พิษณุโลก,โรคเยื่อบุตาอักเสบ,30-34,หญิง,1483
พิษณุโลก,โรคเยื่อบุตาอักเสบ,30-34,ไม่ระบุ,1
พิษณุโลก,โรคเยื่อบุตาอักเสบ,35-39,ชาย,1283
พิษณุโลก,โรคเยื่อบุตาอักเสบ,35-39,หญิง,1723
พิษณุโลก,โรคเยื่อบุตาอักเสบ,35-39,ไม่ระบุ,2
พิษณุโลก,โรคเยื่อบุตาอักเสบ,40-44,ชาย,1575
พิษณุโลก,โรคเยื่อบุตาอักเสบ,40-44,หญิง,2075
พิษณุโลก,โรคเยื่อบุตาอักเสบ,45-49,ชาย,1746
พิษณุโลก,โรคเยื่อบุตาอักเสบ,45-49,หญิง,2522
พิษณุโลก,โรคเยื่อบุตาอักเสบ,45-49,ไม่ระบุ,2
พิษณุโลก,โรคเยื่อบุตาอักเสบ,5-9,ชาย,1667
พิษณุโลก,โรคเยื่อบุตาอักเสบ,5-9,หญิง,1253
พิษณุโลก,โรคเยื่อบุตาอักเสบ,50-54,ชาย,1914
พิษณุโลก,โรคเยื่อบุตาอักเสบ,50-54,หญิง,3376
พิษณุโลก,โรคเยื่อบุตาอักเสบ,50-54,ไม่ระบุ,2
พิษณุโลก,โรคเยื่อบุตาอักเสบ,55-59,ชาย,2077
พิษณุโลก,โรคเยื่อบุตาอักเสบ,55-59,หญิง,4025
พิษณุโลก,โรคเยื่อบุตาอักเสบ,55-59,ไม่ระบุ,1
พิษณุโลก,โรคเยื่อบุตาอักเสบ,60-64,ชาย,2320
พิษณุโลก,โรคเยื่อบุตาอักเสบ,60-64,หญิง,3915
พิษณุโลก,โรคเยื่อบุตาอักเสบ,65-69,ชาย,1890
พิษณุโลก,โรคเยื่อบุตาอักเสบ,65-69,หญิง,3230
พิษณุโลก,โรคเยื่อบุตาอักเสบ,70-74,ชาย,1557
พิษณุโลก,โรคเยื่อบุตาอักเสบ,70-74,หญิง,2204
พิษณุโลก,โรคเยื่อบุตาอักเสบ,75-79,ชาย,851
พิษณุโลก,โรคเยื่อบุตาอักเสบ,75-79,หญิง,1321
พิษณุโลก,โรคเยื่อบุตาอักเสบ,80+,ชาย,958
พิษณุโลก,โรคเยื่อบุตาอักเสบ,80+,หญิง,1416
พิษณุโลก,โรคเยื่อบุตาอักเสบ,ไม่ทราบ,หญิง,2
พิษณุโลก,โรคเยื่อบุตาอักเสบ,ไม่ทราบ,ไม่ระบุ,180
ภูเก็ต,โรคติดเชื้อทางเดินหายใจส่วนบนเฉียบพลัน,0-4,ชาย,23209
ภูเก็ต,โรคติดเชื้อทางเดินหายใจส่วนบนเฉียบพลัน,0-4,หญิง,20373
ภูเก็ต,โรคติดเชื้อทางเดินหายใจส่วนบนเฉียบพลัน,10-14,ชาย,10383
ภูเก็ต,โรคติดเชื้อทางเดินหายใจส่วนบนเฉียบพลัน,10-14,หญิง,9309
ภูเก็ต,โรคติดเชื้อทางเดินหายใจส่วนบนเฉียบพลัน,15-19,ชาย,7813
ภูเก็ต,โรคติดเชื้อทางเดินหายใจส่วนบนเฉียบพลัน,15-19,หญิง,10502
ภูเก็ต,โรคติดเชื้อทางเดินหายใจส่วนบนเฉียบพลัน,20-24,ชาย,12465
ภูเก็ต,โรคติดเชื้อทางเดินหายใจส่วนบนเฉียบพลัน,20-24,หญิง,19642
ภูเก็ต,โรคติดเชื้อทางเดินหายใจส่วนบนเฉียบพลัน,25-29,ชาย,13216
ภูเก็ต,โรคติดเชื้อทางเดินหายใจส่วนบนเฉียบพลัน,25-29,หญิง,21794
ภูเก็ต,โรคติดเชื้อทางเดินหายใจส่วนบนเฉียบพลัน,30-34,ชาย,10851
ภูเก็ต,โรคติดเชื้อทางเดินหายใจส่วนบนเฉียบพลัน,30-34,หญิง,18228
ภูเก็ต,โรคติดเชื้อทางเดินหายใจส่วนบนเฉียบพลัน,35-39,ชาย,8191
ภูเก็ต,โรคติดเชื้อทางเดินหายใจส่วนบนเฉียบพลัน,35-39,หญิง,14399
ภูเก็ต,โรคติดเชื้อทางเดินหายใจส่วนบนเฉียบพลัน,40-44,ชาย,7219
ภูเก็ต,โรคติดเชื้อทางเดินหายใจส่วนบนเฉียบพลัน,40-44,หญิง,13170
ภูเก็ต,โรคติดเชื้อทางเดินหายใจส่วนบนเฉียบพลัน,45-49,ชาย,5745
ภูเก็ต,โรคติดเชื้อทางเดินหายใจส่วนบนเฉียบพลัน,45-49,หญิง,10406
ภูเก็ต,โรคติดเชื้อทางเดินหายใจส่วนบนเฉียบพลัน,5-9,ชาย,17621
ภูเก็ต,โรคติดเชื้อทางเดินหายใจส่วนบนเฉียบพลัน,5-9,หญิง,15833
ภูเก็ต,โรคติดเชื้อทางเดินหายใจส่วนบนเฉียบพลัน,50-54,ชาย,4680
ภูเก็ต,โรคติดเชื้อทางเดินหายใจส่วนบนเฉียบพลัน,50-54,หญิง,8419
ภูเก็ต,โรคติดเชื้อทางเดินหายใจส่วนบนเฉียบพลัน,55-59,ชาย,4057
ภูเก็ต,โรคติดเชื้อทางเดินหายใจส่วนบนเฉียบพลัน,55-59,หญิง,6815
ภูเก็ต,โรคติดเชื้อทางเดินหายใจส่วนบนเฉียบพลัน,60-64,ชาย,3182
ภูเก็ต,โรคติดเชื้อทางเดินหายใจส่วนบนเฉียบพลัน,60-64,หญิง,5199
ภูเก็ต,โรคติดเชื้อทางเดินหายใจส่วนบนเฉียบพลัน,65-69,ชาย,2494
ภูเก็ต,โรคติดเชื้อทางเดินหายใจส่วนบนเฉียบพลัน,65-69,หญิง,3795
ภูเก็ต,โรคติดเชื้อทางเดินหายใจส่วนบนเฉียบพลัน,70-74,ชาย,2001
ภูเก็ต,โรคติดเชื้อทางเดินหายใจส่วนบนเฉียบพลัน,70-74,หญิง,2649
ภูเก็ต,โรคติดเชื้อทางเดินหายใจส่วนบนเฉียบพลัน,75-79,ชาย,1105
ภูเก็ต,โรคติดเชื้อทางเดินหายใจส่วนบนเฉียบพลัน,75-79,หญิง,1359
ภูเก็ต,โรคติดเชื้อทางเดินหายใจส่วนบนเฉียบพลัน,80+,ชาย,1163
ภูเก็ต,โรคติดเชื้อทางเดินหายใจส่วนบนเฉียบพลัน,80+,หญิง,1315
ภูเก็ต,โรคติดเชื้อทางเดินหายใจส่วนบนเฉียบพลัน,ไม่ทราบ,ชาย,21
ภูเก็ต,โรคติดเชื้อทางเดินหายใจส่วนบนเฉียบพลัน,ไม่ทราบ,หญิง,27
ภูเก็ต,โรคติดเชื้อทางเดินหายใจส่วนบนเฉียบพลัน,ไม่ทราบ,ไม่ระบุ,4079
ภูเก็ต,โรคปอดอุดกั้นเรื้อรัง,0-4,ชาย,21
ภูเก็ต,โรคปอดอุดกั้นเรื้อรัง,0-4,หญิง,17
ภูเก็ต,โรคปอดอุดกั้นเรื้อรัง,10-14,ชาย,6
ภูเก็ต,โรคปอดอุดกั้นเรื้อรัง,10-14,หญิง,11
ภูเก็ต,โรคปอดอุดกั้นเรื้อรัง,15-19,ชาย,3
ภูเก็ต,โรคปอดอุดกั้นเรื้อรัง,15-19,หญิง,11
ภูเก็ต,โรคปอดอุดกั้นเรื้อรัง,20-24,ชาย,11
ภูเก็ต,โรคปอดอุดกั้นเรื้อรัง,25-29,ชาย,14
ภูเก็ต,โรคปอดอุดกั้นเรื้อรัง,25-29,หญิง,10
ภูเก็ต,โรคปอดอุดกั้นเรื้อรัง,30-34,ชาย,58
ภูเก็ต,โรคปอดอุดกั้นเรื้อรัง,30-34,หญิง,30
ภูเก็ต,โรคปอดอุดกั้นเรื้อรัง,35-39,ชาย,115
ภูเก็ต,โรคปอดอุดกั้นเรื้อรัง,35-39,หญิง,30
ภูเก็ต,โรคปอดอุดกั้นเรื้อรัง,40-44,ชาย,277
ภูเก็ต,โรคปอดอุดกั้นเรื้อรัง,40-44,หญิง,19
ภูเก็ต,โรคปอดอุดกั้นเรื้อรัง,45-49,ชาย,646
ภูเก็ต,โรคปอดอุดกั้นเรื้อรัง,45-49,หญิง,113
ภูเก็ต,โรคปอดอุดกั้นเรื้อรัง,5-9,ชาย,14
ภูเก็ต,โรคปอดอุดกั้นเรื้อรัง,5-9,หญิง,17
ภูเก็ต,โรคปอดอุดกั้นเรื้อรัง,50-54,ชาย,1033
ภูเก็ต,โรคปอดอุดกั้นเรื้อรัง,50-54,หญิง,125
ภูเก็ต,โรคปอดอุดกั้นเรื้อรัง,55-59,ชาย,1279
ภูเก็ต,โรคปอดอุดกั้นเรื้อรัง,55-59,หญิง,222
ภูเก็ต,โรคปอดอุดกั้นเรื้อรัง,60-64,ชาย,1576
ภูเก็ต,โรคปอดอุดกั้นเรื้อรัง,60-64,หญิง,298
ภูเก็ต,โรคปอดอุดกั้นเรื้อรัง,65-69,ชาย,2113
ภูเก็ต,โรคปอดอุดกั้นเรื้อรัง,65-69,หญิง,362
ภูเก็ต,โรคปอดอุดกั้นเรื้อรัง,70-74,ชาย,1750
ภูเก็ต,โรคปอดอุดกั้นเรื้อรัง,70-74,หญิง,409
ภูเก็ต,โรคปอดอุดกั้นเรื้อรัง,75-79,ชาย,1511
ภูเก็ต,โรคปอดอุดกั้นเรื้อรัง,75-79,หญิง,414
ภูเก็ต,โรคปอดอุดกั้นเรื้อรัง,80+,ชาย,2100
ภูเก็ต,โรคปอดอุดกั้นเรื้อรัง,80+,หญิง,726
ภูเก็ต,โรคปอดอุดกั้นเรื้อรัง,ไม่ทราบ,ไม่ระบุ,32
ภูเก็ต,โรคผิวหนังอักเสบ,0-4,ชาย,503
ภูเก็ต,โรคผิวหนังอักเสบ,0-4,หญิง,513
ภูเก็ต,โรคผิวหนังอักเสบ,10-14,ชาย,429
ภูเก็ต,โรคผิวหนังอักเสบ,10-14,หญิง,381
ภูเก็ต,โรคผิวหนังอักเสบ,15-19,ชาย,236
ภูเก็ต,โรคผิวหนังอักเสบ,15-19,หญิง,406
ภูเก็ต,โรคผิวหนังอักเสบ,20-24,ชาย,291
ภูเก็ต,โรคผิวหนังอักเสบ,20-24,หญิง,664
ภูเก็ต,โรคผิวหนังอักเสบ,25-29,ชาย,397
ภูเก็ต,โรคผิวหนังอักเสบ,25-29,หญิง,856
ภูเก็ต,โรคผิวหนังอักเสบ,30-34,ชาย,476
ภูเก็ต,โรคผิวหนังอักเสบ,30-34,หญิง,865
ภูเก็ต,โรคผิวหนังอักเสบ,35-39,ชาย,475
ภูเก็ต,โรคผิวหนังอักเสบ,35-39,หญิง,828
ภูเก็ต,โรคผิวหนังอักเสบ,40-44,ชาย,413
ภูเก็ต,โรคผิวหนังอักเสบ,40-44,หญิง,1039
ภูเก็ต,โรคผิวหนังอักเสบ,45-49,ชาย,521
ภูเก็ต,โรคผิวหนังอักเสบ,45-49,หญิง,1118
ภูเก็ต,โรคผิวหนังอักเสบ,5-9,ชาย,450
ภูเก็ต,โรคผิวหนังอักเสบ,5-9,หญิง,425
ภูเก็ต,โรคผิวหนังอักเสบ,50-54,ชาย,484
ภูเก็ต,โรคผิวหนังอักเสบ,50-54,หญิง,1102
ภูเก็ต,โรคผิวหนังอักเสบ,55-59,ชาย,646
ภูเก็ต,โรคผิวหนังอักเสบ,55-59,หญิง,960
ภูเก็ต,โรคผิวหนังอักเสบ,60-64,ชาย,663
ภูเก็ต,โรคผิวหนังอักเสบ,60-64,หญิง,971
ภูเก็ต,โรคผิวหนังอักเสบ,65-69,ชาย,647
ภูเก็ต,โรคผิวหนังอักเสบ,65-69,หญิง,777
ภูเก็ต,โรคผิวหนังอักเสบ,70-74,ชาย,612
ภูเก็ต,โรคผิวหนังอักเสบ,70-74,หญิง,692
ภูเก็ต,โรคผิวหนังอักเสบ,75-79,ชาย,373
ภูเก็ต,โรคผิวหนังอักเสบ,75-79,หญิง,393
ภูเก็ต,โรคผิวหนังอักเสบ,80+,ชาย,384
ภูเก็ต,โรคผิวหนังอักเสบ,80+,หญิง,383
ภูเก็ต,โรคผิวหนังอักเสบ,ไม่ทราบ,หญิง,1
ภูเก็ต,โรคผิวหนังอักเสบ,ไม่ทราบ,ไม่ระบุ,105
ภูเก็ต,โรคลมพิษ,0-4,ชาย,426
ภูเก็ต,โรคลมพิษ,0-4,หญิง,361
ภูเก็ต,โรคลมพิษ,10-14,ชาย,292
ภูเก็ต,โรคลมพิษ,10-14,หญิง,214
ภูเก็ต,โรคลมพิษ,15-19,ชาย,202
ภูเก็ต,โรคลมพิษ,15-19,หญิง,330
ภูเก็ต,โรคลมพิษ,20-24,ชาย,259
ภูเก็ต,โรคลมพิษ,20-24,หญิง,613
ภูเก็ต,โรคลมพิษ,25-29,ชาย,256
ภูเก็ต,โรคลมพิษ,25-29,หญิง,818
ภูเก็ต,โรคลมพิษ,30-34,ชาย,198
ภูเก็ต,โรคลมพิษ,30-34,หญิง,695
ภูเก็ต,โรคลมพิษ,35-39,ชาย,152
ภูเก็ต,โรคลมพิษ,35-39,หญิง,642
ภูเก็ต,โรคลมพิษ,40-44,ชาย,208
ภูเก็ต,โรคลมพิษ,40-44,หญิง,614
ภูเก็ต,โรคลมพิษ,45-49,ชาย,170
ภูเก็ต,โรคลมพิษ,45-49,หญิง,516
ภูเก็ต,โรคลมพิษ,5-9,ชาย,369
ภูเก็ต,โรคลมพิษ,5-9,หญิง,269
ภูเก็ต,โรคลมพิษ,50-54,ชาย,115
ภูเก็ต,โรคลมพิษ,50-54,หญิง,374
ภูเก็ต,โรคลมพิษ,55-59,ชาย,131
ภูเก็ต,โรคลมพิษ,55-59,หญิง,314
ภูเก็ต,โรคลมพิษ,60-64,ชาย,140
ภูเก็ต,โรคลมพิษ,60-64,หญิง,222
ภูเก็ต,โรคลมพิษ,65-69,ชาย,92
ภูเก็ต,โรคลมพิษ,65-69,หญิง,145
ภูเก็ต,โรคลมพิษ,70-74,ชาย,56
ภูเก็ต,โรคลมพิษ,70-74,หญิง,107
ภูเก็ต,โรคลมพิษ,75-79,ชาย,24
ภูเก็ต,โรคลมพิษ,75-79,หญิง,39
ภูเก็ต,โรคลมพิษ,80+,ชาย,13
ภูเก็ต,โรคลมพิษ,80+,หญิง,31
ภูเก็ต,โรคลมพิษ,ไม่ทราบ,ไม่ระบุ,49
ภูเก็ต,โรคหอบหืด,0-4,ชาย,1634
ภูเก็ต,โรคหอบหืด,0-4,หญิง,815
ภูเก็ต,โรคหอบหืด,10-14,ชาย,1666
ภูเก็ต,โรคหอบหืด,10-14,หญิง,905
ภูเก็ต,โรคหอบหืด,15-19,ชาย,342
ภูเก็ต,โรคหอบหืด,15-19,หญิง,335
ภูเก็ต,โรคหอบหืด,20-24,ชาย,443
ภูเก็ต,โรคหอบหืด,20-24,หญิง,390
ภูเก็ต,โรคหอบหืด,25-29,ชาย,493
ภูเก็ต,โรคหอบหืด,25-29,หญิง,705
ภูเก็ต,โรคหอบหืด,30-34,ชาย,466
ภูเก็ต,โรคหอบหืด,30-34,หญิง,908
ภูเก็ต,โรคหอบหืด,35-39,ชาย,621
ภูเก็ต,โรคหอบหืด,35-39,หญิง,984
ภูเก็ต,โรคหอบหืด,40-44,ชาย,657
ภูเก็ต,โรคหอบหืด,40-44,หญิง,1205
ภูเก็ต,โรคหอบหืด,45-49,ชาย,717
ภูเก็ต,โรคหอบหืด,45-49,หญิง,1423
ภูเก็ต,โรคหอบหืด,5-9,ชาย,3004
ภูเก็ต,โรคหอบหืด,5-9,หญิง,2076
ภูเก็ต,โรคหอบหืด,50-54,ชาย,613
ภูเก็ต,โรคหอบหืด,50-54,หญิง,1732
ภูเก็ต,โรคหอบหืด,55-59,ชาย,716
ภูเก็ต,โรคหอบหืด,55-59,หญิง,1774
ภูเก็ต,โรคหอบหืด,60-64,ชาย,591
ภูเก็ต,โรคหอบหืด,60-64,หญิง,1789
ภูเก็ต,โรคหอบหืด,65-69,ชาย,501
ภูเก็ต,โรคหอบหืด,65-69,หญิง,1405
ภูเก็ต,โรคหอบหืด,70-74,ชาย,417
ภูเก็ต,โรคหอบหืด,70-74,หญิง,1221
ภูเก็ต,โรคหอบหืด,75-79,ชาย,199
ภูเก็ต,โรคหอบหืด,75-79,หญิง,641
ภูเก็ต,โรคหอบหืด,80+,ชาย,131
ภูเก็ต,โรคหอบหืด,80+,หญิง,981
ภูเก็ต,โรคหอบหืด,ไม่ทราบ,ไม่ระบุ,79
ภูเก็ต,โรคเยื่อจมูกอักเสบจากภูมิแพ้,0-4,ชาย,477
ภูเก็ต,โรคเยื่อจมูกอักเสบจากภูมิแพ้,0-4,หญิง,366
ภูเก็ต,โรคเยื่อจมูกอักเสบจากภูมิแพ้,10-14,ชาย,806
ภูเก็ต,โรคเยื่อจมูกอักเสบจากภูมิแพ้,10-14,หญิง,561
ภูเก็ต,โรคเยื่อจมูกอักเสบจากภูมิแพ้,15-19,ชาย,224
ภูเก็ต,โรคเยื่อจมูกอักเสบจากภูมิแพ้,15-19,หญิง,304
ภูเก็ต,โรคเยื่อจมูกอักเสบจากภูมิแพ้,20-24,ชาย,271
ภูเก็ต,โรคเยื่อจมูกอักเสบจากภูมิแพ้,20-24,หญิง,456
ภูเก็ต,โรคเยื่อจมูกอักเสบจากภูมิแพ้,25-29,ชาย,345
ภูเก็ต,โรคเยื่อจมูกอักเสบจากภูมิแพ้,25-29,หญิง,780
ภูเก็ต,โรคเยื่อจมูกอักเสบจากภูมิแพ้,30-34,ชาย,431
ภูเก็ต,โรคเยื่อจมูกอักเสบจากภูมิแพ้,30-34,หญิง,868
ภูเก็ต,โรคเยื่อจมูกอักเสบจากภูมิแพ้,35-39,ชาย,311
ภูเก็ต,โรคเยื่อจมูกอักเสบจากภูมิแพ้,35-39,หญิง,792
ภูเก็ต,โรคเยื่อจมูกอักเสบจากภูมิแพ้,40-44,ชาย,320
ภูเก็ต,โรคเยื่อจมูกอักเสบจากภูมิแพ้,40-44,หญิง,793
ภูเก็ต,โรคเยื่อจมูกอักเสบจากภูมิแพ้,45-49,ชาย,314
ภูเก็ต,โรคเยื่อจมูกอักเสบจากภูมิแพ้,45-49,หญิง,793
ภูเก็ต,โรคเยื่อจมูกอักเสบจากภูมิแพ้,5-9,ชาย,1007
ภูเก็ต,โรคเยื่อจมูกอักเสบจากภูมิแพ้,5-9,หญิง,762
ภูเก็ต,โรคเยื่อจมูกอักเสบจากภูมิแพ้,50-54,ชาย,238
ภูเก็ต,โรคเยื่อจมูกอักเสบจากภูมิแพ้,50-54,หญิง,573
ภูเก็ต,โรคเยื่อจมูกอักเสบจากภูมิแพ้,55-59,ชาย,319
ภูเก็ต,โรคเยื่อจมูกอักเสบจากภูมิแพ้,55-59,หญิง,560
ภูเก็ต,โรคเยื่อจมูกอักเสบจากภูมิแพ้,60-64,ชาย,308
ภูเก็ต,โรคเยื่อจมูกอักเสบจากภูมิแพ้,60-64,หญิง,433
ภูเก็ต,โรคเยื่อจมูกอักเสบจากภูมิแพ้,65-69,ชาย,268
ภูเก็ต,โรคเยื่อจมูกอักเสบจากภูมิแพ้,65-69,หญิง,358
ภูเก็ต,โรคเยื่อจมูกอักเสบจากภูมิแพ้,70-74,ชาย,228
ภูเก็ต,โรคเยื่อจมูกอักเสบจากภูมิแพ้,70-74,หญิง,272
ภูเก็ต,โรคเยื่อจมูกอักเสบจากภูมิแพ้,75-79,ชาย,166
ภูเก็ต,โรคเยื่อจมูกอักเสบจากภูมิแพ้,75-79,หญิง,148
ภูเก็ต,โรคเยื่อจมูกอักเสบจากภูมิแพ้,80+,ชาย,99
ภูเก็ต,โรคเยื่อจมูกอักเสบจากภูมิแพ้,80+,หญิง,105
ภูเก็ต,โรคเยื่อจมูกอักเสบจากภูมิแพ้,ไม่ทราบ,ไม่ระบุ,36
ภูเก็ต,โรคเยื่อบุตาอักเสบ,0-4,ชาย,640
ภูเก็ต,โรคเยื่อบุตาอักเสบ,0-4,หญิง,476
ภูเก็ต,โรคเยื่อบุตาอักเสบ,10-14,ชาย,622
ภูเก็ต,โรคเยื่อบุตาอักเสบ,10-14,หญิง,433
ภูเก็ต,โรคเยื่อบุตาอักเสบ,15-19,ชาย,442
ภูเก็ต,โรคเยื่อบุตาอักเสบ,15-19,หญิง,505
ภูเก็ต,โรคเยื่อบุตาอักเสบ,20-24,ชาย,590
ภูเก็ต,โรคเยื่อบุตาอักเสบ,20-24,หญิง,754
ภูเก็ต,โรคเยื่อบุตาอักเสบ,25-29,ชาย,745
ภูเก็ต,โรคเยื่อบุตาอักเสบ,25-29,หญิง,1095
ภูเก็ต,โรคเยื่อบุตาอักเสบ,30-34,ชาย,782
ภูเก็ต,โรคเยื่อบุตาอักเสบ,30-34,หญิง,1101
ภูเก็ต,โรคเยื่อบุตาอักเสบ,35-39,ชาย,714
ภูเก็ต,โรคเยื่อบุตาอักเสบ,35-39,หญิง,983
ภูเก็ต,โรคเยื่อบุตาอักเสบ,40-44,ชาย,669
ภูเก็ต,โรคเยื่อบุตาอักเสบ,40-44,หญิง,936
ภูเก็ต,โรคเยื่อบุตาอักเสบ,45-49,ชาย,614
ภูเก็ต,โรคเยื่อบุตาอักเสบ,45-49,หญิง,886
ภูเก็ต,โรคเยื่อบุตาอักเสบ,5-9,ชาย,802
ภูเก็ต,โรคเยื่อบุตาอักเสบ,5-9,หญิง,506
ภูเก็ต,โรคเยื่อบุตาอักเสบ,50-54,ชาย,466
ภูเก็ต,โรคเยื่อบุตาอักเสบ,50-54,หญิง,846
ภูเก็ต,โรคเยื่อบุตาอักเสบ,55-59,ชาย,606
ภูเก็ต,โรคเยื่อบุตาอักเสบ,55-59,หญิง,964
ภูเก็ต,โรคเยื่อบุตาอักเสบ,60-64,ชาย,507
ภูเก็ต,โรคเยื่อบุตาอักเสบ,60-64,หญิง,846
ภูเก็ต,โรคเยื่อบุตาอักเสบ,65-69,ชาย,473
ภูเก็ต,โรคเยื่อบุตาอักเสบ,65-69,หญิง,832
ภูเก็ต,โรคเยื่อบุตาอักเสบ,70-74,ชาย,379
ภูเก็ต,โรคเยื่อบุตาอักเสบ,70-74,หญิง,746
ภูเก็ต,โรคเยื่อบุตาอักเสบ,75-79,ชาย,186
ภูเก็ต,โรคเยื่อบุตาอักเสบ,75-79,หญิง,322
ภูเก็ต,โรคเยื่อบุตาอักเสบ,80+,ชาย,218
ภูเก็ต,โรคเยื่อบุตาอักเสบ,80+,หญิง,377
ภูเก็ต,โรคเยื่อบุตาอักเสบ,ไม่ทราบ,ชาย,1
ภูเก็ต,โรคเยื่อบุตาอักเสบ,ไม่ทราบ,ไม่ระบุ,133
มหาสารคาม,โรคติดเชื้อทางเดินหายใจส่วนบนเฉียบพลัน,0-4,ชาย,70340
มหาสารคาม,โรคติดเชื้อทางเดินหายใจส่วนบนเฉียบพลัน,0-4,หญิง,63141
มหาสารคาม,โรคติดเชื้อทางเดินหายใจส่วนบนเฉียบพลัน,0-4,ไม่ระบุ,2
มหาสารคาม,โรคติดเชื้อทางเดินหายใจส่วนบนเฉียบพลัน,10-14,ชาย,28812
มหาสารคาม,โรคติดเชื้อทางเดินหายใจส่วนบนเฉียบพลัน,10-14,หญิง,26277
มหาสารคาม,โรคติดเชื้อทางเดินหายใจส่วนบนเฉียบพลัน,15-19,ชาย,15760
มหาสารคาม,โรคติดเชื้อทางเดินหายใจส่วนบนเฉียบพลัน,15-19,หญิง,23379
มหาสารคาม,โรคติดเชื้อทางเดินหายใจส่วนบนเฉียบพลัน,15-19,ไม่ระบุ,3
มหาสารคาม,โรคติดเชื้อทางเดินหายใจส่วนบนเฉียบพลัน,20-24,ชาย,13562
มหาสารคาม,โรคติดเชื้อทางเดินหายใจส่วนบนเฉียบพลัน,20-24,หญิง,23348
มหาสารคาม,โรคติดเชื้อทางเดินหายใจส่วนบนเฉียบพลัน,20-24,ไม่ระบุ,2
มหาสารคาม,โรคติดเชื้อทางเดินหายใจส่วนบนเฉียบพลัน,25-29,ชาย,9277
มหาสารคาม,โรคติดเชื้อทางเดินหายใจส่วนบนเฉียบพลัน,25-29,หญิง,14939
มหาสารคาม,โรคติดเชื้อทางเดินหายใจส่วนบนเฉียบพลัน,25-29,ไม่ระบุ,1
มหาสารคาม,โรคติดเชื้อทางเดินหายใจส่วนบนเฉียบพลัน,30-34,ชาย,8186
มหาสารคาม,โรคติดเชื้อทางเดินหายใจส่วนบนเฉียบพลัน,30-34,หญิง,15293
มหาสารคาม,โรคติดเชื้อทางเดินหายใจส่วนบนเฉียบพลัน,30-34,ไม่ระบุ,1
มหาสารคาม,โรคติดเชื้อทางเดินหายใจส่วนบนเฉียบพลัน,35-39,ชาย,7375
มหาสารคาม,โรคติดเชื้อทางเดินหายใจส่วนบนเฉียบพลัน,35-39,หญิง,13987
มหาสารคาม,โรคติดเชื้อทางเดินหายใจส่วนบนเฉียบพลัน,40-44,ชาย,8088
มหาสารคาม,โรคติดเชื้อทางเดินหายใจส่วนบนเฉียบพลัน,40-44,หญิง,15966
มหาสารคาม,โรคติดเชื้อทางเดินหายใจส่วนบนเฉียบพลัน,45-49,ชาย,8255
มหาสารคาม,โรคติดเชื้อทางเดินหายใจส่วนบนเฉียบพลัน,45-49,หญิง,19978
มหาสารคาม,โรคติดเชื้อทางเดินหายใจส่วนบนเฉียบพลัน,45-49,ไม่ระบุ,1
มหาสารคาม,โรคติดเชื้อทางเดินหายใจส่วนบนเฉียบพลัน,5-9,ชาย,56733
มหาสารคาม,โรคติดเชื้อทางเดินหายใจส่วนบนเฉียบพลัน,5-9,หญิง,53353
มหาสารคาม,โรคติดเชื้อทางเดินหายใจส่วนบนเฉียบพลัน,5-9,ไม่ระบุ,3
มหาสารคาม,โรคติดเชื้อทางเดินหายใจส่วนบนเฉียบพลัน,50-54,ชาย,9740
มหาสารคาม,โรคติดเชื้อทางเดินหายใจส่วนบนเฉียบพลัน,50-54,หญิง,25968
มหาสารคาม,โรคติดเชื้อทางเดินหายใจส่วนบนเฉียบพลัน,50-54,ไม่ระบุ,1
มหาสารคาม,โรคติดเชื้อทางเดินหายใจส่วนบนเฉียบพลัน,55-59,ชาย,10342
มหาสารคาม,โรคติดเชื้อทางเดินหายใจส่วนบนเฉียบพลัน,55-59,หญิง,25237
มหาสารคาม,โรคติดเชื้อทางเดินหายใจส่วนบนเฉียบพลัน,60-64,ชาย,10008
มหาสารคาม,โรคติดเชื้อทางเดินหายใจส่วนบนเฉียบพลัน,60-64,หญิง,19402
มหาสารคาม,โรคติดเชื้อทางเดินหายใจส่วนบนเฉียบพลัน,65-69,ชาย,9357
มหาสารคาม,โรคติดเชื้อทางเดินหายใจส่วนบนเฉียบพลัน,65-69,หญิง,14841
มหาสารคาม,โรคติดเชื้อทางเดินหายใจส่วนบนเฉียบพลัน,70-74,ชาย,7831
มหาสารคาม,โรคติดเชื้อทางเดินหายใจส่วนบนเฉียบพลัน,70-74,หญิง,11467
มหาสารคาม,โรคติดเชื้อทางเดินหายใจส่วนบนเฉียบพลัน,75-79,ชาย,5637
มหาสารคาม,โรคติดเชื้อทางเดินหายใจส่วนบนเฉียบพลัน,75-79,หญิง,7303
มหาสารคาม,โรคติดเชื้อทางเดินหายใจส่วนบนเฉียบพลัน,80+,ชาย,4182
มหาสารคาม,โรคติดเชื้อทางเดินหายใจส่วนบนเฉียบพลัน,80+,หญิง,6010
มหาสารคาม,โรคติดเชื้อทางเดินหายใจส่วนบนเฉียบพลัน,ไม่ทราบ,ชาย,28
มหาสารคาม,โรคติดเชื้อทางเดินหายใจส่วนบนเฉียบพลัน,ไม่ทราบ,หญิง,24
มหาสารคาม,โรคติดเชื้อทางเดินหายใจส่วนบนเฉียบพลัน,ไม่ทราบ,ไม่ระบุ,30322
มหาสารคาม,โรคปอดอุดกั้นเรื้อรัง,0-4,ชาย,91
มหาสารคาม,โรคปอดอุดกั้นเรื้อรัง,0-4,หญิง,72
มหาสารคาม,โรคปอดอุดกั้นเรื้อรัง,10-14,ชาย,5
มหาสารคาม,โรคปอดอุดกั้นเรื้อรัง,10-14,หญิง,4
มหาสารคาม,โรคปอดอุดกั้นเรื้อรัง,15-19,ชาย,25
มหาสารคาม,โรคปอดอุดกั้นเรื้อรัง,15-19,หญิง,10
มหาสารคาม,โรคปอดอุดกั้นเรื้อรัง,20-24,ชาย,5
มหาสารคาม,โรคปอดอุดกั้นเรื้อรัง,20-24,หญิง,3
มหาสารคาม,โรคปอดอุดกั้นเรื้อรัง,25-29,ชาย,14
มหาสารคาม,โรคปอดอุดกั้นเรื้อรัง,25-29,หญิง,4
มหาสารคาม,โรคปอดอุดกั้นเรื้อรัง,30-34,ชาย,69
มหาสารคาม,โรคปอดอุดกั้นเรื้อรัง,30-34,หญิง,23
มหาสารคาม,โรคปอดอุดกั้นเรื้อรัง,35-39,ชาย,110
มหาสารคาม,โรคปอดอุดกั้นเรื้อรัง,35-39,หญิง,31
มหาสารคาม,โรคปอดอุดกั้นเรื้อรัง,40-44,ชาย,374
มหาสารคาม,โรคปอดอุดกั้นเรื้อรัง,40-44,หญิง,85
มหาสารคาม,โรคปอดอุดกั้นเรื้อรัง,45-49,ชาย,800
มหาสารคาม,โรคปอดอุดกั้นเรื้อรัง,45-49,หญิง,141
มหาสารคาม,โรคปอดอุดกั้นเรื้อรัง,5-9,ชาย,30
มหาสารคาม,โรคปอดอุดกั้นเรื้อรัง,5-9,หญิง,12
มหาสารคาม,โรคปอดอุดกั้นเรื้อรัง,50-54,ชาย,1702
มหาสารคาม,โรคปอดอุดกั้นเรื้อรัง,50-54,หญิง,279
มหาสารคาม,โรคปอดอุดกั้นเรื้อรัง,55-59,ชาย,3068
มหาสารคาม,โรคปอดอุดกั้นเรื้อรัง,55-59,หญิง,665
มหาสารคาม,โรคปอดอุดกั้นเรื้อรัง,60-64,ชาย,4610
มหาสารคาม,โรคปอดอุดกั้นเรื้อรัง,60-64,หญิง,861
มหาสารคาม,โรคปอดอุดกั้นเรื้อรัง,65-69,ชาย,6208
มหาสารคาม,โรคปอดอุดกั้นเรื้อรัง,65-69,หญิง,1348
มหาสารคาม,โรคปอดอุดกั้นเรื้อรัง,70-74,ชาย,7622
มหาสารคาม,โรคปอดอุดกั้นเรื้อรัง,70-74,หญิง,1663
มหาสารคาม,โรคปอดอุดกั้นเรื้อรัง,75-79,ชาย,6657
มหาสารคาม,โรคปอดอุดกั้นเรื้อรัง,75-79,หญิง,1711
มหาสารคาม,โรคปอดอุดกั้นเรื้อรัง,80+,ชาย,6898
มหาสารคาม,โรคปอดอุดกั้นเรื้อรัง,80+,หญิง,1737
มหาสารคาม,โรคปอดอุดกั้นเรื้อรัง,ไม่ทราบ,ไม่ระบุ,99
มหาสารคาม,โรคผิวหนังอักเสบ,0-4,ชาย,956
มหาสารคาม,โรคผิวหนังอักเสบ,0-4,หญิง,906
มหาสารคาม,โรคผิวหนังอักเสบ,10-14,ชาย,539
มหาสารคาม,โรคผิวหนังอักเสบ,10-14,หญิง,597
มหาสารคาม,โรคผิวหนังอักเสบ,15-19,ชาย,465
มหาสารคาม,โรคผิวหนังอักเสบ,15-19,หญิง,1013
มหาสารคาม,โรคผิวหนังอักเสบ,20-24,ชาย,606
มหาสารคาม,โรคผิวหนังอักเสบ,20-24,หญิง,1320
มหาสารคาม,โรคผิวหนังอักเสบ,25-29,ชาย,466
มหาสารคาม,โรคผิวหนังอักเสบ,25-29,หญิง,764
มหาสารคาม,โรคผิวหนังอักเสบ,30-34,ชาย,479
มหาสารคาม,โรคผิวหนังอักเสบ,30-34,หญิง,825
มหาสารคาม,โรคผิวหนังอักเสบ,35-39,ชาย,470
มหาสารคาม,โรคผิวหนังอักเสบ,35-39,หญิง,844
มหาสารคาม,โรคผิวหนังอักเสบ,40-44,ชาย,640
มหาสารคาม,โรคผิวหนังอักเสบ,40-44,หญิง,1130
มหาสารคาม,โรคผิวหนังอักเสบ,45-49,ชาย,904
มหาสารคาม,โรคผิวหนังอักเสบ,45-49,หญิง,1519
มหาสารคาม,โรคผิวหนังอักเสบ,5-9,ชาย,749
มหาสารคาม,โรคผิวหนังอักเสบ,5-9,หญิง,633
มหาสารคาม,โรคผิวหนังอักเสบ,50-54,ชาย,1002
มหาสารคาม,โรคผิวหนังอักเสบ,50-54,หญิง,1941
มหาสารคาม,โรคผิวหนังอักเสบ,55-59,ชาย,1234
มหาสารคาม,โรคผิวหนังอักเสบ,55-59,หญิง,1849
มหาสารคาม,โรคผิวหนังอักเสบ,60-64,ชาย,1261
มหาสารคาม,โรคผิวหนังอักเสบ,60-64,หญิง,1598
มหาสารคาม,โรคผิวหนังอักเสบ,65-69,ชาย,1284
มหาสารคาม,โรคผิวหนังอักเสบ,65-69,หญิง,1428
มหาสารคาม,โรคผิวหนังอักเสบ,70-74,ชาย,1165
มหาสารคาม,โรคผิวหนังอักเสบ,70-74,หญิง,1159
มหาสารคาม,โรคผิวหนังอักเสบ,75-79,ชาย,859
มหาสารคาม,โรคผิวหนังอักเสบ,75-79,หญิง,761
มหาสารคาม,โรคผิวหนังอักเสบ,80+,ชาย,708
มหาสารคาม,โรคผิวหนังอักเสบ,80+,หญิง,758
มหาสารคาม,โรคผิวหนังอักเสบ,ไม่ทราบ,ไม่ระบุ,703
มหาสารคาม,โรคลมพิษ,0-4,ชาย,1623
มหาสารคาม,โรคลมพิษ,0-4,หญิง,1486
มหาสารคาม,โรคลมพิษ,10-14,ชาย,1107
มหาสารคาม,โรคลมพิษ,10-14,หญิง,1152
มหาสารคาม,โรคลมพิษ,15-19,ชาย,917
มหาสารคาม,โรคลมพิษ,15-19,หญิง,1614
มหาสารคาม,โรคลมพิษ,20-24,ชาย,706
มหาสารคาม,โรคลมพิษ,20-24,หญิง,1612
มหาสารคาม,โรคลมพิษ,20-24,ไม่ระบุ,1
มหาสารคาม,โรคลมพิษ,25-29,ชาย,529
มหาสารคาม,โรคลมพิษ,25-29,หญิง,998
มหาสารคาม,โรคลมพิษ,30-34,ชาย,452
มหาสารคาม,โรคลมพิษ,30-34,หญิง,1029
มหาสารคาม,โรคลมพิษ,35-39,ชาย,416
มหาสารคาม,โรคลมพิษ,35-39,หญิง,996
มหาสารคาม,โรคลมพิษ,40-44,ชาย,505
มหาสารคาม,โรคลมพิษ,40-44,หญิง,1168
มหาสารคาม,โรคลมพิษ,45-49,ชาย,654
มหาสารคาม,โรคลมพิษ,45-49,หญิง,1601
มหาสารคาม,โรคลมพิษ,45-49,ไม่ระบุ,1
มหาสารคาม,โรคลมพิษ,5-9,ชาย,1507
มหาสารคาม,โรคลมพิษ,5-9,หญิง,1199
มหาสารคาม,โรคลมพิษ,50-54,ชาย,675
มหาสารคาม,โรคลมพิษ,50-54,หญิง,1810
มหาสารคาม,โรคลมพิษ,50-54,ไม่ระบุ,2
มหาสารคาม,โรคลมพิษ,55-59,ชาย,779
มหาสารคาม,โรคลมพิษ,55-59,หญิง,1527
มหาสารคาม,โรคลมพิษ,60-64,ชาย,717
มหาสารคาม,โรคลมพิษ,60-64,หญิง,1312
มหาสารคาม,โรคลมพิษ,65-69,ชาย,691
มหาสารคาม,โรคลมพิษ,65-69,หญิง,1100
มหาสารคาม,โรคลมพิษ,70-74,ชาย,594
มหาสารคาม,โรคลมพิษ,70-74,หญิง,890
มหาสารคาม,โรคลมพิษ,75-79,ชาย,390
มหาสารคาม,โรคลมพิษ,75-79,หญิง,595
มหาสารคาม,โรคลมพิษ,80+,ชาย,291
มหาสารคาม,โรคลมพิษ,80+,หญิง,540
มหาสารคาม,โรคลมพิษ,ไม่ทราบ,ชาย,1
มหาสารคาม,โรคลมพิษ,ไม่ทราบ,ไม่ระบุ,904
มหาสารคาม,โรคหอบหืด,0-4,ชาย,8681
มหาสารคาม,โรคหอบหืด,0-4,หญิง,4403
มหาสารคาม,โรคหอบหืด,10-14,ชาย,4884
มหาสารคาม,โรคหอบหืด,10-14,หญิง,2352
มหาสารคาม,โรคหอบหืด,15-19,ชาย,939
มหาสารคาม,โรคหอบหืด,15-19,หญิง,901
มหาสารคาม,โรคหอบหืด,20-24,ชาย,556
มหาสารคาม,โรคหอบหืด,20-24,หญิง,676
มหาสารคาม,โรคหอบหืด,25-29,ชาย,424
มหาสารคาม,โรคหอบหืด,25-29,หญิง,634
มหาสารคาม,โรคหอบหืด,30-34,ชาย,475
มหาสารคาม,โรคหอบหืด,30-34,หญิง,922
มหาสารคาม,โรคหอบหืด,35-39,ชาย,617
มหาสารคาม,โรคหอบหืด,35-39,หญิง,1151
มหาสารคาม,โรคหอบหืด,40-44,ชาย,810
มหาสารคาม,โรคหอบหืด,40-44,หญิง,1642
มหาสารคาม,โรคหอบหืด,45-49,ชาย,1082
มหาสารคาม,โรคหอบหืด,45-49,หญิง,2769
มหาสารคาม,โรคหอบหืด,5-9,ชาย,11743
มหาสารคาม,โรคหอบหืด,5-9,หญิง,6699
มหาสารคาม,โรคหอบหืด,50-54,ชาย,1469
มหาสารคาม,โรคหอบหืด,50-54,หญิง,4400
มหาสารคาม,โรคหอบหืด,55-59,ชาย,1680
มหาสารคาม,โรคหอบหืด,55-59,หญิง,4970
มหาสารคาม,โรคหอบหืด,60-64,ชาย,1683
มหาสารคาม,โรคหอบหืด,60-64,หญิง,4530
มหาสารคาม,โรคหอบหืด,65-69,ชาย,1608
มหาสารคาม,โรคหอบหืด,65-69,หญิง,5044
มหาสารคาม,โรคหอบหืด,70-74,ชาย,1263
มหาสารคาม,โรคหอบหืด,70-74,หญิง,3889
มหาสารคาม,โรคหอบหืด,75-79,ชาย,1121
มหาสารคาม,โรคหอบหืด,75-79,หญิง,2950
มหาสารคาม,โรคหอบหืด,80+,ชาย,717
มหาสารคาม,โรคหอบหืด,80+,หญิง,2017
มหาสารคาม,โรคหอบหืด,ไม่ทราบ,หญิง,1
มหาสารคาม,โรคหอบหืด,ไม่ทราบ,ไม่ระบุ,526
มหาสารคาม,โรคเยื่อจมูกอักเสบจากภูมิแพ้,0-4,ชาย,868
มหาสารคาม,โรคเยื่อจมูกอักเสบจากภูมิแพ้,0-4,หญิง,727
มหาสารคาม,โรคเยื่อจมูกอักเสบจากภูมิแพ้,10-14,ชาย,1135
มหาสารคาม,โรคเยื่อจมูกอักเสบจากภูมิแพ้,10-14,หญิง,746
มหาสารคาม,โรคเยื่อจมูกอักเสบจากภูมิแพ้,15-19,ชาย,637
มหาสารคาม,โรคเยื่อจมูกอักเสบจากภูมิแพ้,15-19,หญิง,902
มหาสารคาม,โรคเยื่อจมูกอักเสบจากภูมิแพ้,20-24,ชาย,555
มหาสารคาม,โรคเยื่อจมูกอักเสบจากภูมิแพ้,20-24,หญิง,1248
มหาสารคาม,โรคเยื่อจมูกอักเสบจากภูมิแพ้,25-29,ชาย,392
มหาสารคาม,โรคเยื่อจมูกอักเสบจากภูมิแพ้,25-29,หญิง,867
มหาสารคาม,โรคเยื่อจมูกอักเสบจากภูมิแพ้,30-34,ชาย,386
มหาสารคาม,โรคเยื่อจมูกอักเสบจากภูมิแพ้,30-34,หญิง,1063
มหาสารคาม,โรคเยื่อจมูกอักเสบจากภูมิแพ้,35-39,ชาย,440
มหาสารคาม,โรคเยื่อจมูกอักเสบจากภูมิแพ้,35-39,หญิง,1043
มหาสารคาม,โรคเยื่อจมูกอักเสบจากภูมิแพ้,40-44,ชาย,439
มหาสารคาม,โรคเยื่อจมูกอักเสบจากภูมิแพ้,40-44,หญิง,1003
มหาสารคาม,โรคเยื่อจมูกอักเสบจากภูมิแพ้,45-49,ชาย,428
มหาสารคาม,โรคเยื่อจมูกอักเสบจากภูมิแพ้,45-49,หญิง,1239
มหาสารคาม,โรคเยื่อจมูกอักเสบจากภูมิแพ้,5-9,ชาย,1781
มหาสารคาม,โรคเยื่อจมูกอักเสบจากภูมิแพ้,5-9,หญิง,1105
มหาสารคาม,โรคเยื่อจมูกอักเสบจากภูมิแพ้,50-54,ชาย,436
มหาสารคาม,โรคเยื่อจมูกอักเสบจากภูมิแพ้,50-54,หญิง,1243
มหาสารคาม,โรคเยื่อจมูกอักเสบจากภูมิแพ้,55-59,ชาย,588
มหาสารคาม,โรคเยื่อจมูกอักเสบจากภูมิแพ้,55-59,หญิง,1272
มหาสารคาม,โรคเยื่อจมูกอักเสบจากภูมิแพ้,60-64,ชาย,573
มหาสารคาม,โรคเยื่อจมูกอักเสบจากภูมิแพ้,60-64,หญิง,875
มหาสารคาม,โรคเยื่อจมูกอักเสบจากภูมิแพ้,65-69,ชาย,450
มหาสารคาม,โรคเยื่อจมูกอักเสบจากภูมิแพ้,65-69,หญิง,604
มหาสารคาม,โรคเยื่อจมูกอักเสบจากภูมิแพ้,70-74,ชาย,367
มหาสารคาม,โรคเยื่อจมูกอักเสบจากภูมิแพ้,70-74,หญิง,504
มหาสารคาม,โรคเยื่อจมูกอักเสบจากภูมิแพ้,75-79,ชาย,230
มหาสารคาม,โรคเยื่อจมูกอักเสบจากภูมิแพ้,75-79,หญิง,252
มหาสารคาม,โรคเยื่อจมูกอักเสบจากภูมิแพ้,80+,ชาย,139
มหาสารคาม,โรคเยื่อจมูกอักเสบจากภูมิแพ้,80+,หญิง,90
มหาสารคาม,โรคเยื่อจมูกอักเสบจากภูมิแพ้,ไม่ทราบ,ไม่ระบุ,264
มหาสารคาม,โรคเยื่อบุตาอักเสบ,0-4,ชาย,1473
มหาสารคาม,โรคเยื่อบุตาอักเสบ,0-4,หญิง,1126
มหาสารคาม,โรคเยื่อบุตาอักเสบ,10-14,ชาย,1195
มหาสารคาม,โรคเยื่อบุตาอักเสบ,10-14,หญิง,1160
มหาสารคาม,โรคเยื่อบุตาอักเสบ,15-19,ชาย,1299
มหาสารคาม,โรคเยื่อบุตาอักเสบ,15-19,หญิง,1974
มหาสารคาม,โรคเยื่อบุตาอักเสบ,20-24,ชาย,1176
มหาสารคาม,โรคเยื่อบุตาอักเสบ,20-24,หญิง,1733
มหาสารคาม,โรคเยื่อบุตาอักเสบ,25-29,ชาย,1013
มหาสารคาม,โรคเยื่อบุตาอักเสบ,25-29,หญิง,1112
มหาสารคาม,โรคเยื่อบุตาอักเสบ,30-34,ชาย,1061
มหาสารคาม,โรคเยื่อบุตาอักเสบ,30-34,หญิง,1283
มหาสารคาม,โรคเยื่อบุตาอักเสบ,35-39,ชาย,1215
มหาสารคาม,โรคเยื่อบุตาอักเสบ,35-39,หญิง,1435
มหาสารคาม,โรคเยื่อบุตาอักเสบ,40-44,ชาย,1489
มหาสารคาม,โรคเยื่อบุตาอักเสบ,40-44,หญิง,1715
มหาสารคาม,โรคเยื่อบุตาอักเสบ,45-49,ชาย,1857
มหาสารคาม,โรคเยื่อบุตาอักเสบ,45-49,หญิง,2625
มหาสารคาม,โรคเยื่อบุตาอักเสบ,5-9,ชาย,1520
มหาสารคาม,โรคเยื่อบุตาอักเสบ,5-9,หญิง,1105
มหาสารคาม,โรคเยื่อบุตาอักเสบ,50-54,ชาย,2226
มหาสารคาม,โรคเยื่อบุตาอักเสบ,50-54,หญิง,3939
มหาสารคาม,โรคเยื่อบุตาอักเสบ,55-59,ชาย,2333
มหาสารคาม,โรคเยื่อบุตาอักเสบ,55-59,หญิง,4286
มหาสารคาม,โรคเยื่อบุตาอักเสบ,60-64,ชาย,2305
มหาสารคาม,โรคเยื่อบุตาอักเสบ,60-64,หญิง,3578
มหาสารคาม,โรคเยื่อบุตาอักเสบ,65-69,ชาย,1973
มหาสารคาม,โรคเยื่อบุตาอักเสบ,65-69,หญิง,3060
มหาสารคาม,โรคเยื่อบุตาอักเสบ,70-74,ชาย,1912
มหาสารคาม,โรคเยื่อบุตาอักเสบ,70-74,หญิง,2660
มหาสารคาม,โรคเยื่อบุตาอักเสบ,75-79,ชาย,1299
มหาสารคาม,โรคเยื่อบุตาอักเสบ,75-79,หญิง,1610
มหาสารคาม,โรคเยื่อบุตาอักเสบ,80+,ชาย,866
มหาสารคาม,โรคเยื่อบุตาอักเสบ,80+,หญิง,1392
มหาสารคาม,โรคเยื่อบุตาอักเสบ,ไม่ทราบ,ไม่ระบุ,2801
มุกดาหาร,โรคติดเชื้อทางเดินหายใจส่วนบนเฉียบพลัน,0-4,ชาย,30832
มุกดาหาร,โรคติดเชื้อทางเดินหายใจส่วนบนเฉียบพลัน,0-4,หญิง,27731
มุกดาหาร,โรคติดเชื้อทางเดินหายใจส่วนบนเฉียบพลัน,10-14,ชาย,12875
มุกดาหาร,โรคติดเชื้อทางเดินหายใจส่วนบนเฉียบพลัน,10-14,หญิง,11678
มุกดาหาร,โรคติดเชื้อทางเดินหายใจส่วนบนเฉียบพลัน,15-19,ชาย,5663
มุกดาหาร,โรคติดเชื้อทางเดินหายใจส่วนบนเฉียบพลัน,15-19,หญิง,7409
มุกดาหาร,โรคติดเชื้อทางเดินหายใจส่วนบนเฉียบพลัน,20-24,ชาย,4147
มุกดาหาร,โรคติดเชื้อทางเดินหายใจส่วนบนเฉียบพลัน,20-24,หญิง,5214
มุกดาหาร,โรคติดเชื้อทางเดินหายใจส่วนบนเฉียบพลัน,25-29,ชาย,5433
มุกดาหาร,โรคติดเชื้อทางเดินหายใจส่วนบนเฉียบพลัน,25-29,หญิง,6579
มุกดาหาร,โรคติดเชื้อทางเดินหายใจส่วนบนเฉียบพลัน,30-34,ชาย,4659
มุกดาหาร,โรคติดเชื้อทางเดินหายใจส่วนบนเฉียบพลัน,30-34,หญิง,6726
มุกดาหาร,โรคติดเชื้อทางเดินหายใจส่วนบนเฉียบพลัน,35-39,ชาย,4560
มุกดาหาร,โรคติดเชื้อทางเดินหายใจส่วนบนเฉียบพลัน,35-39,หญิง,7016
มุกดาหาร,โรคติดเชื้อทางเดินหายใจส่วนบนเฉียบพลัน,40-44,ชาย,4624
มุกดาหาร,โรคติดเชื้อทางเดินหายใจส่วนบนเฉียบพลัน,40-44,หญิง,7617
มุกดาหาร,โรคติดเชื้อทางเดินหายใจส่วนบนเฉียบพลัน,45-49,ชาย,4398
มุกดาหาร,โรคติดเชื้อทางเดินหายใจส่วนบนเฉียบพลัน,45-49,หญิง,8392
มุกดาหาร,โรคติดเชื้อทางเดินหายใจส่วนบนเฉียบพลัน,5-9,ชาย,23059
มุกดาหาร,โรคติดเชื้อทางเดินหายใจส่วนบนเฉียบพลัน,5-9,หญิง,22132
มุกดาหาร,โรคติดเชื้อทางเดินหายใจส่วนบนเฉียบพลัน,50-54,ชาย,4472
มุกดาหาร,โรคติดเชื้อทางเดินหายใจส่วนบนเฉียบพลัน,50-54,หญิง,9515
มุกดาหาร,โรคติดเชื้อทางเดินหายใจส่วนบนเฉียบพลัน,55-59,ชาย,4488
มุกดาหาร,โรคติดเชื้อทางเดินหายใจส่วนบนเฉียบพลัน,55-59,หญิง,8937
มุกดาหาร,โรคติดเชื้อทางเดินหายใจส่วนบนเฉียบพลัน,60-64,ชาย,3683
มุกดาหาร,โรคติดเชื้อทางเดินหายใจส่วนบนเฉียบพลัน,60-64,หญิง,6914
มุกดาหาร,โรคติดเชื้อทางเดินหายใจส่วนบนเฉียบพลัน,65-69,ชาย,3247
มุกดาหาร,โรคติดเชื้อทางเดินหายใจส่วนบนเฉียบพลัน,65-69,หญิง,5005
มุกดาหาร,โรคติดเชื้อทางเดินหายใจส่วนบนเฉียบพลัน,70-74,ชาย,2565
มุกดาหาร,โรคติดเชื้อทางเดินหายใจส่วนบนเฉียบพลัน,70-74,หญิง,3301
มุกดาหาร,โรคติดเชื้อทางเดินหายใจส่วนบนเฉียบพลัน,75-79,ชาย,1551
มุกดาหาร,โรคติดเชื้อทางเดินหายใจส่วนบนเฉียบพลัน,75-79,หญิง,2069
มุกดาหาร,โรคติดเชื้อทางเดินหายใจส่วนบนเฉียบพลัน,80+,ชาย,1299
มุกดาหาร,โรคติดเชื้อทางเดินหายใจส่วนบนเฉียบพลัน,80+,หญิง,1839
มุกดาหาร,โรคติดเชื้อทางเดินหายใจส่วนบนเฉียบพลัน,ไม่ทราบ,ชาย,11
มุกดาหาร,โรคติดเชื้อทางเดินหายใจส่วนบนเฉียบพลัน,ไม่ทราบ,หญิง,15
มุกดาหาร,โรคติดเชื้อทางเดินหายใจส่วนบนเฉียบพลัน,ไม่ทราบ,ไม่ระบุ,268
มุกดาหาร,โรคปอดอุดกั้นเรื้อรัง,0-4,ชาย,14
มุกดาหาร,โรคปอดอุดกั้นเรื้อรัง,0-4,หญิง,14
มุกดาหาร,โรคปอดอุดกั้นเรื้อรัง,10-14,ชาย,12
มุกดาหาร,โรคปอดอุดกั้นเรื้อรัง,15-19,ชาย,13
มุกดาหาร,โรคปอดอุดกั้นเรื้อรัง,15-19,หญิง,3
มุกดาหาร,โรคปอดอุดกั้นเรื้อรัง,20-24,ชาย,15
มุกดาหาร,โรคปอดอุดกั้นเรื้อรัง,20-24,หญิง,1
มุกดาหาร,โรคปอดอุดกั้นเรื้อรัง,25-29,ชาย,25
มุกดาหาร,โรคปอดอุดกั้นเรื้อรัง,25-29,หญิง,4
มุกดาหาร,โรคปอดอุดกั้นเรื้อรัง,30-34,ชาย,32
มุกดาหาร,โรคปอดอุดกั้นเรื้อรัง,30-34,หญิง,20
มุกดาหาร,โรคปอดอุดกั้นเรื้อรัง,35-39,ชาย,127
มุกดาหาร,โรคปอดอุดกั้นเรื้อรัง,35-39,หญิง,14
มุกดาหาร,โรคปอดอุดกั้นเรื้อรัง,40-44,ชาย,269
มุกดาหาร,โรคปอดอุดกั้นเรื้อรัง,40-44,หญิง,49
มุกดาหาร,โรคปอดอุดกั้นเรื้อรัง,45-49,ชาย,476
มุกดาหาร,โรคปอดอุดกั้นเรื้อรัง,45-49,หญิง,155
มุกดาหาร,โรคปอดอุดกั้นเรื้อรัง,5-9,ชาย,21
มุกดาหาร,โรคปอดอุดกั้นเรื้อรัง,5-9,หญิง,2
มุกดาหาร,โรคปอดอุดกั้นเรื้อรัง,50-54,ชาย,985
มุกดาหาร,โรคปอดอุดกั้นเรื้อรัง,50-54,หญิง,154
มุกดาหาร,โรคปอดอุดกั้นเรื้อรัง,55-59,ชาย,1482
มุกดาหาร,โรคปอดอุดกั้นเรื้อรัง,55-59,หญิง,312
มุกดาหาร,โรคปอดอุดกั้นเรื้อรัง,60-64,ชาย,2051
มุกดาหาร,โรคปอดอุดกั้นเรื้อรัง,60-64,หญิง,493
มุกดาหาร,โรคปอดอุดกั้นเรื้อรัง,65-69,ชาย,2339
มุกดาหาร,โรคปอดอุดกั้นเรื้อรัง,65-69,หญิง,861
มุกดาหาร,โรคปอดอุดกั้นเรื้อรัง,70-74,ชาย,2611
มุกดาหาร,โรคปอดอุดกั้นเรื้อรัง,70-74,หญิง,943
มุกดาหาร,โรคปอดอุดกั้นเรื้อรัง,75-79,ชาย,2399
มุกดาหาร,โรคปอดอุดกั้นเรื้อรัง,75-79,หญิง,819
มุกดาหาร,โรคปอดอุดกั้นเรื้อรัง,80+,ชาย,2745
มุกดาหาร,โรคปอดอุดกั้นเรื้อรัง,80+,หญิง,911
มุกดาหาร,โรคปอดอุดกั้นเรื้อรัง,ไม่ทราบ,ไม่ระบุ,34
มุกดาหาร,โรคผิวหนังอักเสบ,0-4,ชาย,489
มุกดาหาร,โรคผิวหนังอักเสบ,0-4,หญิง,414
มุกดาหาร,โรคผิวหนังอักเสบ,10-14,ชาย,304
มุกดาหาร,โรคผิวหนังอักเสบ,10-14,หญิง,259
มุกดาหาร,โรคผิวหนังอักเสบ,15-19,ชาย,132
มุกดาหาร,โรคผิวหนังอักเสบ,15-19,หญิง,251
มุกดาหาร,โรคผิวหนังอักเสบ,20-24,ชาย,146
มุกดาหาร,โรคผิวหนังอักเสบ,20-24,หญิง,166
มุกดาหาร,โรคผิวหนังอักเสบ,25-29,ชาย,185
มุกดาหาร,โรคผิวหนังอักเสบ,25-29,หญิง,237
มุกดาหาร,โรคผิวหนังอักเสบ,30-34,ชาย,187
มุกดาหาร,โรคผิวหนังอักเสบ,30-34,หญิง,251
มุกดาหาร,โรคผิวหนังอักเสบ,35-39,ชาย,175
มุกดาหาร,โรคผิวหนังอักเสบ,35-39,หญิง,266
มุกดาหาร,โรคผิวหนังอักเสบ,40-44,ชาย,271
มุกดาหาร,โรคผิวหนังอักเสบ,40-44,หญิง,382
มุกดาหาร,โรคผิวหนังอักเสบ,45-49,ชาย,279
มุกดาหาร,โรคผิวหนังอักเสบ,45-49,หญิง,469
มุกดาหาร,โรคผิวหนังอักเสบ,5-9,ชาย,406
มุกดาหาร,โรคผิวหนังอักเสบ,5-9,หญิง,337
มุกดาหาร,โรคผิวหนังอักเสบ,50-54,ชาย,310
มุกดาหาร,โรคผิวหนังอักเสบ,50-54,หญิง,555
มุกดาหาร,โรคผิวหนังอักเสบ,55-59,ชาย,326
มุกดาหาร,โรคผิวหนังอักเสบ,55-59,หญิง,549
มุกดาหาร,โรคผิวหนังอักเสบ,60-64,ชาย,330
มุกดาหาร,โรคผิวหนังอักเสบ,60-64,หญิง,418
มุกดาหาร,โรคผิวหนังอักเสบ,65-69,ชาย,289
มุกดาหาร,โรคผิวหนังอักเสบ,65-69,หญิง,343
มุกดาหาร,โรคผิวหนังอักเสบ,70-74,ชาย,320
มุกดาหาร,โรคผิวหนังอักเสบ,70-74,หญิง,214
มุกดาหาร,โรคผิวหนังอักเสบ,75-79,ชาย,193
มุกดาหาร,โรคผิวหนังอักเสบ,75-79,หญิง,176
มุกดาหาร,โรคผิวหนังอักเสบ,80+,ชาย,151
มุกดาหาร,โรคผิวหนังอักเสบ,80+,หญิง,144
มุกดาหาร,โรคผิวหนังอักเสบ,ไม่ทราบ,ไม่ระบุ,21
มุกดาหาร,โรคลมพิษ,0-4,ชาย,582
มุกดาหาร,โรคลมพิษ,0-4,หญิง,519
มุกดาหาร,โรคลมพิษ,10-14,ชาย,429
มุกดาหาร,โรคลมพิษ,10-14,หญิง,422
มุกดาหาร,โรคลมพิษ,15-19,ชาย,312
มุกดาหาร,โรคลมพิษ,15-19,หญิง,505
มุกดาหาร,โรคลมพิษ,20-24,ชาย,191
มุกดาหาร,โรคลมพิษ,20-24,หญิง,351
มุกดาหาร,โรคลมพิษ,25-29,ชาย,215
มุกดาหาร,โรคลมพิษ,25-29,หญิง,394
มุกดาหาร,โรคลมพิษ,30-34,ชาย,212
มุกดาหาร,โรคลมพิษ,30-34,หญิง,418
มุกดาหาร,โรคลมพิษ,35-39,ชาย,171
มุกดาหาร,โรคลมพิษ,35-39,หญิง,464
มุกดาหาร,โรคลมพิษ,40-44,ชาย,186
มุกดาหาร,โรคลมพิษ,40-44,หญิง,460
มุกดาหาร,โรคลมพิษ,45-49,ชาย,235
มุกดาหาร,โรคลมพิษ,45-49,หญิง,604
มุกดาหาร,โรคลมพิษ,5-9,ชาย,514
มุกดาหาร,โรคลมพิษ,5-9,หญิง,478
มุกดาหาร,โรคลมพิษ,50-54,ชาย,212
มุกดาหาร,โรคลมพิษ,50-54,หญิง,616
มุกดาหาร,โรคลมพิษ,55-59,ชาย,248
มุกดาหาร,โรคลมพิษ,55-59,หญิง,496
มุกดาหาร,โรคลมพิษ,60-64,ชาย,218
มุกดาหาร,โรคลมพิษ,60-64,หญิง,355
มุกดาหาร,โรคลมพิษ,65-69,ชาย,182
มุกดาหาร,โรคลมพิษ,65-69,หญิง,257
มุกดาหาร,โรคลมพิษ,70-74,ชาย,165
มุกดาหาร,โรคลมพิษ,70-74,หญิง,191
มุกดาหาร,โรคลมพิษ,75-79,ชาย,105
มุกดาหาร,โรคลมพิษ,75-79,หญิง,127
มุกดาหาร,โรคลมพิษ,80+,ชาย,74
มุกดาหาร,โรคลมพิษ,80+,หญิง,105
มุกดาหาร,โรคลมพิษ,ไม่ทราบ,ชาย,1
มุกดาหาร,โรคลมพิษ,ไม่ทราบ,หญิง,1
มุกดาหาร,โรคลมพิษ,ไม่ทราบ,ไม่ระบุ,25
มุกดาหาร,โรคหอบหืด,0-4,ชาย,2079
มุกดาหาร,โรคหอบหืด,0-4,หญิง,1136
มุกดาหาร,โรคหอบหืด,10-14,ชาย,1516
มุกดาหาร,โรคหอบหืด,10-14,หญิง,714
มุกดาหาร,โรคหอบหืด,15-19,ชาย,404
มุกดาหาร,โรคหอบหืด,15-19,หญิง,275
มุกดาหาร,โรคหอบหืด,20-24,ชาย,226
มุกดาหาร,โรคหอบหืด,20-24,หญิง,196
มุกดาหาร,โรคหอบหืด,25-29,ชาย,188
มุกดาหาร,โรคหอบหืด,25-29,หญิง,212
มุกดาหาร,โรคหอบหืด,30-34,ชาย,204
มุกดาหาร,โรคหอบหืด,30-34,หญิง,387
มุกดาหาร,โรคหอบหืด,35-39,ชาย,332
มุกดาหาร,โรคหอบหืด,35-39,หญิง,597
มุกดาหาร,โรคหอบหืด,40-44,ชาย,434
มุกดาหาร,โรคหอบหืด,40-44,หญิง,949
มุกดาหาร,โรคหอบหืด,45-49,ชาย,304
มุกดาหาร,โรคหอบหืด,45-49,หญิง,1189
มุกดาหาร,โรคหอบหืด,5-9,ชาย,2974
มุกดาหาร,โรคหอบหืด,5-9,หญิง,1738
มุกดาหาร,โรคหอบหืด,50-54,ชาย,497
มุกดาหาร,โรคหอบหืด,50-54,หญิง,1454
มุกดาหาร,โรคหอบหืด,55-59,ชาย,509
มุกดาหาร,โรคหอบหืด,55-59,หญิง,1582
มุกดาหาร,โรคหอบหืด,60-64,ชาย,517
มุกดาหาร,โรคหอบหืด,60-64,หญิง,1538
มุกดาหาร,โรคหอบหืด,65-69,ชาย,477
มุกดาหาร,โรคหอบหืด,65-69,หญิง,1180
มุกดาหาร,โรคหอบหืด,70-74,ชาย,238
มุกดาหาร,โรคหอบหืด,70-74,หญิง,1106
มุกดาหาร,โรคหอบหืด,75-79,ชาย,196
มุกดาหาร,โรคหอบหืด,75-79,หญิง,628
มุกดาหาร,โรคหอบหืด,80+,ชาย,168
มุกดาหาร,โรคหอบหืด,80+,หญิง,603
มุกดาหาร,โรคหอบหืด,ไม่ทราบ,ชาย,5
มุกดาหาร,โรคหอบหืด,ไม่ทราบ,ไม่ระบุ,17
มุกดาหาร,โรคเยื่อจมูกอักเสบจากภูมิแพ้,0-4,ชาย,321
มุกดาหาร,โรคเยื่อจมูกอักเสบจากภูมิแพ้,0-4,หญิง,250
มุกดาหาร,โรคเยื่อจมูกอักเสบจากภูมิแพ้,10-14,ชาย,514
มุกดาหาร,โรคเยื่อจมูกอักเสบจากภูมิแพ้,10-14,หญิง,283
มุกดาหาร,โรคเยื่อจมูกอักเสบจากภูมิแพ้,15-19,ชาย,144
มุกดาหาร,โรคเยื่อจมูกอักเสบจากภูมิแพ้,15-19,หญิง,217
มุกดาหาร,โรคเยื่อจมูกอักเสบจากภูมิแพ้,20-24,ชาย,99
มุกดาหาร,โรคเยื่อจมูกอักเสบจากภูมิแพ้,20-24,หญิง,224
มุกดาหาร,โรคเยื่อจมูกอักเสบจากภูมิแพ้,25-29,ชาย,196
มุกดาหาร,โรคเยื่อจมูกอักเสบจากภูมิแพ้,25-29,หญิง,295
มุกดาหาร,โรคเยื่อจมูกอักเสบจากภูมิแพ้,30-34,ชาย,148
มุกดาหาร,โรคเยื่อจมูกอักเสบจากภูมิแพ้,30-34,หญิง,328
มุกดาหาร,โรคเยื่อจมูกอักเสบจากภูมิแพ้,35-39,ชาย,134
มุกดาหาร,โรคเยื่อจมูกอักเสบจากภูมิแพ้,35-39,หญิง,379
มุกดาหาร,โรคเยื่อจมูกอักเสบจากภูมิแพ้,40-44,ชาย,136
มุกดาหาร,โรคเยื่อจมูกอักเสบจากภูมิแพ้,40-44,หญิง,347
มุกดาหาร,โรคเยื่อจมูกอักเสบจากภูมิแพ้,45-49,ชาย,146
มุกดาหาร,โรคเยื่อจมูกอักเสบจากภูมิแพ้,45-49,หญิง,330
มุกดาหาร,โรคเยื่อจมูกอักเสบจากภูมิแพ้,5-9,ชาย,765
มุกดาหาร,โรคเยื่อจมูกอักเสบจากภูมิแพ้,5-9,หญิง,499
มุกดาหาร,โรคเยื่อจมูกอักเสบจากภูมิแพ้,50-54,ชาย,117
มุกดาหาร,โรคเยื่อจมูกอักเสบจากภูมิแพ้,50-54,หญิง,363
มุกดาหาร,โรคเยื่อจมูกอักเสบจากภูมิแพ้,55-59,ชาย,138
มุกดาหาร,โรคเยื่อจมูกอักเสบจากภูมิแพ้,55-59,หญิง,273
มุกดาหาร,โรคเยื่อจมูกอักเสบจากภูมิแพ้,60-64,ชาย,156
มุกดาหาร,โรคเยื่อจมูกอักเสบจากภูมิแพ้,60-64,หญิง,190
มุกดาหาร,โรคเยื่อจมูกอักเสบจากภูมิแพ้,65-69,ชาย,171
มุกดาหาร,โรคเยื่อจมูกอักเสบจากภูมิแพ้,65-69,หญิง,144
มุกดาหาร,โรคเยื่อจมูกอักเสบจากภูมิแพ้,70-74,ชาย,88
มุกดาหาร,โรคเยื่อจมูกอักเสบจากภูมิแพ้,70-74,หญิง,95
มุกดาหาร,โรคเยื่อจมูกอักเสบจากภูมิแพ้,75-79,ชาย,53
มุกดาหาร,โรคเยื่อจมูกอักเสบจากภูมิแพ้,75-79,หญิง,62
มุกดาหาร,โรคเยื่อจมูกอักเสบจากภูมิแพ้,80+,ชาย,38
มุกดาหาร,โรคเยื่อจมูกอักเสบจากภูมิแพ้,80+,หญิง,21
มุกดาหาร,โรคเยื่อจมูกอักเสบจากภูมิแพ้,ไม่ทราบ,ไม่ระบุ,34
มุกดาหาร,โรคเยื่อบุตาอักเสบ,0-4,ชาย,621
มุกดาหาร,โรคเยื่อบุตาอักเสบ,0-4,หญิง,451
มุกดาหาร,โรคเยื่อบุตาอักเสบ,10-14,ชาย,526
มุกดาหาร,โรคเยื่อบุตาอักเสบ,10-14,หญิง,563
มุกดาหาร,โรคเยื่อบุตาอักเสบ,15-19,ชาย,432
มุกดาหาร,โรคเยื่อบุตาอักเสบ,15-19,หญิง,601
มุกดาหาร,โรคเยื่อบุตาอักเสบ,20-24,ชาย,345
มุกดาหาร,โรคเยื่อบุตาอักเสบ,20-24,หญิง,421
มุกดาหาร,โรคเยื่อบุตาอักเสบ,25-29,ชาย,457
มุกดาหาร,โรคเยื่อบุตาอักเสบ,25-29,หญิง,524
มุกดาหาร,โรคเยื่อบุตาอักเสบ,30-34,ชาย,470
มุกดาหาร,โรคเยื่อบุตาอักเสบ,30-34,หญิง,616
มุกดาหาร,โรคเยื่อบุตาอักเสบ,35-39,ชาย,558
มุกดาหาร,โรคเยื่อบุตาอักเสบ,35-39,หญิง,639
มุกดาหาร,โรคเยื่อบุตาอักเสบ,40-44,ชาย,639
มุกดาหาร,โรคเยื่อบุตาอักเสบ,40-44,หญิง,878
มุกดาหาร,โรคเยื่อบุตาอักเสบ,45-49,ชาย,703
มุกดาหาร,โรคเยื่อบุตาอักเสบ,45-49,หญิง,1153
มุกดาหาร,โรคเยื่อบุตาอักเสบ,5-9,ชาย,630
มุกดาหาร,โรคเยื่อบุตาอักเสบ,5-9,หญิง,441
มุกดาหาร,โรคเยื่อบุตาอักเสบ,50-54,ชาย,889
มุกดาหาร,โรคเยื่อบุตาอักเสบ,50-54,หญิง,1432
มุกดาหาร,โรคเยื่อบุตาอักเสบ,55-59,ชาย,794
มุกดาหาร,โรคเยื่อบุตาอักเสบ,55-59,หญิง,1269
มุกดาหาร,โรคเยื่อบุตาอักเสบ,60-64,ชาย,630
มุกดาหาร,โรคเยื่อบุตาอักเสบ,60-64,หญิง,1215
มุกดาหาร,โรคเยื่อบุตาอักเสบ,65-69,ชาย,575
มุกดาหาร,โรคเยื่อบุตาอักเสบ,65-69,หญิง,867
มุกดาหาร,โรคเยื่อบุตาอักเสบ,70-74,ชาย,470
มุกดาหาร,โรคเยื่อบุตาอักเสบ,70-74,หญิง,556
มุกดาหาร,โรคเยื่อบุตาอักเสบ,75-79,ชาย,314
มุกดาหาร,โรคเยื่อบุตาอักเสบ,75-79,หญิง,462
มุกดาหาร,โรคเยื่อบุตาอักเสบ,80+,ชาย,317
มุกดาหาร,โรคเยื่อบุตาอักเสบ,80+,หญิง,412
มุกดาหาร,โรคเยื่อบุตาอักเสบ,ไม่ทราบ,ไม่ระบุ,20
ยะลา,โรคติดเชื้อทางเดินหายใจส่วนบนเฉียบพลัน,0-4,ชาย,62797
ยะลา,โรคติดเชื้อทางเดินหายใจส่วนบนเฉียบพลัน,0-4,หญิง,57183
ยะลา,โรคติดเชื้อทางเดินหายใจส่วนบนเฉียบพลัน,10-14,ชาย,18830
ยะลา,โรคติดเชื้อทางเดินหายใจส่วนบนเฉียบพลัน,10-14,หญิง,17935
ยะลา,โรคติดเชื้อทางเดินหายใจส่วนบนเฉียบพลัน,15-19,ชาย,7203
ยะลา,โรคติดเชื้อทางเดินหายใจส่วนบนเฉียบพลัน,15-19,หญิง,10907
ยะลา,โรคติดเชื้อทางเดินหายใจส่วนบนเฉียบพลัน,20-24,ชาย,5001
ยะลา,โรคติดเชื้อทางเดินหายใจส่วนบนเฉียบพลัน,20-24,หญิง,10482
ยะลา,โรคติดเชื้อทางเดินหายใจส่วนบนเฉียบพลัน,25-29,ชาย,5487
ยะลา,โรคติดเชื้อทางเดินหายใจส่วนบนเฉียบพลัน,25-29,หญิง,14617
ยะลา,โรคติดเชื้อทางเดินหายใจส่วนบนเฉียบพลัน,30-34,ชาย,5335
ยะลา,โรคติดเชื้อทางเดินหายใจส่วนบนเฉียบพลัน,30-34,หญิง,16868
ยะลา,โรคติดเชื้อทางเดินหายใจส่วนบนเฉียบพลัน,35-39,ชาย,5246
ยะลา,โรคติดเชื้อทางเดินหายใจส่วนบนเฉียบพลัน,35-39,หญิง,17307
ยะลา,โรคติดเชื้อทางเดินหายใจส่วนบนเฉียบพลัน,40-44,ชาย,5125
ยะลา,โรคติดเชื้อทางเดินหายใจส่วนบนเฉียบพลัน,40-44,หญิง,15653
ยะลา,โรคติดเชื้อทางเดินหายใจส่วนบนเฉียบพลัน,45-49,ชาย,5008
ยะลา,โรคติดเชื้อทางเดินหายใจส่วนบนเฉียบพลัน,45-49,หญิง,14089
ยะลา,โรคติดเชื้อทางเดินหายใจส่วนบนเฉียบพลัน,5-9,ชาย,40682
ยะลา,โรคติดเชื้อทางเดินหายใจส่วนบนเฉียบพลัน,5-9,หญิง,38901
ยะลา,โรคติดเชื้อทางเดินหายใจส่วนบนเฉียบพลัน,50-54,ชาย,5129
ยะลา,โรคติดเชื้อทางเดินหายใจส่วนบนเฉียบพลัน,50-54,หญิง,13214
ยะลา,โรคติดเชื้อทางเดินหายใจส่วนบนเฉียบพลัน,55-59,ชาย,5700
ยะลา,โรคติดเชื้อทางเดินหายใจส่วนบนเฉียบพลัน,55-59,หญิง,11793
ยะลา,โรคติดเชื้อทางเดินหายใจส่วนบนเฉียบพลัน,60-64,ชาย,5434
ยะลา,โรคติดเชื้อทางเดินหายใจส่วนบนเฉียบพลัน,60-64,หญิง,8692
ยะลา,โรคติดเชื้อทางเดินหายใจส่วนบนเฉียบพลัน,65-69,ชาย,4036
ยะลา,โรคติดเชื้อทางเดินหายใจส่วนบนเฉียบพลัน,65-69,หญิง,5361
ยะลา,โรคติดเชื้อทางเดินหายใจส่วนบนเฉียบพลัน,70-74,ชาย,3571
ยะลา,โรคติดเชื้อทางเดินหายใจส่วนบนเฉียบพลัน,70-74,หญิง,4114
ยะลา,โรคติดเชื้อทางเดินหายใจส่วนบนเฉียบพลัน,70-74,ไม่ระบุ,5
ยะลา,โรคติดเชื้อทางเดินหายใจส่วนบนเฉียบพลัน,75-79,ชาย,1972
ยะลา,โรคติดเชื้อทางเดินหายใจส่วนบนเฉียบพลัน,75-79,หญิง,2295
ยะลา,โรคติดเชื้อทางเดินหายใจส่วนบนเฉียบพลัน,75-79,ไม่ระบุ,2
ยะลา,โรคติดเชื้อทางเดินหายใจส่วนบนเฉียบพลัน,80+,ชาย,2017
ยะลา,โรคติดเชื้อทางเดินหายใจส่วนบนเฉียบพลัน,80+,หญิง,2483
ยะลา,โรคติดเชื้อทางเดินหายใจส่วนบนเฉียบพลัน,ไม่ทราบ,ชาย,23
ยะลา,โรคติดเชื้อทางเดินหายใจส่วนบนเฉียบพลัน,ไม่ทราบ,หญิง,25
ยะลา,โรคติดเชื้อทางเดินหายใจส่วนบนเฉียบพลัน,ไม่ทราบ,ไม่ระบุ,245
ยะลา,โรคปอดอุดกั้นเรื้อรัง,0-4,ชาย,129
ยะลา,โรคปอดอุดกั้นเรื้อรัง,0-4,หญิง,67
ยะลา,โรคปอดอุดกั้นเรื้อรัง,10-14,ชาย,30
ยะลา,โรคปอดอุดกั้นเรื้อรัง,10-14,หญิง,39
ยะลา,โรคปอดอุดกั้นเรื้อรัง,15-19,ชาย,13
ยะลา,โรคปอดอุดกั้นเรื้อรัง,15-19,หญิง,12
ยะลา,โรคปอดอุดกั้นเรื้อรัง,20-24,ชาย,36
ยะลา,โรคปอดอุดกั้นเรื้อรัง,20-24,หญิง,11
ยะลา,โรคปอดอุดกั้นเรื้อรัง,25-29,ชาย,54
ยะลา,โรคปอดอุดกั้นเรื้อรัง,25-29,หญิง,25
ยะลา,โรคปอดอุดกั้นเรื้อรัง,30-34,ชาย,75
ยะลา,โรคปอดอุดกั้นเรื้อรัง,30-34,หญิง,38
ยะลา,โรคปอดอุดกั้นเรื้อรัง,35-39,ชาย,302
ยะลา,โรคปอดอุดกั้นเรื้อรัง,35-39,หญิง,61
ยะลา,โรคปอดอุดกั้นเรื้อรัง,40-44,ชาย,633
ยะลา,โรคปอดอุดกั้นเรื้อรัง,40-44,หญิง,145
ยะลา,โรคปอดอุดกั้นเรื้อรัง,45-49,ชาย,1064
ยะลา,โรคปอดอุดกั้นเรื้อรัง,45-49,หญิง,264
ยะลา,โรคปอดอุดกั้นเรื้อรัง,5-9,ชาย,39
ยะลา,โรคปอดอุดกั้นเรื้อรัง,5-9,หญิง,24
ยะลา,โรคปอดอุดกั้นเรื้อรัง,50-54,ชาย,1906
ยะลา,โรคปอดอุดกั้นเรื้อรัง,50-54,หญิง,509
ยะลา,โรคปอดอุดกั้นเรื้อรัง,55-59,ชาย,2929
ยะลา,โรคปอดอุดกั้นเรื้อรัง,55-59,หญิง,1036
ยะลา,โรคปอดอุดกั้นเรื้อรัง,60-64,ชาย,3961
ยะลา,โรคปอดอุดกั้นเรื้อรัง,60-64,หญิง,1306
ยะลา,โรคปอดอุดกั้นเรื้อรัง,65-69,ชาย,3648
ยะลา,โรคปอดอุดกั้นเรื้อรัง,65-69,หญิง,1491
ยะลา,โรคปอดอุดกั้นเรื้อรัง,70-74,ชาย,4279
ยะลา,โรคปอดอุดกั้นเรื้อรัง,70-74,หญิง,1876
ยะลา,โรคปอดอุดกั้นเรื้อรัง,75-79,ชาย,2782
ยะลา,โรคปอดอุดกั้นเรื้อรัง,75-79,หญิง,1390
ยะลา,โรคปอดอุดกั้นเรื้อรัง,80+,ชาย,3528
ยะลา,โรคปอดอุดกั้นเรื้อรัง,80+,หญิง,2176
ยะลา,โรคปอดอุดกั้นเรื้อรัง,ไม่ทราบ,ไม่ระบุ,22
ยะลา,โรคผิวหนังอักเสบ,0-4,ชาย,1695
ยะลา,โรคผิวหนังอักเสบ,0-4,หญิง,1480
ยะลา,โรคผิวหนังอักเสบ,10-14,ชาย,1137
ยะลา,โรคผิวหนังอักเสบ,10-14,หญิง,826
ยะลา,โรคผิวหนังอักเสบ,15-19,ชาย,477
ยะลา,โรคผิวหนังอักเสบ,15-19,หญิง,746
ยะลา,โรคผิวหนังอักเสบ,20-24,ชาย,291
ยะลา,โรคผิวหนังอักเสบ,20-24,หญิง,628
ยะลา,โรคผิวหนังอักเสบ,25-29,ชาย,389
ยะลา,โรคผิวหนังอักเสบ,25-29,หญิง,732
ยะลา,โรคผิวหนังอักเสบ,30-34,ชาย,424
ยะลา,โรคผิวหนังอักเสบ,30-34,หญิง,843
ยะลา,โรคผิวหนังอักเสบ,35-39,ชาย,450
ยะลา,โรคผิวหนังอักเสบ,35-39,หญิง,870
ยะลา,โรคผิวหนังอักเสบ,40-44,ชาย,450
ยะลา,โรคผิวหนังอักเสบ,40-44,หญิง,932
ยะลา,โรคผิวหนังอักเสบ,45-49,ชาย,477
ยะลา,โรคผิวหนังอักเสบ,45-49,หญิง,910
ยะลา,โรคผิวหนังอักเสบ,5-9,ชาย,1415
ยะลา,โรคผิวหนังอักเสบ,5-9,หญิง,1119
ยะลา,โรคผิวหนังอักเสบ,50-54,ชาย,506
ยะลา,โรคผิวหนังอักเสบ,50-54,หญิง,885
ยะลา,โรคผิวหนังอักเสบ,55-59,ชาย,611
ยะลา,โรคผิวหนังอักเสบ,55-59,หญิง,826
ยะลา,โรคผิวหนังอักเสบ,60-64,ชาย,570
ยะลา,โรคผิวหนังอักเสบ,60-64,หญิง,777
ยะลา,โรคผิวหนังอักเสบ,65-69,ชาย,465
ยะลา,โรคผิวหนังอักเสบ,65-69,หญิง,590
ยะลา,โรคผิวหนังอักเสบ,70-74,ชาย,431
ยะลา,โรคผิวหนังอักเสบ,70-74,หญิง,458
ยะลา,โรคผิวหนังอักเสบ,75-79,ชาย,227
ยะลา,โรคผิวหนังอักเสบ,75-79,หญิง,233
ยะลา,โรคผิวหนังอักเสบ,80+,ชาย,261
ยะลา,โรคผิวหนังอักเสบ,80+,หญิง,318
ยะลา,โรคผิวหนังอักเสบ,ไม่ทราบ,ไม่ระบุ,14
ยะลา,โรคลมพิษ,0-4,ชาย,894
ยะลา,โรคลมพิษ,0-4,หญิง,819
ยะลา,โรคลมพิษ,10-14,ชาย,599
ยะลา,โรคลมพิษ,10-14,หญิง,612
ยะลา,โรคลมพิษ,15-19,ชาย,397
ยะลา,โรคลมพิษ,15-19,หญิง,715
ยะลา,โรคลมพิษ,20-24,ชาย,245
ยะลา,โรคลมพิษ,20-24,หญิง,657
ยะลา,โรคลมพิษ,25-29,ชาย,293
ยะลา,โรคลมพิษ,25-29,หญิง,772
ยะลา,โรคลมพิษ,30-34,ชาย,273
ยะลา,โรคลมพิษ,30-34,หญิง,781
ยะลา,โรคลมพิษ,35-39,ชาย,245
ยะลา,โรคลมพิษ,35-39,หญิง,750
ยะลา,โรคลมพิษ,40-44,ชาย,245
ยะลา,โรคลมพิษ,40-44,หญิง,739
ยะลา,โรคลมพิษ,45-49,ชาย,161
ยะลา,โรคลมพิษ,45-49,หญิง,555
ยะลา,โรคลมพิษ,5-9,ชาย,755
ยะลา,โรคลมพิษ,5-9,หญิง,688
ยะลา,โรคลมพิษ,50-54,ชาย,172
ยะลา,โรคลมพิษ,50-54,หญิง,504
ยะลา,โรคลมพิษ,55-59,ชาย,191
ยะลา,โรคลมพิษ,55-59,หญิง,437
ยะลา,โรคลมพิษ,60-64,ชาย,155
ยะลา,โรคลมพิษ,60-64,หญิง,324
ยะลา,โรคลมพิษ,65-69,ชาย,105
ยะลา,โรคลมพิษ,65-69,หญิง,175
ยะลา,โรคลมพิษ,70-74,ชาย,76
ยะลา,โรคลมพิษ,70-74,หญิง,118
ยะลา,โรคลมพิษ,75-79,ชาย,33
ยะลา,โรคลมพิษ,75-79,หญิง,74
ยะลา,โรคลมพิษ,80+,ชาย,41
ยะลา,โรคลมพิษ,80+,หญิง,57
ยะลา,โรคลมพิษ,ไม่ทราบ,ไม่ระบุ,11
ยะลา,โรคหอบหืด,0-4,ชาย,7099
ยะลา,โรคหอบหืด,0-4,หญิง,4857
ยะลา,โรคหอบหืด,10-14,ชาย,2088
ยะลา,โรคหอบหืด,10-14,หญิง,1280
ยะลา,โรคหอบหืด,15-19,ชาย,577
ยะลา,โรคหอบหืด,15-19,หญิง,801
ยะลา,โรคหอบหืด,20-24,ชาย,530
ยะลา,โรคหอบหืด,20-24,หญิง,827
ยะลา,โรคหอบหืด,25-29,ชาย,542
ยะลา,โรคหอบหืด,25-29,หญิง,1045
ยะลา,โรคหอบหืด,30-34,ชาย,543
ยะลา,โรคหอบหืด,30-34,หญิง,1265
ยะลา,โรคหอบหืด,35-39,ชาย,641
ยะลา,โรคหอบหืด,35-39,หญิง,1584
ยะลา,โรคหอบหืด,40-44,ชาย,627
ยะลา,โรคหอบหืด,40-44,หญิง,1831
ยะลา,โรคหอบหืด,45-49,ชาย,483
ยะลา,โรคหอบหืด,45-49,หญิง,2126
ยะลา,โรคหอบหืด,5-9,ชาย,4629
ยะลา,โรคหอบหืด,5-9,หญิง,3097
ยะลา,โรคหอบหืด,50-54,ชาย,701
ยะลา,โรคหอบหืด,50-54,หญิง,1798
ยะลา,โรคหอบหืด,55-59,ชาย,659
ยะลา,โรคหอบหืด,55-59,หญิง,2003
ยะลา,โรคหอบหืด,60-64,ชาย,669
ยะลา,โรคหอบหืด,60-64,หญิง,1618
ยะลา,โรคหอบหืด,65-69,ชาย,355
ยะลา,โรคหอบหืด,65-69,หญิง,1056
ยะลา,โรคหอบหืด,70-74,ชาย,429
ยะลา,โรคหอบหืด,70-74,หญิง,843
ยะลา,โรคหอบหืด,75-79,ชาย,252
ยะลา,โรคหอบหืด,75-79,หญิง,482
ยะลา,โรคหอบหืด,80+,ชาย,219
ยะลา,โรคหอบหืด,80+,หญิง,563
ยะลา,โรคหอบหืด,ไม่ทราบ,หญิง,1
ยะลา,โรคหอบหืด,ไม่ทราบ,ไม่ระบุ,21
ยะลา,โรคเยื่อจมูกอักเสบจากภูมิแพ้,0-4,ชาย,378
ยะลา,โรคเยื่อจมูกอักเสบจากภูมิแพ้,0-4,หญิง,239
ยะลา,โรคเยื่อจมูกอักเสบจากภูมิแพ้,10-14,ชาย,626
ยะลา,โรคเยื่อจมูกอักเสบจากภูมิแพ้,10-14,หญิง,371
ยะลา,โรคเยื่อจมูกอักเสบจากภูมิแพ้,15-19,ชาย,207
ยะลา,โรคเยื่อจมูกอักเสบจากภูมิแพ้,15-19,หญิง,302
ยะลา,โรคเยื่อจมูกอักเสบจากภูมิแพ้,20-24,ชาย,148
ยะลา,โรคเยื่อจมูกอักเสบจากภูมิแพ้,20-24,หญิง,308
ยะลา,โรคเยื่อจมูกอักเสบจากภูมิแพ้,25-29,ชาย,234
ยะลา,โรคเยื่อจมูกอักเสบจากภูมิแพ้,25-29,หญิง,443
ยะลา,โรคเยื่อจมูกอักเสบจากภูมิแพ้,30-34,ชาย,159
ยะลา,โรคเยื่อจมูกอักเสบจากภูมิแพ้,30-34,หญิง,542
ยะลา,โรคเยื่อจมูกอักเสบจากภูมิแพ้,35-39,ชาย,162
ยะลา,โรคเยื่อจมูกอักเสบจากภูมิแพ้,35-39,หญิง,571
ยะลา,โรคเยื่อจมูกอักเสบจากภูมิแพ้,40-44,ชาย,140
ยะลา,โรคเยื่อจมูกอักเสบจากภูมิแพ้,40-44,หญิง,472
ยะลา,โรคเยื่อจมูกอักเสบจากภูมิแพ้,45-49,ชาย,118
ยะลา,โรคเยื่อจมูกอักเสบจากภูมิแพ้,45-49,หญิง,465
ยะลา,โรคเยื่อจมูกอักเสบจากภูมิแพ้,5-9,ชาย,851
ยะลา,โรคเยื่อจมูกอักเสบจากภูมิแพ้,5-9,หญิง,544
ยะลา,โรคเยื่อจมูกอักเสบจากภูมิแพ้,50-54,ชาย,139
ยะลา,โรคเยื่อจมูกอักเสบจากภูมิแพ้,50-54,หญิง,405
ยะลา,โรคเยื่อจมูกอักเสบจากภูมิแพ้,55-59,ชาย,175
ยะลา,โรคเยื่อจมูกอักเสบจากภูมิแพ้,55-59,หญิง,381
ยะลา,โรคเยื่อจมูกอักเสบจากภูมิแพ้,60-64,ชาย,143
ยะลา,โรคเยื่อจมูกอักเสบจากภูมิแพ้,60-64,หญิง,335
ยะลา,โรคเยื่อจมูกอักเสบจากภูมิแพ้,65-69,ชาย,130
ยะลา,โรคเยื่อจมูกอักเสบจากภูมิแพ้,65-69,หญิง,194
ยะลา,โรคเยื่อจมูกอักเสบจากภูมิแพ้,70-74,ชาย,217
ยะลา,โรคเยื่อจมูกอักเสบจากภูมิแพ้,70-74,หญิง,160
ยะลา,โรคเยื่อจมูกอักเสบจากภูมิแพ้,75-79,ชาย,70
ยะลา,โรคเยื่อจมูกอักเสบจากภูมิแพ้,75-79,หญิง,68
ยะลา,โรคเยื่อจมูกอักเสบจากภูมิแพ้,80+,ชาย,69
ยะลา,โรคเยื่อจมูกอักเสบจากภูมิแพ้,80+,หญิง,70
ยะลา,โรคเยื่อจมูกอักเสบจากภูมิแพ้,ไม่ทราบ,ไม่ระบุ,9
ยะลา,โรคเยื่อบุตาอักเสบ,0-4,ชาย,1278
ยะลา,โรคเยื่อบุตาอักเสบ,0-4,หญิง,1166
ยะลา,โรคเยื่อบุตาอักเสบ,10-14,ชาย,1607
ยะลา,โรคเยื่อบุตาอักเสบ,10-14,หญิง,1272
ยะลา,โรคเยื่อบุตาอักเสบ,15-19,ชาย,813
ยะลา,โรคเยื่อบุตาอักเสบ,15-19,หญิง,1036
ยะลา,โรคเยื่อบุตาอักเสบ,20-24,ชาย,615
ยะลา,โรคเยื่อบุตาอักเสบ,20-24,หญิง,688
ยะลา,โรคเยื่อบุตาอักเสบ,25-29,ชาย,848
ยะลา,โรคเยื่อบุตาอักเสบ,25-29,หญิง,1059
ยะลา,โรคเยื่อบุตาอักเสบ,30-34,ชาย,840
ยะลา,โรคเยื่อบุตาอักเสบ,30-34,หญิง,1260
ยะลา,โรคเยื่อบุตาอักเสบ,35-39,ชาย,842
ยะลา,โรคเยื่อบุตาอักเสบ,35-39,หญิง,1208
ยะลา,โรคเยื่อบุตาอักเสบ,40-44,ชาย,790
ยะลา,โรคเยื่อบุตาอักเสบ,40-44,หญิง,1144
ยะลา,โรคเยื่อบุตาอักเสบ,45-49,ชาย,736
ยะลา,โรคเยื่อบุตาอักเสบ,45-49,หญิง,1055
ยะลา,โรคเยื่อบุตาอักเสบ,5-9,ชาย,1820
ยะลา,โรคเยื่อบุตาอักเสบ,5-9,หญิง,1378
ยะลา,โรคเยื่อบุตาอักเสบ,50-54,ชาย,717
ยะลา,โรคเยื่อบุตาอักเสบ,50-54,หญิง,1047
ยะลา,โรคเยื่อบุตาอักเสบ,55-59,ชาย,726
ยะลา,โรคเยื่อบุตาอักเสบ,55-59,หญิง,950
ยะลา,โรคเยื่อบุตาอักเสบ,60-64,ชาย,659
ยะลา,โรคเยื่อบุตาอักเสบ,60-64,หญิง,851
ยะลา,โรคเยื่อบุตาอักเสบ,65-69,ชาย,416
ยะลา,โรคเยื่อบุตาอักเสบ,65-69,หญิง,544
ยะลา,โรคเยื่อบุตาอักเสบ,70-74,ชาย,374
ยะลา,โรคเยื่อบุตาอักเสบ,70-74,หญิง,390
ยะลา,โรคเยื่อบุตาอักเสบ,75-79,ชาย,212
ยะลา,โรคเยื่อบุตาอักเสบ,75-79,หญิง,256
ยะลา,โรคเยื่อบุตาอักเสบ,80+,ชาย,250
ยะลา,โรคเยื่อบุตาอักเสบ,80+,หญิง,323
ยะลา,โรคเยื่อบุตาอักเสบ,ไม่ทราบ,หญิง,2
ยะลา,โรคเยื่อบุตาอักเสบ,ไม่ทราบ,ไม่ระบุ,21
ยโสธร,โรคติดเชื้อทางเดินหายใจส่วนบนเฉียบพลัน,0-4,ชาย,49586
ยโสธร,โรคติดเชื้อทางเดินหายใจส่วนบนเฉียบพลัน,0-4,หญิง,44656
ยโสธร,โรคติดเชื้อทางเดินหายใจส่วนบนเฉียบพลัน,0-4,ไม่ระบุ,4
ยโสธร,โรคติดเชื้อทางเดินหายใจส่วนบนเฉียบพลัน,10-14,ชาย,22752
ยโสธร,โรคติดเชื้อทางเดินหายใจส่วนบนเฉียบพลัน,10-14,หญิง,20628
ยโสธร,โรคติดเชื้อทางเดินหายใจส่วนบนเฉียบพลัน,10-14,ไม่ระบุ,2
ยโสธร,โรคติดเชื้อทางเดินหายใจส่วนบนเฉียบพลัน,15-19,ชาย,9835
ยโสธร,โรคติดเชื้อทางเดินหายใจส่วนบนเฉียบพลัน,15-19,หญิง,13194
ยโสธร,โรคติดเชื้อทางเดินหายใจส่วนบนเฉียบพลัน,20-24,ชาย,6356
ยโสธร,โรคติดเชื้อทางเดินหายใจส่วนบนเฉียบพลัน,20-24,หญิง,7897
ยโสธร,โรคติดเชื้อทางเดินหายใจส่วนบนเฉียบพลัน,25-29,ชาย,6641
ยโสธร,โรคติดเชื้อทางเดินหายใจส่วนบนเฉียบพลัน,25-29,หญิง,9709
ยโสธร,โรคติดเชื้อทางเดินหายใจส่วนบนเฉียบพลัน,25-29,ไม่ระบุ,1
ยโสธร,โรคติดเชื้อทางเดินหายใจส่วนบนเฉียบพลัน,30-34,ชาย,5611
ยโสธร,โรคติดเชื้อทางเดินหายใจส่วนบนเฉียบพลัน,30-34,หญิง,9604
ยโสธร,โรคติดเชื้อทางเดินหายใจส่วนบนเฉียบพลัน,35-39,ชาย,5286
ยโสธร,โรคติดเชื้อทางเดินหายใจส่วนบนเฉียบพลัน,35-39,หญิง,9183
ยโสธร,โรคติดเชื้อทางเดินหายใจส่วนบนเฉียบพลัน,40-44,ชาย,5413
ยโสธร,โรคติดเชื้อทางเดินหายใจส่วนบนเฉียบพลัน,40-44,หญิง,10202
ยโสธร,โรคติดเชื้อทางเดินหายใจส่วนบนเฉียบพลัน,45-49,ชาย,6212
ยโสธร,โรคติดเชื้อทางเดินหายใจส่วนบนเฉียบพลัน,45-49,หญิง,13009
ยโสธร,โรคติดเชื้อทางเดินหายใจส่วนบนเฉียบพลัน,5-9,ชาย,41589
ยโสธร,โรคติดเชื้อทางเดินหายใจส่วนบนเฉียบพลัน,5-9,หญิง,38328
ยโสธร,โรคติดเชื้อทางเดินหายใจส่วนบนเฉียบพลัน,50-54,ชาย,6874
ยโสธร,โรคติดเชื้อทางเดินหายใจส่วนบนเฉียบพลัน,50-54,หญิง,16491
ยโสธร,โรคติดเชื้อทางเดินหายใจส่วนบนเฉียบพลัน,55-59,ชาย,7038
ยโสธร,โรคติดเชื้อทางเดินหายใจส่วนบนเฉียบพลัน,55-59,หญิง,15494
ยโสธร,โรคติดเชื้อทางเดินหายใจส่วนบนเฉียบพลัน,60-64,ชาย,6868
ยโสธร,โรคติดเชื้อทางเดินหายใจส่วนบนเฉียบพลัน,60-64,หญิง,12441
ยโสธร,โรคติดเชื้อทางเดินหายใจส่วนบนเฉียบพลัน,65-69,ชาย,6188
ยโสธร,โรคติดเชื้อทางเดินหายใจส่วนบนเฉียบพลัน,65-69,หญิง,9352
ยโสธร,โรคติดเชื้อทางเดินหายใจส่วนบนเฉียบพลัน,70-74,ชาย,5336
ยโสธร,โรคติดเชื้อทางเดินหายใจส่วนบนเฉียบพลัน,70-74,หญิง,6878
ยโสธร,โรคติดเชื้อทางเดินหายใจส่วนบนเฉียบพลัน,75-79,ชาย,3408
ยโสธร,โรคติดเชื้อทางเดินหายใจส่วนบนเฉียบพลัน,75-79,หญิง,4682
ยโสธร,โรคติดเชื้อทางเดินหายใจส่วนบนเฉียบพลัน,80+,ชาย,3213
ยโสธร,โรคติดเชื้อทางเดินหายใจส่วนบนเฉียบพลัน,80+,หญิง,3950
ยโสธร,โรคติดเชื้อทางเดินหายใจส่วนบนเฉียบพลัน,80+,ไม่ระบุ,14
ยโสธร,โรคติดเชื้อทางเดินหายใจส่วนบนเฉียบพลัน,ไม่ทราบ,ชาย,10
ยโสธร,โรคติดเชื้อทางเดินหายใจส่วนบนเฉียบพลัน,ไม่ทราบ,หญิง,6
ยโสธร,โรคติดเชื้อทางเดินหายใจส่วนบนเฉียบพลัน,ไม่ทราบ,ไม่ระบุ,3732
ยโสธร,โรคปอดอุดกั้นเรื้อรัง,0-4,ชาย,73
ยโสธร,โรคปอดอุดกั้นเรื้อรัง,0-4,หญิง,46
ยโสธร,โรคปอดอุดกั้นเรื้อรัง,10-14,ชาย,6
ยโสธร,โรคปอดอุดกั้นเรื้อรัง,10-14,หญิง,6
ยโสธร,โรคปอดอุดกั้นเรื้อรัง,15-19,ชาย,3
ยโสธร,โรคปอดอุดกั้นเรื้อรัง,15-19,หญิง,3
ยโสธร,โรคปอดอุดกั้นเรื้อรัง,20-24,ชาย,6
ยโสธร,โรคปอดอุดกั้นเรื้อรัง,20-24,หญิง,5
ยโสธร,โรคปอดอุดกั้นเรื้อรัง,25-29,ชาย,24
ยโสธร,โรคปอดอุดกั้นเรื้อรัง,25-29,หญิง,2
ยโสธร,โรคปอดอุดกั้นเรื้อรัง,30-34,ชาย,60
ยโสธร,โรคปอดอุดกั้นเรื้อรัง,30-34,หญิง,21
ยโสธร,โรคปอดอุดกั้นเรื้อรัง,35-39,ชาย,150
ยโสธร,โรคปอดอุดกั้นเรื้อรัง,35-39,หญิง,14
ยโสธร,โรคปอดอุดกั้นเรื้อรัง,40-44,ชาย,280
ยโสธร,โรคปอดอุดกั้นเรื้อรัง,40-44,หญิง,64
ยโสธร,โรคปอดอุดกั้นเรื้อรัง,45-49,ชาย,620
ยโสธร,โรคปอดอุดกั้นเรื้อรัง,45-49,หญิง,97
ยโสธร,โรคปอดอุดกั้นเรื้อรัง,5-9,ชาย,23
ยโสธร,โรคปอดอุดกั้นเรื้อรัง,5-9,หญิง,9
ยโสธร,โรคปอดอุดกั้นเรื้อรัง,50-54,ชาย,1173
ยโสธร,โรคปอดอุดกั้นเรื้อรัง,50-54,หญิง,223
ยโสธร,โรคปอดอุดกั้นเรื้อรัง,55-59,ชาย,1952
ยโสธร,โรคปอดอุดกั้นเรื้อรัง,55-59,หญิง,410
ยโสธร,โรคปอดอุดกั้นเรื้อรัง,60-64,ชาย,2793
ยโสธร,โรคปอดอุดกั้นเรื้อรัง,60-64,หญิง,548
ยโสธร,โรคปอดอุดกั้นเรื้อรัง,65-69,ชาย,3302
ยโสธร,โรคปอดอุดกั้นเรื้อรัง,65-69,หญิง,892
ยโสธร,โรคปอดอุดกั้นเรื้อรัง,70-74,ชาย,4206
ยโสธร,โรคปอดอุดกั้นเรื้อรัง,70-74,หญิง,947
ยโสธร,โรคปอดอุดกั้นเรื้อรัง,75-79,ชาย,4281
ยโสธร,โรคปอดอุดกั้นเรื้อรัง,75-79,หญิง,860
ยโสธร,โรคปอดอุดกั้นเรื้อรัง,80+,ชาย,4849
ยโสธร,โรคปอดอุดกั้นเรื้อรัง,80+,หญิง,1282
ยโสธร,โรคปอดอุดกั้นเรื้อรัง,80+,ไม่ระบุ,4
ยโสธร,โรคปอดอุดกั้นเรื้อรัง,ไม่ทราบ,ไม่ระบุ,324
ยโสธร,โรคผิวหนังอักเสบ,0-4,ชาย,716
ยโสธร,โรคผิวหนังอักเสบ,0-4,หญิง,701
ยโสธร,โรคผิวหนังอักเสบ,10-14,ชาย,475
ยโสธร,โรคผิวหนังอักเสบ,10-14,หญิง,402
ยโสธร,โรคผิวหนังอักเสบ,15-19,ชาย,256
ยโสธร,โรคผิวหนังอักเสบ,15-19,หญิง,406
ยโสธร,โรคผิวหนังอักเสบ,20-24,ชาย,239
ยโสธร,โรคผิวหนังอักเสบ,20-24,หญิง,320
ยโสธร,โรคผิวหนังอักเสบ,25-29,ชาย,295
ยโสธร,โรคผิวหนังอักเสบ,25-29,หญิง,416
ยโสธร,โรคผิวหนังอักเสบ,30-34,ชาย,281
ยโสธร,โรคผิวหนังอักเสบ,30-34,หญิง,418
ยโสธร,โรคผิวหนังอักเสบ,35-39,ชาย,280
ยโสธร,โรคผิวหนังอักเสบ,35-39,หญิง,429
ยโสธร,โรคผิวหนังอักเสบ,40-44,ชาย,326
ยโสธร,โรคผิวหนังอักเสบ,40-44,หญิง,634
ยโสธร,โรคผิวหนังอักเสบ,45-49,ชาย,506
ยโสธร,โรคผิวหนังอักเสบ,45-49,หญิง,809
ยโสธร,โรคผิวหนังอักเสบ,5-9,ชาย,561
ยโสธร,โรคผิวหนังอักเสบ,5-9,หญิง,523
ยโสธร,โรคผิวหนังอักเสบ,50-54,ชาย,589
ยโสธร,โรคผิวหนังอักเสบ,50-54,หญิง,1071
ยโสธร,โรคผิวหนังอักเสบ,55-59,ชาย,648
ยโสธร,โรคผิวหนังอักเสบ,55-59,หญิง,1067
ยโสธร,โรคผิวหนังอักเสบ,60-64,ชาย,718
ยโสธร,โรคผิวหนังอักเสบ,60-64,หญิง,912
ยโสธร,โรคผิวหนังอักเสบ,65-69,ชาย,668
ยโสธร,โรคผิวหนังอักเสบ,65-69,หญิง,706
ยโสธร,โรคผิวหนังอักเสบ,70-74,ชาย,570
ยโสธร,โรคผิวหนังอักเสบ,70-74,หญิง,496
ยโสธร,โรคผิวหนังอักเสบ,75-79,ชาย,435
ยโสธร,โรคผิวหนังอักเสบ,75-79,หญิง,387
ยโสธร,โรคผิวหนังอักเสบ,80+,ชาย,366
ยโสธร,โรคผิวหนังอักเสบ,80+,หญิง,364
ยโสธร,โรคผิวหนังอักเสบ,ไม่ทราบ,ไม่ระบุ,169
ยโสธร,โรคลมพิษ,0-4,ชาย,1182
ยโสธร,โรคลมพิษ,0-4,หญิง,1028
ยโสธร,โรคลมพิษ,10-14,ชาย,816
ยโสธร,โรคลมพิษ,10-14,หญิง,844
ยโสธร,โรคลมพิษ,15-19,ชาย,494
ยโสธร,โรคลมพิษ,15-19,หญิง,838
ยโสธร,โรคลมพิษ,20-24,ชาย,327
ยโสธร,โรคลมพิษ,20-24,หญิง,545
ยโสธร,โรคลมพิษ,25-29,ชาย,384
ยโสธร,โรคลมพิษ,25-29,หญิง,694
ยโสธร,โรคลมพิษ,30-34,ชาย,336
ยโสธร,โรคลมพิษ,30-34,หญิง,717
ยโสธร,โรคลมพิษ,35-39,ชาย,323
ยโสธร,โรคลมพิษ,35-39,หญิง,748
ยโสธร,โรคลมพิษ,40-44,ชาย,373
ยโสธร,โรคลมพิษ,40-44,หญิง,793
ยโสธร,โรคลมพิษ,45-49,ชาย,473
ยโสธร,โรคลมพิษ,45-49,หญิง,1225
ยโสธร,โรคลมพิษ,5-9,ชาย,1011
ยโสธร,โรคลมพิษ,5-9,หญิง,839
ยโสธร,โรคลมพิษ,50-54,ชาย,565
ยโสธร,โรคลมพิษ,50-54,หญิง,1304
ยโสธร,โรคลมพิษ,55-59,ชาย,542
ยโสธร,โรคลมพิษ,55-59,หญิง,1180
ยโสธร,โรคลมพิษ,60-64,ชาย,531
ยโสธร,โรคลมพิษ,60-64,หญิง,872
ยโสธร,โรคลมพิษ,65-69,ชาย,492
ยโสธร,โรคลมพิษ,65-69,หญิง,657
ยโสธร,โรคลมพิษ,70-74,ชาย,457
ยโสธร,โรคลมพิษ,70-74,หญิง,622
ยโสธร,โรคลมพิษ,75-79,ชาย,285
ยโสธร,โรคลมพิษ,75-79,หญิง,361
ยโสธร,โรคลมพิษ,80+,ชาย,243
ยโสธร,โรคลมพิษ,80+,หญิง,362
ยโสธร,โรคลมพิษ,ไม่ทราบ,ไม่ระบุ,238
ยโสธร,โรคหอบหืด,0-4,ชาย,2845
ยโสธร,โรคหอบหืด,0-4,หญิง,1781
ยโสธร,โรคหอบหืด,10-14,ชาย,1866
ยโสธร,โรคหอบหืด,10-14,หญิง,864
ยโสธร,โรคหอบหืด,15-19,ชาย,358
ยโสธร,โรคหอบหืด,15-19,หญิง,287
ยโสธร,โรคหอบหืด,20-24,ชาย,244
ยโสธร,โรคหอบหืด,20-24,หญิง,196
ยโสธร,โรคหอบหืด,25-29,ชาย,214
ยโสธร,โรคหอบหืด,25-29,หญิง,285
ยโสธร,โรคหอบหืด,30-34,ชาย,263
ยโสธร,โรคหอบหืด,30-34,หญิง,454
ยโสธร,โรคหอบหืด,35-39,ชาย,375
ยโสธร,โรคหอบหืด,35-39,หญิง,773
ยโสธร,โรคหอบหืด,40-44,ชาย,457
ยโสธร,โรคหอบหืด,40-44,หญิง,886
ยโสธร,โรคหอบหืด,45-49,ชาย,618
ยโสธร,โรคหอบหืด,45-49,หญิง,1845
ยโสธร,โรคหอบหืด,5-9,ชาย,4394
ยโสธร,โรคหอบหืด,5-9,หญิง,2770
ยโสธร,โรคหอบหืด,50-54,ชาย,745
ยโสธร,โรคหอบหืด,50-54,หญิง,2404
ยโสธร,โรคหอบหืด,55-59,ชาย,864
ยโสธร,โรคหอบหืด,55-59,หญิง,2901
ยโสธร,โรคหอบหืด,60-64,ชาย,924
ยโสธร,โรคหอบหืด,60-64,หญิง,3178
ยโสธร,โรคหอบหืด,65-69,ชาย,669
ยโสธร,โรคหอบหืด,65-69,หญิง,3016
ยโสธร,โรคหอบหืด,70-74,ชาย,544
ยโสธร,โรคหอบหืด,70-74,หญิง,2539
ยโสธร,โรคหอบหืด,75-79,ชาย,402
ยโสธร,โรคหอบหืด,75-79,หญิง,1741
ยโสธร,โรคหอบหืด,80+,ชาย,249
ยโสธร,โรคหอบหืด,80+,หญิง,1393
ยโสธร,โรคหอบหืด,80+,ไม่ระบุ,2
ยโสธร,โรคหอบหืด,ไม่ทราบ,ไม่ระบุ,868
ยโสธร,โรคเยื่อจมูกอักเสบจากภูมิแพ้,0-4,ชาย,1203
ยโสธร,โรคเยื่อจมูกอักเสบจากภูมิแพ้,0-4,หญิง,1101
ยโสธร,โรคเยื่อจมูกอักเสบจากภูมิแพ้,10-14,ชาย,659
ยโสธร,โรคเยื่อจมูกอักเสบจากภูมิแพ้,10-14,หญิง,527
ยโสธร,โรคเยื่อจมูกอักเสบจากภูมิแพ้,15-19,ชาย,202
ยโสธร,โรคเยื่อจมูกอักเสบจากภูมิแพ้,15-19,หญิง,311
ยโสธร,โรคเยื่อจมูกอักเสบจากภูมิแพ้,20-24,ชาย,149
ยโสธร,โรคเยื่อจมูกอักเสบจากภูมิแพ้,20-24,หญิง,237
ยโสธร,โรคเยื่อจมูกอักเสบจากภูมิแพ้,25-29,ชาย,167
ยโสธร,โรคเยื่อจมูกอักเสบจากภูมิแพ้,25-29,หญิง,364
ยโสธร,โรคเยื่อจมูกอักเสบจากภูมิแพ้,30-34,ชาย,132
ยโสธร,โรคเยื่อจมูกอักเสบจากภูมิแพ้,30-34,หญิง,405
ยโสธร,โรคเยื่อจมูกอักเสบจากภูมิแพ้,35-39,ชาย,153
ยโสธร,โรคเยื่อจมูกอักเสบจากภูมิแพ้,35-39,หญิง,344
ยโสธร,โรคเยื่อจมูกอักเสบจากภูมิแพ้,40-44,ชาย,211
ยโสธร,โรคเยื่อจมูกอักเสบจากภูมิแพ้,40-44,หญิง,398
ยโสธร,โรคเยื่อจมูกอักเสบจากภูมิแพ้,45-49,ชาย,198
ยโสธร,โรคเยื่อจมูกอักเสบจากภูมิแพ้,45-49,หญิง,457
ยโสธร,โรคเยื่อจมูกอักเสบจากภูมิแพ้,5-9,ชาย,1354
ยโสธร,โรคเยื่อจมูกอักเสบจากภูมิแพ้,5-9,หญิง,1155
ยโสธร,โรคเยื่อจมูกอักเสบจากภูมิแพ้,50-54,ชาย,184
ยโสธร,โรคเยื่อจมูกอักเสบจากภูมิแพ้,50-54,หญิง,512
ยโสธร,โรคเยื่อจมูกอักเสบจากภูมิแพ้,55-59,ชาย,233
ยโสธร,โรคเยื่อจมูกอักเสบจากภูมิแพ้,55-59,หญิง,510
ยโสธร,โรคเยื่อจมูกอักเสบจากภูมิแพ้,60-64,ชาย,226
ยโสธร,โรคเยื่อจมูกอักเสบจากภูมิแพ้,60-64,หญิง,425
ยโสธร,โรคเยื่อจมูกอักเสบจากภูมิแพ้,65-69,ชาย,203
ยโสธร,โรคเยื่อจมูกอักเสบจากภูมิแพ้,65-69,หญิง,315
ยโสธร,โรคเยื่อจมูกอักเสบจากภูมิแพ้,70-74,ชาย,190
ยโสธร,โรคเยื่อจมูกอักเสบจากภูมิแพ้,70-74,หญิง,168
ยโสธร,โรคเยื่อจมูกอักเสบจากภูมิแพ้,75-79,ชาย,88
ยโสธร,โรคเยื่อจมูกอักเสบจากภูมิแพ้,75-79,หญิง,89
ยโสธร,โรคเยื่อจมูกอักเสบจากภูมิแพ้,80+,ชาย,72
ยโสธร,โรคเยื่อจมูกอักเสบจากภูมิแพ้,80+,หญิง,78
ยโสธร,โรคเยื่อจมูกอักเสบจากภูมิแพ้,ไม่ทราบ,ไม่ระบุ,186
ยโสธร,โรคเยื่อบุตาอักเสบ,0-4,ชาย,935
ยโสธร,โรคเยื่อบุตาอักเสบ,0-4,หญิง,706
ยโสธร,โรคเยื่อบุตาอักเสบ,10-14,ชาย,1170
ยโสธร,โรคเยื่อบุตาอักเสบ,10-14,หญิง,1055
ยโสธร,โรคเยื่อบุตาอักเสบ,15-19,ชาย,837
ยโสธร,โรคเยื่อบุตาอักเสบ,15-19,หญิง,1142
ยโสธร,โรคเยื่อบุตาอักเสบ,20-24,ชาย,710
ยโสธร,โรคเยื่อบุตาอักเสบ,20-24,หญิง,649
ยโสธร,โรคเยื่อบุตาอักเสบ,25-29,ชาย,862
ยโสธร,โรคเยื่อบุตาอักเสบ,25-29,หญิง,845
ยโสธร,โรคเยื่อบุตาอักเสบ,30-34,ชาย,915
ยโสธร,โรคเยื่อบุตาอักเสบ,30-34,หญิง,922
ยโสธร,โรคเยื่อบุตาอักเสบ,35-39,ชาย,952
ยโสธร,โรคเยื่อบุตาอักเสบ,35-39,หญิง,1009
ยโสธร,โรคเยื่อบุตาอักเสบ,40-44,ชาย,1186
ยโสธร,โรคเยื่อบุตาอักเสบ,40-44,หญิง,1306
ยโสธร,โรคเยื่อบุตาอักเสบ,45-49,ชาย,1390
ยโสธร,โรคเยื่อบุตาอักเสบ,45-49,หญิง,1988
ยโสธร,โรคเยื่อบุตาอักเสบ,5-9,ชาย,1247
ยโสธร,โรคเยื่อบุตาอักเสบ,5-9,หญิง,955
ยโสธร,โรคเยื่อบุตาอักเสบ,50-54,ชาย,1639
ยโสธร,โรคเยื่อบุตาอักเสบ,50-54,หญิง,2826
ยโสธร,โรคเยื่อบุตาอักเสบ,55-59,ชาย,1633
ยโสธร,โรคเยื่อบุตาอักเสบ,55-59,หญิง,2794
ยโสธร,โรคเยื่อบุตาอักเสบ,60-64,ชาย,1515
ยโสธร,โรคเยื่อบุตาอักเสบ,60-64,หญิง,2337
ยโสธร,โรคเยื่อบุตาอักเสบ,65-69,ชาย,1378
ยโสธร,โรคเยื่อบุตาอักเสบ,65-69,หญิง,2046
ยโสธร,โรคเยื่อบุตาอักเสบ,70-74,ชาย,1070
ยโสธร,โรคเยื่อบุตาอักเสบ,70-74,หญิง,1449
ยโสธร,โรคเยื่อบุตาอักเสบ,75-79,ชาย,754
ยโสธร,โรคเยื่อบุตาอักเสบ,75-79,หญิง,957
ยโสธร,โรคเยื่อบุตาอักเสบ,80+,ชาย,721
ยโสธร,โรคเยื่อบุตาอักเสบ,80+,หญิง,917
ยโสธร,โรคเยื่อบุตาอักเสบ,80+,ไม่ระบุ,2
ยโสธร,โรคเยื่อบุตาอักเสบ,ไม่ทราบ,หญิง,1
ยโสธร,โรคเยื่อบุตาอักเสบ,ไม่ทราบ,ไม่ระบุ,306
ระนอง,โรคติดเชื้อทางเดินหายใจส่วนบนเฉียบพลัน,0-4,ชาย,17990
ระนอง,โรคติดเชื้อทางเดินหายใจส่วนบนเฉียบพลัน,0-4,หญิง,16530
ระนอง,โรคติดเชื้อทางเดินหายใจส่วนบนเฉียบพลัน,0-4,ไม่ระบุ,18
ระนอง,โรคติดเชื้อทางเดินหายใจส่วนบนเฉียบพลัน,10-14,ชาย,6571
ระนอง,โรคติดเชื้อทางเดินหายใจส่วนบนเฉียบพลัน,10-14,หญิง,6178
ระนอง,โรคติดเชื้อทางเดินหายใจส่วนบนเฉียบพลัน,15-19,ชาย,3214
ระนอง,โรคติดเชื้อทางเดินหายใจส่วนบนเฉียบพลัน,15-19,หญิง,3854
ระนอง,โรคติดเชื้อทางเดินหายใจส่วนบนเฉียบพลัน,15-19,ไม่ระบุ,1
ระนอง,โรคติดเชื้อทางเดินหายใจส่วนบนเฉียบพลัน,20-24,ชาย,4119
ระนอง,โรคติดเชื้อทางเดินหายใจส่วนบนเฉียบพลัน,20-24,หญิง,3977
ระนอง,โรคติดเชื้อทางเดินหายใจส่วนบนเฉียบพลัน,20-24,ไม่ระบุ,1
ระนอง,โรคติดเชื้อทางเดินหายใจส่วนบนเฉียบพลัน,25-29,ชาย,4674
ระนอง,โรคติดเชื้อทางเดินหายใจส่วนบนเฉียบพลัน,25-29,หญิง,5771
ระนอง,โรคติดเชื้อทางเดินหายใจส่วนบนเฉียบพลัน,25-29,ไม่ระบุ,1
ระนอง,โรคติดเชื้อทางเดินหายใจส่วนบนเฉียบพลัน,30-34,ชาย,4321
ระนอง,โรคติดเชื้อทางเดินหายใจส่วนบนเฉียบพลัน,30-34,หญิง,5390
ระนอง,โรคติดเชื้อทางเดินหายใจส่วนบนเฉียบพลัน,30-34,ไม่ระบุ,5
ระนอง,โรคติดเชื้อทางเดินหายใจส่วนบนเฉียบพลัน,35-39,ชาย,3885
ระนอง,โรคติดเชื้อทางเดินหายใจส่วนบนเฉียบพลัน,35-39,หญิง,4663
ระนอง,โรคติดเชื้อทางเดินหายใจส่วนบนเฉียบพลัน,40-44,ชาย,3127
ระนอง,โรคติดเชื้อทางเดินหายใจส่วนบนเฉียบพลัน,40-44,หญิง,4562
ระนอง,โรคติดเชื้อทางเดินหายใจส่วนบนเฉียบพลัน,40-44,ไม่ระบุ,2
ระนอง,โรคติดเชื้อทางเดินหายใจส่วนบนเฉียบพลัน,45-49,ชาย,2452
ระนอง,โรคติดเชื้อทางเดินหายใจส่วนบนเฉียบพลัน,45-49,หญิง,4593
ระนอง,โรคติดเชื้อทางเดินหายใจส่วนบนเฉียบพลัน,5-9,ชาย,12678
ระนอง,โรคติดเชื้อทางเดินหายใจส่วนบนเฉียบพลัน,5-9,หญิง,12152
ระนอง,โรคติดเชื้อทางเดินหายใจส่วนบนเฉียบพลัน,5-9,ไม่ระบุ,13
ระนอง,โรคติดเชื้อทางเดินหายใจส่วนบนเฉียบพลัน,50-54,ชาย,2094
ระนอง,โรคติดเชื้อทางเดินหายใจส่วนบนเฉียบพลัน,50-54,หญิง,4281
ระนอง,โรคติดเชื้อทางเดินหายใจส่วนบนเฉียบพลัน,55-59,ชาย,2037
ระนอง,โรคติดเชื้อทางเดินหายใจส่วนบนเฉียบพลัน,55-59,หญิง,3938
ระนอง,โรคติดเชื้อทางเดินหายใจส่วนบนเฉียบพลัน,60-64,ชาย,2039
ระนอง,โรคติดเชื้อทางเดินหายใจส่วนบนเฉียบพลัน,60-64,หญิง,3125
ระนอง,โรคติดเชื้อทางเดินหายใจส่วนบนเฉียบพลัน,60-64,ไม่ระบุ,1
ระนอง,โรคติดเชื้อทางเดินหายใจส่วนบนเฉียบพลัน,65-69,ชาย,1776
ระนอง,โรคติดเชื้อทางเดินหายใจส่วนบนเฉียบพลัน,65-69,หญิง,2371
ระนอง,โรคติดเชื้อทางเดินหายใจส่วนบนเฉียบพลัน,70-74,ชาย,1371
ระนอง,โรคติดเชื้อทางเดินหายใจส่วนบนเฉียบพลัน,70-74,หญิง,1707
ระนอง,โรคติดเชื้อทางเดินหายใจส่วนบนเฉียบพลัน,75-79,ชาย,847
ระนอง,โรคติดเชื้อทางเดินหายใจส่วนบนเฉียบพลัน,75-79,หญิง,945
ระนอง,โรคติดเชื้อทางเดินหายใจส่วนบนเฉียบพลัน,80+,ชาย,832
ระนอง,โรคติดเชื้อทางเดินหายใจส่วนบนเฉียบพลัน,80+,หญิง,1097
ระนอง,โรคติดเชื้อทางเดินหายใจส่วนบนเฉียบพลัน,ไม่ทราบ,ชาย,22
ระนอง,โรคติดเชื้อทางเดินหายใจส่วนบนเฉียบพลัน,ไม่ทราบ,หญิง,18
ระนอง,โรคติดเชื้อทางเดินหายใจส่วนบนเฉียบพลัน,ไม่ทราบ,ไม่ระบุ,165
ระนอง,โรคปอดอุดกั้นเรื้อรัง,0-4,ชาย,3
ระนอง,โรคปอดอุดกั้นเรื้อรัง,0-4,หญิง,2
ระนอง,โรคปอดอุดกั้นเรื้อรัง,10-14,ชาย,1
ระนอง,โรคปอดอุดกั้นเรื้อรัง,10-14,หญิง,1
ระนอง,โรคปอดอุดกั้นเรื้อรัง,15-19,ชาย,8
ระนอง,โรคปอดอุดกั้นเรื้อรัง,15-19,หญิง,2
ระนอง,โรคปอดอุดกั้นเรื้อรัง,20-24,ชาย,1
ระนอง,โรคปอดอุดกั้นเรื้อรัง,20-24,หญิง,3
ระนอง,โรคปอดอุดกั้นเรื้อรัง,25-29,ชาย,19
ระนอง,โรคปอดอุดกั้นเรื้อรัง,25-29,หญิง,4
ระนอง,โรคปอดอุดกั้นเรื้อรัง,30-34,ชาย,81
ระนอง,โรคปอดอุดกั้นเรื้อรัง,30-34,หญิง,20
ระนอง,โรคปอดอุดกั้นเรื้อรัง,35-39,ชาย,247
ระนอง,โรคปอดอุดกั้นเรื้อรัง,35-39,หญิง,25
ระนอง,โรคปอดอุดกั้นเรื้อรัง,40-44,ชาย,314
ระนอง,โรคปอดอุดกั้นเรื้อรัง,40-44,หญิง,107
ระนอง,โรคปอดอุดกั้นเรื้อรัง,45-49,ชาย,530
ระนอง,โรคปอดอุดกั้นเรื้อรัง,45-49,หญิง,245
ระนอง,โรคปอดอุดกั้นเรื้อรัง,5-9,ชาย,3
ระนอง,โรคปอดอุดกั้นเรื้อรัง,5-9,หญิง,3
ระนอง,โรคปอดอุดกั้นเรื้อรัง,50-54,ชาย,985
ระนอง,โรคปอดอุดกั้นเรื้อรัง,50-54,หญิง,411
ระนอง,โรคปอดอุดกั้นเรื้อรัง,55-59,ชาย,1600
ระนอง,โรคปอดอุดกั้นเรื้อรัง,55-59,หญิง,558
ระนอง,โรคปอดอุดกั้นเรื้อรัง,60-64,ชาย,2487
ระนอง,โรคปอดอุดกั้นเรื้อรัง,60-64,หญิง,515
ระนอง,โรคปอดอุดกั้นเรื้อรัง,65-69,ชาย,2530
ระนอง,โรคปอดอุดกั้นเรื้อรัง,65-69,หญิง,651
ระนอง,โรคปอดอุดกั้นเรื้อรัง,70-74,ชาย,2073
ระนอง,โรคปอดอุดกั้นเรื้อรัง,70-74,หญิง,680
ระนอง,โรคปอดอุดกั้นเรื้อรัง,75-79,ชาย,1544
ระนอง,โรคปอดอุดกั้นเรื้อรัง,75-79,หญิง,505
ระนอง,โรคปอดอุดกั้นเรื้อรัง,80+,ชาย,2088
ระนอง,โรคปอดอุดกั้นเรื้อรัง,80+,หญิง,818
ระนอง,โรคปอดอุดกั้นเรื้อรัง,ไม่ทราบ,ไม่ระบุ,33
ระนอง,โรคผิวหนังอักเสบ,0-4,ชาย,337
ระนอง,โรคผิวหนังอักเสบ,0-4,หญิง,344
ระนอง,โรคผิวหนังอักเสบ,0-4,ไม่ระบุ,1
ระนอง,โรคผิวหนังอักเสบ,10-14,ชาย,244
ระนอง,โรคผิวหนังอักเสบ,10-14,หญิง,210
ระนอง,โรคผิวหนังอักเสบ,15-19,ชาย,196
ระนอง,โรคผิวหนังอักเสบ,15-19,หญิง,133
ระนอง,โรคผิวหนังอักเสบ,20-24,ชาย,418
ระนอง,โรคผิวหนังอักเสบ,20-24,หญิง,172
ระนอง,โรคผิวหนังอักเสบ,25-29,ชาย,504
ระนอง,โรคผิวหนังอักเสบ,25-29,หญิง,229
ระนอง,โรคผิวหนังอักเสบ,30-34,ชาย,481
ระนอง,โรคผิวหนังอักเสบ,30-34,หญิง,237
ระนอง,โรคผิวหนังอักเสบ,35-39,ชาย,417
ระนอง,โรคผิวหนังอักเสบ,35-39,หญิง,225
ระนอง,โรคผิวหนังอักเสบ,40-44,ชาย,368
ระนอง,โรคผิวหนังอักเสบ,40-44,หญิง,274
ระนอง,โรคผิวหนังอักเสบ,45-49,ชาย,285
ระนอง,โรคผิวหนังอักเสบ,45-49,หญิง,310
ระนอง,โรคผิวหนังอักเสบ,5-9,ชาย,280
ระนอง,โรคผิวหนังอักเสบ,5-9,หญิง,239
ระนอง,โรคผิวหนังอักเสบ,50-54,ชาย,208
ระนอง,โรคผิวหนังอักเสบ,50-54,หญิง,331
ระนอง,โรคผิวหนังอักเสบ,55-59,ชาย,240
ระนอง,โรคผิวหนังอักเสบ,55-59,หญิง,286
ระนอง,โรคผิวหนังอักเสบ,60-64,ชาย,215
ระนอง,โรคผิวหนังอักเสบ,60-64,หญิง,277
ระนอง,โรคผิวหนังอักเสบ,65-69,ชาย,153
ระนอง,โรคผิวหนังอักเสบ,65-69,หญิง,198
ระนอง,โรคผิวหนังอักเสบ,70-74,ชาย,161
ระนอง,โรคผิวหนังอักเสบ,70-74,หญิง,123
ระนอง,โรคผิวหนังอักเสบ,75-79,ชาย,92
ระนอง,โรคผิวหนังอักเสบ,75-79,หญิง,102
ระนอง,โรคผิวหนังอักเสบ,80+,ชาย,99
ระนอง,โรคผิวหนังอักเสบ,80+,หญิง,127
ระนอง,โรคผิวหนังอักเสบ,ไม่ทราบ,ชาย,6
ระนอง,โรคผิวหนังอักเสบ,ไม่ทราบ,หญิง,4
ระนอง,โรคผิวหนังอักเสบ,ไม่ทราบ,ไม่ระบุ,8
ระนอง,โรคลมพิษ,0-4,ชาย,280
ระนอง,โรคลมพิษ,0-4,หญิง,261
ระนอง,โรคลมพิษ,0-4,ไม่ระบุ,1
ระนอง,โรคลมพิษ,10-14,ชาย,270
ระนอง,โรคลมพิษ,10-14,หญิง,253
ระนอง,โรคลมพิษ,15-19,ชาย,160
ระนอง,โรคลมพิษ,15-19,หญิง,279
ระนอง,โรคลมพิษ,20-24,ชาย,122
ระนอง,โรคลมพิษ,20-24,หญิง,245
ระนอง,โรคลมพิษ,25-29,ชาย,115
ระนอง,โรคลมพิษ,25-29,หญิง,320
ระนอง,โรคลมพิษ,30-34,ชาย,107
ระนอง,โรคลมพิษ,30-34,หญิง,283
ระนอง,โรคลมพิษ,35-39,ชาย,72
ระนอง,โรคลมพิษ,35-39,หญิง,239
ระนอง,โรคลมพิษ,40-44,ชาย,87
ระนอง,โรคลมพิษ,40-44,หญิง,239
ระนอง,โรคลมพิษ,45-49,ชาย,67
ระนอง,โรคลมพิษ,45-49,หญิง,239
ระนอง,โรคลมพิษ,45-49,ไม่ระบุ,1
ระนอง,โรคลมพิษ,5-9,ชาย,324
ระนอง,โรคลมพิษ,5-9,หญิง,226
ระนอง,โรคลมพิษ,50-54,ชาย,93
ระนอง,โรคลมพิษ,50-54,หญิง,206
ระนอง,โรคลมพิษ,55-59,ชาย,81
ระนอง,โรคลมพิษ,55-59,หญิง,187
ระนอง,โรคลมพิษ,60-64,ชาย,69
ระนอง,โรคลมพิษ,60-64,หญิง,158
ระนอง,โรคลมพิษ,65-69,ชาย,62
ระนอง,โรคลมพิษ,65-69,หญิง,110
ระนอง,โรคลมพิษ,70-74,ชาย,22
ระนอง,โรคลมพิษ,70-74,หญิง,61
ระนอง,โรคลมพิษ,75-79,ชาย,25
ระนอง,โรคลมพิษ,75-79,หญิง,35
ระนอง,โรคลมพิษ,80+,ชาย,30
ระนอง,โรคลมพิษ,80+,หญิง,34
ระนอง,โรคลมพิษ,ไม่ทราบ,ไม่ระบุ,13
ระนอง,โรคหอบหืด,0-4,ชาย,1191
ระนอง,โรคหอบหืด,0-4,หญิง,509
ระนอง,โรคหอบหืด,10-14,ชาย,768
ระนอง,โรคหอบหืด,10-14,หญิง,546
ระนอง,โรคหอบหืด,15-19,ชาย,204
ระนอง,โรคหอบหืด,15-19,หญิง,130
ระนอง,โรคหอบหืด,20-24,ชาย,139
ระนอง,โรคหอบหืด,20-24,หญิง,160
ระนอง,โรคหอบหืด,25-29,ชาย,119
ระนอง,โรคหอบหืด,25-29,หญิง,245
ระนอง,โรคหอบหืด,30-34,ชาย,178
ระนอง,โรคหอบหืด,30-34,หญิง,410
ระนอง,โรคหอบหืด,35-39,ชาย,256
ระนอง,โรคหอบหืด,35-39,หญิง,389
ระนอง,โรคหอบหืด,40-44,ชาย,246
ระนอง,โรคหอบหืด,40-44,หญิง,531
ระนอง,โรคหอบหืด,45-49,ชาย,222
ระนอง,โรคหอบหืด,45-49,หญิง,642
ระนอง,โรคหอบหืด,5-9,ชาย,1412
ระนอง,โรคหอบหืด,5-9,หญิง,1030
ระนอง,โรคหอบหืด,50-54,ชาย,250
ระนอง,โรคหอบหืด,50-54,หญิง,810
ระนอง,โรคหอบหืด,55-59,ชาย,311
ระนอง,โรคหอบหืด,55-59,หญิง,884
ระนอง,โรคหอบหืด,60-64,ชาย,190
ระนอง,โรคหอบหืด,60-64,หญิง,726
ระนอง,โรคหอบหืด,65-69,ชาย,188
ระนอง,โรคหอบหืด,65-69,หญิง,617
ระนอง,โรคหอบหืด,70-74,ชาย,94
ระนอง,โรคหอบหืด,70-74,หญิง,489
ระนอง,โรคหอบหืด,75-79,ชาย,83
ระนอง,โรคหอบหืด,75-79,หญิง,301
ระนอง,โรคหอบหืด,80+,ชาย,61
ระนอง,โรคหอบหืด,80+,หญิง,282
ระนอง,โรคหอบหืด,ไม่ทราบ,ไม่ระบุ,22
ระนอง,โรคเยื่อจมูกอักเสบจากภูมิแพ้,0-4,ชาย,384
ระนอง,โรคเยื่อจมูกอักเสบจากภูมิแพ้,0-4,หญิง,277
ระนอง,โรคเยื่อจมูกอักเสบจากภูมิแพ้,10-14,ชาย,403
ระนอง,โรคเยื่อจมูกอักเสบจากภูมิแพ้,10-14,หญิง,394
ระนอง,โรคเยื่อจมูกอักเสบจากภูมิแพ้,15-19,ชาย,123
ระนอง,โรคเยื่อจมูกอักเสบจากภูมิแพ้,15-19,หญิง,144
ระนอง,โรคเยื่อจมูกอักเสบจากภูมิแพ้,20-24,ชาย,84
ระนอง,โรคเยื่อจมูกอักเสบจากภูมิแพ้,20-24,หญิง,141
ระนอง,โรคเยื่อจมูกอักเสบจากภูมิแพ้,25-29,ชาย,152
ระนอง,โรคเยื่อจมูกอักเสบจากภูมิแพ้,25-29,หญิง,272
ระนอง,โรคเยื่อจมูกอักเสบจากภูมิแพ้,30-34,ชาย,111
ระนอง,โรคเยื่อจมูกอักเสบจากภูมิแพ้,30-34,หญิง,263
ระนอง,โรคเยื่อจมูกอักเสบจากภูมิแพ้,30-34,ไม่ระบุ,1
ระนอง,โรคเยื่อจมูกอักเสบจากภูมิแพ้,35-39,ชาย,142
ระนอง,โรคเยื่อจมูกอักเสบจากภูมิแพ้,35-39,หญิง,307
ระนอง,โรคเยื่อจมูกอักเสบจากภูมิแพ้,40-44,ชาย,103
ระนอง,โรคเยื่อจมูกอักเสบจากภูมิแพ้,40-44,หญิง,307
ระนอง,โรคเยื่อจมูกอักเสบจากภูมิแพ้,45-49,ชาย,92
ระนอง,โรคเยื่อจมูกอักเสบจากภูมิแพ้,45-49,หญิง,323
ระนอง,โรคเยื่อจมูกอักเสบจากภูมิแพ้,5-9,ชาย,689
ระนอง,โรคเยื่อจมูกอักเสบจากภูมิแพ้,5-9,หญิง,549
ระนอง,โรคเยื่อจมูกอักเสบจากภูมิแพ้,50-54,ชาย,156
ระนอง,โรคเยื่อจมูกอักเสบจากภูมิแพ้,50-54,หญิง,283
ระนอง,โรคเยื่อจมูกอักเสบจากภูมิแพ้,55-59,ชาย,148
ระนอง,โรคเยื่อจมูกอักเสบจากภูมิแพ้,55-59,หญิง,237
ระนอง,โรคเยื่อจมูกอักเสบจากภูมิแพ้,60-64,ชาย,198
ระนอง,โรคเยื่อจมูกอักเสบจากภูมิแพ้,60-64,หญิง,191
ระนอง,โรคเยื่อจมูกอักเสบจากภูมิแพ้,65-69,ชาย,150
ระนอง,โรคเยื่อจมูกอักเสบจากภูมิแพ้,65-69,หญิง,169
ระนอง,โรคเยื่อจมูกอักเสบจากภูมิแพ้,70-74,ชาย,115
ระนอง,โรคเยื่อจมูกอักเสบจากภูมิแพ้,70-74,หญิง,135
ระนอง,โรคเยื่อจมูกอักเสบจากภูมิแพ้,75-79,ชาย,70
ระนอง,โรคเยื่อจมูกอักเสบจากภูมิแพ้,75-79,หญิง,44
ระนอง,โรคเยื่อจมูกอักเสบจากภูมิแพ้,80+,ชาย,56
ระนอง,โรคเยื่อจมูกอักเสบจากภูมิแพ้,80+,หญิง,59
ระนอง,โรคเยื่อจมูกอักเสบจากภูมิแพ้,ไม่ทราบ,ไม่ระบุ,7
ระนอง,โรคเยื่อบุตาอักเสบ,0-4,ชาย,349
ระนอง,โรคเยื่อบุตาอักเสบ,0-4,หญิง,328
ระนอง,โรคเยื่อบุตาอักเสบ,10-14,ชาย,464
ระนอง,โรคเยื่อบุตาอักเสบ,10-14,หญิง,362
ระนอง,โรคเยื่อบุตาอักเสบ,15-19,ชาย,294
ระนอง,โรคเยื่อบุตาอักเสบ,15-19,หญิง,340
ระนอง,โรคเยื่อบุตาอักเสบ,20-24,ชาย,272
ระนอง,โรคเยื่อบุตาอักเสบ,20-24,หญิง,284
ระนอง,โรคเยื่อบุตาอักเสบ,25-29,ชาย,368
ระนอง,โรคเยื่อบุตาอักเสบ,25-29,หญิง,442
ระนอง,โรคเยื่อบุตาอักเสบ,30-34,ชาย,344
ระนอง,โรคเยื่อบุตาอักเสบ,30-34,หญิง,413
ระนอง,โรคเยื่อบุตาอักเสบ,35-39,ชาย,413
ระนอง,โรคเยื่อบุตาอักเสบ,35-39,หญิง,388
ระนอง,โรคเยื่อบุตาอักเสบ,40-44,ชาย,395
ระนอง,โรคเยื่อบุตาอักเสบ,40-44,หญิง,363
ระนอง,โรคเยื่อบุตาอักเสบ,45-49,ชาย,372
ระนอง,โรคเยื่อบุตาอักเสบ,45-49,หญิง,445
ระนอง,โรคเยื่อบุตาอักเสบ,5-9,ชาย,527
ระนอง,โรคเยื่อบุตาอักเสบ,5-9,หญิง,363
ระนอง,โรคเยื่อบุตาอักเสบ,50-54,ชาย,393
ระนอง,โรคเยื่อบุตาอักเสบ,50-54,หญิง,456
ระนอง,โรคเยื่อบุตาอักเสบ,55-59,ชาย,348
ระนอง,โรคเยื่อบุตาอักเสบ,55-59,หญิง,468
ระนอง,โรคเยื่อบุตาอักเสบ,60-64,ชาย,310
ระนอง,โรคเยื่อบุตาอักเสบ,60-64,หญิง,364
ระนอง,โรคเยื่อบุตาอักเสบ,65-69,ชาย,260
ระนอง,โรคเยื่อบุตาอักเสบ,65-69,หญิง,320
ระนอง,โรคเยื่อบุตาอักเสบ,70-74,ชาย,221
ระนอง,โรคเยื่อบุตาอักเสบ,70-74,หญิง,233
ระนอง,โรคเยื่อบุตาอักเสบ,75-79,ชาย,113
ระนอง,โรคเยื่อบุตาอักเสบ,75-79,หญิง,125
ระนอง,โรคเยื่อบุตาอักเสบ,80+,ชาย,145
ระนอง,โรคเยื่อบุตาอักเสบ,80+,หญิง,172
ระนอง,โรคเยื่อบุตาอักเสบ,ไม่ทราบ,ชาย,2
ระนอง,โรคเยื่อบุตาอักเสบ,ไม่ทราบ,ไม่ระบุ,10
ระยอง,โรคติดเชื้อทางเดินหายใจส่วนบนเฉียบพลัน,0-4,ชาย,59178
ระยอง,โรคติดเชื้อทางเดินหายใจส่วนบนเฉียบพลัน,0-4,หญิง,54025
ระยอง,โรคติดเชื้อทางเดินหายใจส่วนบนเฉียบพลัน,10-14,ชาย,23655
ระยอง,โรคติดเชื้อทางเดินหายใจส่วนบนเฉียบพลัน,10-14,หญิง,21341
ระยอง,โรคติดเชื้อทางเดินหายใจส่วนบนเฉียบพลัน,15-19,ชาย,16379
ระยอง,โรคติดเชื้อทางเดินหายใจส่วนบนเฉียบพลัน,15-19,หญิง,18854
ระยอง,โรคติดเชื้อทางเดินหายใจส่วนบนเฉียบพลัน,20-24,ชาย,24020
ระยอง,โรคติดเชื้อทางเดินหายใจส่วนบนเฉียบพลัน,20-24,หญิง,27663
ระยอง,โรคติดเชื้อทางเดินหายใจส่วนบนเฉียบพลัน,25-29,ชาย,26783
ระยอง,โรคติดเชื้อทางเดินหายใจส่วนบนเฉียบพลัน,25-29,หญิง,31361
ระยอง,โรคติดเชื้อทางเดินหายใจส่วนบนเฉียบพลัน,30-34,ชาย,20943
ระยอง,โรคติดเชื้อทางเดินหายใจส่วนบนเฉียบพลัน,30-34,หญิง,25446
ระยอง,โรคติดเชื้อทางเดินหายใจส่วนบนเฉียบพลัน,35-39,ชาย,17010
ระยอง,โรคติดเชื้อทางเดินหายใจส่วนบนเฉียบพลัน,35-39,หญิง,21061
ระยอง,โรคติดเชื้อทางเดินหายใจส่วนบนเฉียบพลัน,40-44,ชาย,15518
ระยอง,โรคติดเชื้อทางเดินหายใจส่วนบนเฉียบพลัน,40-44,หญิง,20052
ระยอง,โรคติดเชื้อทางเดินหายใจส่วนบนเฉียบพลัน,45-49,ชาย,12866
ระยอง,โรคติดเชื้อทางเดินหายใจส่วนบนเฉียบพลัน,45-49,หญิง,18337
ระยอง,โรคติดเชื้อทางเดินหายใจส่วนบนเฉียบพลัน,5-9,ชาย,43345
ระยอง,โรคติดเชื้อทางเดินหายใจส่วนบนเฉียบพลัน,5-9,หญิง,40809
ระยอง,โรคติดเชื้อทางเดินหายใจส่วนบนเฉียบพลัน,50-54,ชาย,10220
ระยอง,โรคติดเชื้อทางเดินหายใจส่วนบนเฉียบพลัน,50-54,หญิง,16766
ระยอง,โรคติดเชื้อทางเดินหายใจส่วนบนเฉียบพลัน,55-59,ชาย,8150
ระยอง,โรคติดเชื้อทางเดินหายใจส่วนบนเฉียบพลัน,55-59,หญิง,15022
ระยอง,โรคติดเชื้อทางเดินหายใจส่วนบนเฉียบพลัน,60-64,ชาย,6702
ระยอง,โรคติดเชื้อทางเดินหายใจส่วนบนเฉียบพลัน,60-64,หญิง,12237
ระยอง,โรคติดเชื้อทางเดินหายใจส่วนบนเฉียบพลัน,65-69,ชาย,5648
ระยอง,โรคติดเชื้อทางเดินหายใจส่วนบนเฉียบพลัน,65-69,หญิง,9328
ระยอง,โรคติดเชื้อทางเดินหายใจส่วนบนเฉียบพลัน,70-74,ชาย,4347
ระยอง,โรคติดเชื้อทางเดินหายใจส่วนบนเฉียบพลัน,70-74,หญิง,6605
ระยอง,โรคติดเชื้อทางเดินหายใจส่วนบนเฉียบพลัน,75-79,ชาย,2861
ระยอง,โรคติดเชื้อทางเดินหายใจส่วนบนเฉียบพลัน,75-79,หญิง,3656
ระยอง,โรคติดเชื้อทางเดินหายใจส่วนบนเฉียบพลัน,80+,ชาย,2988
ระยอง,โรคติดเชื้อทางเดินหายใจส่วนบนเฉียบพลัน,80+,หญิง,3752
ระยอง,โรคติดเชื้อทางเดินหายใจส่วนบนเฉียบพลัน,ไม่ทราบ,ชาย,27
ระยอง,โรคติดเชื้อทางเดินหายใจส่วนบนเฉียบพลัน,ไม่ทราบ,หญิง,42
ระยอง,โรคติดเชื้อทางเดินหายใจส่วนบนเฉียบพลัน,ไม่ทราบ,ไม่ระบุ,16609
ระยอง,โรคปอดอุดกั้นเรื้อรัง,0-4,ชาย,9
ระยอง,โรคปอดอุดกั้นเรื้อรัง,0-4,หญิง,4
ระยอง,โรคปอดอุดกั้นเรื้อรัง,10-14,ชาย,2
ระยอง,โรคปอดอุดกั้นเรื้อรัง,15-19,ชาย,4
ระยอง,โรคปอดอุดกั้นเรื้อรัง,20-24,ชาย,15
ระยอง,โรคปอดอุดกั้นเรื้อรัง,20-24,หญิง,2
ระยอง,โรคปอดอุดกั้นเรื้อรัง,25-29,ชาย,60
ระยอง,โรคปอดอุดกั้นเรื้อรัง,25-29,หญิง,2
ระยอง,โรคปอดอุดกั้นเรื้อรัง,30-34,ชาย,81
ระยอง,โรคปอดอุดกั้นเรื้อรัง,30-34,หญิง,12
ระยอง,โรคปอดอุดกั้นเรื้อรัง,35-39,ชาย,177
ระยอง,โรคปอดอุดกั้นเรื้อรัง,35-39,หญิง,16
ระยอง,โรคปอดอุดกั้นเรื้อรัง,40-44,ชาย,324
ระยอง,โรคปอดอุดกั้นเรื้อรัง,40-44,หญิง,26
ระยอง,โรคปอดอุดกั้นเรื้อรัง,45-49,ชาย,777
ระยอง,โรคปอดอุดกั้นเรื้อรัง,45-49,หญิง,136
ระยอง,โรคปอดอุดกั้นเรื้อรัง,5-9,ชาย,2
ระยอง,โรคปอดอุดกั้นเรื้อรัง,5-9,หญิง,1
ระยอง,โรคปอดอุดกั้นเรื้อรัง,50-54,ชาย,1283
ระยอง,โรคปอดอุดกั้นเรื้อรัง,50-54,หญิง,249
ระยอง,โรคปอดอุดกั้นเรื้อรัง,55-59,ชาย,1953
ระยอง,โรคปอดอุดกั้นเรื้อรัง,55-59,หญิง,284
ระยอง,โรคปอดอุดกั้นเรื้อรัง,60-64,ชาย,2975
ระยอง,โรคปอดอุดกั้นเรื้อรัง,60-64,หญิง,494
ระยอง,โรคปอดอุดกั้นเรื้อรัง,65-69,ชาย,3074
ระยอง,โรคปอดอุดกั้นเรื้อรัง,65-69,หญิง,602
ระยอง,โรคปอดอุดกั้นเรื้อรัง,70-74,ชาย,3470
ระยอง,โรคปอดอุดกั้นเรื้อรัง,70-74,หญิง,731
ระยอง,โรคปอดอุดกั้นเรื้อรัง,75-79,ชาย,2915
ระยอง,โรคปอดอุดกั้นเรื้อรัง,75-79,หญิง,597
ระยอง,โรคปอดอุดกั้นเรื้อรัง,80+,ชาย,4030
ระยอง,โรคปอดอุดกั้นเรื้อรัง,80+,หญิง,1185
ระยอง,โรคปอดอุดกั้นเรื้อรัง,ไม่ทราบ,ไม่ระบุ,1076
ระยอง,โรคผิวหนังอักเสบ,0-4,ชาย,1061
ระยอง,โรคผิวหนังอักเสบ,0-4,หญิง,1011
ระยอง,โรคผิวหนังอักเสบ,10-14,ชาย,574
ระยอง,โรคผิวหนังอักเสบ,10-14,หญิง,512
ระยอง,โรคผิวหนังอักเสบ,15-19,ชาย,401
ระยอง,โรคผิวหนังอักเสบ,15-19,หญิง,562
ระยอง,โรคผิวหนังอักเสบ,20-24,ชาย,849
ระยอง,โรคผิวหนังอักเสบ,20-24,หญิง,939
ระยอง,โรคผิวหนังอักเสบ,25-29,ชาย,1585
ระยอง,โรคผิวหนังอักเสบ,25-29,หญิง,1164
ระยอง,โรคผิวหนังอักเสบ,30-34,ชาย,1761
ระยอง,โรคผิวหนังอักเสบ,30-34,หญิง,1307
ระยอง,โรคผิวหนังอักเสบ,35-39,ชาย,1817
ระยอง,โรคผิวหนังอักเสบ,35-39,หญิง,1193
ระยอง,โรคผิวหนังอักเสบ,40-44,ชาย,1655
ระยอง,โรคผิวหนังอักเสบ,40-44,หญิง,1375
ระยอง,โรคผิวหนังอักเสบ,45-49,ชาย,1192
ระยอง,โรคผิวหนังอักเสบ,45-49,หญิง,1404
ระยอง,โรคผิวหนังอักเสบ,5-9,ชาย,807
ระยอง,โรคผิวหนังอักเสบ,5-9,หญิง,701
ระยอง,โรคผิวหนังอักเสบ,50-54,ชาย,901
ระยอง,โรคผิวหนังอักเสบ,50-54,หญิง,1330
ระยอง,โรคผิวหนังอักเสบ,55-59,ชาย,765
ระยอง,โรคผิวหนังอักเสบ,55-59,หญิง,1258
ระยอง,โรคผิวหนังอักเสบ,60-64,ชาย,746
ระยอง,โรคผิวหนังอักเสบ,60-64,หญิง,997
ระยอง,โรคผิวหนังอักเสบ,65-69,ชาย,659
ระยอง,โรคผิวหนังอักเสบ,65-69,หญิง,764
ระยอง,โรคผิวหนังอักเสบ,70-74,ชาย,525
ระยอง,โรคผิวหนังอักเสบ,70-74,หญิง,633
ระยอง,โรคผิวหนังอักเสบ,75-79,ชาย,421
ระยอง,โรคผิวหนังอักเสบ,75-79,หญิง,366
ระยอง,โรคผิวหนังอักเสบ,80+,ชาย,390
ระยอง,โรคผิวหนังอักเสบ,80+,หญิง,396
ระยอง,โรคผิวหนังอักเสบ,ไม่ทราบ,ชาย,2
ระยอง,โรคผิวหนังอักเสบ,ไม่ทราบ,ไม่ระบุ,2500
ระยอง,โรคลมพิษ,0-4,ชาย,1014
ระยอง,โรคลมพิษ,0-4,หญิง,853
ระยอง,โรคลมพิษ,10-14,ชาย,710
ระยอง,โรคลมพิษ,10-14,หญิง,677
ระยอง,โรคลมพิษ,15-19,ชาย,496
ระยอง,โรคลมพิษ,15-19,หญิง,852
ระยอง,โรคลมพิษ,20-24,ชาย,583
ระยอง,โรคลมพิษ,20-24,หญิง,1184
ระยอง,โรคลมพิษ,25-29,ชาย,684
ระยอง,โรคลมพิษ,25-29,หญิง,1351
ระยอง,โรคลมพิษ,30-34,ชาย,598
ระยอง,โรคลมพิษ,30-34,หญิง,1128
ระยอง,โรคลมพิษ,35-39,ชาย,402
ระยอง,โรคลมพิษ,35-39,หญิง,985
ระยอง,โรคลมพิษ,40-44,ชาย,388
ระยอง,โรคลมพิษ,40-44,หญิง,956
ระยอง,โรคลมพิษ,45-49,ชาย,350
ระยอง,โรคลมพิษ,45-49,หญิง,868
ระยอง,โรคลมพิษ,5-9,ชาย,852
ระยอง,โรคลมพิษ,5-9,หญิง,659
ระยอง,โรคลมพิษ,50-54,ชาย,341
ระยอง,โรคลมพิษ,50-54,หญิง,751
ระยอง,โรคลมพิษ,55-59,ชาย,262
ระยอง,โรคลมพิษ,55-59,หญิง,647
ระยอง,โรคลมพิษ,60-64,ชาย,205
ระยอง,โรคลมพิษ,60-64,หญิง,469
ระยอง,โรคลมพิษ,65-69,ชาย,165
ระยอง,โรคลมพิษ,65-69,หญิง,336
ระยอง,โรคลมพิษ,70-74,ชาย,112
ระยอง,โรคลมพิษ,70-74,หญิง,246
ระยอง,โรคลมพิษ,75-79,ชาย,94
ระยอง,โรคลมพิษ,75-79,หญิง,100
ระยอง,โรคลมพิษ,80+,ชาย,72
ระยอง,โรคลมพิษ,80+,หญิง,123
ระยอง,โรคลมพิษ,ไม่ทราบ,หญิง,1
ระยอง,โรคลมพิษ,ไม่ทราบ,ไม่ระบุ,573
ระยอง,โรคหอบหืด,0-4,ชาย,1847
ระยอง,โรคหอบหืด,0-4,หญิง,875
ระยอง,โรคหอบหืด,10-14,ชาย,1493
ระยอง,โรคหอบหืด,10-14,หญิง,839
ระยอง,โรคหอบหืด,15-19,ชาย,504
ระยอง,โรคหอบหืด,15-19,หญิง,463
ระยอง,โรคหอบหืด,20-24,ชาย,437
ระยอง,โรคหอบหืด,20-24,หญิง,438
ระยอง,โรคหอบหืด,25-29,ชาย,570
ระยอง,โรคหอบหืด,25-29,หญิง,723
ระยอง,โรคหอบหืด,30-34,ชาย,805
ระยอง,โรคหอบหืด,30-34,หญิง,1207
ระยอง,โรคหอบหืด,35-39,ชาย,857
ระยอง,โรคหอบหืด,35-39,หญิง,1196
ระยอง,โรคหอบหืด,40-44,ชาย,1094
ระยอง,โรคหอบหืด,40-44,หญิง,1887
ระยอง,โรคหอบหืด,45-49,ชาย,1232
ระยอง,โรคหอบหืด,45-49,หญิง,2452
ระยอง,โรคหอบหืด,5-9,ชาย,2862
ระยอง,โรคหอบหืด,5-9,หญิง,1791
ระยอง,โรคหอบหืด,50-54,ชาย,1425
ระยอง,โรคหอบหืด,50-54,หญิง,2879
ระยอง,โรคหอบหืด,55-59,ชาย,1386
ระยอง,โรคหอบหืด,55-59,หญิง,2796
ระยอง,โรคหอบหืด,60-64,ชาย,1030
ระยอง,โรคหอบหืด,60-64,หญิง,2758
ระยอง,โรคหอบหืด,65-69,ชาย,709
ระยอง,โรคหอบหืด,65-69,หญิง,2120
ระยอง,โรคหอบหืด,70-74,ชาย,564
ระยอง,โรคหอบหืด,70-74,หญิง,1862
ระยอง,โรคหอบหืด,75-79,ชาย,328
ระยอง,โรคหอบหืด,75-79,หญิง,1225
ระยอง,โรคหอบหืด,80+,ชาย,282
ระยอง,โรคหอบหืด,80+,หญิง,1256
ระยอง,โรคหอบหืด,ไม่ทราบ,ไม่ระบุ,2057
ระยอง,โรคเยื่อจมูกอักเสบจากภูมิแพ้,0-4,ชาย,1239
ระยอง,โรคเยื่อจมูกอักเสบจากภูมิแพ้,0-4,หญิง,1023
ระยอง,โรคเยื่อจมูกอักเสบจากภูมิแพ้,10-14,ชาย,1317
ระยอง,โรคเยื่อจมูกอักเสบจากภูมิแพ้,10-14,หญิง,776
ระยอง,โรคเยื่อจมูกอักเสบจากภูมิแพ้,15-19,ชาย,364
ระยอง,โรคเยื่อจมูกอักเสบจากภูมิแพ้,15-19,หญิง,526
ระยอง,โรคเยื่อจมูกอักเสบจากภูมิแพ้,20-24,ชาย,485
ระยอง,โรคเยื่อจมูกอักเสบจากภูมิแพ้,20-24,หญิง,831
ระยอง,โรคเยื่อจมูกอักเสบจากภูมิแพ้,25-29,ชาย,665
ระยอง,โรคเยื่อจมูกอักเสบจากภูมิแพ้,25-29,หญิง,1292
ระยอง,โรคเยื่อจมูกอักเสบจากภูมิแพ้,30-34,ชาย,652
ระยอง,โรคเยื่อจมูกอักเสบจากภูมิแพ้,30-34,หญิง,1210
ระยอง,โรคเยื่อจมูกอักเสบจากภูมิแพ้,35-39,ชาย,520
ระยอง,โรคเยื่อจมูกอักเสบจากภูมิแพ้,35-39,หญิง,1203
ระยอง,โรคเยื่อจมูกอักเสบจากภูมิแพ้,40-44,ชาย,563
ระยอง,โรคเยื่อจมูกอักเสบจากภูมิแพ้,40-44,หญิง,1108
ระยอง,โรคเยื่อจมูกอักเสบจากภูมิแพ้,45-49,ชาย,583
ระยอง,โรคเยื่อจมูกอักเสบจากภูมิแพ้,45-49,หญิง,1293
ระยอง,โรคเยื่อจมูกอักเสบจากภูมิแพ้,5-9,ชาย,2330
ระยอง,โรคเยื่อจมูกอักเสบจากภูมิแพ้,5-9,หญิง,1654
ระยอง,โรคเยื่อจมูกอักเสบจากภูมิแพ้,50-54,ชาย,527
ระยอง,โรคเยื่อจมูกอักเสบจากภูมิแพ้,50-54,หญิง,1189
ระยอง,โรคเยื่อจมูกอักเสบจากภูมิแพ้,55-59,ชาย,558
ระยอง,โรคเยื่อจมูกอักเสบจากภูมิแพ้,55-59,หญิง,944
ระยอง,โรคเยื่อจมูกอักเสบจากภูมิแพ้,60-64,ชาย,469
ระยอง,โรคเยื่อจมูกอักเสบจากภูมิแพ้,60-64,หญิง,727
ระยอง,โรคเยื่อจมูกอักเสบจากภูมิแพ้,65-69,ชาย,383
ระยอง,โรคเยื่อจมูกอักเสบจากภูมิแพ้,65-69,หญิง,602
ระยอง,โรคเยื่อจมูกอักเสบจากภูมิแพ้,70-74,ชาย,299
ระยอง,โรคเยื่อจมูกอักเสบจากภูมิแพ้,70-74,หญิง,357
ระยอง,โรคเยื่อจมูกอักเสบจากภูมิแพ้,75-79,ชาย,154
ระยอง,โรคเยื่อจมูกอักเสบจากภูมิแพ้,75-79,หญิง,189
ระยอง,โรคเยื่อจมูกอักเสบจากภูมิแพ้,80+,ชาย,154
ระยอง,โรคเยื่อจมูกอักเสบจากภูมิแพ้,80+,หญิง,140
ระยอง,โรคเยื่อจมูกอักเสบจากภูมิแพ้,ไม่ทราบ,ไม่ระบุ,619
ระยอง,โรคเยื่อบุตาอักเสบ,0-4,ชาย,1330
ระยอง,โรคเยื่อบุตาอักเสบ,0-4,หญิง,1120
ระยอง,โรคเยื่อบุตาอักเสบ,10-14,ชาย,965
ระยอง,โรคเยื่อบุตาอักเสบ,10-14,หญิง,789
ระยอง,โรคเยื่อบุตาอักเสบ,15-19,ชาย,946
ระยอง,โรคเยื่อบุตาอักเสบ,15-19,หญิง,982
ระยอง,โรคเยื่อบุตาอักเสบ,20-24,ชาย,1376
ระยอง,โรคเยื่อบุตาอักเสบ,20-24,หญิง,1407
ระยอง,โรคเยื่อบุตาอักเสบ,25-29,ชาย,1716
ระยอง,โรคเยื่อบุตาอักเสบ,25-29,หญิง,1731
ระยอง,โรคเยื่อบุตาอักเสบ,30-34,ชาย,1666
ระยอง,โรคเยื่อบุตาอักเสบ,30-34,หญิง,1449
ระยอง,โรคเยื่อบุตาอักเสบ,35-39,ชาย,1462
ระยอง,โรคเยื่อบุตาอักเสบ,35-39,หญิง,1314
ระยอง,โรคเยื่อบุตาอักเสบ,40-44,ชาย,1471
ระยอง,โรคเยื่อบุตาอักเสบ,40-44,หญิง,1369
ระยอง,โรคเยื่อบุตาอักเสบ,45-49,ชาย,1356
ระยอง,โรคเยื่อบุตาอักเสบ,45-49,หญิง,1559
ระยอง,โรคเยื่อบุตาอักเสบ,5-9,ชาย,1306
ระยอง,โรคเยื่อบุตาอักเสบ,5-9,หญิง,1007
ระยอง,โรคเยื่อบุตาอักเสบ,50-54,ชาย,1122
ระยอง,โรคเยื่อบุตาอักเสบ,50-54,หญิง,1620
ระยอง,โรคเยื่อบุตาอักเสบ,55-59,ชาย,979
ระยอง,โรคเยื่อบุตาอักเสบ,55-59,หญิง,1822
ระยอง,โรคเยื่อบุตาอักเสบ,60-64,ชาย,856
ระยอง,โรคเยื่อบุตาอักเสบ,60-64,หญิง,1496
ระยอง,โรคเยื่อบุตาอักเสบ,65-69,ชาย,763
ระยอง,โรคเยื่อบุตาอักเสบ,65-69,หญิง,1378
ระยอง,โรคเยื่อบุตาอักเสบ,70-74,ชาย,601
ระยอง,โรคเยื่อบุตาอักเสบ,70-74,หญิง,984
ระยอง,โรคเยื่อบุตาอักเสบ,75-79,ชาย,430
ระยอง,โรคเยื่อบุตาอักเสบ,75-79,หญิง,689
ระยอง,โรคเยื่อบุตาอักเสบ,80+,ชาย,513
ระยอง,โรคเยื่อบุตาอักเสบ,80+,หญิง,660
ระยอง,โรคเยื่อบุตาอักเสบ,ไม่ทราบ,หญิง,5
ระยอง,โรคเยื่อบุตาอักเสบ,ไม่ทราบ,ไม่ระบุ,1079
ราชบุรี,โรคติดเชื้อทางเดินหายใจส่วนบนเฉียบพลัน,0-4,ชาย,57569
ราชบุรี,โรคติดเชื้อทางเดินหายใจส่วนบนเฉียบพลัน,0-4,หญิง,49743
ราชบุรี,โรคติดเชื้อทางเดินหายใจส่วนบนเฉียบพลัน,0-4,ไม่ระบุ,3
ราชบุรี,โรคติดเชื้อทางเดินหายใจส่วนบนเฉียบพลัน,10-14,ชาย,24521
ราชบุรี,โรคติดเชื้อทางเดินหายใจส่วนบนเฉียบพลัน,10-14,หญิง,21992
ราชบุรี,โรคติดเชื้อทางเดินหายใจส่วนบนเฉียบพลัน,15-19,ชาย,15457
ราชบุรี,โรคติดเชื้อทางเดินหายใจส่วนบนเฉียบพลัน,15-19,หญิง,18128
ราชบุรี,โรคติดเชื้อทางเดินหายใจส่วนบนเฉียบพลัน,20-24,ชาย,21997
ราชบุรี,โรคติดเชื้อทางเดินหายใจส่วนบนเฉียบพลัน,20-24,หญิง,23420
ราชบุรี,โรคติดเชื้อทางเดินหายใจส่วนบนเฉียบพลัน,20-24,ไม่ระบุ,1
ราชบุรี,โรคติดเชื้อทางเดินหายใจส่วนบนเฉียบพลัน,25-29,ชาย,20101
ราชบุรี,โรคติดเชื้อทางเดินหายใจส่วนบนเฉียบพลัน,25-29,หญิง,28710
ราชบุรี,โรคติดเชื้อทางเดินหายใจส่วนบนเฉียบพลัน,30-34,ชาย,15852
ราชบุรี,โรคติดเชื้อทางเดินหายใจส่วนบนเฉียบพลัน,30-34,หญิง,24871
ราชบุรี,โรคติดเชื้อทางเดินหายใจส่วนบนเฉียบพลัน,30-34,ไม่ระบุ,3
ราชบุรี,โรคติดเชื้อทางเดินหายใจส่วนบนเฉียบพลัน,35-39,ชาย,12801
ราชบุรี,โรคติดเชื้อทางเดินหายใจส่วนบนเฉียบพลัน,35-39,หญิง,22033
ราชบุรี,โรคติดเชื้อทางเดินหายใจส่วนบนเฉียบพลัน,35-39,ไม่ระบุ,1
ราชบุรี,โรคติดเชื้อทางเดินหายใจส่วนบนเฉียบพลัน,40-44,ชาย,12888
ราชบุรี,โรคติดเชื้อทางเดินหายใจส่วนบนเฉียบพลัน,40-44,หญิง,21190
ราชบุรี,โรคติดเชื้อทางเดินหายใจส่วนบนเฉียบพลัน,45-49,ชาย,12188
ราชบุรี,โรคติดเชื้อทางเดินหายใจส่วนบนเฉียบพลัน,45-49,หญิง,20919
ราชบุรี,โรคติดเชื้อทางเดินหายใจส่วนบนเฉียบพลัน,5-9,ชาย,41505
ราชบุรี,โรคติดเชื้อทางเดินหายใจส่วนบนเฉียบพลัน,5-9,หญิง,37943
ราชบุรี,โรคติดเชื้อทางเดินหายใจส่วนบนเฉียบพลัน,50-54,ชาย,10345
ราชบุรี,โรคติดเชื้อทางเดินหายใจส่วนบนเฉียบพลัน,50-54,หญิง,20263
ราชบุรี,โรคติดเชื้อทางเดินหายใจส่วนบนเฉียบพลัน,50-54,ไม่ระบุ,1
ราชบุรี,โรคติดเชื้อทางเดินหายใจส่วนบนเฉียบพลัน,55-59,ชาย,9939
ราชบุรี,โรคติดเชื้อทางเดินหายใจส่วนบนเฉียบพลัน,55-59,หญิง,20112
ราชบุรี,โรคติดเชื้อทางเดินหายใจส่วนบนเฉียบพลัน,60-64,ชาย,9359
ราชบุรี,โรคติดเชื้อทางเดินหายใจส่วนบนเฉียบพลัน,60-64,หญิง,18234
ราชบุรี,โรคติดเชื้อทางเดินหายใจส่วนบนเฉียบพลัน,65-69,ชาย,8665
ราชบุรี,โรคติดเชื้อทางเดินหายใจส่วนบนเฉียบพลัน,65-69,หญิง,15096
ราชบุรี,โรคติดเชื้อทางเดินหายใจส่วนบนเฉียบพลัน,70-74,ชาย,7498
ราชบุรี,โรคติดเชื้อทางเดินหายใจส่วนบนเฉียบพลัน,70-74,หญิง,11212
ราชบุรี,โรคติดเชื้อทางเดินหายใจส่วนบนเฉียบพลัน,75-79,ชาย,4829
ราชบุรี,โรคติดเชื้อทางเดินหายใจส่วนบนเฉียบพลัน,75-79,หญิง,6725
ราชบุรี,โรคติดเชื้อทางเดินหายใจส่วนบนเฉียบพลัน,80+,ชาย,5211
ราชบุรี,โรคติดเชื้อทางเดินหายใจส่วนบนเฉียบพลัน,80+,หญิง,7449
ราชบุรี,โรคติดเชื้อทางเดินหายใจส่วนบนเฉียบพลัน,80+,ไม่ระบุ,1
ราชบุรี,โรคติดเชื้อทางเดินหายใจส่วนบนเฉียบพลัน,ไม่ทราบ,ชาย,59
ราชบุรี,โรคติดเชื้อทางเดินหายใจส่วนบนเฉียบพลัน,ไม่ทราบ,หญิง,43
ราชบุรี,โรคติดเชื้อทางเดินหายใจส่วนบนเฉียบพลัน,ไม่ทราบ,ไม่ระบุ,2231
ราชบุรี,โรคปอดอุดกั้นเรื้อรัง,0-4,ชาย,116
ราชบุรี,โรคปอดอุดกั้นเรื้อรัง,0-4,หญิง,45
ราชบุรี,โรคปอดอุดกั้นเรื้อรัง,10-14,ชาย,7
ราชบุรี,โรคปอดอุดกั้นเรื้อรัง,10-14,หญิง,4
ราชบุรี,โรคปอดอุดกั้นเรื้อรัง,15-19,ชาย,3
ราชบุรี,โรคปอดอุดกั้นเรื้อรัง,15-19,หญิง,5
ราชบุรี,โรคปอดอุดกั้นเรื้อรัง,20-24,ชาย,13
ราชบุรี,โรคปอดอุดกั้นเรื้อรัง,20-24,หญิง,13
ราชบุรี,โรคปอดอุดกั้นเรื้อรัง,25-29,ชาย,32
ราชบุรี,โรคปอดอุดกั้นเรื้อรัง,25-29,หญิง,11
ราชบุรี,โรคปอดอุดกั้นเรื้อรัง,30-34,ชาย,77
ราชบุรี,โรคปอดอุดกั้นเรื้อรัง,30-34,หญิง,14
ราชบุรี,โรคปอดอุดกั้นเรื้อรัง,35-39,ชาย,226
ราชบุรี,โรคปอดอุดกั้นเรื้อรัง,35-39,หญิง,49
ราชบุรี,โรคปอดอุดกั้นเรื้อรัง,40-44,ชาย,606
ราชบุรี,โรคปอดอุดกั้นเรื้อรัง,40-44,หญิง,107
ราชบุรี,โรคปอดอุดกั้นเรื้อรัง,45-49,ชาย,1228
ราชบุรี,โรคปอดอุดกั้นเรื้อรัง,45-49,หญิง,214
ราชบุรี,โรคปอดอุดกั้นเรื้อรัง,5-9,ชาย,47
ราชบุรี,โรคปอดอุดกั้นเรื้อรัง,5-9,หญิง,21
ราชบุรี,โรคปอดอุดกั้นเรื้อรัง,50-54,ชาย,1738
ราชบุรี,โรคปอดอุดกั้นเรื้อรัง,50-54,หญิง,284
ราชบุรี,โรคปอดอุดกั้นเรื้อรัง,55-59,ชาย,2596
ราชบุรี,โรคปอดอุดกั้นเรื้อรัง,55-59,หญิง,714
ราชบุรี,โรคปอดอุดกั้นเรื้อรัง,60-64,ชาย,4250
ราชบุรี,โรคปอดอุดกั้นเรื้อรัง,60-64,หญิง,950
ราชบุรี,โรคปอดอุดกั้นเรื้อรัง,65-69,ชาย,5047
ราชบุรี,โรคปอดอุดกั้นเรื้อรัง,65-69,หญิง,1416
ราชบุรี,โรคปอดอุดกั้นเรื้อรัง,70-74,ชาย,5258
ราชบุรี,โรคปอดอุดกั้นเรื้อรัง,70-74,หญิง,1486
ราชบุรี,โรคปอดอุดกั้นเรื้อรัง,75-79,ชาย,4215
ราชบุรี,โรคปอดอุดกั้นเรื้อรัง,75-79,หญิง,1175
ราชบุรี,โรคปอดอุดกั้นเรื้อรัง,80+,ชาย,6382
ราชบุรี,โรคปอดอุดกั้นเรื้อรัง,80+,หญิง,2284
ราชบุรี,โรคปอดอุดกั้นเรื้อรัง,ไม่ทราบ,ไม่ระบุ,48
ราชบุรี,โรคผิวหนังอักเสบ,0-4,ชาย,1094
ราชบุรี,โรคผิวหนังอักเสบ,0-4,หญิง,1012
ราชบุรี,โรคผิวหนังอักเสบ,10-14,ชาย,707
ราชบุรี,โรคผิวหนังอักเสบ,10-14,หญิง,635
ราชบุรี,โรคผิวหนังอักเสบ,15-19,ชาย,512
ราชบุรี,โรคผิวหนังอักเสบ,15-19,หญิง,573
ราชบุรี,โรคผิวหนังอักเสบ,20-24,ชาย,780
ราชบุรี,โรคผิวหนังอักเสบ,20-24,หญิง,847
ราชบุรี,โรคผิวหนังอักเสบ,25-29,ชาย,716
ราชบุรี,โรคผิวหนังอักเสบ,25-29,หญิง,1080
ราชบุรี,โรคผิวหนังอักเสบ,30-34,ชาย,629
ราชบุรี,โรคผิวหนังอักเสบ,30-34,หญิง,988
ราชบุรี,โรคผิวหนังอักเสบ,35-39,ชาย,636
ราชบุรี,โรคผิวหนังอักเสบ,35-39,หญิง,1025
ราชบุรี,โรคผิวหนังอักเสบ,40-44,ชาย,760
ราชบุรี,โรคผิวหนังอักเสบ,40-44,หญิง,1111
ราชบุรี,โรคผิวหนังอักเสบ,45-49,ชาย,831
ราชบุรี,โรคผิวหนังอักเสบ,45-49,หญิง,1276
ราชบุรี,โรคผิวหนังอักเสบ,5-9,ชาย,890
ราชบุรี,โรคผิวหนังอักเสบ,5-9,หญิง,730
ราชบุรี,โรคผิวหนังอักเสบ,50-54,ชาย,710
ราชบุรี,โรคผิวหนังอักเสบ,50-54,หญิง,1283
ราชบุรี,โรคผิวหนังอักเสบ,55-59,ชาย,809
ราชบุรี,โรคผิวหนังอักเสบ,55-59,หญิง,1297
ราชบุรี,โรคผิวหนังอักเสบ,60-64,ชาย,880
ราชบุรี,โรคผิวหนังอักเสบ,60-64,หญิง,1247
ราชบุรี,โรคผิวหนังอักเสบ,65-69,ชาย,763
ราชบุรี,โรคผิวหนังอักเสบ,65-69,หญิง,1009
ราชบุรี,โรคผิวหนังอักเสบ,70-74,ชาย,731
ราชบุรี,โรคผิวหนังอักเสบ,70-74,หญิง,742
ราชบุรี,โรคผิวหนังอักเสบ,75-79,ชาย,481
ราชบุรี,โรคผิวหนังอักเสบ,75-79,หญิง,471
ราชบุรี,โรคผิวหนังอักเสบ,80+,ชาย,533
ราชบุรี,โรคผิวหนังอักเสบ,80+,หญิง,751
ราชบุรี,โรคผิวหนังอักเสบ,ไม่ทราบ,ชาย,3
ราชบุรี,โรคผิวหนังอักเสบ,ไม่ทราบ,หญิง,2
ราชบุรี,โรคผิวหนังอักเสบ,ไม่ทราบ,ไม่ระบุ,103
ราชบุรี,โรคลมพิษ,0-4,ชาย,1110
ราชบุรี,โรคลมพิษ,0-4,หญิง,864
ราชบุรี,โรคลมพิษ,10-14,ชาย,874
ราชบุรี,โรคลมพิษ,10-14,หญิง,910
ราชบุรี,โรคลมพิษ,15-19,ชาย,702
ราชบุรี,โรคลมพิษ,15-19,หญิง,975
ราชบุรี,โรคลมพิษ,20-24,ชาย,708
ราชบุรี,โรคลมพิษ,20-24,หญิง,1140
ราชบุรี,โรคลมพิษ,25-29,ชาย,559
ราชบุรี,โรคลมพิษ,25-29,หญิง,1317
ราชบุรี,โรคลมพิษ,30-34,ชาย,469
ราชบุรี,โรคลมพิษ,30-34,หญิง,1133
ราชบุรี,โรคลมพิษ,35-39,ชาย,371
ราชบุรี,โรคลมพิษ,35-39,หญิง,1036
ราชบุรี,โรคลมพิษ,40-44,ชาย,395
ราชบุรี,โรคลมพิษ,40-44,หญิง,968
ราชบุรี,โรคลมพิษ,45-49,ชาย,379
ราชบุรี,โรคลมพิษ,45-49,หญิง,1006
ราชบุรี,โรคลมพิษ,5-9,ชาย,1070
ราชบุรี,โรคลมพิษ,5-9,หญิง,801
ราชบุรี,โรคลมพิษ,50-54,ชาย,337
ราชบุรี,โรคลมพิษ,50-54,หญิง,873
ราชบุรี,โรคลมพิษ,55-59,ชาย,364
ราชบุรี,โรคลมพิษ,55-59,หญิง,824
ราชบุรี,โรคลมพิษ,60-64,ชาย,258
ราชบุรี,โรคลมพิษ,60-64,หญิง,736
ราชบุรี,โรคลมพิษ,65-69,ชาย,262
ราชบุรี,โรคลมพิษ,65-69,หญิง,563
ราชบุรี,โรคลมพิษ,70-74,ชาย,228
ราชบุรี,โรคลมพิษ,70-74,หญิง,446
ราชบุรี,โรคลมพิษ,75-79,ชาย,137
ราชบุรี,โรคลมพิษ,75-79,หญิง,226
ราชบุรี,โรคลมพิษ,80+,ชาย,144
ราชบุรี,โรคลมพิษ,80+,หญิง,268
ราชบุรี,โรคลมพิษ,ไม่ทราบ,ไม่ระบุ,166
ราชบุรี,โรคหอบหืด,0-4,ชาย,1963
ราชบุรี,โรคหอบหืด,0-4,หญิง,1133
ราชบุรี,โรคหอบหืด,10-14,ชาย,2326
ราชบุรี,โรคหอบหืด,10-14,หญิง,1249
ราชบุรี,โรคหอบหืด,15-19,ชาย,876
ราชบุรี,โรคหอบหืด,15-19,หญิง,638
ราชบุรี,โรคหอบหืด,20-24,ชาย,730
ราชบุรี,โรคหอบหืด,20-24,หญิง,704
ราชบุรี,โรคหอบหืด,25-29,ชาย,729
ราชบุรี,โรคหอบหืด,25-29,หญิง,988
ราชบุรี,โรคหอบหืด,30-34,ชาย,916
ราชบุรี,โรคหอบหืด,30-34,หญิง,1599
ราชบุรี,โรคหอบหืด,35-39,ชาย,1009
ราชบุรี,โรคหอบหืด,35-39,หญิง,1792
ราชบุรี,โรคหอบหืด,40-44,ชาย,1217
ราชบุรี,โรคหอบหืด,40-44,หญิง,2293
ราชบุรี,โรคหอบหืด,45-49,ชาย,1519
ราชบุรี,โรคหอบหืด,45-49,หญิง,2946
ราชบุรี,โรคหอบหืด,5-9,ชาย,4025
ราชบุรี,โรคหอบหืด,5-9,หญิง,2296
ราชบุรี,โรคหอบหืด,50-54,ชาย,1449
ราชบุรี,โรคหอบหืด,50-54,หญิง,3882
ราชบุรี,โรคหอบหืด,55-59,ชาย,1354
ราชบุรี,โรคหอบหืด,55-59,หญิง,3959
ราชบุรี,โรคหอบหืด,60-64,ชาย,1206
ราชบุรี,โรคหอบหืด,60-64,หญิง,3590
ราชบุรี,โรคหอบหืด,65-69,ชาย,955
ราชบุรี,โรคหอบหืด,65-69,หญิง,3202
ราชบุรี,โรคหอบหืด,70-74,ชาย,573
ราชบุรี,โรคหอบหืด,70-74,หญิง,2521
ราชบุรี,โรคหอบหืด,75-79,ชาย,460
ราชบุรี,โรคหอบหืด,75-79,หญิง,1542
ราชบุรี,โรคหอบหืด,80+,ชาย,452
ราชบุรี,โรคหอบหืด,80+,หญิง,1479
ราชบุรี,โรคหอบหืด,ไม่ทราบ,หญิง,1
ราชบุรี,โรคหอบหืด,ไม่ทราบ,ไม่ระบุ,99
ราชบุรี,โรคเยื่อจมูกอักเสบจากภูมิแพ้,0-4,ชาย,1583
ราชบุรี,โรคเยื่อจมูกอักเสบจากภูมิแพ้,0-4,หญิง,1224
ราชบุรี,โรคเยื่อจมูกอักเสบจากภูมิแพ้,10-14,ชาย,1821
ราชบุรี,โรคเยื่อจมูกอักเสบจากภูมิแพ้,10-14,หญิง,1061
ราชบุรี,โรคเยื่อจมูกอักเสบจากภูมิแพ้,15-19,ชาย,678
ราชบุรี,โรคเยื่อจมูกอักเสบจากภูมิแพ้,15-19,หญิง,697
ราชบุรี,โรคเยื่อจมูกอักเสบจากภูมิแพ้,20-24,ชาย,691
ราชบุรี,โรคเยื่อจมูกอักเสบจากภูมิแพ้,20-24,หญิง,841
ราชบุรี,โรคเยื่อจมูกอักเสบจากภูมิแพ้,25-29,ชาย,772
ราชบุรี,โรคเยื่อจมูกอักเสบจากภูมิแพ้,25-29,หญิง,1341
ราชบุรี,โรคเยื่อจมูกอักเสบจากภูมิแพ้,30-34,ชาย,739
ราชบุรี,โรคเยื่อจมูกอักเสบจากภูมิแพ้,30-34,หญิง,1360
ราชบุรี,โรคเยื่อจมูกอักเสบจากภูมิแพ้,35-39,ชาย,667
ราชบุรี,โรคเยื่อจมูกอักเสบจากภูมิแพ้,35-39,หญิง,1214
ราชบุรี,โรคเยื่อจมูกอักเสบจากภูมิแพ้,40-44,ชาย,702
ราชบุรี,โรคเยื่อจมูกอักเสบจากภูมิแพ้,40-44,หญิง,1324
ราชบุรี,โรคเยื่อจมูกอักเสบจากภูมิแพ้,45-49,ชาย,688
ราชบุรี,โรคเยื่อจมูกอักเสบจากภูมิแพ้,45-49,หญิง,1247
ราชบุรี,โรคเยื่อจมูกอักเสบจากภูมิแพ้,5-9,ชาย,2781
ราชบุรี,โรคเยื่อจมูกอักเสบจากภูมิแพ้,5-9,หญิง,1877
ราชบุรี,โรคเยื่อจมูกอักเสบจากภูมิแพ้,50-54,ชาย,610
ราชบุรี,โรคเยื่อจมูกอักเสบจากภูมิแพ้,50-54,หญิง,1297
ราชบุรี,โรคเยื่อจมูกอักเสบจากภูมิแพ้,55-59,ชาย,717
ราชบุรี,โรคเยื่อจมูกอักเสบจากภูมิแพ้,55-59,หญิง,1188
ราชบุรี,โรคเยื่อจมูกอักเสบจากภูมิแพ้,60-64,ชาย,668
ราชบุรี,โรคเยื่อจมูกอักเสบจากภูมิแพ้,60-64,หญิง,1082
ราชบุรี,โรคเยื่อจมูกอักเสบจากภูมิแพ้,65-69,ชาย,730
ราชบุรี,โรคเยื่อจมูกอักเสบจากภูมิแพ้,65-69,หญิง,797
ราชบุรี,โรคเยื่อจมูกอักเสบจากภูมิแพ้,70-74,ชาย,659
ราชบุรี,โรคเยื่อจมูกอักเสบจากภูมิแพ้,70-74,หญิง,608
ราชบุรี,โรคเยื่อจมูกอักเสบจากภูมิแพ้,75-79,ชาย,389
ราชบุรี,โรคเยื่อจมูกอักเสบจากภูมิแพ้,75-79,หญิง,334
ราชบุรี,โรคเยื่อจมูกอักเสบจากภูมิแพ้,80+,ชาย,326
ราชบุรี,โรคเยื่อจมูกอักเสบจากภูมิแพ้,80+,หญิง,341
ราชบุรี,โรคเยื่อจมูกอักเสบจากภูมิแพ้,ไม่ทราบ,ชาย,2
ราชบุรี,โรคเยื่อจมูกอักเสบจากภูมิแพ้,ไม่ทราบ,ไม่ระบุ,93
ราชบุรี,โรคเยื่อบุตาอักเสบ,0-4,ชาย,1116
ราชบุรี,โรคเยื่อบุตาอักเสบ,0-4,หญิง,820
ราชบุรี,โรคเยื่อบุตาอักเสบ,10-14,ชาย,960
ราชบุรี,โรคเยื่อบุตาอักเสบ,10-14,หญิง,846
ราชบุรี,โรคเยื่อบุตาอักเสบ,15-19,ชาย,825
ราชบุรี,โรคเยื่อบุตาอักเสบ,15-19,หญิง,990
ราชบุรี,โรคเยื่อบุตาอักเสบ,20-24,ชาย,1361
ราชบุรี,โรคเยื่อบุตาอักเสบ,20-24,หญิง,1201
ราชบุรี,โรคเยื่อบุตาอักเสบ,25-29,ชาย,1216
ราชบุรี,โรคเยื่อบุตาอักเสบ,25-29,หญิง,1550
ราชบุรี,โรคเยื่อบุตาอักเสบ,30-34,ชาย,1122
ราชบุรี,โรคเยื่อบุตาอักเสบ,30-34,หญิง,1396
ราชบุรี,โรคเยื่อบุตาอักเสบ,35-39,ชาย,1056
ราชบุรี,โรคเยื่อบุตาอักเสบ,35-39,หญิง,1387
ราชบุรี,โรคเยื่อบุตาอักเสบ,40-44,ชาย,1148
ราชบุรี,โรคเยื่อบุตาอักเสบ,40-44,หญิง,1456
ราชบุรี,โรคเยื่อบุตาอักเสบ,45-49,ชาย,1173
ราชบุรี,โรคเยื่อบุตาอักเสบ,45-49,หญิง,1671
ราชบุรี,โรคเยื่อบุตาอักเสบ,5-9,ชาย,1217
ราชบุรี,โรคเยื่อบุตาอักเสบ,5-9,หญิง,862
ราชบุรี,โรคเยื่อบุตาอักเสบ,50-54,ชาย,1089
ราชบุรี,โรคเยื่อบุตาอักเสบ,50-54,หญิง,1675
ราชบุรี,โรคเยื่อบุตาอักเสบ,55-59,ชาย,1101
ราชบุรี,โรคเยื่อบุตาอักเสบ,55-59,หญิง,1949
ราชบุรี,โรคเยื่อบุตาอักเสบ,60-64,ชาย,1032
ราชบุรี,โรคเยื่อบุตาอักเสบ,60-64,หญิง,1853
ราชบุรี,โรคเยื่อบุตาอักเสบ,65-69,ชาย,931
ราชบุรี,โรคเยื่อบุตาอักเสบ,65-69,หญิง,1749
ราชบุรี,โรคเยื่อบุตาอักเสบ,70-74,ชาย,895
ราชบุรี,โรคเยื่อบุตาอักเสบ,70-74,หญิง,1375
ราชบุรี,โรคเยื่อบุตาอักเสบ,75-79,ชาย,547
ราชบุรี,โรคเยื่อบุตาอักเสบ,75-79,หญิง,946
ราชบุรี,โรคเยื่อบุตาอักเสบ,80+,ชาย,670
ราชบุรี,โรคเยื่อบุตาอักเสบ,80+,หญิง,1049
ราชบุรี,โรคเยื่อบุตาอักเสบ,ไม่ทราบ,ชาย,1
ราชบุรี,โรคเยื่อบุตาอักเสบ,ไม่ทราบ,หญิง,1
ราชบุรี,โรคเยื่อบุตาอักเสบ,ไม่ทราบ,ไม่ระบุ,255
ร้อยเอ็ด,โรคติดเชื้อทางเดินหายใจส่วนบนเฉียบพลัน,0-4,ชาย,107887
ร้อยเอ็ด,โรคติดเชื้อทางเดินหายใจส่วนบนเฉียบพลัน,0-4,หญิง,98904
ร้อยเอ็ด,โรคติดเชื้อทางเดินหายใจส่วนบนเฉียบพลัน,10-14,ชาย,49919
ร้อยเอ็ด,โรคติดเชื้อทางเดินหายใจส่วนบนเฉียบพลัน,10-14,หญิง,44843
ร้อยเอ็ด,โรคติดเชื้อทางเดินหายใจส่วนบนเฉียบพลัน,10-14,ไม่ระบุ,2
ร้อยเอ็ด,โรคติดเชื้อทางเดินหายใจส่วนบนเฉียบพลัน,15-19,ชาย,22211
ร้อยเอ็ด,โรคติดเชื้อทางเดินหายใจส่วนบนเฉียบพลัน,15-19,หญิง,27424
ร้อยเอ็ด,โรคติดเชื้อทางเดินหายใจส่วนบนเฉียบพลัน,20-24,ชาย,14403
ร้อยเอ็ด,โรคติดเชื้อทางเดินหายใจส่วนบนเฉียบพลัน,20-24,หญิง,19260
ร้อยเอ็ด,โรคติดเชื้อทางเดินหายใจส่วนบนเฉียบพลัน,20-24,ไม่ระบุ,1
ร้อยเอ็ด,โรคติดเชื้อทางเดินหายใจส่วนบนเฉียบพลัน,25-29,ชาย,14965
ร้อยเอ็ด,โรคติดเชื้อทางเดินหายใจส่วนบนเฉียบพลัน,25-29,หญิง,24852
ร้อยเอ็ด,โรคติดเชื้อทางเดินหายใจส่วนบนเฉียบพลัน,25-29,ไม่ระบุ,4
ร้อยเอ็ด,โรคติดเชื้อทางเดินหายใจส่วนบนเฉียบพลัน,30-34,ชาย,13563
ร้อยเอ็ด,โรคติดเชื้อทางเดินหายใจส่วนบนเฉียบพลัน,30-34,หญิง,25379
ร้อยเอ็ด,โรคติดเชื้อทางเดินหายใจส่วนบนเฉียบพลัน,30-34,ไม่ระบุ,1
ร้อยเอ็ด,โรคติดเชื้อทางเดินหายใจส่วนบนเฉียบพลัน,35-39,ชาย,13047
ร้อยเอ็ด,โรคติดเชื้อทางเดินหายใจส่วนบนเฉียบพลัน,35-39,หญิง,25680
ร้อยเอ็ด,โรคติดเชื้อทางเดินหายใจส่วนบนเฉียบพลัน,35-39,ไม่ระบุ,1
ร้อยเอ็ด,โรคติดเชื้อทางเดินหายใจส่วนบนเฉียบพลัน,40-44,ชาย,14775
ร้อยเอ็ด,โรคติดเชื้อทางเดินหายใจส่วนบนเฉียบพลัน,40-44,หญิง,28786
ร้อยเอ็ด,โรคติดเชื้อทางเดินหายใจส่วนบนเฉียบพลัน,40-44,ไม่ระบุ,1
ร้อยเอ็ด,โรคติดเชื้อทางเดินหายใจส่วนบนเฉียบพลัน,45-49,ชาย,16406
ร้อยเอ็ด,โรคติดเชื้อทางเดินหายใจส่วนบนเฉียบพลัน,45-49,หญิง,36023
ร้อยเอ็ด,โรคติดเชื้อทางเดินหายใจส่วนบนเฉียบพลัน,45-49,ไม่ระบุ,1
ร้อยเอ็ด,โรคติดเชื้อทางเดินหายใจส่วนบนเฉียบพลัน,5-9,ชาย,93109
ร้อยเอ็ด,โรคติดเชื้อทางเดินหายใจส่วนบนเฉียบพลัน,5-9,หญิง,87283
ร้อยเอ็ด,โรคติดเชื้อทางเดินหายใจส่วนบนเฉียบพลัน,5-9,ไม่ระบุ,1
ร้อยเอ็ด,โรคติดเชื้อทางเดินหายใจส่วนบนเฉียบพลัน,50-54,ชาย,18390
ร้อยเอ็ด,โรคติดเชื้อทางเดินหายใจส่วนบนเฉียบพลัน,50-54,หญิง,45672
ร้อยเอ็ด,โรคติดเชื้อทางเดินหายใจส่วนบนเฉียบพลัน,55-59,ชาย,19383
ร้อยเอ็ด,โรคติดเชื้อทางเดินหายใจส่วนบนเฉียบพลัน,55-59,หญิง,44662
ร้อยเอ็ด,โรคติดเชื้อทางเดินหายใจส่วนบนเฉียบพลัน,55-59,ไม่ระบุ,9
ร้อยเอ็ด,โรคติดเชื้อทางเดินหายใจส่วนบนเฉียบพลัน,60-64,ชาย,18535
ร้อยเอ็ด,โรคติดเชื้อทางเดินหายใจส่วนบนเฉียบพลัน,60-64,หญิง,35371
ร้อยเอ็ด,โรคติดเชื้อทางเดินหายใจส่วนบนเฉียบพลัน,60-64,ไม่ระบุ,3
ร้อยเอ็ด,โรคติดเชื้อทางเดินหายใจส่วนบนเฉียบพลัน,65-69,ชาย,17828
ร้อยเอ็ด,โรคติดเชื้อทางเดินหายใจส่วนบนเฉียบพลัน,65-69,หญิง,27666
ร้อยเอ็ด,โรคติดเชื้อทางเดินหายใจส่วนบนเฉียบพลัน,70-74,ชาย,15528
ร้อยเอ็ด,โรคติดเชื้อทางเดินหายใจส่วนบนเฉียบพลัน,70-74,หญิง,19973
ร้อยเอ็ด,โรคติดเชื้อทางเดินหายใจส่วนบนเฉียบพลัน,75-79,ชาย,10764
ร้อยเอ็ด,โรคติดเชื้อทางเดินหายใจส่วนบนเฉียบพลัน,75-79,หญิง,13481
ร้อยเอ็ด,โรคติดเชื้อทางเดินหายใจส่วนบนเฉียบพลัน,80+,ชาย,8728
ร้อยเอ็ด,โรคติดเชื้อทางเดินหายใจส่วนบนเฉียบพลัน,80+,หญิง,11693
ร้อยเอ็ด,โรคติดเชื้อทางเดินหายใจส่วนบนเฉียบพลัน,ไม่ทราบ,ชาย,10
ร้อยเอ็ด,โรคติดเชื้อทางเดินหายใจส่วนบนเฉียบพลัน,ไม่ทราบ,หญิง,11
ร้อยเอ็ด,โรคติดเชื้อทางเดินหายใจส่วนบนเฉียบพลัน,ไม่ทราบ,ไม่ระบุ,5856
ร้อยเอ็ด,โรคปอดอุดกั้นเรื้อรัง,0-4,ชาย,55
ร้อยเอ็ด,โรคปอดอุดกั้นเรื้อรัง,0-4,หญิง,45
ร้อยเอ็ด,โรคปอดอุดกั้นเรื้อรัง,10-14,ชาย,10
ร้อยเอ็ด,โรคปอดอุดกั้นเรื้อรัง,10-14,หญิง,6
ร้อยเอ็ด,โรคปอดอุดกั้นเรื้อรัง,15-19,ชาย,12
ร้อยเอ็ด,โรคปอดอุดกั้นเรื้อรัง,15-19,หญิง,8
ร้อยเอ็ด,โรคปอดอุดกั้นเรื้อรัง,20-24,ชาย,26
ร้อยเอ็ด,โรคปอดอุดกั้นเรื้อรัง,20-24,หญิง,6
ร้อยเอ็ด,โรคปอดอุดกั้นเรื้อรัง,25-29,ชาย,39
ร้อยเอ็ด,โรคปอดอุดกั้นเรื้อรัง,25-29,หญิง,10
ร้อยเอ็ด,โรคปอดอุดกั้นเรื้อรัง,30-34,ชาย,69
ร้อยเอ็ด,โรคปอดอุดกั้นเรื้อรัง,30-34,หญิง,43
ร้อยเอ็ด,โรคปอดอุดกั้นเรื้อรัง,35-39,ชาย,160
ร้อยเอ็ด,โรคปอดอุดกั้นเรื้อรัง,35-39,หญิง,67
ร้อยเอ็ด,โรคปอดอุดกั้นเรื้อรัง,40-44,ชาย,348
ร้อยเอ็ด,โรคปอดอุดกั้นเรื้อรัง,40-44,หญิง,99
ร้อยเอ็ด,โรคปอดอุดกั้นเรื้อรัง,45-49,ชาย,1105
ร้อยเอ็ด,โรคปอดอุดกั้นเรื้อรัง,45-49,หญิง,228
ร้อยเอ็ด,โรคปอดอุดกั้นเรื้อรัง,5-9,ชาย,20
ร้อยเอ็ด,โรคปอดอุดกั้นเรื้อรัง,5-9,หญิง,8
ร้อยเอ็ด,โรคปอดอุดกั้นเรื้อรัง,50-54,ชาย,2073
ร้อยเอ็ด,โรคปอดอุดกั้นเรื้อรัง,50-54,หญิง,504
ร้อยเอ็ด,โรคปอดอุดกั้นเรื้อรัง,55-59,ชาย,3309
ร้อยเอ็ด,โรคปอดอุดกั้นเรื้อรัง,55-59,หญิง,786
ร้อยเอ็ด,โรคปอดอุดกั้นเรื้อรัง,60-64,ชาย,4749
ร้อยเอ็ด,โรคปอดอุดกั้นเรื้อรัง,60-64,หญิง,917
ร้อยเอ็ด,โรคปอดอุดกั้นเรื้อรัง,65-69,ชาย,6404
ร้อยเอ็ด,โรคปอดอุดกั้นเรื้อรัง,65-69,หญิง,1253
ร้อยเอ็ด,โรคปอดอุดกั้นเรื้อรัง,70-74,ชาย,8140
ร้อยเอ็ด,โรคปอดอุดกั้นเรื้อรัง,70-74,หญิง,1460
ร้อยเอ็ด,โรคปอดอุดกั้นเรื้อรัง,75-79,ชาย,8066
ร้อยเอ็ด,โรคปอดอุดกั้นเรื้อรัง,75-79,หญิง,1592
ร้อยเอ็ด,โรคปอดอุดกั้นเรื้อรัง,80+,ชาย,8781
ร้อยเอ็ด,โรคปอดอุดกั้นเรื้อรัง,80+,หญิง,2030
ร้อยเอ็ด,โรคปอดอุดกั้นเรื้อรัง,ไม่ทราบ,ไม่ระบุ,852
ร้อยเอ็ด,โรคผิวหนังอักเสบ,0-4,ชาย,1228
ร้อยเอ็ด,โรคผิวหนังอักเสบ,0-4,หญิง,1131
ร้อยเอ็ด,โรคผิวหนังอักเสบ,10-14,ชาย,710
ร้อยเอ็ด,โรคผิวหนังอักเสบ,10-14,หญิง,690
ร้อยเอ็ด,โรคผิวหนังอักเสบ,15-19,ชาย,463
ร้อยเอ็ด,โรคผิวหนังอักเสบ,15-19,หญิง,783
ร้อยเอ็ด,โรคผิวหนังอักเสบ,20-24,ชาย,488
ร้อยเอ็ด,โรคผิวหนังอักเสบ,20-24,หญิง,685
ร้อยเอ็ด,โรคผิวหนังอักเสบ,25-29,ชาย,554
ร้อยเอ็ด,โรคผิวหนังอักเสบ,25-29,หญิง,877
ร้อยเอ็ด,โรคผิวหนังอักเสบ,30-34,ชาย,507
ร้อยเอ็ด,โรคผิวหนังอักเสบ,30-34,หญิง,886
ร้อยเอ็ด,โรคผิวหนังอักเสบ,35-39,ชาย,560
ร้อยเอ็ด,โรคผิวหนังอักเสบ,35-39,หญิง,973
ร้อยเอ็ด,โรคผิวหนังอักเสบ,40-44,ชาย,694
ร้อยเอ็ด,โรคผิวหนังอักเสบ,40-44,หญิง,1143
ร้อยเอ็ด,โรคผิวหนังอักเสบ,45-49,ชาย,869
ร้อยเอ็ด,โรคผิวหนังอักเสบ,45-49,หญิง,1645
ร้อยเอ็ด,โรคผิวหนังอักเสบ,5-9,ชาย,972
ร้อยเอ็ด,โรคผิวหนังอักเสบ,5-9,หญิง,837
ร้อยเอ็ด,โรคผิวหนังอักเสบ,50-54,ชาย,1216
ร้อยเอ็ด,โรคผิวหนังอักเสบ,50-54,หญิง,2104
ร้อยเอ็ด,โรคผิวหนังอักเสบ,55-59,ชาย,1339
ร้อยเอ็ด,โรคผิวหนังอักเสบ,55-59,หญิง,1921
ร้อยเอ็ด,โรคผิวหนังอักเสบ,60-64,ชาย,1503
ร้อยเอ็ด,โรคผิวหนังอักเสบ,60-64,หญิง,1614
ร้อยเอ็ด,โรคผิวหนังอักเสบ,65-69,ชาย,1447
ร้อยเอ็ด,โรคผิวหนังอักเสบ,65-69,หญิง,1443
ร้อยเอ็ด,โรคผิวหนังอักเสบ,70-74,ชาย,1279
ร้อยเอ็ด,โรคผิวหนังอักเสบ,70-74,หญิง,1116
ร้อยเอ็ด,โรคผิวหนังอักเสบ,75-79,ชาย,1034
ร้อยเอ็ด,โรคผิวหนังอักเสบ,75-79,หญิง,713
ร้อยเอ็ด,โรคผิวหนังอักเสบ,80+,ชาย,742
ร้อยเอ็ด,โรคผิวหนังอักเสบ,80+,หญิง,797
ร้อยเอ็ด,โรคผิวหนังอักเสบ,ไม่ทราบ,ไม่ระบุ,157
ร้อยเอ็ด,โรคลมพิษ,0-4,ชาย,3374
ร้อยเอ็ด,โรคลมพิษ,0-4,หญิง,2962
ร้อยเอ็ด,โรคลมพิษ,10-14,ชาย,2174
ร้อยเอ็ด,โรคลมพิษ,10-14,หญิง,2169
ร้อยเอ็ด,โรคลมพิษ,15-19,ชาย,1326
ร้อยเอ็ด,โรคลมพิษ,15-19,หญิง,2019
ร้อยเอ็ด,โรคลมพิษ,20-24,ชาย,1047
ร้อยเอ็ด,โรคลมพิษ,20-24,หญิง,1597
ร้อยเอ็ด,โรคลมพิษ,25-29,ชาย,1114
ร้อยเอ็ด,โรคลมพิษ,25-29,หญิง,2047
ร้อยเอ็ด,โรคลมพิษ,30-34,ชาย,1152
ร้อยเอ็ด,โรคลมพิษ,30-34,หญิง,2056
ร้อยเอ็ด,โรคลมพิษ,35-39,ชาย,1147
ร้อยเอ็ด,โรคลมพิษ,35-39,หญิง,2218
ร้อยเอ็ด,โรคลมพิษ,40-44,ชาย,1509
ร้อยเอ็ด,โรคลมพิษ,40-44,หญิง,2779
ร้อยเอ็ด,โรคลมพิษ,45-49,ชาย,1746
ร้อยเอ็ด,โรคลมพิษ,45-49,หญิง,3918
ร้อยเอ็ด,โรคลมพิษ,5-9,ชาย,2737
ร้อยเอ็ด,โรคลมพิษ,5-9,หญิง,2303
ร้อยเอ็ด,โรคลมพิษ,50-54,ชาย,2372
ร้อยเอ็ด,โรคลมพิษ,50-54,หญิง,4933
ร้อยเอ็ด,โรคลมพิษ,50-54,ไม่ระบุ,1
ร้อยเอ็ด,โรคลมพิษ,55-59,ชาย,2162
ร้อยเอ็ด,โรคลมพิษ,55-59,หญิง,4544
ร้อยเอ็ด,โรคลมพิษ,55-59,ไม่ระบุ,1
ร้อยเอ็ด,โรคลมพิษ,60-64,ชาย,2209
ร้อยเอ็ด,โรคลมพิษ,60-64,หญิง,3744
ร้อยเอ็ด,โรคลมพิษ,65-69,ชาย,2180
ร้อยเอ็ด,โรคลมพิษ,65-69,หญิง,3153
ร้อยเอ็ด,โรคลมพิษ,70-74,ชาย,2067
ร้อยเอ็ด,โรคลมพิษ,70-74,หญิง,2271
ร้อยเอ็ด,โรคลมพิษ,75-79,ชาย,1468
ร้อยเอ็ด,โรคลมพิษ,75-79,หญิง,1735
ร้อยเอ็ด,โรคลมพิษ,80+,ชาย,1215
ร้อยเอ็ด,โรคลมพิษ,80+,หญิง,1481
ร้อยเอ็ด,โรคลมพิษ,ไม่ทราบ,ชาย,2
ร้อยเอ็ด,โรคลมพิษ,ไม่ทราบ,ไม่ระบุ,574
ร้อยเอ็ด,โรคหอบหืด,0-4,ชาย,7319
ร้อยเอ็ด,โรคหอบหืด,0-4,หญิง,4317
ร้อยเอ็ด,โรคหอบหืด,10-14,ชาย,3930
ร้อยเอ็ด,โรคหอบหืด,10-14,หญิง,2175
ร้อยเอ็ด,โรคหอบหืด,15-19,ชาย,958
ร้อยเอ็ด,โรคหอบหืด,15-19,หญิง,701
ร้อยเอ็ด,โรคหอบหืด,20-24,ชาย,648
ร้อยเอ็ด,โรคหอบหืด,20-24,หญิง,415
ร้อยเอ็ด,โรคหอบหืด,25-29,ชาย,535
ร้อยเอ็ด,โรคหอบหืด,25-29,หญิง,672
ร้อยเอ็ด,โรคหอบหืด,30-34,ชาย,576
ร้อยเอ็ด,โรคหอบหืด,30-34,หญิง,882
ร้อยเอ็ด,โรคหอบหืด,35-39,ชาย,613
ร้อยเอ็ด,โรคหอบหืด,35-39,หญิง,1466
ร้อยเอ็ด,โรคหอบหืด,40-44,ชาย,993
ร้อยเอ็ด,โรคหอบหืด,40-44,หญิง,2207
ร้อยเอ็ด,โรคหอบหืด,45-49,ชาย,1407
ร้อยเอ็ด,โรคหอบหืด,45-49,หญิง,3769
ร้อยเอ็ด,โรคหอบหืด,5-9,ชาย,10178
ร้อยเอ็ด,โรคหอบหืด,5-9,หญิง,6126
ร้อยเอ็ด,โรคหอบหืด,50-54,ชาย,1826
ร้อยเอ็ด,โรคหอบหืด,50-54,หญิง,5335
ร้อยเอ็ด,โรคหอบหืด,55-59,ชาย,2367
ร้อยเอ็ด,โรคหอบหืด,55-59,หญิง,5807
ร้อยเอ็ด,โรคหอบหืด,60-64,ชาย,2137
ร้อยเอ็ด,โรคหอบหืด,60-64,หญิง,5900
ร้อยเอ็ด,โรคหอบหืด,65-69,ชาย,2106
ร้อยเอ็ด,โรคหอบหืด,65-69,หญิง,6116
ร้อยเอ็ด,โรคหอบหืด,70-74,ชาย,1940
ร้อยเอ็ด,โรคหอบหืด,70-74,หญิง,5274
ร้อยเอ็ด,โรคหอบหืด,75-79,ชาย,1463
ร้อยเอ็ด,โรคหอบหืด,75-79,หญิง,4179
ร้อยเอ็ด,โรคหอบหืด,80+,ชาย,1300
ร้อยเอ็ด,โรคหอบหืด,80+,หญิง,3411
ร้อยเอ็ด,โรคหอบหืด,ไม่ทราบ,ไม่ระบุ,896
ร้อยเอ็ด,โรคเยื่อจมูกอักเสบจากภูมิแพ้,0-4,ชาย,1763
ร้อยเอ็ด,โรคเยื่อจมูกอักเสบจากภูมิแพ้,0-4,หญิง,1544
ร้อยเอ็ด,โรคเยื่อจมูกอักเสบจากภูมิแพ้,10-14,ชาย,1346
ร้อยเอ็ด,โรคเยื่อจมูกอักเสบจากภูมิแพ้,10-14,หญิง,845
ร้อยเอ็ด,โรคเยื่อจมูกอักเสบจากภูมิแพ้,15-19,ชาย,403
ร้อยเอ็ด,โรคเยื่อจมูกอักเสบจากภูมิแพ้,15-19,หญิง,563
ร้อยเอ็ด,โรคเยื่อจมูกอักเสบจากภูมิแพ้,20-24,ชาย,410
ร้อยเอ็ด,โรคเยื่อจมูกอักเสบจากภูมิแพ้,20-24,หญิง,474
ร้อยเอ็ด,โรคเยื่อจมูกอักเสบจากภูมิแพ้,25-29,ชาย,485
ร้อยเอ็ด,โรคเยื่อจมูกอักเสบจากภูมิแพ้,25-29,หญิง,822
ร้อยเอ็ด,โรคเยื่อจมูกอักเสบจากภูมิแพ้,30-34,ชาย,379
ร้อยเอ็ด,โรคเยื่อจมูกอักเสบจากภูมิแพ้,30-34,หญิง,1036
ร้อยเอ็ด,โรคเยื่อจมูกอักเสบจากภูมิแพ้,35-39,ชาย,408
ร้อยเอ็ด,โรคเยื่อจมูกอักเสบจากภูมิแพ้,35-39,หญิง,1080
ร้อยเอ็ด,โรคเยื่อจมูกอักเสบจากภูมิแพ้,40-44,ชาย,455
ร้อยเอ็ด,โรคเยื่อจมูกอักเสบจากภูมิแพ้,40-44,หญิง,1028
ร้อยเอ็ด,โรคเยื่อจมูกอักเสบจากภูมิแพ้,45-49,ชาย,458
ร้อยเอ็ด,โรคเยื่อจมูกอักเสบจากภูมิแพ้,45-49,หญิง,1167
ร้อยเอ็ด,โรคเยื่อจมูกอักเสบจากภูมิแพ้,5-9,ชาย,2413
ร้อยเอ็ด,โรคเยื่อจมูกอักเสบจากภูมิแพ้,5-9,หญิง,1783
ร้อยเอ็ด,โรคเยื่อจมูกอักเสบจากภูมิแพ้,50-54,ชาย,487
ร้อยเอ็ด,โรคเยื่อจมูกอักเสบจากภูมิแพ้,50-54,หญิง,1381
ร้อยเอ็ด,โรคเยื่อจมูกอักเสบจากภูมิแพ้,55-59,ชาย,641
ร้อยเอ็ด,โรคเยื่อจมูกอักเสบจากภูมิแพ้,55-59,หญิง,1206
ร้อยเอ็ด,โรคเยื่อจมูกอักเสบจากภูมิแพ้,60-64,ชาย,707
ร้อยเอ็ด,โรคเยื่อจมูกอักเสบจากภูมิแพ้,60-64,หญิง,1054
ร้อยเอ็ด,โรคเยื่อจมูกอักเสบจากภูมิแพ้,65-69,ชาย,691
ร้อยเอ็ด,โรคเยื่อจมูกอักเสบจากภูมิแพ้,65-69,หญิง,761
ร้อยเอ็ด,โรคเยื่อจมูกอักเสบจากภูมิแพ้,70-74,ชาย,450
ร้อยเอ็ด,โรคเยื่อจมูกอักเสบจากภูมิแพ้,70-74,หญิง,581
ร้อยเอ็ด,โรคเยื่อจมูกอักเสบจากภูมิแพ้,75-79,ชาย,286
ร้อยเอ็ด,โรคเยื่อจมูกอักเสบจากภูมิแพ้,75-79,หญิง,305
ร้อยเอ็ด,โรคเยื่อจมูกอักเสบจากภูมิแพ้,80+,ชาย,228
ร้อยเอ็ด,โรคเยื่อจมูกอักเสบจากภูมิแพ้,80+,หญิง,197
ร้อยเอ็ด,โรคเยื่อจมูกอักเสบจากภูมิแพ้,ไม่ทราบ,ชาย,2
ร้อยเอ็ด,โรคเยื่อจมูกอักเสบจากภูมิแพ้,ไม่ทราบ,ไม่ระบุ,93
ร้อยเอ็ด,โรคเยื่อบุตาอักเสบ,0-4,ชาย,1893
ร้อยเอ็ด,โรคเยื่อบุตาอักเสบ,0-4,หญิง,1576
ร้อยเอ็ด,โรคเยื่อบุตาอักเสบ,10-14,ชาย,2127
ร้อยเอ็ด,โรคเยื่อบุตาอักเสบ,10-14,หญิง,2201
ร้อยเอ็ด,โรคเยื่อบุตาอักเสบ,15-19,ชาย,1983
ร้อยเอ็ด,โรคเยื่อบุตาอักเสบ,15-19,หญิง,2607
ร้อยเอ็ด,โรคเยื่อบุตาอักเสบ,20-24,ชาย,1649
ร้อยเอ็ด,โรคเยื่อบุตาอักเสบ,20-24,หญิง,1511
ร้อยเอ็ด,โรคเยื่อบุตาอักเสบ,25-29,ชาย,1963
ร้อยเอ็ด,โรคเยื่อบุตาอักเสบ,25-29,หญิง,1949
ร้อยเอ็ด,โรคเยื่อบุตาอักเสบ,30-34,ชาย,2099
ร้อยเอ็ด,โรคเยื่อบุตาอักเสบ,30-34,หญิง,2163
ร้อยเอ็ด,โรคเยื่อบุตาอักเสบ,35-39,ชาย,2311
ร้อยเอ็ด,โรคเยื่อบุตาอักเสบ,35-39,หญิง,2418
ร้อยเอ็ด,โรคเยื่อบุตาอักเสบ,40-44,ชาย,2912
ร้อยเอ็ด,โรคเยื่อบุตาอักเสบ,40-44,หญิง,3311
ร้อยเอ็ด,โรคเยื่อบุตาอักเสบ,45-49,ชาย,3583
ร้อยเอ็ด,โรคเยื่อบุตาอักเสบ,45-49,หญิง,4882
ร้อยเอ็ด,โรคเยื่อบุตาอักเสบ,5-9,ชาย,2468
ร้อยเอ็ด,โรคเยื่อบุตาอักเสบ,5-9,หญิง,1827
ร้อยเอ็ด,โรคเยื่อบุตาอักเสบ,50-54,ชาย,4345
ร้อยเอ็ด,โรคเยื่อบุตาอักเสบ,50-54,หญิง,6955
ร้อยเอ็ด,โรคเยื่อบุตาอักเสบ,55-59,ชาย,4537
ร้อยเอ็ด,โรคเยื่อบุตาอักเสบ,55-59,หญิง,7348
ร้อยเอ็ด,โรคเยื่อบุตาอักเสบ,55-59,ไม่ระบุ,1
ร้อยเอ็ด,โรคเยื่อบุตาอักเสบ,60-64,ชาย,4198
ร้อยเอ็ด,โรคเยื่อบุตาอักเสบ,60-64,หญิง,6630
ร้อยเอ็ด,โรคเยื่อบุตาอักเสบ,60-64,ไม่ระบุ,1
ร้อยเอ็ด,โรคเยื่อบุตาอักเสบ,65-69,ชาย,3996
ร้อยเอ็ด,โรคเยื่อบุตาอักเสบ,65-69,หญิง,5771
ร้อยเอ็ด,โรคเยื่อบุตาอักเสบ,70-74,ชาย,3544
ร้อยเอ็ด,โรคเยื่อบุตาอักเสบ,70-74,หญิง,4790
ร้อยเอ็ด,โรคเยื่อบุตาอักเสบ,75-79,ชาย,2580
ร้อยเอ็ด,โรคเยื่อบุตาอักเสบ,75-79,หญิง,3245
ร้อยเอ็ด,โรคเยื่อบุตาอักเสบ,80+,ชาย,2094
ร้อยเอ็ด,โรคเยื่อบุตาอักเสบ,80+,หญิง,3059
ร้อยเอ็ด,โรคเยื่อบุตาอักเสบ,ไม่ทราบ,ชาย,1
ร้อยเอ็ด,โรคเยื่อบุตาอักเสบ,ไม่ทราบ,ไม่ระบุ,508
ลพบุรี,โรคติดเชื้อทางเดินหายใจส่วนบนเฉียบพลัน,0-4,ชาย,47301
ลพบุรี,โรคติดเชื้อทางเดินหายใจส่วนบนเฉียบพลัน,0-4,หญิง,41791
ลพบุรี,โรคติดเชื้อทางเดินหายใจส่วนบนเฉียบพลัน,0-4,ไม่ระบุ,1
ลพบุรี,โรคติดเชื้อทางเดินหายใจส่วนบนเฉียบพลัน,10-14,ชาย,22504
ลพบุรี,โรคติดเชื้อทางเดินหายใจส่วนบนเฉียบพลัน,10-14,หญิง,20460
ลพบุรี,โรคติดเชื้อทางเดินหายใจส่วนบนเฉียบพลัน,15-19,ชาย,12879
ลพบุรี,โรคติดเชื้อทางเดินหายใจส่วนบนเฉียบพลัน,15-19,หญิง,16674
ลพบุรี,โรคติดเชื้อทางเดินหายใจส่วนบนเฉียบพลัน,20-24,ชาย,12025
ลพบุรี,โรคติดเชื้อทางเดินหายใจส่วนบนเฉียบพลัน,20-24,หญิง,18931
ลพบุรี,โรคติดเชื้อทางเดินหายใจส่วนบนเฉียบพลัน,25-29,ชาย,13398
ลพบุรี,โรคติดเชื้อทางเดินหายใจส่วนบนเฉียบพลัน,25-29,หญิง,21757
ลพบุรี,โรคติดเชื้อทางเดินหายใจส่วนบนเฉียบพลัน,30-34,ชาย,10868
ลพบุรี,โรคติดเชื้อทางเดินหายใจส่วนบนเฉียบพลัน,30-34,หญิง,19165
ลพบุรี,โรคติดเชื้อทางเดินหายใจส่วนบนเฉียบพลัน,35-39,ชาย,9430
ลพบุรี,โรคติดเชื้อทางเดินหายใจส่วนบนเฉียบพลัน,35-39,หญิง,16962
ลพบุรี,โรคติดเชื้อทางเดินหายใจส่วนบนเฉียบพลัน,40-44,ชาย,8545
ลพบุรี,โรคติดเชื้อทางเดินหายใจส่วนบนเฉียบพลัน,40-44,หญิง,16197
ลพบุรี,โรคติดเชื้อทางเดินหายใจส่วนบนเฉียบพลัน,40-44,ไม่ระบุ,1
ลพบุรี,โรคติดเชื้อทางเดินหายใจส่วนบนเฉียบพลัน,45-49,ชาย,8114
ลพบุรี,โรคติดเชื้อทางเดินหายใจส่วนบนเฉียบพลัน,45-49,หญิง,15815
ลพบุรี,โรคติดเชื้อทางเดินหายใจส่วนบนเฉียบพลัน,5-9,ชาย,37389
ลพบุรี,โรคติดเชื้อทางเดินหายใจส่วนบนเฉียบพลัน,5-9,หญิง,33801
ลพบุรี,โรคติดเชื้อทางเดินหายใจส่วนบนเฉียบพลัน,50-54,ชาย,7592
ลพบุรี,โรคติดเชื้อทางเดินหายใจส่วนบนเฉียบพลัน,50-54,หญิง,16346
ลพบุรี,โรคติดเชื้อทางเดินหายใจส่วนบนเฉียบพลัน,55-59,ชาย,7868
ลพบุรี,โรคติดเชื้อทางเดินหายใจส่วนบนเฉียบพลัน,55-59,หญิง,17143
ลพบุรี,โรคติดเชื้อทางเดินหายใจส่วนบนเฉียบพลัน,60-64,ชาย,8083
ลพบุรี,โรคติดเชื้อทางเดินหายใจส่วนบนเฉียบพลัน,60-64,หญิง,15577
ลพบุรี,โรคติดเชื้อทางเดินหายใจส่วนบนเฉียบพลัน,65-69,ชาย,7176
ลพบุรี,โรคติดเชื้อทางเดินหายใจส่วนบนเฉียบพลัน,65-69,หญิง,11668
ลพบุรี,โรคติดเชื้อทางเดินหายใจส่วนบนเฉียบพลัน,70-74,ชาย,6011
ลพบุรี,โรคติดเชื้อทางเดินหายใจส่วนบนเฉียบพลัน,70-74,หญิง,8663
ลพบุรี,โรคติดเชื้อทางเดินหายใจส่วนบนเฉียบพลัน,75-79,ชาย,3774
ลพบุรี,โรคติดเชื้อทางเดินหายใจส่วนบนเฉียบพลัน,75-79,หญิง,5154
ลพบุรี,โรคติดเชื้อทางเดินหายใจส่วนบนเฉียบพลัน,80+,ชาย,4169
ลพบุรี,โรคติดเชื้อทางเดินหายใจส่วนบนเฉียบพลัน,80+,หญิง,5517
ลพบุรี,โรคติดเชื้อทางเดินหายใจส่วนบนเฉียบพลัน,ไม่ทราบ,ชาย,23
ลพบุรี,โรคติดเชื้อทางเดินหายใจส่วนบนเฉียบพลัน,ไม่ทราบ,หญิง,9
ลพบุรี,โรคติดเชื้อทางเดินหายใจส่วนบนเฉียบพลัน,ไม่ทราบ,ไม่ระบุ,2578
ลพบุรี,โรคปอดอุดกั้นเรื้อรัง,0-4,ชาย,47
ลพบุรี,โรคปอดอุดกั้นเรื้อรัง,0-4,หญิง,21
ลพบุรี,โรคปอดอุดกั้นเรื้อรัง,10-14,ชาย,5
ลพบุรี,โรคปอดอุดกั้นเรื้อรัง,10-14,หญิง,6
ลพบุรี,โรคปอดอุดกั้นเรื้อรัง,15-19,ชาย,10
ลพบุรี,โรคปอดอุดกั้นเรื้อรัง,15-19,หญิง,7
ลพบุรี,โรคปอดอุดกั้นเรื้อรัง,20-24,ชาย,9
ลพบุรี,โรคปอดอุดกั้นเรื้อรัง,20-24,หญิง,14
ลพบุรี,โรคปอดอุดกั้นเรื้อรัง,25-29,ชาย,56
ลพบุรี,โรคปอดอุดกั้นเรื้อรัง,25-29,หญิง,21
ลพบุรี,โรคปอดอุดกั้นเรื้อรัง,30-34,ชาย,96
ลพบุรี,โรคปอดอุดกั้นเรื้อรัง,30-34,หญิง,27
ลพบุรี,โรคปอดอุดกั้นเรื้อรัง,35-39,ชาย,147
ลพบุรี,โรคปอดอุดกั้นเรื้อรัง,35-39,หญิง,62
ลพบุรี,โรคปอดอุดกั้นเรื้อรัง,40-44,ชาย,339
ลพบุรี,โรคปอดอุดกั้นเรื้อรัง,40-44,หญิง,134
ลพบุรี,โรคปอดอุดกั้นเรื้อรัง,45-49,ชาย,934
ลพบุรี,โรคปอดอุดกั้นเรื้อรัง,45-49,หญิง,231
ลพบุรี,โรคปอดอุดกั้นเรื้อรัง,5-9,ชาย,10
ลพบุรี,โรคปอดอุดกั้นเรื้อรัง,5-9,หญิง,8
ลพบุรี,โรคปอดอุดกั้นเรื้อรัง,50-54,ชาย,1503
ลพบุรี,โรคปอดอุดกั้นเรื้อรัง,50-54,หญิง,425
ลพบุรี,โรคปอดอุดกั้นเรื้อรัง,55-59,ชาย,2665
ลพบุรี,โรคปอดอุดกั้นเรื้อรัง,55-59,หญิง,763
ลพบุรี,โรคปอดอุดกั้นเรื้อรัง,60-64,ชาย,3594
ลพบุรี,โรคปอดอุดกั้นเรื้อรัง,60-64,หญิง,956
ลพบุรี,โรคปอดอุดกั้นเรื้อรัง,65-69,ชาย,4372
ลพบุรี,โรคปอดอุดกั้นเรื้อรัง,65-69,หญิง,1225
ลพบุรี,โรคปอดอุดกั้นเรื้อรัง,70-74,ชาย,4711
ลพบุรี,โรคปอดอุดกั้นเรื้อรัง,70-74,หญิง,1353
ลพบุรี,โรคปอดอุดกั้นเรื้อรัง,75-79,ชาย,3227
ลพบุรี,โรคปอดอุดกั้นเรื้อรัง,75-79,หญิง,903
ลพบุรี,โรคปอดอุดกั้นเรื้อรัง,80+,ชาย,5071
ลพบุรี,โรคปอดอุดกั้นเรื้อรัง,80+,หญิง,1683
ลพบุรี,โรคปอดอุดกั้นเรื้อรัง,ไม่ทราบ,ไม่ระบุ,34
ลพบุรี,โรคผิวหนังอักเสบ,0-4,ชาย,791
ลพบุรี,โรคผิวหนังอักเสบ,0-4,หญิง,693
ลพบุรี,โรคผิวหนังอักเสบ,10-14,ชาย,494
ลพบุรี,โรคผิวหนังอักเสบ,10-14,หญิง,443
ลพบุรี,โรคผิวหนังอักเสบ,15-19,ชาย,297
ลพบุรี,โรคผิวหนังอักเสบ,15-19,หญิง,453
ลพบุรี,โรคผิวหนังอักเสบ,20-24,ชาย,295
ลพบุรี,โรคผิวหนังอักเสบ,20-24,หญิง,505
ลพบุรี,โรคผิวหนังอักเสบ,25-29,ชาย,345
ลพบุรี,โรคผิวหนังอักเสบ,25-29,หญิง,601
ลพบุรี,โรคผิวหนังอักเสบ,30-34,ชาย,350
ลพบุรี,โรคผิวหนังอักเสบ,30-34,หญิง,595
ลพบุรี,โรคผิวหนังอักเสบ,35-39,ชาย,323
ลพบุรี,โรคผิวหนังอักเสบ,35-39,หญิง,627
ลพบุรี,โรคผิวหนังอักเสบ,40-44,ชาย,353
ลพบุรี,โรคผิวหนังอักเสบ,40-44,หญิง,671
ลพบุรี,โรคผิวหนังอักเสบ,45-49,ชาย,409
ลพบุรี,โรคผิวหนังอักเสบ,45-49,หญิง,792
ลพบุรี,โรคผิวหนังอักเสบ,5-9,ชาย,664
ลพบุรี,โรคผิวหนังอักเสบ,5-9,หญิง,605
ลพบุรี,โรคผิวหนังอักเสบ,50-54,ชาย,478
ลพบุรี,โรคผิวหนังอักเสบ,50-54,หญิง,902
ลพบุรี,โรคผิวหนังอักเสบ,55-59,ชาย,582
ลพบุรี,โรคผิวหนังอักเสบ,55-59,หญิง,995
ลพบุรี,โรคผิวหนังอักเสบ,60-64,ชาย,595
ลพบุรี,โรคผิวหนังอักเสบ,60-64,หญิง,1027
ลพบุรี,โรคผิวหนังอักเสบ,65-69,ชาย,624
ลพบุรี,โรคผิวหนังอักเสบ,65-69,หญิง,744
ลพบุรี,โรคผิวหนังอักเสบ,70-74,ชาย,537
ลพบุรี,โรคผิวหนังอักเสบ,70-74,หญิง,602
ลพบุรี,โรคผิวหนังอักเสบ,75-79,ชาย,321
ลพบุรี,โรคผิวหนังอักเสบ,75-79,หญิง,388
ลพบุรี,โรคผิวหนังอักเสบ,80+,ชาย,451
ลพบุรี,โรคผิวหนังอักเสบ,80+,หญิง,459
ลพบุรี,โรคผิวหนังอักเสบ,ไม่ทราบ,ไม่ระบุ,93
ลพบุรี,โรคลมพิษ,0-4,ชาย,798
ลพบุรี,โรคลมพิษ,0-4,หญิง,668
ลพบุรี,โรคลมพิษ,10-14,ชาย,655
ลพบุรี,โรคลมพิษ,10-14,หญิง,527
ลพบุรี,โรคลมพิษ,15-19,ชาย,436
ลพบุรี,โรคลมพิษ,15-19,หญิง,664
ลพบุรี,โรคลมพิษ,20-24,ชาย,374
ลพบุรี,โรคลมพิษ,20-24,หญิง,605
ลพบุรี,โรคลมพิษ,25-29,ชาย,360
ลพบุรี,โรคลมพิษ,25-29,หญิง,766
ลพบุรี,โรคลมพิษ,30-34,ชาย,241
ลพบุรี,โรคลมพิษ,30-34,หญิง,639
ลพบุรี,โรคลมพิษ,35-39,ชาย,235
ลพบุรี,โรคลมพิษ,35-39,หญิง,543
ลพบุรี,โรคลมพิษ,40-44,ชาย,228
ลพบุรี,โรคลมพิษ,40-44,หญิง,576
ลพบุรี,โรคลมพิษ,45-49,ชาย,234
ลพบุรี,โรคลมพิษ,45-49,หญิง,550
ลพบุรี,โรคลมพิษ,5-9,ชาย,708
ลพบุรี,โรคลมพิษ,5-9,หญิง,541
ลพบุรี,โรคลมพิษ,50-54,ชาย,202
ลพบุรี,โรคลมพิษ,50-54,หญิง,460
ลพบุรี,โรคลมพิษ,55-59,ชาย,182
ลพบุรี,โรคลมพิษ,55-59,หญิง,524
ลพบุรี,โรคลมพิษ,60-64,ชาย,223
ลพบุรี,โรคลมพิษ,60-64,หญิง,435
ลพบุรี,โรคลมพิษ,65-69,ชาย,158
ลพบุรี,โรคลมพิษ,65-69,หญิง,315
ลพบุรี,โรคลมพิษ,70-74,ชาย,138
ลพบุรี,โรคลมพิษ,70-74,หญิง,186
ลพบุรี,โรคลมพิษ,75-79,ชาย,62
ลพบุรี,โรคลมพิษ,75-79,หญิง,130
ลพบุรี,โรคลมพิษ,80+,ชาย,84
ลพบุรี,โรคลมพิษ,80+,หญิง,108
ลพบุรี,โรคลมพิษ,ไม่ทราบ,ชาย,1
ลพบุรี,โรคลมพิษ,ไม่ทราบ,หญิง,1
ลพบุรี,โรคลมพิษ,ไม่ทราบ,ไม่ระบุ,49
ลพบุรี,โรคหอบหืด,0-4,ชาย,1787
ลพบุรี,โรคหอบหืด,0-4,หญิง,824
ลพบุรี,โรคหอบหืด,10-14,ชาย,2560
ลพบุรี,โรคหอบหืด,10-14,หญิง,1171
ลพบุรี,โรคหอบหืด,15-19,ชาย,544
ลพบุรี,โรคหอบหืด,15-19,หญิง,587
ลพบุรี,โรคหอบหืด,20-24,ชาย,418
ลพบุรี,โรคหอบหืด,20-24,หญิง,490
ลพบุรี,โรคหอบหืด,25-29,ชาย,344
ลพบุรี,โรคหอบหืด,25-29,หญิง,671
ลพบุรี,โรคหอบหืด,30-34,ชาย,388
ลพบุรี,โรคหอบหืด,30-34,หญิง,831
ลพบุรี,โรคหอบหืด,35-39,ชาย,545
ลพบุรี,โรคหอบหืด,35-39,หญิง,1109
ลพบุรี,โรคหอบหืด,40-44,ชาย,706
ลพบุรี,โรคหอบหืด,40-44,หญิง,1288
ลพบุรี,โรคหอบหืด,45-49,ชาย,770
ลพบุรี,โรคหอบหืด,45-49,หญิง,2023
ลพบุรี,โรคหอบหืด,5-9,ชาย,3957
ลพบุรี,โรคหอบหืด,5-9,หญิง,2100
ลพบุรี,โรคหอบหืด,50-54,ชาย,745
ลพบุรี,โรคหอบหืด,50-54,หญิง,2437
ลพบุรี,โรคหอบหืด,55-59,ชาย,676
ลพบุรี,โรคหอบหืด,55-59,หญิง,2923
ลพบุรี,โรคหอบหืด,60-64,ชาย,695
ลพบุรี,โรคหอบหืด,60-64,หญิง,2697
ลพบุรี,โรคหอบหืด,65-69,ชาย,540
ลพบุรี,โรคหอบหืด,65-69,หญิง,2242
ลพบุรี,โรคหอบหืด,70-74,ชาย,388
ลพบุรี,โรคหอบหืด,70-74,หญิง,1647
ลพบุรี,โรคหอบหืด,75-79,ชาย,228
ลพบุรี,โรคหอบหืด,75-79,หญิง,947
ลพบุรี,โรคหอบหืด,80+,ชาย,187
ลพบุรี,โรคหอบหืด,80+,หญิง,845
ลพบุรี,โรคหอบหืด,ไม่ทราบ,ไม่ระบุ,30
ลพบุรี,โรคเยื่อจมูกอักเสบจากภูมิแพ้,0-4,ชาย,1366
ลพบุรี,โรคเยื่อจมูกอักเสบจากภูมิแพ้,0-4,หญิง,1034
ลพบุรี,โรคเยื่อจมูกอักเสบจากภูมิแพ้,10-14,ชาย,1671
ลพบุรี,โรคเยื่อจมูกอักเสบจากภูมิแพ้,10-14,หญิง,904
ลพบุรี,โรคเยื่อจมูกอักเสบจากภูมิแพ้,15-19,ชาย,358
ลพบุรี,โรคเยื่อจมูกอักเสบจากภูมิแพ้,15-19,หญิง,493
ลพบุรี,โรคเยื่อจมูกอักเสบจากภูมิแพ้,20-24,ชาย,287
ลพบุรี,โรคเยื่อจมูกอักเสบจากภูมิแพ้,20-24,หญิง,575
ลพบุรี,โรคเยื่อจมูกอักเสบจากภูมิแพ้,25-29,ชาย,394
ลพบุรี,โรคเยื่อจมูกอักเสบจากภูมิแพ้,25-29,หญิง,905
ลพบุรี,โรคเยื่อจมูกอักเสบจากภูมิแพ้,30-34,ชาย,327
ลพบุรี,โรคเยื่อจมูกอักเสบจากภูมิแพ้,30-34,หญิง,985
ลพบุรี,โรคเยื่อจมูกอักเสบจากภูมิแพ้,35-39,ชาย,330
ลพบุรี,โรคเยื่อจมูกอักเสบจากภูมิแพ้,35-39,หญิง,1018
ลพบุรี,โรคเยื่อจมูกอักเสบจากภูมิแพ้,40-44,ชาย,257
ลพบุรี,โรคเยื่อจมูกอักเสบจากภูมิแพ้,40-44,หญิง,903
ลพบุรี,โรคเยื่อจมูกอักเสบจากภูมิแพ้,45-49,ชาย,450
ลพบุรี,โรคเยื่อจมูกอักเสบจากภูมิแพ้,45-49,หญิง,1090
ลพบุรี,โรคเยื่อจมูกอักเสบจากภูมิแพ้,5-9,ชาย,2719
ลพบุรี,โรคเยื่อจมูกอักเสบจากภูมิแพ้,5-9,หญิง,1962
ลพบุรี,โรคเยื่อจมูกอักเสบจากภูมิแพ้,50-54,ชาย,331
ลพบุรี,โรคเยื่อจมูกอักเสบจากภูมิแพ้,50-54,หญิง,997
ลพบุรี,โรคเยื่อจมูกอักเสบจากภูมิแพ้,55-59,ชาย,429
ลพบุรี,โรคเยื่อจมูกอักเสบจากภูมิแพ้,55-59,หญิง,1051
ลพบุรี,โรคเยื่อจมูกอักเสบจากภูมิแพ้,60-64,ชาย,476
ลพบุรี,โรคเยื่อจมูกอักเสบจากภูมิแพ้,60-64,หญิง,947
ลพบุรี,โรคเยื่อจมูกอักเสบจากภูมิแพ้,65-69,ชาย,450
ลพบุรี,โรคเยื่อจมูกอักเสบจากภูมิแพ้,65-69,หญิง,849
ลพบุรี,โรคเยื่อจมูกอักเสบจากภูมิแพ้,70-74,ชาย,417
ลพบุรี,โรคเยื่อจมูกอักเสบจากภูมิแพ้,70-74,หญิง,463
ลพบุรี,โรคเยื่อจมูกอักเสบจากภูมิแพ้,75-79,ชาย,336
ลพบุรี,โรคเยื่อจมูกอักเสบจากภูมิแพ้,75-79,หญิง,362
ลพบุรี,โรคเยื่อจมูกอักเสบจากภูมิแพ้,80+,ชาย,292
ลพบุรี,โรคเยื่อจมูกอักเสบจากภูมิแพ้,80+,หญิง,273
ลพบุรี,โรคเยื่อจมูกอักเสบจากภูมิแพ้,ไม่ทราบ,ไม่ระบุ,32
ลพบุรี,โรคเยื่อบุตาอักเสบ,0-4,ชาย,766
ลพบุรี,โรคเยื่อบุตาอักเสบ,0-4,หญิง,660
ลพบุรี,โรคเยื่อบุตาอักเสบ,10-14,ชาย,816
ลพบุรี,โรคเยื่อบุตาอักเสบ,10-14,หญิง,586
ลพบุรี,โรคเยื่อบุตาอักเสบ,15-19,ชาย,628
ลพบุรี,โรคเยื่อบุตาอักเสบ,15-19,หญิง,830
ลพบุรี,โรคเยื่อบุตาอักเสบ,20-24,ชาย,761
ลพบุรี,โรคเยื่อบุตาอักเสบ,20-24,หญิง,895
ลพบุรี,โรคเยื่อบุตาอักเสบ,25-29,ชาย,847
ลพบุรี,โรคเยื่อบุตาอักเสบ,25-29,หญิง,1146
ลพบุรี,โรคเยื่อบุตาอักเสบ,30-34,ชาย,786
ลพบุรี,โรคเยื่อบุตาอักเสบ,30-34,หญิง,1053
ลพบุรี,โรคเยื่อบุตาอักเสบ,35-39,ชาย,763
ลพบุรี,โรคเยื่อบุตาอักเสบ,35-39,หญิง,887
ลพบุรี,โรคเยื่อบุตาอักเสบ,40-44,ชาย,751
ลพบุรี,โรคเยื่อบุตาอักเสบ,40-44,หญิง,973
ลพบุรี,โรคเยื่อบุตาอักเสบ,45-49,ชาย,843
ลพบุรี,โรคเยื่อบุตาอักเสบ,45-49,หญิง,1081
ลพบุรี,โรคเยื่อบุตาอักเสบ,45-49,ไม่ระบุ,1
ลพบุรี,โรคเยื่อบุตาอักเสบ,5-9,ชาย,989
ลพบุรี,โรคเยื่อบุตาอักเสบ,5-9,หญิง,705
ลพบุรี,โรคเยื่อบุตาอักเสบ,50-54,ชาย,796
ลพบุรี,โรคเยื่อบุตาอักเสบ,50-54,หญิง,1248
ลพบุรี,โรคเยื่อบุตาอักเสบ,55-59,ชาย,906
ลพบุรี,โรคเยื่อบุตาอักเสบ,55-59,หญิง,1452
ลพบุรี,โรคเยื่อบุตาอักเสบ,60-64,ชาย,868
ลพบุรี,โรคเยื่อบุตาอักเสบ,60-64,หญิง,1337
ลพบุรี,โรคเยื่อบุตาอักเสบ,65-69,ชาย,699
ลพบุรี,โรคเยื่อบุตาอักเสบ,65-69,หญิง,1064
ลพบุรี,โรคเยื่อบุตาอักเสบ,70-74,ชาย,627
ลพบุรี,โรคเยื่อบุตาอักเสบ,70-74,หญิง,800
ลพบุรี,โรคเยื่อบุตาอักเสบ,75-79,ชาย,338
ลพบุรี,โรคเยื่อบุตาอักเสบ,75-79,หญิง,449
ลพบุรี,โรคเยื่อบุตาอักเสบ,80+,ชาย,433
ลพบุรี,โรคเยื่อบุตาอักเสบ,80+,หญิง,515
ลพบุรี,โรคเยื่อบุตาอักเสบ,ไม่ทราบ,ชาย,2
ลพบุรี,โรคเยื่อบุตาอักเสบ,ไม่ทราบ,ไม่ระบุ,85
ลำปาง,โรคติดเชื้อทางเดินหายใจส่วนบนเฉียบพลัน,0-4,ชาย,45454
ลำปาง,โรคติดเชื้อทางเดินหายใจส่วนบนเฉียบพลัน,0-4,หญิง,41259
ลำปาง,โรคติดเชื้อทางเดินหายใจส่วนบนเฉียบพลัน,10-14,ชาย,22028
ลำปาง,โรคติดเชื้อทางเดินหายใจส่วนบนเฉียบพลัน,10-14,หญิง,18678
ลำปาง,โรคติดเชื้อทางเดินหายใจส่วนบนเฉียบพลัน,15-19,ชาย,12550
ลำปาง,โรคติดเชื้อทางเดินหายใจส่วนบนเฉียบพลัน,15-19,หญิง,14345
ลำปาง,โรคติดเชื้อทางเดินหายใจส่วนบนเฉียบพลัน,20-24,ชาย,8916
ลำปาง,โรคติดเชื้อทางเดินหายใจส่วนบนเฉียบพลัน,20-24,หญิง,12153
ลำปาง,โรคติดเชื้อทางเดินหายใจส่วนบนเฉียบพลัน,25-29,ชาย,9694
ลำปาง,โรคติดเชื้อทางเดินหายใจส่วนบนเฉียบพลัน,25-29,หญิง,14107
ลำปาง,โรคติดเชื้อทางเดินหายใจส่วนบนเฉียบพลัน,30-34,ชาย,9482
ลำปาง,โรคติดเชื้อทางเดินหายใจส่วนบนเฉียบพลัน,30-34,หญิง,14778
ลำปาง,โรคติดเชื้อทางเดินหายใจส่วนบนเฉียบพลัน,35-39,ชาย,8490
ลำปาง,โรคติดเชื้อทางเดินหายใจส่วนบนเฉียบพลัน,35-39,หญิง,14477
ลำปาง,โรคติดเชื้อทางเดินหายใจส่วนบนเฉียบพลัน,40-44,ชาย,7983
ลำปาง,โรคติดเชื้อทางเดินหายใจส่วนบนเฉียบพลัน,40-44,หญิง,14281
ลำปาง,โรคติดเชื้อทางเดินหายใจส่วนบนเฉียบพลัน,45-49,ชาย,7634
ลำปาง,โรคติดเชื้อทางเดินหายใจส่วนบนเฉียบพลัน,45-49,หญิง,15145
ลำปาง,โรคติดเชื้อทางเดินหายใจส่วนบนเฉียบพลัน,5-9,ชาย,37063
ลำปาง,โรคติดเชื้อทางเดินหายใจส่วนบนเฉียบพลัน,5-9,หญิง,33211
ลำปาง,โรคติดเชื้อทางเดินหายใจส่วนบนเฉียบพลัน,50-54,ชาย,8376
ลำปาง,โรคติดเชื้อทางเดินหายใจส่วนบนเฉียบพลัน,50-54,หญิง,18305
ลำปาง,โรคติดเชื้อทางเดินหายใจส่วนบนเฉียบพลัน,55-59,ชาย,10033
ลำปาง,โรคติดเชื้อทางเดินหายใจส่วนบนเฉียบพลัน,55-59,หญิง,20991
ลำปาง,โรคติดเชื้อทางเดินหายใจส่วนบนเฉียบพลัน,60-64,ชาย,11360
ลำปาง,โรคติดเชื้อทางเดินหายใจส่วนบนเฉียบพลัน,60-64,หญิง,19331
ลำปาง,โรคติดเชื้อทางเดินหายใจส่วนบนเฉียบพลัน,65-69,ชาย,11178
ลำปาง,โรคติดเชื้อทางเดินหายใจส่วนบนเฉียบพลัน,65-69,หญิง,15505
ลำปาง,โรคติดเชื้อทางเดินหายใจส่วนบนเฉียบพลัน,70-74,ชาย,8574
ลำปาง,โรคติดเชื้อทางเดินหายใจส่วนบนเฉียบพลัน,70-74,หญิง,9875
ลำปาง,โรคติดเชื้อทางเดินหายใจส่วนบนเฉียบพลัน,75-79,ชาย,5099
ลำปาง,โรคติดเชื้อทางเดินหายใจส่วนบนเฉียบพลัน,75-79,หญิง,5071
ลำปาง,โรคติดเชื้อทางเดินหายใจส่วนบนเฉียบพลัน,80+,ชาย,5043
ลำปาง,โรคติดเชื้อทางเดินหายใจส่วนบนเฉียบพลัน,80+,หญิง,5907
ลำปาง,โรคติดเชื้อทางเดินหายใจส่วนบนเฉียบพลัน,ไม่ทราบ,ชาย,8
ลำปาง,โรคติดเชื้อทางเดินหายใจส่วนบนเฉียบพลัน,ไม่ทราบ,หญิง,8
ลำปาง,โรคติดเชื้อทางเดินหายใจส่วนบนเฉียบพลัน,ไม่ทราบ,ไม่ระบุ,1134
ลำปาง,โรคปอดอุดกั้นเรื้อรัง,0-4,ชาย,17
ลำปาง,โรคปอดอุดกั้นเรื้อรัง,0-4,หญิง,12
ลำปาง,โรคปอดอุดกั้นเรื้อรัง,10-14,ชาย,9
ลำปาง,โรคปอดอุดกั้นเรื้อรัง,15-19,ชาย,4
ลำปาง,โรคปอดอุดกั้นเรื้อรัง,15-19,หญิง,3
ลำปาง,โรคปอดอุดกั้นเรื้อรัง,20-24,ชาย,1
ลำปาง,โรคปอดอุดกั้นเรื้อรัง,20-24,หญิง,1
ลำปาง,โรคปอดอุดกั้นเรื้อรัง,25-29,ชาย,7
ลำปาง,โรคปอดอุดกั้นเรื้อรัง,25-29,หญิง,2
ลำปาง,โรคปอดอุดกั้นเรื้อรัง,30-34,ชาย,31
ลำปาง,โรคปอดอุดกั้นเรื้อรัง,30-34,หญิง,6
ลำปาง,โรคปอดอุดกั้นเรื้อรัง,35-39,ชาย,41
ลำปาง,โรคปอดอุดกั้นเรื้อรัง,35-39,หญิง,21
ลำปาง,โรคปอดอุดกั้นเรื้อรัง,40-44,ชาย,112
ลำปาง,โรคปอดอุดกั้นเรื้อรัง,40-44,หญิง,61
ลำปาง,โรคปอดอุดกั้นเรื้อรัง,45-49,ชาย,313
ลำปาง,โรคปอดอุดกั้นเรื้อรัง,45-49,หญิง,119
ลำปาง,โรคปอดอุดกั้นเรื้อรัง,5-9,ชาย,8
ลำปาง,โรคปอดอุดกั้นเรื้อรัง,5-9,หญิง,8
ลำปาง,โรคปอดอุดกั้นเรื้อรัง,50-54,ชาย,879
ลำปาง,โรคปอดอุดกั้นเรื้อรัง,50-54,หญิง,352
ลำปาง,โรคปอดอุดกั้นเรื้อรัง,55-59,ชาย,2274
ลำปาง,โรคปอดอุดกั้นเรื้อรัง,55-59,หญิง,732
ลำปาง,โรคปอดอุดกั้นเรื้อรัง,60-64,ชาย,4636
ลำปาง,โรคปอดอุดกั้นเรื้อรัง,60-64,หญิง,1875
ลำปาง,โรคปอดอุดกั้นเรื้อรัง,65-69,ชาย,8129
ลำปาง,โรคปอดอุดกั้นเรื้อรัง,65-69,หญิง,3507
ลำปาง,โรคปอดอุดกั้นเรื้อรัง,70-74,ชาย,8594
ลำปาง,โรคปอดอุดกั้นเรื้อรัง,70-74,หญิง,4703
ลำปาง,โรคปอดอุดกั้นเรื้อรัง,75-79,ชาย,6624
ลำปาง,โรคปอดอุดกั้นเรื้อรัง,75-79,หญิง,3789
ลำปาง,โรคปอดอุดกั้นเรื้อรัง,80+,ชาย,9686
ลำปาง,โรคปอดอุดกั้นเรื้อรัง,80+,หญิง,6606
ลำปาง,โรคปอดอุดกั้นเรื้อรัง,ไม่ทราบ,ชาย,1
ลำปาง,โรคปอดอุดกั้นเรื้อรัง,ไม่ทราบ,ไม่ระบุ,11
ลำปาง,โรคผิวหนังอักเสบ,0-4,ชาย,942
ลำปาง,โรคผิวหนังอักเสบ,0-4,หญิง,898
ลำปาง,โรคผิวหนังอักเสบ,10-14,ชาย,538
ลำปาง,โรคผิวหนังอักเสบ,10-14,หญิง,524
ลำปาง,โรคผิวหนังอักเสบ,15-19,ชาย,429
ลำปาง,โรคผิวหนังอักเสบ,15-19,หญิง,577
ลำปาง,โรคผิวหนังอักเสบ,20-24,ชาย,406
ลำปาง,โรคผิวหนังอักเสบ,20-24,หญิง,463
ลำปาง,โรคผิวหนังอักเสบ,25-29,ชาย,549
ลำปาง,โรคผิวหนังอักเสบ,25-29,หญิง,552
ลำปาง,โรคผิวหนังอักเสบ,30-34,ชาย,607
ลำปาง,โรคผิวหนังอักเสบ,30-34,หญิง,620
ลำปาง,โรคผิวหนังอักเสบ,35-39,ชาย,510
ลำปาง,โรคผิวหนังอักเสบ,35-39,หญิง,645
ลำปาง,โรคผิวหนังอักเสบ,40-44,ชาย,608
ลำปาง,โรคผิวหนังอักเสบ,40-44,หญิง,761
ลำปาง,โรคผิวหนังอักเสบ,45-49,ชาย,657
ลำปาง,โรคผิวหนังอักเสบ,45-49,หญิง,1084
ลำปาง,โรคผิวหนังอักเสบ,5-9,ชาย,752
ลำปาง,โรคผิวหนังอักเสบ,5-9,หญิง,690
ลำปาง,โรคผิวหนังอักเสบ,50-54,ชาย,688
ลำปาง,โรคผิวหนังอักเสบ,50-54,หญิง,1449
ลำปาง,โรคผิวหนังอักเสบ,55-59,ชาย,1033
ลำปาง,โรคผิวหนังอักเสบ,55-59,หญิง,1703
ลำปาง,โรคผิวหนังอักเสบ,60-64,ชาย,1466
ลำปาง,โรคผิวหนังอักเสบ,60-64,หญิง,1646
ลำปาง,โรคผิวหนังอักเสบ,65-69,ชาย,1521
ลำปาง,โรคผิวหนังอักเสบ,65-69,หญิง,1589
ลำปาง,โรคผิวหนังอักเสบ,70-74,ชาย,1351
ลำปาง,โรคผิวหนังอักเสบ,70-74,หญิง,1045
ลำปาง,โรคผิวหนังอักเสบ,75-79,ชาย,866
ลำปาง,โรคผิวหนังอักเสบ,75-79,หญิง,606
ลำปาง,โรคผิวหนังอักเสบ,80+,ชาย,900
ลำปาง,โรคผิวหนังอักเสบ,80+,หญิง,807
ลำปาง,โรคผิวหนังอักเสบ,ไม่ทราบ,หญิง,2
ลำปาง,โรคผิวหนังอักเสบ,ไม่ทราบ,ไม่ระบุ,22
ลำปาง,โรคลมพิษ,0-4,ชาย,920
ลำปาง,โรคลมพิษ,0-4,หญิง,805
ลำปาง,โรคลมพิษ,10-14,ชาย,628
ลำปาง,โรคลมพิษ,10-14,หญิง,566
ลำปาง,โรคลมพิษ,15-19,ชาย,451
ลำปาง,โรคลมพิษ,15-19,หญิง,707
ลำปาง,โรคลมพิษ,20-24,ชาย,305
ลำปาง,โรคลมพิษ,20-24,หญิง,600
ลำปาง,โรคลมพิษ,25-29,ชาย,386
ลำปาง,โรคลมพิษ,25-29,หญิง,672
ลำปาง,โรคลมพิษ,30-34,ชาย,320
ลำปาง,โรคลมพิษ,30-34,หญิง,788
ลำปาง,โรคลมพิษ,35-39,ชาย,251
ลำปาง,โรคลมพิษ,35-39,หญิง,688
ลำปาง,โรคลมพิษ,40-44,ชาย,269
ลำปาง,โรคลมพิษ,40-44,หญิง,826
ลำปาง,โรคลมพิษ,45-49,ชาย,255
ลำปาง,โรคลมพิษ,45-49,หญิง,904
ลำปาง,โรคลมพิษ,5-9,ชาย,792
ลำปาง,โรคลมพิษ,5-9,หญิง,730
ลำปาง,โรคลมพิษ,50-54,ชาย,341
ลำปาง,โรคลมพิษ,50-54,หญิง,837
ลำปาง,โรคลมพิษ,55-59,ชาย,438
ลำปาง,โรคลมพิษ,55-59,หญิง,844
ลำปาง,โรคลมพิษ,60-64,ชาย,412
ลำปาง,โรคลมพิษ,60-64,หญิง,953
ลำปาง,โรคลมพิษ,65-69,ชาย,390
ลำปาง,โรคลมพิษ,65-69,หญิง,673
ลำปาง,โรคลมพิษ,70-74,ชาย,282
ลำปาง,โรคลมพิษ,70-74,หญิง,528
ลำปาง,โรคลมพิษ,75-79,ชาย,150
ลำปาง,โรคลมพิษ,75-79,หญิง,183
ลำปาง,โรคลมพิษ,80+,ชาย,149
ลำปาง,โรคลมพิษ,80+,หญิง,162
ลำปาง,โรคลมพิษ,ไม่ทราบ,ชาย,1
ลำปาง,โรคลมพิษ,ไม่ทราบ,หญิง,1
ลำปาง,โรคลมพิษ,ไม่ทราบ,ไม่ระบุ,24
ลำปาง,โรคหอบหืด,0-4,ชาย,1162
ลำปาง,โรคหอบหืด,0-4,หญิง,711
ลำปาง,โรคหอบหืด,10-14,ชาย,1349
ลำปาง,โรคหอบหืด,10-14,หญิง,555
ลำปาง,โรคหอบหืด,15-19,ชาย,471
ลำปาง,โรคหอบหืด,15-19,หญิง,372
ลำปาง,โรคหอบหืด,20-24,ชาย,300
ลำปาง,โรคหอบหืด,20-24,หญิง,317
ลำปาง,โรคหอบหืด,25-29,ชาย,324
ลำปาง,โรคหอบหืด,25-29,หญิง,472
ลำปาง,โรคหอบหืด,30-34,ชาย,455
ลำปาง,โรคหอบหืด,30-34,หญิง,820
ลำปาง,โรคหอบหืด,35-39,ชาย,582
ลำปาง,โรคหอบหืด,35-39,หญิง,1059
ลำปาง,โรคหอบหืด,40-44,ชาย,597
ลำปาง,โรคหอบหืด,40-44,หญิง,1242
ลำปาง,โรคหอบหืด,45-49,ชาย,877
ลำปาง,โรคหอบหืด,45-49,หญิง,2066
ลำปาง,โรคหอบหืด,5-9,ชาย,2101
ลำปาง,โรคหอบหืด,5-9,หญิง,1292
ลำปาง,โรคหอบหืด,50-54,ชาย,1596
ลำปาง,โรคหอบหืด,50-54,หญิง,2633
ลำปาง,โรคหอบหืด,55-59,ชาย,1969
ลำปาง,โรคหอบหืด,55-59,หญิง,3802
ลำปาง,โรคหอบหืด,60-64,ชาย,2110
ลำปาง,โรคหอบหืด,60-64,หญิง,3965
ลำปาง,โรคหอบหืด,65-69,ชาย,1744
ลำปาง,โรคหอบหืด,65-69,หญิง,2914
ลำปาง,โรคหอบหืด,70-74,ชาย,1052
ลำปาง,โรคหอบหืด,70-74,หญิง,1975
ลำปาง,โรคหอบหืด,75-79,ชาย,730
ลำปาง,โรคหอบหืด,75-79,หญิง,980
ลำปาง,โรคหอบหืด,80+,ชาย,542
ลำปาง,โรคหอบหืด,80+,หญิง,786
ลำปาง,โรคหอบหืด,ไม่ทราบ,ไม่ระบุ,9
ลำปาง,โรคเยื่อจมูกอักเสบจากภูมิแพ้,0-4,ชาย,765
ลำปาง,โรคเยื่อจมูกอักเสบจากภูมิแพ้,0-4,หญิง,595
ลำปาง,โรคเยื่อจมูกอักเสบจากภูมิแพ้,10-14,ชาย,1102
ลำปาง,โรคเยื่อจมูกอักเสบจากภูมิแพ้,10-14,หญิง,726
ลำปาง,โรคเยื่อจมูกอักเสบจากภูมิแพ้,15-19,ชาย,316
ลำปาง,โรคเยื่อจมูกอักเสบจากภูมิแพ้,15-19,หญิง,360
ลำปาง,โรคเยื่อจมูกอักเสบจากภูมิแพ้,20-24,ชาย,226
ลำปาง,โรคเยื่อจมูกอักเสบจากภูมิแพ้,20-24,หญิง,350
ลำปาง,โรคเยื่อจมูกอักเสบจากภูมิแพ้,25-29,ชาย,303
ลำปาง,โรคเยื่อจมูกอักเสบจากภูมิแพ้,25-29,หญิง,653
ลำปาง,โรคเยื่อจมูกอักเสบจากภูมิแพ้,30-34,ชาย,341
ลำปาง,โรคเยื่อจมูกอักเสบจากภูมิแพ้,30-34,หญิง,791
ลำปาง,โรคเยื่อจมูกอักเสบจากภูมิแพ้,35-39,ชาย,318
ลำปาง,โรคเยื่อจมูกอักเสบจากภูมิแพ้,35-39,หญิง,782
ลำปาง,โรคเยื่อจมูกอักเสบจากภูมิแพ้,40-44,ชาย,252
ลำปาง,โรคเยื่อจมูกอักเสบจากภูมิแพ้,40-44,หญิง,806
ลำปาง,โรคเยื่อจมูกอักเสบจากภูมิแพ้,45-49,ชาย,286
ลำปาง,โรคเยื่อจมูกอักเสบจากภูมิแพ้,45-49,หญิง,800
ลำปาง,โรคเยื่อจมูกอักเสบจากภูมิแพ้,5-9,ชาย,1812
ลำปาง,โรคเยื่อจมูกอักเสบจากภูมิแพ้,5-9,หญิง,1335
ลำปาง,โรคเยื่อจมูกอักเสบจากภูมิแพ้,50-54,ชาย,259
ลำปาง,โรคเยื่อจมูกอักเสบจากภูมิแพ้,50-54,หญิง,904
ลำปาง,โรคเยื่อจมูกอักเสบจากภูมิแพ้,55-59,ชาย,343
ลำปาง,โรคเยื่อจมูกอักเสบจากภูมิแพ้,55-59,หญิง,948
ลำปาง,โรคเยื่อจมูกอักเสบจากภูมิแพ้,60-64,ชาย,487
ลำปาง,โรคเยื่อจมูกอักเสบจากภูมิแพ้,60-64,หญิง,850
ลำปาง,โรคเยื่อจมูกอักเสบจากภูมิแพ้,65-69,ชาย,524
ลำปาง,โรคเยื่อจมูกอักเสบจากภูมิแพ้,65-69,หญิง,662
ลำปาง,โรคเยื่อจมูกอักเสบจากภูมิแพ้,70-74,ชาย,357
ลำปาง,โรคเยื่อจมูกอักเสบจากภูมิแพ้,70-74,หญิง,370
ลำปาง,โรคเยื่อจมูกอักเสบจากภูมิแพ้,75-79,ชาย,254
ลำปาง,โรคเยื่อจมูกอักเสบจากภูมิแพ้,75-79,หญิง,178
ลำปาง,โรคเยื่อจมูกอักเสบจากภูมิแพ้,80+,ชาย,132
ลำปาง,โรคเยื่อจมูกอักเสบจากภูมิแพ้,80+,หญิง,125
ลำปาง,โรคเยื่อจมูกอักเสบจากภูมิแพ้,ไม่ทราบ,ไม่ระบุ,9
ลำปาง,โรคเยื่อบุตาอักเสบ,0-4,ชาย,1036
ลำปาง,โรคเยื่อบุตาอักเสบ,0-4,หญิง,829
ลำปาง,โรคเยื่อบุตาอักเสบ,10-14,ชาย,818
ลำปาง,โรคเยื่อบุตาอักเสบ,10-14,หญิง,632
ลำปาง,โรคเยื่อบุตาอักเสบ,15-19,ชาย,698
ลำปาง,โรคเยื่อบุตาอักเสบ,15-19,หญิง,717
ลำปาง,โรคเยื่อบุตาอักเสบ,20-24,ชาย,502
ลำปาง,โรคเยื่อบุตาอักเสบ,20-24,หญิง,628
ลำปาง,โรคเยื่อบุตาอักเสบ,25-29,ชาย,721
ลำปาง,โรคเยื่อบุตาอักเสบ,25-29,หญิง,808
ลำปาง,โรคเยื่อบุตาอักเสบ,30-34,ชาย,780
ลำปาง,โรคเยื่อบุตาอักเสบ,30-34,หญิง,877
ลำปาง,โรคเยื่อบุตาอักเสบ,35-39,ชาย,818
ลำปาง,โรคเยื่อบุตาอักเสบ,35-39,หญิง,897
ลำปาง,โรคเยื่อบุตาอักเสบ,40-44,ชาย,862
ลำปาง,โรคเยื่อบุตาอักเสบ,40-44,หญิง,1070
ลำปาง,โรคเยื่อบุตาอักเสบ,45-49,ชาย,1117
ลำปาง,โรคเยื่อบุตาอักเสบ,45-49,หญิง,1484
ลำปาง,โรคเยื่อบุตาอักเสบ,5-9,ชาย,1046
ลำปาง,โรคเยื่อบุตาอักเสบ,5-9,หญิง,740
ลำปาง,โรคเยื่อบุตาอักเสบ,50-54,ชาย,1394
ลำปาง,โรคเยื่อบุตาอักเสบ,50-54,หญิง,2272
ลำปาง,โรคเยื่อบุตาอักเสบ,55-59,ชาย,1880
ลำปาง,โรคเยื่อบุตาอักเสบ,55-59,หญิง,3021
ลำปาง,โรคเยื่อบุตาอักเสบ,60-64,ชาย,2176
ลำปาง,โรคเยื่อบุตาอักเสบ,60-64,หญิง,2819
ลำปาง,โรคเยื่อบุตาอักเสบ,65-69,ชาย,1979
ลำปาง,โรคเยื่อบุตาอักเสบ,65-69,หญิง,2529
ลำปาง,โรคเยื่อบุตาอักเสบ,70-74,ชาย,1572
ลำปาง,โรคเยื่อบุตาอักเสบ,70-74,หญิง,1654
ลำปาง,โรคเยื่อบุตาอักเสบ,75-79,ชาย,811
ลำปาง,โรคเยื่อบุตาอักเสบ,75-79,หญิง,754
ลำปาง,โรคเยื่อบุตาอักเสบ,80+,ชาย,623
ลำปาง,โรคเยื่อบุตาอักเสบ,80+,หญิง,801
ลำปาง,โรคเยื่อบุตาอักเสบ,ไม่ทราบ,ไม่ระบุ,24
ลำพูน,โรคติดเชื้อทางเดินหายใจส่วนบนเฉียบพลัน,0-4,ชาย,29691
ลำพูน,โรคติดเชื้อทางเดินหายใจส่วนบนเฉียบพลัน,0-4,หญิง,26291
ลำพูน,โรคติดเชื้อทางเดินหายใจส่วนบนเฉียบพลัน,10-14,ชาย,11879
ลำพูน,โรคติดเชื้อทางเดินหายใจส่วนบนเฉียบพลัน,10-14,หญิง,10274
ลำพูน,โรคติดเชื้อทางเดินหายใจส่วนบนเฉียบพลัน,15-19,ชาย,6280
ลำพูน,โรคติดเชื้อทางเดินหายใจส่วนบนเฉียบพลัน,15-19,หญิง,7487
ลำพูน,โรคติดเชื้อทางเดินหายใจส่วนบนเฉียบพลัน,20-24,ชาย,4222
ลำพูน,โรคติดเชื้อทางเดินหายใจส่วนบนเฉียบพลัน,20-24,หญิง,5578
ลำพูน,โรคติดเชื้อทางเดินหายใจส่วนบนเฉียบพลัน,20-24,ไม่ระบุ,1
ลำพูน,โรคติดเชื้อทางเดินหายใจส่วนบนเฉียบพลัน,25-29,ชาย,4772
ลำพูน,โรคติดเชื้อทางเดินหายใจส่วนบนเฉียบพลัน,25-29,หญิง,7307
ลำพูน,โรคติดเชื้อทางเดินหายใจส่วนบนเฉียบพลัน,25-29,ไม่ระบุ,2
ลำพูน,โรคติดเชื้อทางเดินหายใจส่วนบนเฉียบพลัน,30-34,ชาย,4942
ลำพูน,โรคติดเชื้อทางเดินหายใจส่วนบนเฉียบพลัน,30-34,หญิง,7991
ลำพูน,โรคติดเชื้อทางเดินหายใจส่วนบนเฉียบพลัน,35-39,ชาย,4566
ลำพูน,โรคติดเชื้อทางเดินหายใจส่วนบนเฉียบพลัน,35-39,หญิง,7762
ลำพูน,โรคติดเชื้อทางเดินหายใจส่วนบนเฉียบพลัน,40-44,ชาย,4319
ลำพูน,โรคติดเชื้อทางเดินหายใจส่วนบนเฉียบพลัน,40-44,หญิง,7300
ลำพูน,โรคติดเชื้อทางเดินหายใจส่วนบนเฉียบพลัน,45-49,ชาย,3812
ลำพูน,โรคติดเชื้อทางเดินหายใจส่วนบนเฉียบพลัน,45-49,หญิง,6755
ลำพูน,โรคติดเชื้อทางเดินหายใจส่วนบนเฉียบพลัน,5-9,ชาย,21266
ลำพูน,โรคติดเชื้อทางเดินหายใจส่วนบนเฉียบพลัน,5-9,หญิง,19944
ลำพูน,โรคติดเชื้อทางเดินหายใจส่วนบนเฉียบพลัน,50-54,ชาย,3648
ลำพูน,โรคติดเชื้อทางเดินหายใจส่วนบนเฉียบพลัน,50-54,หญิง,7605
ลำพูน,โรคติดเชื้อทางเดินหายใจส่วนบนเฉียบพลัน,50-54,ไม่ระบุ,2
ลำพูน,โรคติดเชื้อทางเดินหายใจส่วนบนเฉียบพลัน,55-59,ชาย,4823
ลำพูน,โรคติดเชื้อทางเดินหายใจส่วนบนเฉียบพลัน,55-59,หญิง,9796
ลำพูน,โรคติดเชื้อทางเดินหายใจส่วนบนเฉียบพลัน,60-64,ชาย,5551
ลำพูน,โรคติดเชื้อทางเดินหายใจส่วนบนเฉียบพลัน,60-64,หญิง,10113
ลำพูน,โรคติดเชื้อทางเดินหายใจส่วนบนเฉียบพลัน,65-69,ชาย,5895
ลำพูน,โรคติดเชื้อทางเดินหายใจส่วนบนเฉียบพลัน,65-69,หญิง,8381
ลำพูน,โรคติดเชื้อทางเดินหายใจส่วนบนเฉียบพลัน,70-74,ชาย,4373
ลำพูน,โรคติดเชื้อทางเดินหายใจส่วนบนเฉียบพลัน,70-74,หญิง,5312
ลำพูน,โรคติดเชื้อทางเดินหายใจส่วนบนเฉียบพลัน,75-79,ชาย,2558
ลำพูน,โรคติดเชื้อทางเดินหายใจส่วนบนเฉียบพลัน,75-79,หญิง,2486
ลำพูน,โรคติดเชื้อทางเดินหายใจส่วนบนเฉียบพลัน,80+,ชาย,2497
ลำพูน,โรคติดเชื้อทางเดินหายใจส่วนบนเฉียบพลัน,80+,หญิง,2482
ลำพูน,โรคติดเชื้อทางเดินหายใจส่วนบนเฉียบพลัน,80+,ไม่ระบุ,1
ลำพูน,โรคติดเชื้อทางเดินหายใจส่วนบนเฉียบพลัน,ไม่ทราบ,ชาย,15
ลำพูน,โรคติดเชื้อทางเดินหายใจส่วนบนเฉียบพลัน,ไม่ทราบ,หญิง,15
ลำพูน,โรคติดเชื้อทางเดินหายใจส่วนบนเฉียบพลัน,ไม่ทราบ,ไม่ระบุ,4218
ลำพูน,โรคปอดอุดกั้นเรื้อรัง,0-4,ชาย,26
ลำพูน,โรคปอดอุดกั้นเรื้อรัง,0-4,หญิง,19
ลำพูน,โรคปอดอุดกั้นเรื้อรัง,10-14,ชาย,1
ลำพูน,โรคปอดอุดกั้นเรื้อรัง,15-19,ชาย,1
ลำพูน,โรคปอดอุดกั้นเรื้อรัง,15-19,หญิง,2
ลำพูน,โรคปอดอุดกั้นเรื้อรัง,20-24,ชาย,2
ลำพูน,โรคปอดอุดกั้นเรื้อรัง,25-29,ชาย,12
ลำพูน,โรคปอดอุดกั้นเรื้อรัง,25-29,หญิง,6
ลำพูน,โรคปอดอุดกั้นเรื้อรัง,30-34,ชาย,27
ลำพูน,โรคปอดอุดกั้นเรื้อรัง,30-34,หญิง,6
ลำพูน,โรคปอดอุดกั้นเรื้อรัง,35-39,ชาย,44
ลำพูน,โรคปอดอุดกั้นเรื้อรัง,35-39,หญิง,25
ลำพูน,โรคปอดอุดกั้นเรื้อรัง,40-44,ชาย,146
ลำพูน,โรคปอดอุดกั้นเรื้อรัง,40-44,หญิง,35
ลำพูน,โรคปอดอุดกั้นเรื้อรัง,45-49,ชาย,312
ลำพูน,โรคปอดอุดกั้นเรื้อรัง,45-49,หญิง,122
ลำพูน,โรคปอดอุดกั้นเรื้อรัง,5-9,ชาย,10
ลำพูน,โรคปอดอุดกั้นเรื้อรัง,5-9,หญิง,9
ลำพูน,โรคปอดอุดกั้นเรื้อรัง,50-54,ชาย,651
ลำพูน,โรคปอดอุดกั้นเรื้อรัง,50-54,หญิง,360
ลำพูน,โรคปอดอุดกั้นเรื้อรัง,55-59,ชาย,1775
ลำพูน,โรคปอดอุดกั้นเรื้อรัง,55-59,หญิง,885
ลำพูน,โรคปอดอุดกั้นเรื้อรัง,60-64,ชาย,4011
ลำพูน,โรคปอดอุดกั้นเรื้อรัง,60-64,หญิง,1712
ลำพูน,โรคปอดอุดกั้นเรื้อรัง,65-69,ชาย,5024
ลำพูน,โรคปอดอุดกั้นเรื้อรัง,65-69,หญิง,2527
ลำพูน,โรคปอดอุดกั้นเรื้อรัง,70-74,ชาย,4937
ลำพูน,โรคปอดอุดกั้นเรื้อรัง,70-74,หญิง,2842
ลำพูน,โรคปอดอุดกั้นเรื้อรัง,75-79,ชาย,3732
ลำพูน,โรคปอดอุดกั้นเรื้อรัง,75-79,หญิง,2070
ลำพูน,โรคปอดอุดกั้นเรื้อรัง,80+,ชาย,5743
ลำพูน,โรคปอดอุดกั้นเรื้อรัง,80+,หญิง,3432
ลำพูน,โรคปอดอุดกั้นเรื้อรัง,ไม่ทราบ,ไม่ระบุ,625
ลำพูน,โรคผิวหนังอักเสบ,0-4,ชาย,753
ลำพูน,โรคผิวหนังอักเสบ,0-4,หญิง,701
ลำพูน,โรคผิวหนังอักเสบ,10-14,ชาย,418
ลำพูน,โรคผิวหนังอักเสบ,10-14,หญิง,346
ลำพูน,โรคผิวหนังอักเสบ,15-19,ชาย,243
ลำพูน,โรคผิวหนังอักเสบ,15-19,หญิง,428
ลำพูน,โรคผิวหนังอักเสบ,20-24,ชาย,200
ลำพูน,โรคผิวหนังอักเสบ,20-24,หญิง,284
ลำพูน,โรคผิวหนังอักเสบ,25-29,ชาย,266
ลำพูน,โรคผิวหนังอักเสบ,25-29,หญิง,339
ลำพูน,โรคผิวหนังอักเสบ,30-34,ชาย,244
ลำพูน,โรคผิวหนังอักเสบ,30-34,หญิง,410
ลำพูน,โรคผิวหนังอักเสบ,35-39,ชาย,263
ลำพูน,โรคผิวหนังอักเสบ,35-39,หญิง,482
ลำพูน,โรคผิวหนังอักเสบ,40-44,ชาย,349
ลำพูน,โรคผิวหนังอักเสบ,40-44,หญิง,545
ลำพูน,โรคผิวหนังอักเสบ,45-49,ชาย,398
ลำพูน,โรคผิวหนังอักเสบ,45-49,หญิง,652
ลำพูน,โรคผิวหนังอักเสบ,5-9,ชาย,575
ลำพูน,โรคผิวหนังอักเสบ,5-9,หญิง,534
ลำพูน,โรคผิวหนังอักเสบ,50-54,ชาย,481
ลำพูน,โรคผิวหนังอักเสบ,50-54,หญิง,697
ลำพูน,โรคผิวหนังอักเสบ,55-59,ชาย,645
ลำพูน,โรคผิวหนังอักเสบ,55-59,หญิง,903
ลำพูน,โรคผิวหนังอักเสบ,60-64,ชาย,918
ลำพูน,โรคผิวหนังอักเสบ,60-64,หญิง,1113
ลำพูน,โรคผิวหนังอักเสบ,65-69,ชาย,1085
ลำพูน,โรคผิวหนังอักเสบ,65-69,หญิง,1004
ลำพูน,โรคผิวหนังอักเสบ,70-74,ชาย,940
ลำพูน,โรคผิวหนังอักเสบ,70-74,หญิง,753
ลำพูน,โรคผิวหนังอักเสบ,75-79,ชาย,608
ลำพูน,โรคผิวหนังอักเสบ,75-79,หญิง,540
ลำพูน,โรคผิวหนังอักเสบ,80+,ชาย,532
ลำพูน,โรคผิวหนังอักเสบ,80+,หญิง,518
ลำพูน,โรคผิวหนังอักเสบ,ไม่ทราบ,ไม่ระบุ,210
ลำพูน,โรคลมพิษ,0-4,ชาย,899
ลำพูน,โรคลมพิษ,0-4,หญิง,708
ลำพูน,โรคลมพิษ,10-14,ชาย,571
ลำพูน,โรคลมพิษ,10-14,หญิง,528
ลำพูน,โรคลมพิษ,15-19,ชาย,382
ลำพูน,โรคลมพิษ,15-19,หญิง,538
ลำพูน,โรคลมพิษ,20-24,ชาย,295
ลำพูน,โรคลมพิษ,20-24,หญิง,447
ลำพูน,โรคลมพิษ,25-29,ชาย,287
ลำพูน,โรคลมพิษ,25-29,หญิง,542
ลำพูน,โรคลมพิษ,30-34,ชาย,298
ลำพูน,โรคลมพิษ,30-34,หญิง,544
ลำพูน,โรคลมพิษ,35-39,ชาย,229
ลำพูน,โรคลมพิษ,35-39,หญิง,527
ลำพูน,โรคลมพิษ,40-44,ชาย,256
ลำพูน,โรคลมพิษ,40-44,หญิง,558
ลำพูน,โรคลมพิษ,45-49,ชาย,246
ลำพูน,โรคลมพิษ,45-49,หญิง,582
ลำพูน,โรคลมพิษ,5-9,ชาย,746
ลำพูน,โรคลมพิษ,5-9,หญิง,682
ลำพูน,โรคลมพิษ,50-54,ชาย,281
ลำพูน,โรคลมพิษ,50-54,หญิง,597
ลำพูน,โรคลมพิษ,55-59,ชาย,332
ลำพูน,โรคลมพิษ,55-59,หญิง,689
ลำพูน,โรคลมพิษ,60-64,ชาย,454
ลำพูน,โรคลมพิษ,60-64,หญิง,717
ลำพูน,โรคลมพิษ,65-69,ชาย,425
ลำพูน,โรคลมพิษ,65-69,หญิง,565
ลำพูน,โรคลมพิษ,70-74,ชาย,285
ลำพูน,โรคลมพิษ,70-74,หญิง,336
ลำพูน,โรคลมพิษ,75-79,ชาย,161
ลำพูน,โรคลมพิษ,75-79,หญิง,130
ลำพูน,โรคลมพิษ,80+,ชาย,138
ลำพูน,โรคลมพิษ,80+,หญิง,164
ลำพูน,โรคลมพิษ,ไม่ทราบ,ชาย,2
ลำพูน,โรคลมพิษ,ไม่ทราบ,ไม่ระบุ,258
ลำพูน,โรคหอบหืด,0-4,ชาย,476
ลำพูน,โรคหอบหืด,0-4,หญิง,310
ลำพูน,โรคหอบหืด,10-14,ชาย,656
ลำพูน,โรคหอบหืด,10-14,หญิง,469
ลำพูน,โรคหอบหืด,15-19,ชาย,271
ลำพูน,โรคหอบหืด,15-19,หญิง,206
ลำพูน,โรคหอบหืด,20-24,ชาย,199
ลำพูน,โรคหอบหืด,20-24,หญิง,172
ลำพูน,โรคหอบหืด,25-29,ชาย,205
ลำพูน,โรคหอบหืด,25-29,หญิง,335
ลำพูน,โรคหอบหืด,30-34,ชาย,457
ลำพูน,โรคหอบหืด,30-34,หญิง,495
ลำพูน,โรคหอบหืด,35-39,ชาย,503
ลำพูน,โรคหอบหืด,35-39,หญิง,666
ลำพูน,โรคหอบหืด,40-44,ชาย,536
ลำพูน,โรคหอบหืด,40-44,หญิง,877
ลำพูน,โรคหอบหืด,45-49,ชาย,629
ลำพูน,โรคหอบหืด,45-49,หญิง,1137
ลำพูน,โรคหอบหืด,5-9,ชาย,920
ลำพูน,โรคหอบหืด,5-9,หญิง,747
ลำพูน,โรคหอบหืด,50-54,ชาย,719
ลำพูน,โรคหอบหืด,50-54,หญิง,1456
ลำพูน,โรคหอบหืด,55-59,ชาย,1189
ลำพูน,โรคหอบหืด,55-59,หญิง,2137
ลำพูน,โรคหอบหืด,60-64,ชาย,1164
ลำพูน,โรคหอบหืด,60-64,หญิง,2448
ลำพูน,โรคหอบหืด,65-69,ชาย,1470
ลำพูน,โรคหอบหืด,65-69,หญิง,2419
ลำพูน,โรคหอบหืด,70-74,ชาย,998
ลำพูน,โรคหอบหืด,70-74,หญิง,1455
ลำพูน,โรคหอบหืด,75-79,ชาย,582
ลำพูน,โรคหอบหืด,75-79,หญิง,754
ลำพูน,โรคหอบหืด,80+,ชาย,486
ลำพูน,โรคหอบหืด,80+,หญิง,625
ลำพูน,โรคหอบหืด,ไม่ทราบ,ไม่ระบุ,288
ลำพูน,โรคเยื่อจมูกอักเสบจากภูมิแพ้,0-4,ชาย,509
ลำพูน,โรคเยื่อจมูกอักเสบจากภูมิแพ้,0-4,หญิง,403
ลำพูน,โรคเยื่อจมูกอักเสบจากภูมิแพ้,10-14,ชาย,646
ลำพูน,โรคเยื่อจมูกอักเสบจากภูมิแพ้,10-14,หญิง,492
ลำพูน,โรคเยื่อจมูกอักเสบจากภูมิแพ้,15-19,ชาย,256
ลำพูน,โรคเยื่อจมูกอักเสบจากภูมิแพ้,15-19,หญิง,400
ลำพูน,โรคเยื่อจมูกอักเสบจากภูมิแพ้,20-24,ชาย,196
ลำพูน,โรคเยื่อจมูกอักเสบจากภูมิแพ้,20-24,หญิง,329
ลำพูน,โรคเยื่อจมูกอักเสบจากภูมิแพ้,25-29,ชาย,223
ลำพูน,โรคเยื่อจมูกอักเสบจากภูมิแพ้,25-29,หญิง,527
ลำพูน,โรคเยื่อจมูกอักเสบจากภูมิแพ้,30-34,ชาย,273
ลำพูน,โรคเยื่อจมูกอักเสบจากภูมิแพ้,30-34,หญิง,634
ลำพูน,โรคเยื่อจมูกอักเสบจากภูมิแพ้,35-39,ชาย,278
ลำพูน,โรคเยื่อจมูกอักเสบจากภูมิแพ้,35-39,หญิง,830
ลำพูน,โรคเยื่อจมูกอักเสบจากภูมิแพ้,40-44,ชาย,322
ลำพูน,โรคเยื่อจมูกอักเสบจากภูมิแพ้,40-44,หญิง,779
ลำพูน,โรคเยื่อจมูกอักเสบจากภูมิแพ้,45-49,ชาย,236
ลำพูน,โรคเยื่อจมูกอักเสบจากภูมิแพ้,45-49,หญิง,734
ลำพูน,โรคเยื่อจมูกอักเสบจากภูมิแพ้,5-9,ชาย,943
ลำพูน,โรคเยื่อจมูกอักเสบจากภูมิแพ้,5-9,หญิง,739
ลำพูน,โรคเยื่อจมูกอักเสบจากภูมิแพ้,50-54,ชาย,265
ลำพูน,โรคเยื่อจมูกอักเสบจากภูมิแพ้,50-54,หญิง,786
ลำพูน,โรคเยื่อจมูกอักเสบจากภูมิแพ้,55-59,ชาย,361
ลำพูน,โรคเยื่อจมูกอักเสบจากภูมิแพ้,55-59,หญิง,913
ลำพูน,โรคเยื่อจมูกอักเสบจากภูมิแพ้,60-64,ชาย,471
ลำพูน,โรคเยื่อจมูกอักเสบจากภูมิแพ้,60-64,หญิง,851
ลำพูน,โรคเยื่อจมูกอักเสบจากภูมิแพ้,65-69,ชาย,496
ลำพูน,โรคเยื่อจมูกอักเสบจากภูมิแพ้,65-69,หญิง,696
ลำพูน,โรคเยื่อจมูกอักเสบจากภูมิแพ้,70-74,ชาย,353
ลำพูน,โรคเยื่อจมูกอักเสบจากภูมิแพ้,70-74,หญิง,402
ลำพูน,โรคเยื่อจมูกอักเสบจากภูมิแพ้,75-79,ชาย,212
ลำพูน,โรคเยื่อจมูกอักเสบจากภูมิแพ้,75-79,หญิง,180
ลำพูน,โรคเยื่อจมูกอักเสบจากภูมิแพ้,80+,ชาย,108
ลำพูน,โรคเยื่อจมูกอักเสบจากภูมิแพ้,80+,หญิง,194
ลำพูน,โรคเยื่อจมูกอักเสบจากภูมิแพ้,ไม่ทราบ,ไม่ระบุ,152
ลำพูน,โรคเยื่อบุตาอักเสบ,0-4,ชาย,716
ลำพูน,โรคเยื่อบุตาอักเสบ,0-4,หญิง,552
ลำพูน,โรคเยื่อบุตาอักเสบ,10-14,ชาย,465
ลำพูน,โรคเยื่อบุตาอักเสบ,10-14,หญิง,301
ลำพูน,โรคเยื่อบุตาอักเสบ,15-19,ชาย,371
ลำพูน,โรคเยื่อบุตาอักเสบ,15-19,หญิง,393
ลำพูน,โรคเยื่อบุตาอักเสบ,20-24,ชาย,321
ลำพูน,โรคเยื่อบุตาอักเสบ,20-24,หญิง,286
ลำพูน,โรคเยื่อบุตาอักเสบ,25-29,ชาย,461
ลำพูน,โรคเยื่อบุตาอักเสบ,25-29,หญิง,388
ลำพูน,โรคเยื่อบุตาอักเสบ,30-34,ชาย,573
ลำพูน,โรคเยื่อบุตาอักเสบ,30-34,หญิง,592
ลำพูน,โรคเยื่อบุตาอักเสบ,35-39,ชาย,524
ลำพูน,โรคเยื่อบุตาอักเสบ,35-39,หญิง,606
ลำพูน,โรคเยื่อบุตาอักเสบ,40-44,ชาย,564
ลำพูน,โรคเยื่อบุตาอักเสบ,40-44,หญิง,647
ลำพูน,โรคเยื่อบุตาอักเสบ,45-49,ชาย,586
ลำพูน,โรคเยื่อบุตาอักเสบ,45-49,หญิง,741
ลำพูน,โรคเยื่อบุตาอักเสบ,5-9,ชาย,668
ลำพูน,โรคเยื่อบุตาอักเสบ,5-9,หญิง,483
ลำพูน,โรคเยื่อบุตาอักเสบ,50-54,ชาย,619
ลำพูน,โรคเยื่อบุตาอักเสบ,50-54,หญิง,916
ลำพูน,โรคเยื่อบุตาอักเสบ,55-59,ชาย,832
ลำพูน,โรคเยื่อบุตาอักเสบ,55-59,หญิง,1381
ลำพูน,โรคเยื่อบุตาอักเสบ,60-64,ชาย,1021
ลำพูน,โรคเยื่อบุตาอักเสบ,60-64,หญิง,1561
ลำพูน,โรคเยื่อบุตาอักเสบ,65-69,ชาย,912
ลำพูน,โรคเยื่อบุตาอักเสบ,65-69,หญิง,1257
ลำพูน,โรคเยื่อบุตาอักเสบ,70-74,ชาย,723
ลำพูน,โรคเยื่อบุตาอักเสบ,70-74,หญิง,809
ลำพูน,โรคเยื่อบุตาอักเสบ,75-79,ชาย,378
ลำพูน,โรคเยื่อบุตาอักเสบ,75-79,หญิง,427
ลำพูน,โรคเยื่อบุตาอักเสบ,80+,ชาย,404
ลำพูน,โรคเยื่อบุตาอักเสบ,80+,หญิง,434
ลำพูน,โรคเยื่อบุตาอักเสบ,ไม่ทราบ,ชาย,1
ลำพูน,โรคเยื่อบุตาอักเสบ,ไม่ทราบ,หญิง,1
ลำพูน,โรคเยื่อบุตาอักเสบ,ไม่ทราบ,ไม่ระบุ,257
ศรีสะเกษ,โรคติดเชื้อทางเดินหายใจส่วนบนเฉียบพลัน,0-4,ชาย,208764
ศรีสะเกษ,โรคติดเชื้อทางเดินหายใจส่วนบนเฉียบพลัน,0-4,หญิง,186989
ศรีสะเกษ,โรคติดเชื้อทางเดินหายใจส่วนบนเฉียบพลัน,10-14,ชาย,85776
ศรีสะเกษ,โรคติดเชื้อทางเดินหายใจส่วนบนเฉียบพลัน,10-14,หญิง,79081
ศรีสะเกษ,โรคติดเชื้อทางเดินหายใจส่วนบนเฉียบพลัน,15-19,ชาย,36456
ศรีสะเกษ,โรคติดเชื้อทางเดินหายใจส่วนบนเฉียบพลัน,15-19,หญิง,49113
ศรีสะเกษ,โรคติดเชื้อทางเดินหายใจส่วนบนเฉียบพลัน,20-24,ชาย,19339
ศรีสะเกษ,โรคติดเชื้อทางเดินหายใจส่วนบนเฉียบพลัน,20-24,หญิง,30910
ศรีสะเกษ,โรคติดเชื้อทางเดินหายใจส่วนบนเฉียบพลัน,25-29,ชาย,19862
ศรีสะเกษ,โรคติดเชื้อทางเดินหายใจส่วนบนเฉียบพลัน,25-29,หญิง,36324
ศรีสะเกษ,โรคติดเชื้อทางเดินหายใจส่วนบนเฉียบพลัน,30-34,ชาย,19041
ศรีสะเกษ,โรคติดเชื้อทางเดินหายใจส่วนบนเฉียบพลัน,30-34,หญิง,37085
ศรีสะเกษ,โรคติดเชื้อทางเดินหายใจส่วนบนเฉียบพลัน,35-39,ชาย,19058
ศรีสะเกษ,โรคติดเชื้อทางเดินหายใจส่วนบนเฉียบพลัน,35-39,หญิง,39728
ศรีสะเกษ,โรคติดเชื้อทางเดินหายใจส่วนบนเฉียบพลัน,40-44,ชาย,22319
ศรีสะเกษ,โรคติดเชื้อทางเดินหายใจส่วนบนเฉียบพลัน,40-44,หญิง,46875
ศรีสะเกษ,โรคติดเชื้อทางเดินหายใจส่วนบนเฉียบพลัน,45-49,ชาย,26264
ศรีสะเกษ,โรคติดเชื้อทางเดินหายใจส่วนบนเฉียบพลัน,45-49,หญิง,58221
ศรีสะเกษ,โรคติดเชื้อทางเดินหายใจส่วนบนเฉียบพลัน,5-9,ชาย,155947
ศรีสะเกษ,โรคติดเชื้อทางเดินหายใจส่วนบนเฉียบพลัน,5-9,หญิง,147665
ศรีสะเกษ,โรคติดเชื้อทางเดินหายใจส่วนบนเฉียบพลัน,50-54,ชาย,30758
ศรีสะเกษ,โรคติดเชื้อทางเดินหายใจส่วนบนเฉียบพลัน,50-54,หญิง,71335
ศรีสะเกษ,โรคติดเชื้อทางเดินหายใจส่วนบนเฉียบพลัน,55-59,ชาย,34209
ศรีสะเกษ,โรคติดเชื้อทางเดินหายใจส่วนบนเฉียบพลัน,55-59,หญิง,68384
ศรีสะเกษ,โรคติดเชื้อทางเดินหายใจส่วนบนเฉียบพลัน,60-64,ชาย,33861
ศรีสะเกษ,โรคติดเชื้อทางเดินหายใจส่วนบนเฉียบพลัน,60-64,หญิง,55295
ศรีสะเกษ,โรคติดเชื้อทางเดินหายใจส่วนบนเฉียบพลัน,65-69,ชาย,28628
ศรีสะเกษ,โรคติดเชื้อทางเดินหายใจส่วนบนเฉียบพลัน,65-69,หญิง,41805
ศรีสะเกษ,โรคติดเชื้อทางเดินหายใจส่วนบนเฉียบพลัน,70-74,ชาย,23028
ศรีสะเกษ,โรคติดเชื้อทางเดินหายใจส่วนบนเฉียบพลัน,70-74,หญิง,29958
ศรีสะเกษ,โรคติดเชื้อทางเดินหายใจส่วนบนเฉียบพลัน,75-79,ชาย,15257
ศรีสะเกษ,โรคติดเชื้อทางเดินหายใจส่วนบนเฉียบพลัน,75-79,หญิง,19599
ศรีสะเกษ,โรคติดเชื้อทางเดินหายใจส่วนบนเฉียบพลัน,80+,ชาย,13808
ศรีสะเกษ,โรคติดเชื้อทางเดินหายใจส่วนบนเฉียบพลัน,80+,หญิง,20698
ศรีสะเกษ,โรคติดเชื้อทางเดินหายใจส่วนบนเฉียบพลัน,ไม่ทราบ,ชาย,79
ศรีสะเกษ,โรคติดเชื้อทางเดินหายใจส่วนบนเฉียบพลัน,ไม่ทราบ,หญิง,109
ศรีสะเกษ,โรคติดเชื้อทางเดินหายใจส่วนบนเฉียบพลัน,ไม่ทราบ,ไม่ระบุ,3469
ศรีสะเกษ,โรคปอดอุดกั้นเรื้อรัง,0-4,ชาย,48
ศรีสะเกษ,โรคปอดอุดกั้นเรื้อรัง,0-4,หญิง,23
ศรีสะเกษ,โรคปอดอุดกั้นเรื้อรัง,10-14,ชาย,2
ศรีสะเกษ,โรคปอดอุดกั้นเรื้อรัง,10-14,หญิง,1
ศรีสะเกษ,โรคปอดอุดกั้นเรื้อรัง,15-19,ชาย,10
ศรีสะเกษ,โรคปอดอุดกั้นเรื้อรัง,15-19,หญิง,7
ศรีสะเกษ,โรคปอดอุดกั้นเรื้อรัง,20-24,ชาย,15
ศรีสะเกษ,โรคปอดอุดกั้นเรื้อรัง,20-24,หญิง,10
ศรีสะเกษ,โรคปอดอุดกั้นเรื้อรัง,25-29,ชาย,13
ศรีสะเกษ,โรคปอดอุดกั้นเรื้อรัง,25-29,หญิง,8
ศรีสะเกษ,โรคปอดอุดกั้นเรื้อรัง,30-34,ชาย,104
ศรีสะเกษ,โรคปอดอุดกั้นเรื้อรัง,30-34,หญิง,22
ศรีสะเกษ,โรคปอดอุดกั้นเรื้อรัง,35-39,ชาย,262
ศรีสะเกษ,โรคปอดอุดกั้นเรื้อรัง,35-39,หญิง,15
ศรีสะเกษ,โรคปอดอุดกั้นเรื้อรัง,40-44,ชาย,666
ศรีสะเกษ,โรคปอดอุดกั้นเรื้อรัง,40-44,หญิง,102
ศรีสะเกษ,โรคปอดอุดกั้นเรื้อรัง,45-49,ชาย,1207
ศรีสะเกษ,โรคปอดอุดกั้นเรื้อรัง,45-49,หญิง,292
ศรีสะเกษ,โรคปอดอุดกั้นเรื้อรัง,5-9,ชาย,13
ศรีสะเกษ,โรคปอดอุดกั้นเรื้อรัง,5-9,หญิง,16
ศรีสะเกษ,โรคปอดอุดกั้นเรื้อรัง,50-54,ชาย,2522
ศรีสะเกษ,โรคปอดอุดกั้นเรื้อรัง,50-54,หญิง,451
ศรีสะเกษ,โรคปอดอุดกั้นเรื้อรัง,55-59,ชาย,4192
ศรีสะเกษ,โรคปอดอุดกั้นเรื้อรัง,55-59,หญิง,959
ศรีสะเกษ,โรคปอดอุดกั้นเรื้อรัง,60-64,ชาย,6713
ศรีสะเกษ,โรคปอดอุดกั้นเรื้อรัง,60-64,หญิง,1634
ศรีสะเกษ,โรคปอดอุดกั้นเรื้อรัง,65-69,ชาย,8103
ศรีสะเกษ,โรคปอดอุดกั้นเรื้อรัง,65-69,หญิง,2222
ศรีสะเกษ,โรคปอดอุดกั้นเรื้อรัง,70-74,ชาย,8761
ศรีสะเกษ,โรคปอดอุดกั้นเรื้อรัง,70-74,หญิง,2588
ศรีสะเกษ,โรคปอดอุดกั้นเรื้อรัง,75-79,ชาย,8378
ศรีสะเกษ,โรคปอดอุดกั้นเรื้อรัง,75-79,หญิง,2511
ศรีสะเกษ,โรคปอดอุดกั้นเรื้อรัง,80+,ชาย,10486
ศรีสะเกษ,โรคปอดอุดกั้นเรื้อรัง,80+,หญิง,3726
ศรีสะเกษ,โรคปอดอุดกั้นเรื้อรัง,ไม่ทราบ,ไม่ระบุ,621
ศรีสะเกษ,โรคผิวหนังอักเสบ,0-4,ชาย,3533
ศรีสะเกษ,โรคผิวหนังอักเสบ,0-4,หญิง,2977
ศรีสะเกษ,โรคผิวหนังอักเสบ,10-14,ชาย,2463
ศรีสะเกษ,โรคผิวหนังอักเสบ,10-14,หญิง,1948
ศรีสะเกษ,โรคผิวหนังอักเสบ,15-19,ชาย,1419
ศรีสะเกษ,โรคผิวหนังอักเสบ,15-19,หญิง,1854
ศรีสะเกษ,โรคผิวหนังอักเสบ,20-24,ชาย,927
ศรีสะเกษ,โรคผิวหนังอักเสบ,20-24,หญิง,1201
ศรีสะเกษ,โรคผิวหนังอักเสบ,25-29,ชาย,1047
ศรีสะเกษ,โรคผิวหนังอักเสบ,25-29,หญิง,1283
ศรีสะเกษ,โรคผิวหนังอักเสบ,30-34,ชาย,1244
ศรีสะเกษ,โรคผิวหนังอักเสบ,30-34,หญิง,1385
ศรีสะเกษ,โรคผิวหนังอักเสบ,35-39,ชาย,1200
ศรีสะเกษ,โรคผิวหนังอักเสบ,35-39,หญิง,1527
ศรีสะเกษ,โรคผิวหนังอักเสบ,40-44,ชาย,1634
ศรีสะเกษ,โรคผิวหนังอักเสบ,40-44,หญิง,1977
ศรีสะเกษ,โรคผิวหนังอักเสบ,45-49,ชาย,2167
ศรีสะเกษ,โรคผิวหนังอักเสบ,45-49,หญิง,2874
ศรีสะเกษ,โรคผิวหนังอักเสบ,5-9,ชาย,3447
ศรีสะเกษ,โรคผิวหนังอักเสบ,5-9,หญิง,2490
ศรีสะเกษ,โรคผิวหนังอักเสบ,50-54,ชาย,2592
ศรีสะเกษ,โรคผิวหนังอักเสบ,50-54,หญิง,3331
ศรีสะเกษ,โรคผิวหนังอักเสบ,55-59,ชาย,2923
ศรีสะเกษ,โรคผิวหนังอักเสบ,55-59,หญิง,3222
ศรีสะเกษ,โรคผิวหนังอักเสบ,60-64,ชาย,2774
ศรีสะเกษ,โรคผิวหนังอักเสบ,60-64,หญิง,2860
ศรีสะเกษ,โรคผิวหนังอักเสบ,65-69,ชาย,2414
ศรีสะเกษ,โรคผิวหนังอักเสบ,65-69,หญิง,2137
ศรีสะเกษ,โรคผิวหนังอักเสบ,70-74,ชาย,2073
ศรีสะเกษ,โรคผิวหนังอักเสบ,70-74,หญิง,1626
ศรีสะเกษ,โรคผิวหนังอักเสบ,75-79,ชาย,1368
ศรีสะเกษ,โรคผิวหนังอักเสบ,75-79,หญิง,1057
ศรีสะเกษ,โรคผิวหนังอักเสบ,80+,ชาย,1230
ศรีสะเกษ,โรคผิวหนังอักเสบ,80+,หญิง,1346
ศรีสะเกษ,โรคผิวหนังอักเสบ,ไม่ทราบ,หญิง,5
ศรีสะเกษ,โรคผิวหนังอักเสบ,ไม่ทราบ,ไม่ระบุ,396
ศรีสะเกษ,โรคลมพิษ,0-4,ชาย,2707
ศรีสะเกษ,โรคลมพิษ,0-4,หญิง,2417
ศรีสะเกษ,โรคลมพิษ,10-14,ชาย,1958
ศรีสะเกษ,โรคลมพิษ,10-14,หญิง,2048
ศรีสะเกษ,โรคลมพิษ,15-19,ชาย,1104
ศรีสะเกษ,โรคลมพิษ,15-19,หญิง,1966
ศรีสะเกษ,โรคลมพิษ,20-24,ชาย,666
ศรีสะเกษ,โรคลมพิษ,20-24,หญิง,1253
ศรีสะเกษ,โรคลมพิษ,25-29,ชาย,712
ศรีสะเกษ,โรคลมพิษ,25-29,หญิง,1450
ศรีสะเกษ,โรคลมพิษ,30-34,ชาย,677
ศรีสะเกษ,โรคลมพิษ,30-34,หญิง,1478
ศรีสะเกษ,โรคลมพิษ,35-39,ชาย,754
ศรีสะเกษ,โรคลมพิษ,35-39,หญิง,1700
ศรีสะเกษ,โรคลมพิษ,40-44,ชาย,896
ศรีสะเกษ,โรคลมพิษ,40-44,หญิง,2261
ศรีสะเกษ,โรคลมพิษ,45-49,ชาย,1088
ศรีสะเกษ,โรคลมพิษ,45-49,หญิง,2959
ศรีสะเกษ,โรคลมพิษ,5-9,ชาย,2462
ศรีสะเกษ,โรคลมพิษ,5-9,หญิง,1984
ศรีสะเกษ,โรคลมพิษ,50-54,ชาย,1332
ศรีสะเกษ,โรคลมพิษ,50-54,หญิง,3062
ศรีสะเกษ,โรคลมพิษ,55-59,ชาย,1430
ศรีสะเกษ,โรคลมพิษ,55-59,หญิง,2702
ศรีสะเกษ,โรคลมพิษ,60-64,ชาย,1273
ศรีสะเกษ,โรคลมพิษ,60-64,หญิง,2232
ศรีสะเกษ,โรคลมพิษ,65-69,ชาย,1191
ศรีสะเกษ,โรคลมพิษ,65-69,หญิง,1602
ศรีสะเกษ,โรคลมพิษ,70-74,ชาย,863
ศรีสะเกษ,โรคลมพิษ,70-74,หญิง,1321
ศรีสะเกษ,โรคลมพิษ,75-79,ชาย,576
ศรีสะเกษ,โรคลมพิษ,75-79,หญิง,706
ศรีสะเกษ,โรคลมพิษ,80+,ชาย,572
ศรีสะเกษ,โรคลมพิษ,80+,หญิง,799
ศรีสะเกษ,โรคลมพิษ,ไม่ทราบ,ชาย,2
ศรีสะเกษ,โรคลมพิษ,ไม่ทราบ,หญิง,3
ศรีสะเกษ,โรคลมพิษ,ไม่ทราบ,ไม่ระบุ,223
ศรีสะเกษ,โรคหอบหืด,0-4,ชาย,4535
ศรีสะเกษ,โรคหอบหืด,0-4,หญิง,2414
ศรีสะเกษ,โรคหอบหืด,10-14,ชาย,2640
ศรีสะเกษ,โรคหอบหืด,10-14,หญิง,1487
ศรีสะเกษ,โรคหอบหืด,15-19,ชาย,643
ศรีสะเกษ,โรคหอบหืด,15-19,หญิง,619
ศรีสะเกษ,โรคหอบหืด,20-24,ชาย,444
ศรีสะเกษ,โรคหอบหืด,20-24,หญิง,438
ศรีสะเกษ,โรคหอบหืด,25-29,ชาย,409
ศรีสะเกษ,โรคหอบหืด,25-29,หญิง,629
ศรีสะเกษ,โรคหอบหืด,30-34,ชาย,421
ศรีสะเกษ,โรคหอบหืด,30-34,หญิง,968
ศรีสะเกษ,โรคหอบหืด,35-39,ชาย,719
ศรีสะเกษ,โรคหอบหืด,35-39,หญิง,1488
ศรีสะเกษ,โรคหอบหืด,40-44,ชาย,1033
ศรีสะเกษ,โรคหอบหืด,40-44,หญิง,2646
ศรีสะเกษ,โรคหอบหืด,45-49,ชาย,1512
ศรีสะเกษ,โรคหอบหืด,45-49,หญิง,3312
ศรีสะเกษ,โรคหอบหืด,5-9,ชาย,5736
ศรีสะเกษ,โรคหอบหืด,5-9,หญิง,3324
ศรีสะเกษ,โรคหอบหืด,50-54,ชาย,1722
ศรีสะเกษ,โรคหอบหืด,50-54,หญิง,4347
ศรีสะเกษ,โรคหอบหืด,55-59,ชาย,1843
ศรีสะเกษ,โรคหอบหืด,55-59,หญิง,5621
ศรีสะเกษ,โรคหอบหืด,60-64,ชาย,1993
ศรีสะเกษ,โรคหอบหืด,60-64,หญิง,5433
ศรีสะเกษ,โรคหอบหืด,65-69,ชาย,1426
ศรีสะเกษ,โรคหอบหืด,65-69,หญิง,4692
ศรีสะเกษ,โรคหอบหืด,70-74,ชาย,1037
ศรีสะเกษ,โรคหอบหืด,70-74,หญิง,3593
ศรีสะเกษ,โรคหอบหืด,75-79,ชาย,623
ศรีสะเกษ,โรคหอบหืด,75-79,หญิง,2458
ศรีสะเกษ,โรคหอบหืด,80+,ชาย,567
ศรีสะเกษ,โรคหอบหืด,80+,หญิง,2462
ศรีสะเกษ,โรคหอบหืด,ไม่ทราบ,ชาย,1
ศรีสะเกษ,โรคหอบหืด,ไม่ทราบ,หญิง,1
ศรีสะเกษ,โรคหอบหืด,ไม่ทราบ,ไม่ระบุ,1087
ศรีสะเกษ,โรคเยื่อจมูกอักเสบจากภูมิแพ้,0-4,ชาย,2233
ศรีสะเกษ,โรคเยื่อจมูกอักเสบจากภูมิแพ้,0-4,หญิง,2009
ศรีสะเกษ,โรคเยื่อจมูกอักเสบจากภูมิแพ้,10-14,ชาย,1189
ศรีสะเกษ,โรคเยื่อจมูกอักเสบจากภูมิแพ้,10-14,หญิง,1046
ศรีสะเกษ,โรคเยื่อจมูกอักเสบจากภูมิแพ้,15-19,ชาย,566
ศรีสะเกษ,โรคเยื่อจมูกอักเสบจากภูมิแพ้,15-19,หญิง,795
ศรีสะเกษ,โรคเยื่อจมูกอักเสบจากภูมิแพ้,20-24,ชาย,350
ศรีสะเกษ,โรคเยื่อจมูกอักเสบจากภูมิแพ้,20-24,หญิง,627
ศรีสะเกษ,โรคเยื่อจมูกอักเสบจากภูมิแพ้,25-29,ชาย,508
ศรีสะเกษ,โรคเยื่อจมูกอักเสบจากภูมิแพ้,25-29,หญิง,985
ศรีสะเกษ,โรคเยื่อจมูกอักเสบจากภูมิแพ้,30-34,ชาย,444
ศรีสะเกษ,โรคเยื่อจมูกอักเสบจากภูมิแพ้,30-34,หญิง,1019
ศรีสะเกษ,โรคเยื่อจมูกอักเสบจากภูมิแพ้,35-39,ชาย,376
ศรีสะเกษ,โรคเยื่อจมูกอักเสบจากภูมิแพ้,35-39,หญิง,999
ศรีสะเกษ,โรคเยื่อจมูกอักเสบจากภูมิแพ้,40-44,ชาย,436
ศรีสะเกษ,โรคเยื่อจมูกอักเสบจากภูมิแพ้,40-44,หญิง,1333
ศรีสะเกษ,โรคเยื่อจมูกอักเสบจากภูมิแพ้,45-49,ชาย,490
ศรีสะเกษ,โรคเยื่อจมูกอักเสบจากภูมิแพ้,45-49,หญิง,1709
ศรีสะเกษ,โรคเยื่อจมูกอักเสบจากภูมิแพ้,5-9,ชาย,2102
ศรีสะเกษ,โรคเยื่อจมูกอักเสบจากภูมิแพ้,5-9,หญิง,1860
ศรีสะเกษ,โรคเยื่อจมูกอักเสบจากภูมิแพ้,50-54,ชาย,592
ศรีสะเกษ,โรคเยื่อจมูกอักเสบจากภูมิแพ้,50-54,หญิง,1545
ศรีสะเกษ,โรคเยื่อจมูกอักเสบจากภูมิแพ้,55-59,ชาย,592
ศรีสะเกษ,โรคเยื่อจมูกอักเสบจากภูมิแพ้,55-59,หญิง,1346
ศรีสะเกษ,โรคเยื่อจมูกอักเสบจากภูมิแพ้,60-64,ชาย,661
ศรีสะเกษ,โรคเยื่อจมูกอักเสบจากภูมิแพ้,60-64,หญิง,934
ศรีสะเกษ,โรคเยื่อจมูกอักเสบจากภูมิแพ้,65-69,ชาย,580
ศรีสะเกษ,โรคเยื่อจมูกอักเสบจากภูมิแพ้,65-69,หญิง,719
ศรีสะเกษ,โรคเยื่อจมูกอักเสบจากภูมิแพ้,70-74,ชาย,472
ศรีสะเกษ,โรคเยื่อจมูกอักเสบจากภูมิแพ้,70-74,หญิง,481
ศรีสะเกษ,โรคเยื่อจมูกอักเสบจากภูมิแพ้,75-79,ชาย,311
ศรีสะเกษ,โรคเยื่อจมูกอักเสบจากภูมิแพ้,75-79,หญิง,268
ศรีสะเกษ,โรคเยื่อจมูกอักเสบจากภูมิแพ้,80+,ชาย,201
ศรีสะเกษ,โรคเยื่อจมูกอักเสบจากภูมิแพ้,80+,หญิง,229
ศรีสะเกษ,โรคเยื่อจมูกอักเสบจากภูมิแพ้,ไม่ทราบ,ชาย,1
ศรีสะเกษ,โรคเยื่อจมูกอักเสบจากภูมิแพ้,ไม่ทราบ,ไม่ระบุ,536
ศรีสะเกษ,โรคเยื่อบุตาอักเสบ,0-4,ชาย,2958
ศรีสะเกษ,โรคเยื่อบุตาอักเสบ,0-4,หญิง,2452
ศรีสะเกษ,โรคเยื่อบุตาอักเสบ,10-14,ชาย,3169
ศรีสะเกษ,โรคเยื่อบุตาอักเสบ,10-14,หญิง,3100
ศรีสะเกษ,โรคเยื่อบุตาอักเสบ,15-19,ชาย,2686
ศรีสะเกษ,โรคเยื่อบุตาอักเสบ,15-19,หญิง,3913
ศรีสะเกษ,โรคเยื่อบุตาอักเสบ,20-24,ชาย,1888
ศรีสะเกษ,โรคเยื่อบุตาอักเสบ,20-24,หญิง,1901
ศรีสะเกษ,โรคเยื่อบุตาอักเสบ,25-29,ชาย,2388
ศรีสะเกษ,โรคเยื่อบุตาอักเสบ,25-29,หญิง,2364
ศรีสะเกษ,โรคเยื่อบุตาอักเสบ,30-34,ชาย,2644
ศรีสะเกษ,โรคเยื่อบุตาอักเสบ,30-34,หญิง,2534
ศรีสะเกษ,โรคเยื่อบุตาอักเสบ,35-39,ชาย,3016
ศรีสะเกษ,โรคเยื่อบุตาอักเสบ,35-39,หญิง,3130
ศรีสะเกษ,โรคเยื่อบุตาอักเสบ,40-44,ชาย,3934
ศรีสะเกษ,โรคเยื่อบุตาอักเสบ,40-44,หญิง,4147
ศรีสะเกษ,โรคเยื่อบุตาอักเสบ,45-49,ชาย,4532
ศรีสะเกษ,โรคเยื่อบุตาอักเสบ,45-49,หญิง,5609
ศรีสะเกษ,โรคเยื่อบุตาอักเสบ,5-9,ชาย,3237
ศรีสะเกษ,โรคเยื่อบุตาอักเสบ,5-9,หญิง,2396
ศรีสะเกษ,โรคเยื่อบุตาอักเสบ,50-54,ชาย,5236
ศรีสะเกษ,โรคเยื่อบุตาอักเสบ,50-54,หญิง,7389
ศรีสะเกษ,โรคเยื่อบุตาอักเสบ,55-59,ชาย,5244
ศรีสะเกษ,โรคเยื่อบุตาอักเสบ,55-59,หญิง,7635
ศรีสะเกษ,โรคเยื่อบุตาอักเสบ,60-64,ชาย,4889
ศรีสะเกษ,โรคเยื่อบุตาอักเสบ,60-64,หญิง,6654
ศรีสะเกษ,โรคเยื่อบุตาอักเสบ,65-69,ชาย,3970
ศรีสะเกษ,โรคเยื่อบุตาอักเสบ,65-69,หญิง,5109
ศรีสะเกษ,โรคเยื่อบุตาอักเสบ,70-74,ชาย,3126
ศรีสะเกษ,โรคเยื่อบุตาอักเสบ,70-74,หญิง,3836
ศรีสะเกษ,โรคเยื่อบุตาอักเสบ,75-79,ชาย,2021
ศรีสะเกษ,โรคเยื่อบุตาอักเสบ,75-79,หญิง,2576
ศรีสะเกษ,โรคเยื่อบุตาอักเสบ,80+,ชาย,1913
ศรีสะเกษ,โรคเยื่อบุตาอักเสบ,80+,หญิง,3028
ศรีสะเกษ,โรคเยื่อบุตาอักเสบ,ไม่ทราบ,ชาย,5
ศรีสะเกษ,โรคเยื่อบุตาอักเสบ,ไม่ทราบ,หญิง,8
ศรีสะเกษ,โรคเยื่อบุตาอักเสบ,ไม่ทราบ,ไม่ระบุ,294
สกลนคร,โรคติดเชื้อทางเดินหายใจส่วนบนเฉียบพลัน,0-4,ชาย,102453
สกลนคร,โรคติดเชื้อทางเดินหายใจส่วนบนเฉียบพลัน,0-4,หญิง,92007
สกลนคร,โรคติดเชื้อทางเดินหายใจส่วนบนเฉียบพลัน,10-14,ชาย,39644
สกลนคร,โรคติดเชื้อทางเดินหายใจส่วนบนเฉียบพลัน,10-14,หญิง,35517
สกลนคร,โรคติดเชื้อทางเดินหายใจส่วนบนเฉียบพลัน,15-19,ชาย,16456
สกลนคร,โรคติดเชื้อทางเดินหายใจส่วนบนเฉียบพลัน,15-19,หญิง,22458
สกลนคร,โรคติดเชื้อทางเดินหายใจส่วนบนเฉียบพลัน,20-24,ชาย,11655
สกลนคร,โรคติดเชื้อทางเดินหายใจส่วนบนเฉียบพลัน,20-24,หญิง,16996
สกลนคร,โรคติดเชื้อทางเดินหายใจส่วนบนเฉียบพลัน,25-29,ชาย,12033
สกลนคร,โรคติดเชื้อทางเดินหายใจส่วนบนเฉียบพลัน,25-29,หญิง,19331
สกลนคร,โรคติดเชื้อทางเดินหายใจส่วนบนเฉียบพลัน,30-34,ชาย,10849
สกลนคร,โรคติดเชื้อทางเดินหายใจส่วนบนเฉียบพลัน,30-34,หญิง,19247
สกลนคร,โรคติดเชื้อทางเดินหายใจส่วนบนเฉียบพลัน,35-39,ชาย,10496
สกลนคร,โรคติดเชื้อทางเดินหายใจส่วนบนเฉียบพลัน,35-39,หญิง,19350
สกลนคร,โรคติดเชื้อทางเดินหายใจส่วนบนเฉียบพลัน,35-39,ไม่ระบุ,1
สกลนคร,โรคติดเชื้อทางเดินหายใจส่วนบนเฉียบพลัน,40-44,ชาย,11738
สกลนคร,โรคติดเชื้อทางเดินหายใจส่วนบนเฉียบพลัน,40-44,หญิง,22655
สกลนคร,โรคติดเชื้อทางเดินหายใจส่วนบนเฉียบพลัน,40-44,ไม่ระบุ,2
สกลนคร,โรคติดเชื้อทางเดินหายใจส่วนบนเฉียบพลัน,45-49,ชาย,11416
สกลนคร,โรคติดเชื้อทางเดินหายใจส่วนบนเฉียบพลัน,45-49,หญิง,25711
สกลนคร,โรคติดเชื้อทางเดินหายใจส่วนบนเฉียบพลัน,5-9,ชาย,79198
สกลนคร,โรคติดเชื้อทางเดินหายใจส่วนบนเฉียบพลัน,5-9,หญิง,73662
สกลนคร,โรคติดเชื้อทางเดินหายใจส่วนบนเฉียบพลัน,50-54,ชาย,12436
สกลนคร,โรคติดเชื้อทางเดินหายใจส่วนบนเฉียบพลัน,50-54,หญิง,30104
สกลนคร,โรคติดเชื้อทางเดินหายใจส่วนบนเฉียบพลัน,55-59,ชาย,12634
สกลนคร,โรคติดเชื้อทางเดินหายใจส่วนบนเฉียบพลัน,55-59,หญิง,28877
สกลนคร,โรคติดเชื้อทางเดินหายใจส่วนบนเฉียบพลัน,60-64,ชาย,11799
สกลนคร,โรคติดเชื้อทางเดินหายใจส่วนบนเฉียบพลัน,60-64,หญิง,22873
สกลนคร,โรคติดเชื้อทางเดินหายใจส่วนบนเฉียบพลัน,65-69,ชาย,10319
สกลนคร,โรคติดเชื้อทางเดินหายใจส่วนบนเฉียบพลัน,65-69,หญิง,17057
สกลนคร,โรคติดเชื้อทางเดินหายใจส่วนบนเฉียบพลัน,70-74,ชาย,8295
สกลนคร,โรคติดเชื้อทางเดินหายใจส่วนบนเฉียบพลัน,70-74,หญิง,11721
สกลนคร,โรคติดเชื้อทางเดินหายใจส่วนบนเฉียบพลัน,75-79,ชาย,5179
สกลนคร,โรคติดเชื้อทางเดินหายใจส่วนบนเฉียบพลัน,75-79,หญิง,6924
สกลนคร,โรคติดเชื้อทางเดินหายใจส่วนบนเฉียบพลัน,80+,ชาย,3901
สกลนคร,โรคติดเชื้อทางเดินหายใจส่วนบนเฉียบพลัน,80+,หญิง,5823
สกลนคร,โรคติดเชื้อทางเดินหายใจส่วนบนเฉียบพลัน,ไม่ทราบ,ชาย,55
สกลนคร,โรคติดเชื้อทางเดินหายใจส่วนบนเฉียบพลัน,ไม่ทราบ,หญิง,53
สกลนคร,โรคติดเชื้อทางเดินหายใจส่วนบนเฉียบพลัน,ไม่ทราบ,ไม่ระบุ,7064
สกลนคร,โรคปอดอุดกั้นเรื้อรัง,0-4,ชาย,557
สกลนคร,โรคปอดอุดกั้นเรื้อรัง,0-4,หญิง,294
สกลนคร,โรคปอดอุดกั้นเรื้อรัง,10-14,ชาย,24
สกลนคร,โรคปอดอุดกั้นเรื้อรัง,10-14,หญิง,9
สกลนคร,โรคปอดอุดกั้นเรื้อรัง,15-19,ชาย,15
สกลนคร,โรคปอดอุดกั้นเรื้อรัง,15-19,หญิง,7
สกลนคร,โรคปอดอุดกั้นเรื้อรัง,20-24,ชาย,8
สกลนคร,โรคปอดอุดกั้นเรื้อรัง,20-24,หญิง,11
สกลนคร,โรคปอดอุดกั้นเรื้อรัง,25-29,ชาย,31
สกลนคร,โรคปอดอุดกั้นเรื้อรัง,25-29,หญิง,7
สกลนคร,โรคปอดอุดกั้นเรื้อรัง,30-34,ชาย,58
สกลนคร,โรคปอดอุดกั้นเรื้อรัง,30-34,หญิง,19
สกลนคร,โรคปอดอุดกั้นเรื้อรัง,35-39,ชาย,143
สกลนคร,โรคปอดอุดกั้นเรื้อรัง,35-39,หญิง,8
สกลนคร,โรคปอดอุดกั้นเรื้อรัง,40-44,ชาย,388
สกลนคร,โรคปอดอุดกั้นเรื้อรัง,40-44,หญิง,82
สกลนคร,โรคปอดอุดกั้นเรื้อรัง,45-49,ชาย,886
สกลนคร,โรคปอดอุดกั้นเรื้อรัง,45-49,หญิง,177
สกลนคร,โรคปอดอุดกั้นเรื้อรัง,5-9,ชาย,120
สกลนคร,โรคปอดอุดกั้นเรื้อรัง,5-9,หญิง,63
สกลนคร,โรคปอดอุดกั้นเรื้อรัง,50-54,ชาย,2067
สกลนคร,โรคปอดอุดกั้นเรื้อรัง,50-54,หญิง,351
สกลนคร,โรคปอดอุดกั้นเรื้อรัง,55-59,ชาย,3406
สกลนคร,โรคปอดอุดกั้นเรื้อรัง,55-59,หญิง,509
สกลนคร,โรคปอดอุดกั้นเรื้อรัง,60-64,ชาย,5293
สกลนคร,โรคปอดอุดกั้นเรื้อรัง,60-64,หญิง,671
สกลนคร,โรคปอดอุดกั้นเรื้อรัง,65-69,ชาย,6537
สกลนคร,โรคปอดอุดกั้นเรื้อรัง,65-69,หญิง,1029
สกลนคร,โรคปอดอุดกั้นเรื้อรัง,70-74,ชาย,7900
สกลนคร,โรคปอดอุดกั้นเรื้อรัง,70-74,หญิง,1092
สกลนคร,โรคปอดอุดกั้นเรื้อรัง,75-79,ชาย,6819
สกลนคร,โรคปอดอุดกั้นเรื้อรัง,75-79,หญิง,851
สกลนคร,โรคปอดอุดกั้นเรื้อรัง,80+,ชาย,7863
สกลนคร,โรคปอดอุดกั้นเรื้อรัง,80+,หญิง,1462
สกลนคร,โรคปอดอุดกั้นเรื้อรัง,ไม่ทราบ,ไม่ระบุ,358
สกลนคร,โรคผิวหนังอักเสบ,0-4,ชาย,1385
สกลนคร,โรคผิวหนังอักเสบ,0-4,หญิง,1220
สกลนคร,โรคผิวหนังอักเสบ,10-14,ชาย,778
สกลนคร,โรคผิวหนังอักเสบ,10-14,หญิง,732
สกลนคร,โรคผิวหนังอักเสบ,15-19,ชาย,541
สกลนคร,โรคผิวหนังอักเสบ,15-19,หญิง,985
สกลนคร,โรคผิวหนังอักเสบ,20-24,ชาย,515
สกลนคร,โรคผิวหนังอักเสบ,20-24,หญิง,811
สกลนคร,โรคผิวหนังอักเสบ,25-29,ชาย,410
สกลนคร,โรคผิวหนังอักเสบ,25-29,หญิง,921
สกลนคร,โรคผิวหนังอักเสบ,30-34,ชาย,464
สกลนคร,โรคผิวหนังอักเสบ,30-34,หญิง,968
สกลนคร,โรคผิวหนังอักเสบ,35-39,ชาย,543
สกลนคร,โรคผิวหนังอักเสบ,35-39,หญิง,1023
สกลนคร,โรคผิวหนังอักเสบ,40-44,ชาย,633
สกลนคร,โรคผิวหนังอักเสบ,40-44,หญิง,1198
สกลนคร,โรคผิวหนังอักเสบ,45-49,ชาย,731
สกลนคร,โรคผิวหนังอักเสบ,45-49,หญิง,1630
สกลนคร,โรคผิวหนังอักเสบ,5-9,ชาย,1172
สกลนคร,โรคผิวหนังอักเสบ,5-9,หญิง,932
สกลนคร,โรคผิวหนังอักเสบ,50-54,ชาย,1005
สกลนคร,โรคผิวหนังอักเสบ,50-54,หญิง,1785
สกลนคร,โรคผิวหนังอักเสบ,55-59,ชาย,1189
สกลนคร,โรคผิวหนังอักเสบ,55-59,หญิง,1583
สกลนคร,โรคผิวหนังอักเสบ,60-64,ชาย,1285
สกลนคร,โรคผิวหนังอักเสบ,60-64,หญิง,1481
สกลนคร,โรคผิวหนังอักเสบ,65-69,ชาย,1230
สกลนคร,โรคผิวหนังอักเสบ,65-69,หญิง,1184
สกลนคร,โรคผิวหนังอักเสบ,70-74,ชาย,1009
สกลนคร,โรคผิวหนังอักเสบ,70-74,หญิง,919
สกลนคร,โรคผิวหนังอักเสบ,75-79,ชาย,705
สกลนคร,โรคผิวหนังอักเสบ,75-79,หญิง,570
สกลนคร,โรคผิวหนังอักเสบ,80+,ชาย,455
สกลนคร,โรคผิวหนังอักเสบ,80+,หญิง,556
สกลนคร,โรคผิวหนังอักเสบ,ไม่ทราบ,ชาย,6
สกลนคร,โรคผิวหนังอักเสบ,ไม่ทราบ,หญิง,3
สกลนคร,โรคผิวหนังอักเสบ,ไม่ทราบ,ไม่ระบุ,624
สกลนคร,โรคลมพิษ,0-4,ชาย,1912
สกลนคร,โรคลมพิษ,0-4,หญิง,1659
สกลนคร,โรคลมพิษ,10-14,ชาย,1371
สกลนคร,โรคลมพิษ,10-14,หญิง,1295
สกลนคร,โรคลมพิษ,15-19,ชาย,869
สกลนคร,โรคลมพิษ,15-19,หญิง,1599
สกลนคร,โรคลมพิษ,20-24,ชาย,564
สกลนคร,โรคลมพิษ,20-24,หญิง,1054
สกลนคร,โรคลมพิษ,25-29,ชาย,538
สกลนคร,โรคลมพิษ,25-29,หญิง,1279
สกลนคร,โรคลมพิษ,30-34,ชาย,495
สกลนคร,โรคลมพิษ,30-34,หญิง,1308
สกลนคร,โรคลมพิษ,35-39,ชาย,497
สกลนคร,โรคลมพิษ,35-39,หญิง,1258
สกลนคร,โรคลมพิษ,40-44,ชาย,545
สกลนคร,โรคลมพิษ,40-44,หญิง,1525
สกลนคร,โรคลมพิษ,45-49,ชาย,635
สกลนคร,โรคลมพิษ,45-49,หญิง,1664
สกลนคร,โรคลมพิษ,5-9,ชาย,1754
สกลนคร,โรคลมพิษ,5-9,หญิง,1333
สกลนคร,โรคลมพิษ,50-54,ชาย,711
สกลนคร,โรคลมพิษ,50-54,หญิง,1633
สกลนคร,โรคลมพิษ,55-59,ชาย,681
สกลนคร,โรคลมพิษ,55-59,หญิง,1485
สกลนคร,โรคลมพิษ,60-64,ชาย,590
สกลนคร,โรคลมพิษ,60-64,หญิง,1087
สกลนคร,โรคลมพิษ,65-69,ชาย,544
สกลนคร,โรคลมพิษ,65-69,หญิง,835
สกลนคร,โรคลมพิษ,70-74,ชาย,416
สกลนคร,โรคลมพิษ,70-74,หญิง,497
สกลนคร,โรคลมพิษ,75-79,ชาย,301
สกลนคร,โรคลมพิษ,75-79,หญิง,338
สกลนคร,โรคลมพิษ,80+,ชาย,232
สกลนคร,โรคลมพิษ,80+,หญิง,270
สกลนคร,โรคลมพิษ,ไม่ทราบ,ชาย,2
สกลนคร,โรคลมพิษ,ไม่ทราบ,ไม่ระบุ,443
สกลนคร,โรคหอบหืด,0-4,ชาย,5267
สกลนคร,โรคหอบหืด,0-4,หญิง,3223
สกลนคร,โรคหอบหืด,10-14,ชาย,4796
สกลนคร,โรคหอบหืด,10-14,หญิง,2491
สกลนคร,โรคหอบหืด,15-19,ชาย,1272
สกลนคร,โรคหอบหืด,15-19,หญิง,1060
สกลนคร,โรคหอบหืด,20-24,ชาย,855
สกลนคร,โรคหอบหืด,20-24,หญิง,837
สกลนคร,โรคหอบหืด,25-29,ชาย,522
สกลนคร,โรคหอบหืด,25-29,หญิง,946
สกลนคร,โรคหอบหืด,30-34,ชาย,670
สกลนคร,โรคหอบหืด,30-34,หญิง,1353
สกลนคร,โรคหอบหืด,35-39,ชาย,829
สกลนคร,โรคหอบหืด,35-39,หญิง,2273
สกลนคร,โรคหอบหืด,40-44,ชาย,1472
สกลนคร,โรคหอบหืด,40-44,หญิง,3163
สกลนคร,โรคหอบหืด,45-49,ชาย,1787
สกลนคร,โรคหอบหืด,45-49,หญิง,4321
สกลนคร,โรคหอบหืด,5-9,ชาย,10627
สกลนคร,โรคหอบหืด,5-9,หญิง,5732
สกลนคร,โรคหอบหืด,50-54,ชาย,2631
สกลนคร,โรคหอบหืด,50-54,หญิง,6192
สกลนคร,โรคหอบหืด,55-59,ชาย,3058
สกลนคร,โรคหอบหืด,55-59,หญิง,7943
สกลนคร,โรคหอบหืด,60-64,ชาย,2970
สกลนคร,โรคหอบหืด,60-64,หญิง,7573
สกลนคร,โรคหอบหืด,65-69,ชาย,2845
สกลนคร,โรคหอบหืด,65-69,หญิง,7622
สกลนคร,โรคหอบหืด,70-74,ชาย,2389
สกลนคร,โรคหอบหืด,70-74,หญิง,6620
สกลนคร,โรคหอบหืด,75-79,ชาย,1868
สกลนคร,โรคหอบหืด,75-79,หญิง,4084
สกลนคร,โรคหอบหืด,80+,ชาย,1629
สกลนคร,โรคหอบหืด,80+,หญิง,3853
สกลนคร,โรคหอบหืด,ไม่ทราบ,ชาย,13
สกลนคร,โรคหอบหืด,ไม่ทราบ,หญิง,12
สกลนคร,โรคหอบหืด,ไม่ทราบ,ไม่ระบุ,925
สกลนคร,โรคเยื่อจมูกอักเสบจากภูมิแพ้,0-4,ชาย,997
สกลนคร,โรคเยื่อจมูกอักเสบจากภูมิแพ้,0-4,หญิง,749
สกลนคร,โรคเยื่อจมูกอักเสบจากภูมิแพ้,10-14,ชาย,1391
สกลนคร,โรคเยื่อจมูกอักเสบจากภูมิแพ้,10-14,หญิง,812
สกลนคร,โรคเยื่อจมูกอักเสบจากภูมิแพ้,15-19,ชาย,393
สกลนคร,โรคเยื่อจมูกอักเสบจากภูมิแพ้,15-19,หญิง,513
สกลนคร,โรคเยื่อจมูกอักเสบจากภูมิแพ้,20-24,ชาย,286
สกลนคร,โรคเยื่อจมูกอักเสบจากภูมิแพ้,20-24,หญิง,471
สกลนคร,โรคเยื่อจมูกอักเสบจากภูมิแพ้,25-29,ชาย,417
สกลนคร,โรคเยื่อจมูกอักเสบจากภูมิแพ้,25-29,หญิง,814
สกลนคร,โรคเยื่อจมูกอักเสบจากภูมิแพ้,30-34,ชาย,302
สกลนคร,โรคเยื่อจมูกอักเสบจากภูมิแพ้,30-34,หญิง,778
สกลนคร,โรคเยื่อจมูกอักเสบจากภูมิแพ้,35-39,ชาย,316
สกลนคร,โรคเยื่อจมูกอักเสบจากภูมิแพ้,35-39,หญิง,763
สกลนคร,โรคเยื่อจมูกอักเสบจากภูมิแพ้,40-44,ชาย,313
สกลนคร,โรคเยื่อจมูกอักเสบจากภูมิแพ้,40-44,หญิง,850
สกลนคร,โรคเยื่อจมูกอักเสบจากภูมิแพ้,45-49,ชาย,319
สกลนคร,โรคเยื่อจมูกอักเสบจากภูมิแพ้,45-49,หญิง,871
สกลนคร,โรคเยื่อจมูกอักเสบจากภูมิแพ้,5-9,ชาย,2232
สกลนคร,โรคเยื่อจมูกอักเสบจากภูมิแพ้,5-9,หญิง,1529
สกลนคร,โรคเยื่อจมูกอักเสบจากภูมิแพ้,50-54,ชาย,312
สกลนคร,โรคเยื่อจมูกอักเสบจากภูมิแพ้,50-54,หญิง,770
สกลนคร,โรคเยื่อจมูกอักเสบจากภูมิแพ้,55-59,ชาย,342
สกลนคร,โรคเยื่อจมูกอักเสบจากภูมิแพ้,55-59,หญิง,703
สกลนคร,โรคเยื่อจมูกอักเสบจากภูมิแพ้,60-64,ชาย,432
สกลนคร,โรคเยื่อจมูกอักเสบจากภูมิแพ้,60-64,หญิง,548
สกลนคร,โรคเยื่อจมูกอักเสบจากภูมิแพ้,65-69,ชาย,347
สกลนคร,โรคเยื่อจมูกอักเสบจากภูมิแพ้,65-69,หญิง,414
สกลนคร,โรคเยื่อจมูกอักเสบจากภูมิแพ้,70-74,ชาย,221
สกลนคร,โรคเยื่อจมูกอักเสบจากภูมิแพ้,70-74,หญิง,219
สกลนคร,โรคเยื่อจมูกอักเสบจากภูมิแพ้,75-79,ชาย,89
สกลนคร,โรคเยื่อจมูกอักเสบจากภูมิแพ้,75-79,หญิง,165
สกลนคร,โรคเยื่อจมูกอักเสบจากภูมิแพ้,80+,ชาย,48
สกลนคร,โรคเยื่อจมูกอักเสบจากภูมิแพ้,80+,หญิง,64
สกลนคร,โรคเยื่อจมูกอักเสบจากภูมิแพ้,ไม่ทราบ,หญิง,16
สกลนคร,โรคเยื่อจมูกอักเสบจากภูมิแพ้,ไม่ทราบ,ไม่ระบุ,569
สกลนคร,โรคเยื่อบุตาอักเสบ,0-4,ชาย,1785
สกลนคร,โรคเยื่อบุตาอักเสบ,0-4,หญิง,1399
สกลนคร,โรคเยื่อบุตาอักเสบ,10-14,ชาย,1623
สกลนคร,โรคเยื่อบุตาอักเสบ,10-14,หญิง,1354
สกลนคร,โรคเยื่อบุตาอักเสบ,15-19,ชาย,1294
สกลนคร,โรคเยื่อบุตาอักเสบ,15-19,หญิง,1830
สกลนคร,โรคเยื่อบุตาอักเสบ,20-24,ชาย,962
สกลนคร,โรคเยื่อบุตาอักเสบ,20-24,หญิง,1148
สกลนคร,โรคเยื่อบุตาอักเสบ,25-29,ชาย,1102
สกลนคร,โรคเยื่อบุตาอักเสบ,25-29,หญิง,1240
สกลนคร,โรคเยื่อบุตาอักเสบ,30-34,ชาย,1197
สกลนคร,โรคเยื่อบุตาอักเสบ,30-34,หญิง,1418
สกลนคร,โรคเยื่อบุตาอักเสบ,35-39,ชาย,1254
สกลนคร,โรคเยื่อบุตาอักเสบ,35-39,หญิง,1640
สกลนคร,โรคเยื่อบุตาอักเสบ,40-44,ชาย,1856
สกลนคร,โรคเยื่อบุตาอักเสบ,40-44,หญิง,2126
สกลนคร,โรคเยื่อบุตาอักเสบ,45-49,ชาย,1944
สกลนคร,โรคเยื่อบุตาอักเสบ,45-49,หญิง,2887
สกลนคร,โรคเยื่อบุตาอักเสบ,5-9,ชาย,1969
สกลนคร,โรคเยื่อบุตาอักเสบ,5-9,หญิง,1361
สกลนคร,โรคเยื่อบุตาอักเสบ,50-54,ชาย,2335
สกลนคร,โรคเยื่อบุตาอักเสบ,50-54,หญิง,3744
สกลนคร,โรคเยื่อบุตาอักเสบ,55-59,ชาย,2287
สกลนคร,โรคเยื่อบุตาอักเสบ,55-59,หญิง,4055
สกลนคร,โรคเยื่อบุตาอักเสบ,60-64,ชาย,1998
สกลนคร,โรคเยื่อบุตาอักเสบ,60-64,หญิง,3494
สกลนคร,โรคเยื่อบุตาอักเสบ,65-69,ชาย,1707
สกลนคร,โรคเยื่อบุตาอักเสบ,65-69,หญิง,2840
สกลนคร,โรคเยื่อบุตาอักเสบ,70-74,ชาย,1416
สกลนคร,โรคเยื่อบุตาอักเสบ,70-74,หญิง,2002
สกลนคร,โรคเยื่อบุตาอักเสบ,75-79,ชาย,991
สกลนคร,โรคเยื่อบุตาอักเสบ,75-79,หญิง,1237
สกลนคร,โรคเยื่อบุตาอักเสบ,80+,ชาย,740
สกลนคร,โรคเยื่อบุตาอักเสบ,80+,หญิง,1145
สกลนคร,โรคเยื่อบุตาอักเสบ,ไม่ทราบ,ชาย,5
สกลนคร,โรคเยื่อบุตาอักเสบ,ไม่ทราบ,หญิง,3
สกลนคร,โรคเยื่อบุตาอักเสบ,ไม่ทราบ,ไม่ระบุ,609
สงขลา,โรคติดเชื้อทางเดินหายใจส่วนบนเฉียบพลัน,0-4,ชาย,83410
สงขลา,โรคติดเชื้อทางเดินหายใจส่วนบนเฉียบพลัน,0-4,หญิง,75357
สงขลา,โรคติดเชื้อทางเดินหายใจส่วนบนเฉียบพลัน,10-14,ชาย,37628
สงขลา,โรคติดเชื้อทางเดินหายใจส่วนบนเฉียบพลัน,10-14,หญิง,34230
สงขลา,โรคติดเชื้อทางเดินหายใจส่วนบนเฉียบพลัน,15-19,ชาย,19581
สงขลา,โรคติดเชื้อทางเดินหายใจส่วนบนเฉียบพลัน,15-19,หญิง,25386
สงขลา,โรคติดเชื้อทางเดินหายใจส่วนบนเฉียบพลัน,15-19,ไม่ระบุ,1
สงขลา,โรคติดเชื้อทางเดินหายใจส่วนบนเฉียบพลัน,20-24,ชาย,18831
สงขลา,โรคติดเชื้อทางเดินหายใจส่วนบนเฉียบพลัน,20-24,หญิง,29473
สงขลา,โรคติดเชื้อทางเดินหายใจส่วนบนเฉียบพลัน,25-29,ชาย,20761
สงขลา,โรคติดเชื้อทางเดินหายใจส่วนบนเฉียบพลัน,25-29,หญิง,32340
สงขลา,โรคติดเชื้อทางเดินหายใจส่วนบนเฉียบพลัน,30-34,ชาย,20452
สงขลา,โรคติดเชื้อทางเดินหายใจส่วนบนเฉียบพลัน,30-34,หญิง,32266
สงขลา,โรคติดเชื้อทางเดินหายใจส่วนบนเฉียบพลัน,35-39,ชาย,20494
สงขลา,โรคติดเชื้อทางเดินหายใจส่วนบนเฉียบพลัน,35-39,หญิง,31847
สงขลา,โรคติดเชื้อทางเดินหายใจส่วนบนเฉียบพลัน,40-44,ชาย,18513
สงขลา,โรคติดเชื้อทางเดินหายใจส่วนบนเฉียบพลัน,40-44,หญิง,31052
สงขลา,โรคติดเชื้อทางเดินหายใจส่วนบนเฉียบพลัน,45-49,ชาย,15197
สงขลา,โรคติดเชื้อทางเดินหายใจส่วนบนเฉียบพลัน,45-49,หญิง,31346
สงขลา,โรคติดเชื้อทางเดินหายใจส่วนบนเฉียบพลัน,5-9,ชาย,65706
สงขลา,โรคติดเชื้อทางเดินหายใจส่วนบนเฉียบพลัน,5-9,หญิง,63565
สงขลา,โรคติดเชื้อทางเดินหายใจส่วนบนเฉียบพลัน,50-54,ชาย,14053
สงขลา,โรคติดเชื้อทางเดินหายใจส่วนบนเฉียบพลัน,50-54,หญิง,30587
สงขลา,โรคติดเชื้อทางเดินหายใจส่วนบนเฉียบพลัน,50-54,ไม่ระบุ,1
สงขลา,โรคติดเชื้อทางเดินหายใจส่วนบนเฉียบพลัน,55-59,ชาย,12874
สงขลา,โรคติดเชื้อทางเดินหายใจส่วนบนเฉียบพลัน,55-59,หญิง,27256
สงขลา,โรคติดเชื้อทางเดินหายใจส่วนบนเฉียบพลัน,60-64,ชาย,12431
สงขลา,โรคติดเชื้อทางเดินหายใจส่วนบนเฉียบพลัน,60-64,หญิง,22836
สงขลา,โรคติดเชื้อทางเดินหายใจส่วนบนเฉียบพลัน,65-69,ชาย,9959
สงขลา,โรคติดเชื้อทางเดินหายใจส่วนบนเฉียบพลัน,65-69,หญิง,17384
สงขลา,โรคติดเชื้อทางเดินหายใจส่วนบนเฉียบพลัน,70-74,ชาย,8274
สงขลา,โรคติดเชื้อทางเดินหายใจส่วนบนเฉียบพลัน,70-74,หญิง,12743
สงขลา,โรคติดเชื้อทางเดินหายใจส่วนบนเฉียบพลัน,75-79,ชาย,5492
สงขลา,โรคติดเชื้อทางเดินหายใจส่วนบนเฉียบพลัน,75-79,หญิง,7581
สงขลา,โรคติดเชื้อทางเดินหายใจส่วนบนเฉียบพลัน,80+,ชาย,6198
สงขลา,โรคติดเชื้อทางเดินหายใจส่วนบนเฉียบพลัน,80+,หญิง,8558
สงขลา,โรคติดเชื้อทางเดินหายใจส่วนบนเฉียบพลัน,ไม่ทราบ,ชาย,27
สงขลา,โรคติดเชื้อทางเดินหายใจส่วนบนเฉียบพลัน,ไม่ทราบ,หญิง,56
สงขลา,โรคติดเชื้อทางเดินหายใจส่วนบนเฉียบพลัน,ไม่ทราบ,ไม่ระบุ,1750
สงขลา,โรคปอดอุดกั้นเรื้อรัง,0-4,ชาย,104
สงขลา,โรคปอดอุดกั้นเรื้อรัง,0-4,หญิง,65
สงขลา,โรคปอดอุดกั้นเรื้อรัง,10-14,ชาย,8
สงขลา,โรคปอดอุดกั้นเรื้อรัง,10-14,หญิง,13
สงขลา,โรคปอดอุดกั้นเรื้อรัง,15-19,ชาย,15
สงขลา,โรคปอดอุดกั้นเรื้อรัง,15-19,หญิง,4
สงขลา,โรคปอดอุดกั้นเรื้อรัง,20-24,ชาย,14
สงขลา,โรคปอดอุดกั้นเรื้อรัง,20-24,หญิง,6
สงขลา,โรคปอดอุดกั้นเรื้อรัง,25-29,ชาย,32
สงขลา,โรคปอดอุดกั้นเรื้อรัง,25-29,หญิง,13
สงขลา,โรคปอดอุดกั้นเรื้อรัง,30-34,ชาย,99
สงขลา,โรคปอดอุดกั้นเรื้อรัง,30-34,หญิง,14
สงขลา,โรคปอดอุดกั้นเรื้อรัง,35-39,ชาย,245
สงขลา,โรคปอดอุดกั้นเรื้อรัง,35-39,หญิง,32
สงขลา,โรคปอดอุดกั้นเรื้อรัง,40-44,ชาย,687
สงขลา,โรคปอดอุดกั้นเรื้อรัง,40-44,หญิง,73
สงขลา,โรคปอดอุดกั้นเรื้อรัง,45-49,ชาย,1586
สงขลา,โรคปอดอุดกั้นเรื้อรัง,45-49,หญิง,154
สงขลา,โรคปอดอุดกั้นเรื้อรัง,5-9,ชาย,21
สงขลา,โรคปอดอุดกั้นเรื้อรัง,5-9,หญิง,15
สงขลา,โรคปอดอุดกั้นเรื้อรัง,50-54,ชาย,2702
สงขลา,โรคปอดอุดกั้นเรื้อรัง,50-54,หญิง,354
สงขลา,โรคปอดอุดกั้นเรื้อรัง,55-59,ชาย,5458
สงขลา,โรคปอดอุดกั้นเรื้อรัง,55-59,หญิง,495
สงขลา,โรคปอดอุดกั้นเรื้อรัง,60-64,ชาย,7708
สงขลา,โรคปอดอุดกั้นเรื้อรัง,60-64,หญิง,832
สงขลา,โรคปอดอุดกั้นเรื้อรัง,65-69,ชาย,8612
สงขลา,โรคปอดอุดกั้นเรื้อรัง,65-69,หญิง,1397
สงขลา,โรคปอดอุดกั้นเรื้อรัง,70-74,ชาย,9535
สงขลา,โรคปอดอุดกั้นเรื้อรัง,70-74,หญิง,1909
สงขลา,โรคปอดอุดกั้นเรื้อรัง,75-79,ชาย,8188
สงขลา,โรคปอดอุดกั้นเรื้อรัง,75-79,หญิง,1855
สงขลา,โรคปอดอุดกั้นเรื้อรัง,80+,ชาย,11805
สงขลา,โรคปอดอุดกั้นเรื้อรัง,80+,หญิง,3834
สงขลา,โรคปอดอุดกั้นเรื้อรัง,ไม่ทราบ,ไม่ระบุ,499
สงขลา,โรคผิวหนังอักเสบ,0-4,ชาย,2292
สงขลา,โรคผิวหนังอักเสบ,0-4,หญิง,2036
สงขลา,โรคผิวหนังอักเสบ,10-14,ชาย,1797
สงขลา,โรคผิวหนังอักเสบ,10-14,หญิง,1397
สงขลา,โรคผิวหนังอักเสบ,15-19,ชาย,1156
สงขลา,โรคผิวหนังอักเสบ,15-19,หญิง,1559
สงขลา,โรคผิวหนังอักเสบ,15-19,ไม่ระบุ,1
สงขลา,โรคผิวหนังอักเสบ,20-24,ชาย,1010
สงขลา,โรคผิวหนังอักเสบ,20-24,หญิง,1593
สงขลา,โรคผิวหนังอักเสบ,25-29,ชาย,1113
สงขลา,โรคผิวหนังอักเสบ,25-29,หญิง,1803
สงขลา,โรคผิวหนังอักเสบ,30-34,ชาย,1148
สงขลา,โรคผิวหนังอักเสบ,30-34,หญิง,1924
สงขลา,โรคผิวหนังอักเสบ,35-39,ชาย,1082
สงขลา,โรคผิวหนังอักเสบ,35-39,หญิง,2107
สงขลา,โรคผิวหนังอักเสบ,40-44,ชาย,1272
สงขลา,โรคผิวหนังอักเสบ,40-44,หญิง,2537
สงขลา,โรคผิวหนังอักเสบ,45-49,ชาย,1248
สงขลา,โรคผิวหนังอักเสบ,45-49,หญิง,2997
สงขลา,โรคผิวหนังอักเสบ,5-9,ชาย,2358
สงขลา,โรคผิวหนังอักเสบ,5-9,หญิง,1984
สงขลา,โรคผิวหนังอักเสบ,50-54,ชาย,1501
สงขลา,โรคผิวหนังอักเสบ,50-54,หญิง,3108
สงขลา,โรคผิวหนังอักเสบ,55-59,ชาย,1593
สงขลา,โรคผิวหนังอักเสบ,55-59,หญิง,3002
สงขลา,โรคผิวหนังอักเสบ,60-64,ชาย,1805
สงขลา,โรคผิวหนังอักเสบ,60-64,หญิง,2661
สงขลา,โรคผิวหนังอักเสบ,65-69,ชาย,1576
สงขลา,โรคผิวหนังอักเสบ,65-69,หญิง,2118
สงขลา,โรคผิวหนังอักเสบ,70-74,ชาย,1347
สงขลา,โรคผิวหนังอักเสบ,70-74,หญิง,1683
สงขลา,โรคผิวหนังอักเสบ,75-79,ชาย,942
สงขลา,โรคผิวหนังอักเสบ,75-79,หญิง,1096
สงขลา,โรคผิวหนังอักเสบ,80+,ชาย,1024
สงขลา,โรคผิวหนังอักเสบ,80+,หญิง,1276
สงขลา,โรคผิวหนังอักเสบ,ไม่ทราบ,ชาย,3
สงขลา,โรคผิวหนังอักเสบ,ไม่ทราบ,หญิง,4
สงขลา,โรคผิวหนังอักเสบ,ไม่ทราบ,ไม่ระบุ,150
สงขลา,โรคลมพิษ,0-4,ชาย,1634
สงขลา,โรคลมพิษ,0-4,หญิง,1415
สงขลา,โรคลมพิษ,10-14,ชาย,1246
สงขลา,โรคลมพิษ,10-14,หญิง,1228
สงขลา,โรคลมพิษ,15-19,ชาย,870
สงขลา,โรคลมพิษ,15-19,หญิง,1524
สงขลา,โรคลมพิษ,20-24,ชาย,647
สงขลา,โรคลมพิษ,20-24,หญิง,1508
สงขลา,โรคลมพิษ,25-29,ชาย,563
สงขลา,โรคลมพิษ,25-29,หญิง,1455
สงขลา,โรคลมพิษ,30-34,ชาย,463
สงขลา,โรคลมพิษ,30-34,หญิง,1438
สงขลา,โรคลมพิษ,35-39,ชาย,429
สงขลา,โรคลมพิษ,35-39,หญิง,1480
สงขลา,โรคลมพิษ,40-44,ชาย,513
สงขลา,โรคลมพิษ,40-44,หญิง,1380
สงขลา,โรคลมพิษ,45-49,ชาย,446
สงขลา,โรคลมพิษ,45-49,หญิง,1364
สงขลา,โรคลมพิษ,5-9,ชาย,1604
สงขลา,โรคลมพิษ,5-9,หญิง,1365
สงขลา,โรคลมพิษ,50-54,ชาย,497
สงขลา,โรคลมพิษ,50-54,หญิง,1270
สงขลา,โรคลมพิษ,55-59,ชาย,420
สงขลา,โรคลมพิษ,55-59,หญิง,1002
สงขลา,โรคลมพิษ,60-64,ชาย,392
สงขลา,โรคลมพิษ,60-64,หญิง,741
สงขลา,โรคลมพิษ,65-69,ชาย,339
สงขลา,โรคลมพิษ,65-69,หญิง,564
สงขลา,โรคลมพิษ,70-74,ชาย,204
สงขลา,โรคลมพิษ,70-74,หญิง,335
สงขลา,โรคลมพิษ,75-79,ชาย,104
สงขลา,โรคลมพิษ,75-79,หญิง,194
สงขลา,โรคลมพิษ,80+,ชาย,99
สงขลา,โรคลมพิษ,80+,หญิง,191
สงขลา,โรคลมพิษ,ไม่ทราบ,หญิง,1
สงขลา,โรคลมพิษ,ไม่ทราบ,ไม่ระบุ,114
สงขลา,โรคหอบหืด,0-4,ชาย,12503
สงขลา,โรคหอบหืด,0-4,หญิง,7166
สงขลา,โรคหอบหืด,10-14,ชาย,5081
สงขลา,โรคหอบหืด,10-14,หญิง,3195
สงขลา,โรคหอบหืด,15-19,ชาย,1422
สงขลา,โรคหอบหืด,15-19,หญิง,1463
สงขลา,โรคหอบหืด,20-24,ชาย,1090
สงขลา,โรคหอบหืด,20-24,หญิง,1291
สงขลา,โรคหอบหืด,25-29,ชาย,966
สงขลา,โรคหอบหืด,25-29,หญิง,1893
สงขลา,โรคหอบหืด,30-34,ชาย,1227
สงขลา,โรคหอบหืด,30-34,หญิง,2211
สงขลา,โรคหอบหืด,35-39,ชาย,1644
สงขลา,โรคหอบหืด,35-39,หญิง,3330
สงขลา,โรคหอบหืด,40-44,ชาย,2061
สงขลา,โรคหอบหืด,40-44,หญิง,4142
สงขลา,โรคหอบหืด,45-49,ชาย,2429
สงขลา,โรคหอบหืด,45-49,หญิง,5587
สงขลา,โรคหอบหืด,5-9,ชาย,12491
สงขลา,โรคหอบหืด,5-9,หญิง,8107
สงขลา,โรคหอบหืด,50-54,ชาย,2348
สงขลา,โรคหอบหืด,50-54,หญิง,6734
สงขลา,โรคหอบหืด,55-59,ชาย,2412
สงขลา,โรคหอบหืด,55-59,หญิง,7012
สงขลา,โรคหอบหืด,60-64,ชาย,2403
สงขลา,โรคหอบหืด,60-64,หญิง,7037
สงขลา,โรคหอบหืด,65-69,ชาย,1888
สงขลา,โรคหอบหืด,65-69,หญิง,5822
สงขลา,โรคหอบหืด,70-74,ชาย,1577
สงขลา,โรคหอบหืด,70-74,หญิง,5236
สงขลา,โรคหอบหืด,75-79,ชาย,904
สงขลา,โรคหอบหืด,75-79,หญิง,3791
สงขลา,โรคหอบหืด,80+,ชาย,873
สงขลา,โรคหอบหืด,80+,หญิง,4099
สงขลา,โรคหอบหืด,ไม่ทราบ,ไม่ระบุ,295
สงขลา,โรคเยื่อจมูกอักเสบจากภูมิแพ้,0-4,ชาย,1124
สงขลา,โรคเยื่อจมูกอักเสบจากภูมิแพ้,0-4,หญิง,988
สงขลา,โรคเยื่อจมูกอักเสบจากภูมิแพ้,10-14,ชาย,2553
สงขลา,โรคเยื่อจมูกอักเสบจากภูมิแพ้,10-14,หญิง,1615
สงขลา,โรคเยื่อจมูกอักเสบจากภูมิแพ้,15-19,ชาย,700
สงขลา,โรคเยื่อจมูกอักเสบจากภูมิแพ้,15-19,หญิง,826
สงขลา,โรคเยื่อจมูกอักเสบจากภูมิแพ้,20-24,ชาย,473
สงขลา,โรคเยื่อจมูกอักเสบจากภูมิแพ้,20-24,หญิง,870
สงขลา,โรคเยื่อจมูกอักเสบจากภูมิแพ้,25-29,ชาย,497
สงขลา,โรคเยื่อจมูกอักเสบจากภูมิแพ้,25-29,หญิง,1196
สงขลา,โรคเยื่อจมูกอักเสบจากภูมิแพ้,30-34,ชาย,499
สงขลา,โรคเยื่อจมูกอักเสบจากภูมิแพ้,30-34,หญิง,1120
สงขลา,โรคเยื่อจมูกอักเสบจากภูมิแพ้,35-39,ชาย,447
สงขลา,โรคเยื่อจมูกอักเสบจากภูมิแพ้,35-39,หญิง,1273
สงขลา,โรคเยื่อจมูกอักเสบจากภูมิแพ้,40-44,ชาย,472
สงขลา,โรคเยื่อจมูกอักเสบจากภูมิแพ้,40-44,หญิง,1454
สงขลา,โรคเยื่อจมูกอักเสบจากภูมิแพ้,45-49,ชาย,538
สงขลา,โรคเยื่อจมูกอักเสบจากภูมิแพ้,45-49,หญิง,1540
สงขลา,โรคเยื่อจมูกอักเสบจากภูมิแพ้,5-9,ชาย,3505
สงขลา,โรคเยื่อจมูกอักเสบจากภูมิแพ้,5-9,หญิง,2500
สงขลา,โรคเยื่อจมูกอักเสบจากภูมิแพ้,50-54,ชาย,580
สงขลา,โรคเยื่อจมูกอักเสบจากภูมิแพ้,50-54,หญิง,1391
สงขลา,โรคเยื่อจมูกอักเสบจากภูมิแพ้,55-59,ชาย,504
สงขลา,โรคเยื่อจมูกอักเสบจากภูมิแพ้,55-59,หญิง,1131
สงขลา,โรคเยื่อจมูกอักเสบจากภูมิแพ้,60-64,ชาย,640
สงขลา,โรคเยื่อจมูกอักเสบจากภูมิแพ้,60-64,หญิง,1001
สงขลา,โรคเยื่อจมูกอักเสบจากภูมิแพ้,65-69,ชาย,468
สงขลา,โรคเยื่อจมูกอักเสบจากภูมิแพ้,65-69,หญิง,744
สงขลา,โรคเยื่อจมูกอักเสบจากภูมิแพ้,70-74,ชาย,473
สงขลา,โรคเยื่อจมูกอักเสบจากภูมิแพ้,70-74,หญิง,458
สงขลา,โรคเยื่อจมูกอักเสบจากภูมิแพ้,75-79,ชาย,356
สงขลา,โรคเยื่อจมูกอักเสบจากภูมิแพ้,75-79,หญิง,314
สงขลา,โรคเยื่อจมูกอักเสบจากภูมิแพ้,80+,ชาย,276
สงขลา,โรคเยื่อจมูกอักเสบจากภูมิแพ้,80+,หญิง,273
สงขลา,โรคเยื่อจมูกอักเสบจากภูมิแพ้,ไม่ทราบ,หญิง,1
สงขลา,โรคเยื่อจมูกอักเสบจากภูมิแพ้,ไม่ทราบ,ไม่ระบุ,139
สงขลา,โรคเยื่อบุตาอักเสบ,0-4,ชาย,1292
สงขลา,โรคเยื่อบุตาอักเสบ,0-4,หญิง,1050
สงขลา,โรคเยื่อบุตาอักเสบ,10-14,ชาย,1429
สงขลา,โรคเยื่อบุตาอักเสบ,10-14,หญิง,1129
สงขลา,โรคเยื่อบุตาอักเสบ,15-19,ชาย,958
สงขลา,โรคเยื่อบุตาอักเสบ,15-19,หญิง,1234
สงขลา,โรคเยื่อบุตาอักเสบ,20-24,ชาย,1084
สงขลา,โรคเยื่อบุตาอักเสบ,20-24,หญิง,1295
สงขลา,โรคเยื่อบุตาอักเสบ,25-29,ชาย,1306
สงขลา,โรคเยื่อบุตาอักเสบ,25-29,หญิง,1484
สงขลา,โรคเยื่อบุตาอักเสบ,30-34,ชาย,1369
สงขลา,โรคเยื่อบุตาอักเสบ,30-34,หญิง,1577
สงขลา,โรคเยื่อบุตาอักเสบ,30-34,ไม่ระบุ,1
สงขลา,โรคเยื่อบุตาอักเสบ,35-39,ชาย,1403
สงขลา,โรคเยื่อบุตาอักเสบ,35-39,หญิง,1581
สงขลา,โรคเยื่อบุตาอักเสบ,40-44,ชาย,1341
สงขลา,โรคเยื่อบุตาอักเสบ,40-44,หญิง,1643
สงขลา,โรคเยื่อบุตาอักเสบ,45-49,ชาย,1337
สงขลา,โรคเยื่อบุตาอักเสบ,45-49,หญิง,1854
สงขลา,โรคเยื่อบุตาอักเสบ,5-9,ชาย,1582
สงขลา,โรคเยื่อบุตาอักเสบ,5-9,หญิง,1187
สงขลา,โรคเยื่อบุตาอักเสบ,50-54,ชาย,1229
สงขลา,โรคเยื่อบุตาอักเสบ,50-54,หญิง,2088
สงขลา,โรคเยื่อบุตาอักเสบ,55-59,ชาย,1111
สงขลา,โรคเยื่อบุตาอักเสบ,55-59,หญิง,2034
สงขลา,โรคเยื่อบุตาอักเสบ,60-64,ชาย,1006
สงขลา,โรคเยื่อบุตาอักเสบ,60-64,หญิง,1801
สงขลา,โรคเยื่อบุตาอักเสบ,65-69,ชาย,877
สงขลา,โรคเยื่อบุตาอักเสบ,65-69,หญิง,1416
สงขลา,โรคเยื่อบุตาอักเสบ,70-74,ชาย,747
สงขลา,โรคเยื่อบุตาอักเสบ,70-74,หญิง,1090
สงขลา,โรคเยื่อบุตาอักเสบ,75-79,ชาย,502
สงขลา,โรคเยื่อบุตาอักเสบ,75-79,หญิง,754
สงขลา,โรคเยื่อบุตาอักเสบ,80+,ชาย,608
สงขลา,โรคเยื่อบุตาอักเสบ,80+,หญิง,995
สงขลา,โรคเยื่อบุตาอักเสบ,ไม่ทราบ,หญิง,1
สงขลา,โรคเยื่อบุตาอักเสบ,ไม่ทราบ,ไม่ระบุ,114
สตูล,โรคติดเชื้อทางเดินหายใจส่วนบนเฉียบพลัน,0-4,ชาย,31871
สตูล,โรคติดเชื้อทางเดินหายใจส่วนบนเฉียบพลัน,0-4,หญิง,28086
สตูล,โรคติดเชื้อทางเดินหายใจส่วนบนเฉียบพลัน,10-14,ชาย,12656
สตูล,โรคติดเชื้อทางเดินหายใจส่วนบนเฉียบพลัน,10-14,หญิง,11499
สตูล,โรคติดเชื้อทางเดินหายใจส่วนบนเฉียบพลัน,15-19,ชาย,5557
สตูล,โรคติดเชื้อทางเดินหายใจส่วนบนเฉียบพลัน,15-19,หญิง,7554
สตูล,โรคติดเชื้อทางเดินหายใจส่วนบนเฉียบพลัน,20-24,ชาย,3687
สตูล,โรคติดเชื้อทางเดินหายใจส่วนบนเฉียบพลัน,20-24,หญิง,6406
สตูล,โรคติดเชื้อทางเดินหายใจส่วนบนเฉียบพลัน,25-29,ชาย,3691
สตูล,โรคติดเชื้อทางเดินหายใจส่วนบนเฉียบพลัน,25-29,หญิง,8602
สตูล,โรคติดเชื้อทางเดินหายใจส่วนบนเฉียบพลัน,30-34,ชาย,3719
สตูล,โรคติดเชื้อทางเดินหายใจส่วนบนเฉียบพลัน,30-34,หญิง,10161
สตูล,โรคติดเชื้อทางเดินหายใจส่วนบนเฉียบพลัน,30-34,ไม่ระบุ,1
สตูล,โรคติดเชื้อทางเดินหายใจส่วนบนเฉียบพลัน,35-39,ชาย,4307
สตูล,โรคติดเชื้อทางเดินหายใจส่วนบนเฉียบพลัน,35-39,หญิง,10676
สตูล,โรคติดเชื้อทางเดินหายใจส่วนบนเฉียบพลัน,40-44,ชาย,4226
สตูล,โรคติดเชื้อทางเดินหายใจส่วนบนเฉียบพลัน,40-44,หญิง,10687
สตูล,โรคติดเชื้อทางเดินหายใจส่วนบนเฉียบพลัน,45-49,ชาย,4246
สตูล,โรคติดเชื้อทางเดินหายใจส่วนบนเฉียบพลัน,45-49,หญิง,11158
สตูล,โรคติดเชื้อทางเดินหายใจส่วนบนเฉียบพลัน,5-9,ชาย,24585
สตูล,โรคติดเชื้อทางเดินหายใจส่วนบนเฉียบพลัน,5-9,หญิง,23632
สตูล,โรคติดเชื้อทางเดินหายใจส่วนบนเฉียบพลัน,50-54,ชาย,4285
สตูล,โรคติดเชื้อทางเดินหายใจส่วนบนเฉียบพลัน,50-54,หญิง,11014
สตูล,โรคติดเชื้อทางเดินหายใจส่วนบนเฉียบพลัน,55-59,ชาย,4409
สตูล,โรคติดเชื้อทางเดินหายใจส่วนบนเฉียบพลัน,55-59,หญิง,9868
สตูล,โรคติดเชื้อทางเดินหายใจส่วนบนเฉียบพลัน,60-64,ชาย,4412
สตูล,โรคติดเชื้อทางเดินหายใจส่วนบนเฉียบพลัน,60-64,หญิง,8060
สตูล,โรคติดเชื้อทางเดินหายใจส่วนบนเฉียบพลัน,65-69,ชาย,3966
สตูล,โรคติดเชื้อทางเดินหายใจส่วนบนเฉียบพลัน,65-69,หญิง,5847
สตูล,โรคติดเชื้อทางเดินหายใจส่วนบนเฉียบพลัน,70-74,ชาย,3827
สตูล,โรคติดเชื้อทางเดินหายใจส่วนบนเฉียบพลัน,70-74,หญิง,4052
สตูล,โรคติดเชื้อทางเดินหายใจส่วนบนเฉียบพลัน,75-79,ชาย,2271
สตูล,โรคติดเชื้อทางเดินหายใจส่วนบนเฉียบพลัน,75-79,หญิง,2323
สตูล,โรคติดเชื้อทางเดินหายใจส่วนบนเฉียบพลัน,80+,ชาย,2569
สตูล,โรคติดเชื้อทางเดินหายใจส่วนบนเฉียบพลัน,80+,หญิง,3174
สตูล,โรคติดเชื้อทางเดินหายใจส่วนบนเฉียบพลัน,ไม่ทราบ,ชาย,72
สตูล,โรคติดเชื้อทางเดินหายใจส่วนบนเฉียบพลัน,ไม่ทราบ,หญิง,43
สตูล,โรคติดเชื้อทางเดินหายใจส่วนบนเฉียบพลัน,ไม่ทราบ,ไม่ระบุ,1975
สตูล,โรคปอดอุดกั้นเรื้อรัง,0-4,ชาย,7
สตูล,โรคปอดอุดกั้นเรื้อรัง,0-4,หญิง,48
สตูล,โรคปอดอุดกั้นเรื้อรัง,10-14,ชาย,123
สตูล,โรคปอดอุดกั้นเรื้อรัง,10-14,หญิง,83
สตูล,โรคปอดอุดกั้นเรื้อรัง,15-19,ชาย,123
สตูล,โรคปอดอุดกั้นเรื้อรัง,15-19,หญิง,56
สตูล,โรคปอดอุดกั้นเรื้อรัง,20-24,ชาย,57
สตูล,โรคปอดอุดกั้นเรื้อรัง,20-24,หญิง,91
สตูล,โรคปอดอุดกั้นเรื้อรัง,25-29,ชาย,110
สตูล,โรคปอดอุดกั้นเรื้อรัง,25-29,หญิง,98
สตูล,โรคปอดอุดกั้นเรื้อรัง,30-34,ชาย,118
สตูล,โรคปอดอุดกั้นเรื้อรัง,30-34,หญิง,116
สตูล,โรคปอดอุดกั้นเรื้อรัง,35-39,ชาย,217
สตูล,โรคปอดอุดกั้นเรื้อรัง,35-39,หญิง,150
สตูล,โรคปอดอุดกั้นเรื้อรัง,40-44,ชาย,314
สตูล,โรคปอดอุดกั้นเรื้อรัง,40-44,หญิง,110
สตูล,โรคปอดอุดกั้นเรื้อรัง,45-49,ชาย,843
สตูล,โรคปอดอุดกั้นเรื้อรัง,45-49,หญิง,128
สตูล,โรคปอดอุดกั้นเรื้อรัง,5-9,ชาย,57
สตูล,โรคปอดอุดกั้นเรื้อรัง,5-9,หญิง,45
สตูล,โรคปอดอุดกั้นเรื้อรัง,50-54,ชาย,1268
สตูล,โรคปอดอุดกั้นเรื้อรัง,50-54,หญิง,121
สตูล,โรคปอดอุดกั้นเรื้อรัง,55-59,ชาย,2056
สตูล,โรคปอดอุดกั้นเรื้อรัง,55-59,หญิง,211
สตูล,โรคปอดอุดกั้นเรื้อรัง,60-64,ชาย,2733
สตูล,โรคปอดอุดกั้นเรื้อรัง,60-64,หญิง,240
สตูล,โรคปอดอุดกั้นเรื้อรัง,65-69,ชาย,3093
สตูล,โรคปอดอุดกั้นเรื้อรัง,65-69,หญิง,317
สตูล,โรคปอดอุดกั้นเรื้อรัง,70-74,ชาย,2832
สตูล,โรคปอดอุดกั้นเรื้อรัง,70-74,หญิง,352
สตูล,โรคปอดอุดกั้นเรื้อรัง,75-79,ชาย,2408
สตูล,โรคปอดอุดกั้นเรื้อรัง,75-79,หญิง,344
สตูล,โรคปอดอุดกั้นเรื้อรัง,80+,ชาย,3285
สตูล,โรคปอดอุดกั้นเรื้อรัง,80+,หญิง,825
สตูล,โรคปอดอุดกั้นเรื้อรัง,ไม่ทราบ,หญิง,7
สตูล,โรคปอดอุดกั้นเรื้อรัง,ไม่ทราบ,ไม่ระบุ,368
สตูล,โรคผิวหนังอักเสบ,0-4,ชาย,929
สตูล,โรคผิวหนังอักเสบ,0-4,หญิง,795
สตูล,โรคผิวหนังอักเสบ,10-14,ชาย,642
สตูล,โรคผิวหนังอักเสบ,10-14,หญิง,524
สตูล,โรคผิวหนังอักเสบ,15-19,ชาย,347
สตูล,โรคผิวหนังอักเสบ,15-19,หญิง,518
สตูล,โรคผิวหนังอักเสบ,20-24,ชาย,218
สตูล,โรคผิวหนังอักเสบ,20-24,หญิง,356
สตูล,โรคผิวหนังอักเสบ,25-29,ชาย,252
สตูล,โรคผิวหนังอักเสบ,25-29,หญิง,437
สตูล,โรคผิวหนังอักเสบ,30-34,ชาย,258
สตูล,โรคผิวหนังอักเสบ,30-34,หญิง,501
สตูล,โรคผิวหนังอักเสบ,35-39,ชาย,281
สตูล,โรคผิวหนังอักเสบ,35-39,หญิง,525
สตูล,โรคผิวหนังอักเสบ,40-44,ชาย,295
สตูล,โรคผิวหนังอักเสบ,40-44,หญิง,601
สตูล,โรคผิวหนังอักเสบ,45-49,ชาย,364
สตูล,โรคผิวหนังอักเสบ,45-49,หญิง,695
สตูล,โรคผิวหนังอักเสบ,5-9,ชาย,960
สตูล,โรคผิวหนังอักเสบ,5-9,หญิง,774
สตูล,โรคผิวหนังอักเสบ,50-54,ชาย,403
สตูล,โรคผิวหนังอักเสบ,50-54,หญิง,767
สตูล,โรคผิวหนังอักเสบ,55-59,ชาย,327
สตูล,โรคผิวหนังอักเสบ,55-59,หญิง,673
สตูล,โรคผิวหนังอักเสบ,60-64,ชาย,402
สตูล,โรคผิวหนังอักเสบ,60-64,หญิง,528
สตูล,โรคผิวหนังอักเสบ,65-69,ชาย,359
สตูล,โรคผิวหนังอักเสบ,65-69,หญิง,380
สตูล,โรคผิวหนังอักเสบ,70-74,ชาย,313
สตูล,โรคผิวหนังอักเสบ,70-74,หญิง,260
สตูล,โรคผิวหนังอักเสบ,75-79,ชาย,169
สตูล,โรคผิวหนังอักเสบ,75-79,หญิง,202
สตูล,โรคผิวหนังอักเสบ,80+,ชาย,224
สตูล,โรคผิวหนังอักเสบ,80+,หญิง,226
สตูล,โรคผิวหนังอักเสบ,ไม่ทราบ,ชาย,10
สตูล,โรคผิวหนังอักเสบ,ไม่ทราบ,หญิง,3
สตูล,โรคผิวหนังอักเสบ,ไม่ทราบ,ไม่ระบุ,80
สตูล,โรคลมพิษ,0-4,ชาย,637
สตูล,โรคลมพิษ,0-4,หญิง,487
สตูล,โรคลมพิษ,10-14,ชาย,490
สตูล,โรคลมพิษ,10-14,หญิง,429
สตูล,โรคลมพิษ,15-19,ชาย,269
สตูล,โรคลมพิษ,15-19,หญิง,455
สตูล,โรคลมพิษ,20-24,ชาย,167
สตูล,โรคลมพิษ,20-24,หญิง,353
สตูล,โรคลมพิษ,25-29,ชาย,159
สตูล,โรคลมพิษ,25-29,หญิง,458
สตูล,โรคลมพิษ,30-34,ชาย,135
สตูล,โรคลมพิษ,30-34,หญิง,463
สตูล,โรคลมพิษ,35-39,ชาย,148
สตูล,โรคลมพิษ,35-39,หญิง,517
สตูล,โรคลมพิษ,40-44,ชาย,174
สตูล,โรคลมพิษ,40-44,หญิง,489
สตูล,โรคลมพิษ,45-49,ชาย,185
สตูล,โรคลมพิษ,45-49,หญิง,531
สตูล,โรคลมพิษ,5-9,ชาย,678
สตูล,โรคลมพิษ,5-9,หญิง,574
สตูล,โรคลมพิษ,50-54,ชาย,176
สตูล,โรคลมพิษ,50-54,หญิง,473
สตูล,โรคลมพิษ,55-59,ชาย,176
สตูล,โรคลมพิษ,55-59,หญิง,356
สตูล,โรคลมพิษ,60-64,ชาย,139
สตูล,โรคลมพิษ,60-64,หญิง,292
สตูล,โรคลมพิษ,65-69,ชาย,126
สตูล,โรคลมพิษ,65-69,หญิง,187
สตูล,โรคลมพิษ,70-74,ชาย,103
สตูล,โรคลมพิษ,70-74,หญิง,120
สตูล,โรคลมพิษ,75-79,ชาย,57
สตูล,โรคลมพิษ,75-79,หญิง,63
สตูล,โรคลมพิษ,80+,ชาย,72
สตูล,โรคลมพิษ,80+,หญิง,69
สตูล,โรคลมพิษ,ไม่ทราบ,ชาย,1
สตูล,โรคลมพิษ,ไม่ทราบ,ไม่ระบุ,230
สตูล,โรคหอบหืด,0-4,ชาย,5517
สตูล,โรคหอบหืด,0-4,หญิง,3105
สตูล,โรคหอบหืด,10-14,ชาย,1525
สตูล,โรคหอบหืด,10-14,หญิง,889
สตูล,โรคหอบหืด,15-19,ชาย,499
สตูล,โรคหอบหืด,15-19,หญิง,460
สตูล,โรคหอบหืด,20-24,ชาย,306
สตูล,โรคหอบหืด,20-24,หญิง,581
สตูล,โรคหอบหืด,25-29,ชาย,306
สตูล,โรคหอบหืด,25-29,หญิง,691
สตูล,โรคหอบหืด,30-34,ชาย,500
สตูล,โรคหอบหืด,30-34,หญิง,901
สตูล,โรคหอบหืด,35-39,ชาย,617
สตูล,โรคหอบหืด,35-39,หญิง,1231
สตูล,โรคหอบหืด,40-44,ชาย,529
สตูล,โรคหอบหืด,40-44,หญิง,1387
สตูล,โรคหอบหืด,45-49,ชาย,807
สตูล,โรคหอบหืด,45-49,หญิง,2024
สตูล,โรคหอบหืด,5-9,ชาย,3928
สตูล,โรคหอบหืด,5-9,หญิง,2699
สตูล,โรคหอบหืด,50-54,ชาย,773
สตูล,โรคหอบหืด,50-54,หญิง,2269
สตูล,โรคหอบหืด,55-59,ชาย,573
สตูล,โรคหอบหืด,55-59,หญิง,2042
สตูล,โรคหอบหืด,60-64,ชาย,578
สตูล,โรคหอบหืด,60-64,หญิง,2160
สตูล,โรคหอบหืด,65-69,ชาย,547
สตูล,โรคหอบหืด,65-69,หญิง,1741
สตูล,โรคหอบหืด,70-74,ชาย,328
สตูล,โรคหอบหืด,70-74,หญิง,1640
สตูล,โรคหอบหืด,75-79,ชาย,243
สตูล,โรคหอบหืด,75-79,หญิง,975
สตูล,โรคหอบหืด,80+,ชาย,243
สตูล,โรคหอบหืด,80+,หญิง,1315
สตูล,โรคหอบหืด,ไม่ทราบ,ชาย,16
สตูล,โรคหอบหืด,ไม่ทราบ,หญิง,10
สตูล,โรคหอบหืด,ไม่ทราบ,ไม่ระบุ,495
สตูล,โรคเยื่อจมูกอักเสบจากภูมิแพ้,0-4,ชาย,310
สตูล,โรคเยื่อจมูกอักเสบจากภูมิแพ้,0-4,หญิง,289
สตูล,โรคเยื่อจมูกอักเสบจากภูมิแพ้,10-14,ชาย,595
สตูล,โรคเยื่อจมูกอักเสบจากภูมิแพ้,10-14,หญิง,504
สตูล,โรคเยื่อจมูกอักเสบจากภูมิแพ้,15-19,ชาย,311
สตูล,โรคเยื่อจมูกอักเสบจากภูมิแพ้,15-19,หญิง,311
สตูล,โรคเยื่อจมูกอักเสบจากภูมิแพ้,20-24,ชาย,148
สตูล,โรคเยื่อจมูกอักเสบจากภูมิแพ้,20-24,หญิง,324
สตูล,โรคเยื่อจมูกอักเสบจากภูมิแพ้,25-29,ชาย,191
สตูล,โรคเยื่อจมูกอักเสบจากภูมิแพ้,25-29,หญิง,505
สตูล,โรคเยื่อจมูกอักเสบจากภูมิแพ้,30-34,ชาย,181
สตูล,โรคเยื่อจมูกอักเสบจากภูมิแพ้,30-34,หญิง,592
สตูล,โรคเยื่อจมูกอักเสบจากภูมิแพ้,30-34,ไม่ระบุ,1
สตูล,โรคเยื่อจมูกอักเสบจากภูมิแพ้,35-39,ชาย,186
สตูล,โรคเยื่อจมูกอักเสบจากภูมิแพ้,35-39,หญิง,664
สตูล,โรคเยื่อจมูกอักเสบจากภูมิแพ้,40-44,ชาย,251
สตูล,โรคเยื่อจมูกอักเสบจากภูมิแพ้,40-44,หญิง,804
สตูล,โรคเยื่อจมูกอักเสบจากภูมิแพ้,45-49,ชาย,238
สตูล,โรคเยื่อจมูกอักเสบจากภูมิแพ้,45-49,หญิง,676
สตูล,โรคเยื่อจมูกอักเสบจากภูมิแพ้,5-9,ชาย,812
สตูล,โรคเยื่อจมูกอักเสบจากภูมิแพ้,5-9,หญิง,528
สตูล,โรคเยื่อจมูกอักเสบจากภูมิแพ้,50-54,ชาย,272
สตูล,โรคเยื่อจมูกอักเสบจากภูมิแพ้,50-54,หญิง,526
สตูล,โรคเยื่อจมูกอักเสบจากภูมิแพ้,55-59,ชาย,300
สตูล,โรคเยื่อจมูกอักเสบจากภูมิแพ้,55-59,หญิง,450
สตูล,โรคเยื่อจมูกอักเสบจากภูมิแพ้,60-64,ชาย,296
สตูล,โรคเยื่อจมูกอักเสบจากภูมิแพ้,60-64,หญิง,355
สตูล,โรคเยื่อจมูกอักเสบจากภูมิแพ้,65-69,ชาย,349
สตูล,โรคเยื่อจมูกอักเสบจากภูมิแพ้,65-69,หญิง,240
สตูล,โรคเยื่อจมูกอักเสบจากภูมิแพ้,70-74,ชาย,183
สตูล,โรคเยื่อจมูกอักเสบจากภูมิแพ้,70-74,หญิง,197
สตูล,โรคเยื่อจมูกอักเสบจากภูมิแพ้,75-79,ชาย,103
สตูล,โรคเยื่อจมูกอักเสบจากภูมิแพ้,75-79,หญิง,107
สตูล,โรคเยื่อจมูกอักเสบจากภูมิแพ้,80+,ชาย,75
สตูล,โรคเยื่อจมูกอักเสบจากภูมิแพ้,80+,หญิง,106
สตูล,โรคเยื่อจมูกอักเสบจากภูมิแพ้,ไม่ทราบ,ไม่ระบุ,66
สตูล,โรคเยื่อบุตาอักเสบ,0-4,ชาย,741
สตูล,โรคเยื่อบุตาอักเสบ,0-4,หญิง,573
สตูล,โรคเยื่อบุตาอักเสบ,10-14,ชาย,1107
สตูล,โรคเยื่อบุตาอักเสบ,10-14,หญิง,864
สตูล,โรคเยื่อบุตาอักเสบ,15-19,ชาย,612
สตูล,โรคเยื่อบุตาอักเสบ,15-19,หญิง,698
สตูล,โรคเยื่อบุตาอักเสบ,20-24,ชาย,428
สตูล,โรคเยื่อบุตาอักเสบ,20-24,หญิง,509
สตูล,โรคเยื่อบุตาอักเสบ,25-29,ชาย,480
สตูล,โรคเยื่อบุตาอักเสบ,25-29,หญิง,725
สตูล,โรคเยื่อบุตาอักเสบ,30-34,ชาย,607
สตูล,โรคเยื่อบุตาอักเสบ,30-34,หญิง,785
สตูล,โรคเยื่อบุตาอักเสบ,35-39,ชาย,628
สตูล,โรคเยื่อบุตาอักเสบ,35-39,หญิง,830
สตูล,โรคเยื่อบุตาอักเสบ,40-44,ชาย,642
สตูล,โรคเยื่อบุตาอักเสบ,40-44,หญิง,861
สตูล,โรคเยื่อบุตาอักเสบ,45-49,ชาย,725
สตูล,โรคเยื่อบุตาอักเสบ,45-49,หญิง,1010
สตูล,โรคเยื่อบุตาอักเสบ,5-9,ชาย,1242
สตูล,โรคเยื่อบุตาอักเสบ,5-9,หญิง,897
สตูล,โรคเยื่อบุตาอักเสบ,50-54,ชาย,671
สตูล,โรคเยื่อบุตาอักเสบ,50-54,หญิง,970
สตูล,โรคเยื่อบุตาอักเสบ,55-59,ชาย,636
สตูล,โรคเยื่อบุตาอักเสบ,55-59,หญิง,936
สตูล,โรคเยื่อบุตาอักเสบ,60-64,ชาย,575
สตูล,โรคเยื่อบุตาอักเสบ,60-64,หญิง,831
สตูล,โรคเยื่อบุตาอักเสบ,65-69,ชาย,506
สตูล,โรคเยื่อบุตาอักเสบ,65-69,หญิง,667
สตูล,โรคเยื่อบุตาอักเสบ,70-74,ชาย,408
สตูล,โรคเยื่อบุตาอักเสบ,70-74,หญิง,458
สตูล,โรคเยื่อบุตาอักเสบ,75-79,ชาย,234
สตูล,โรคเยื่อบุตาอักเสบ,75-79,หญิง,288
สตูล,โรคเยื่อบุตาอักเสบ,80+,ชาย,290
สตูล,โรคเยื่อบุตาอักเสบ,80+,หญิง,360
สตูล,โรคเยื่อบุตาอักเสบ,ไม่ทราบ,ชาย,11
สตูล,โรคเยื่อบุตาอักเสบ,ไม่ทราบ,หญิง,1
สตูล,โรคเยื่อบุตาอักเสบ,ไม่ทราบ,ไม่ระบุ,149
สมุทรปราการ,โรคติดเชื้อทางเดินหายใจส่วนบนเฉียบพลัน,0-4,ชาย,92857
สมุทรปราการ,โรคติดเชื้อทางเดินหายใจส่วนบนเฉียบพลัน,0-4,หญิง,82666
สมุทรปราการ,โรคติดเชื้อทางเดินหายใจส่วนบนเฉียบพลัน,0-4,ไม่ระบุ,7
สมุทรปราการ,โรคติดเชื้อทางเดินหายใจส่วนบนเฉียบพลัน,10-14,ชาย,38224
สมุทรปราการ,โรคติดเชื้อทางเดินหายใจส่วนบนเฉียบพลัน,10-14,หญิง,33225
สมุทรปราการ,โรคติดเชื้อทางเดินหายใจส่วนบนเฉียบพลัน,10-14,ไม่ระบุ,2
สมุทรปราการ,โรคติดเชื้อทางเดินหายใจส่วนบนเฉียบพลัน,15-19,ชาย,22802
สมุทรปราการ,โรคติดเชื้อทางเดินหายใจส่วนบนเฉียบพลัน,15-19,หญิง,28050
สมุทรปราการ,โรคติดเชื้อทางเดินหายใจส่วนบนเฉียบพลัน,15-19,ไม่ระบุ,6
สมุทรปราการ,โรคติดเชื้อทางเดินหายใจส่วนบนเฉียบพลัน,20-24,ชาย,19703
สมุทรปราการ,โรคติดเชื้อทางเดินหายใจส่วนบนเฉียบพลัน,20-24,หญิง,27198
สมุทรปราการ,โรคติดเชื้อทางเดินหายใจส่วนบนเฉียบพลัน,20-24,ไม่ระบุ,3
สมุทรปราการ,โรคติดเชื้อทางเดินหายใจส่วนบนเฉียบพลัน,25-29,ชาย,18878
สมุทรปราการ,โรคติดเชื้อทางเดินหายใจส่วนบนเฉียบพลัน,25-29,หญิง,25459
สมุทรปราการ,โรคติดเชื้อทางเดินหายใจส่วนบนเฉียบพลัน,30-34,ชาย,15686
สมุทรปราการ,โรคติดเชื้อทางเดินหายใจส่วนบนเฉียบพลัน,30-34,หญิง,21706
สมุทรปราการ,โรคติดเชื้อทางเดินหายใจส่วนบนเฉียบพลัน,30-34,ไม่ระบุ,1
สมุทรปราการ,โรคติดเชื้อทางเดินหายใจส่วนบนเฉียบพลัน,35-39,ชาย,13593
สมุทรปราการ,โรคติดเชื้อทางเดินหายใจส่วนบนเฉียบพลัน,35-39,หญิง,17931
สมุทรปราการ,โรคติดเชื้อทางเดินหายใจส่วนบนเฉียบพลัน,35-39,ไม่ระบุ,3
สมุทรปราการ,โรคติดเชื้อทางเดินหายใจส่วนบนเฉียบพลัน,40-44,ชาย,13619
สมุทรปราการ,โรคติดเชื้อทางเดินหายใจส่วนบนเฉียบพลัน,40-44,หญิง,18350
สมุทรปราการ,โรคติดเชื้อทางเดินหายใจส่วนบนเฉียบพลัน,40-44,ไม่ระบุ,1
สมุทรปราการ,โรคติดเชื้อทางเดินหายใจส่วนบนเฉียบพลัน,45-49,ชาย,12375
สมุทรปราการ,โรคติดเชื้อทางเดินหายใจส่วนบนเฉียบพลัน,45-49,หญิง,17624
สมุทรปราการ,โรคติดเชื้อทางเดินหายใจส่วนบนเฉียบพลัน,45-49,ไม่ระบุ,1
สมุทรปราการ,โรคติดเชื้อทางเดินหายใจส่วนบนเฉียบพลัน,5-9,ชาย,69479
สมุทรปราการ,โรคติดเชื้อทางเดินหายใจส่วนบนเฉียบพลัน,5-9,หญิง,63513
สมุทรปราการ,โรคติดเชื้อทางเดินหายใจส่วนบนเฉียบพลัน,5-9,ไม่ระบุ,4
สมุทรปราการ,โรคติดเชื้อทางเดินหายใจส่วนบนเฉียบพลัน,50-54,ชาย,10952
สมุทรปราการ,โรคติดเชื้อทางเดินหายใจส่วนบนเฉียบพลัน,50-54,หญิง,17718
สมุทรปราการ,โรคติดเชื้อทางเดินหายใจส่วนบนเฉียบพลัน,55-59,ชาย,11530
สมุทรปราการ,โรคติดเชื้อทางเดินหายใจส่วนบนเฉียบพลัน,55-59,หญิง,21314
สมุทรปราการ,โรคติดเชื้อทางเดินหายใจส่วนบนเฉียบพลัน,60-64,ชาย,12796
สมุทรปราการ,โรคติดเชื้อทางเดินหายใจส่วนบนเฉียบพลัน,60-64,หญิง,22065
สมุทรปราการ,โรคติดเชื้อทางเดินหายใจส่วนบนเฉียบพลัน,65-69,ชาย,10984
สมุทรปราการ,โรคติดเชื้อทางเดินหายใจส่วนบนเฉียบพลัน,65-69,หญิง,17840
สมุทรปราการ,โรคติดเชื้อทางเดินหายใจส่วนบนเฉียบพลัน,70-74,ชาย,8501
สมุทรปราการ,โรคติดเชื้อทางเดินหายใจส่วนบนเฉียบพลัน,70-74,หญิง,13076
สมุทรปราการ,โรคติดเชื้อทางเดินหายใจส่วนบนเฉียบพลัน,75-79,ชาย,5015
สมุทรปราการ,โรคติดเชื้อทางเดินหายใจส่วนบนเฉียบพลัน,75-79,หญิง,7289
สมุทรปราการ,โรคติดเชื้อทางเดินหายใจส่วนบนเฉียบพลัน,80+,ชาย,4297
สมุทรปราการ,โรคติดเชื้อทางเดินหายใจส่วนบนเฉียบพลัน,80+,หญิง,7163
สมุทรปราการ,โรคติดเชื้อทางเดินหายใจส่วนบนเฉียบพลัน,ไม่ทราบ,ชาย,81
สมุทรปราการ,โรคติดเชื้อทางเดินหายใจส่วนบนเฉียบพลัน,ไม่ทราบ,หญิง,78
สมุทรปราการ,โรคติดเชื้อทางเดินหายใจส่วนบนเฉียบพลัน,ไม่ทราบ,ไม่ระบุ,12674
สมุทรปราการ,โรคปอดอุดกั้นเรื้อรัง,0-4,ชาย,162
สมุทรปราการ,โรคปอดอุดกั้นเรื้อรัง,0-4,หญิง,95
สมุทรปราการ,โรคปอดอุดกั้นเรื้อรัง,10-14,ชาย,4
สมุทรปราการ,โรคปอดอุดกั้นเรื้อรัง,10-14,หญิง,7
สมุทรปราการ,โรคปอดอุดกั้นเรื้อรัง,15-19,ชาย,6
สมุทรปราการ,โรคปอดอุดกั้นเรื้อรัง,15-19,หญิง,3
สมุทรปราการ,โรคปอดอุดกั้นเรื้อรัง,20-24,ชาย,8
สมุทรปราการ,โรคปอดอุดกั้นเรื้อรัง,20-24,หญิง,3
สมุทรปราการ,โรคปอดอุดกั้นเรื้อรัง,25-29,ชาย,31
สมุทรปราการ,โรคปอดอุดกั้นเรื้อรัง,25-29,หญิง,9
สมุทรปราการ,โรคปอดอุดกั้นเรื้อรัง,30-34,ชาย,67
สมุทรปราการ,โรคปอดอุดกั้นเรื้อรัง,30-34,หญิง,6
สมุทรปราการ,โรคปอดอุดกั้นเรื้อรัง,35-39,ชาย,116
สมุทรปราการ,โรคปอดอุดกั้นเรื้อรัง,35-39,หญิง,32
สมุทรปราการ,โรคปอดอุดกั้นเรื้อรัง,40-44,ชาย,284
สมุทรปราการ,โรคปอดอุดกั้นเรื้อรัง,40-44,หญิง,66
สมุทรปราการ,โรคปอดอุดกั้นเรื้อรัง,45-49,ชาย,595
สมุทรปราการ,โรคปอดอุดกั้นเรื้อรัง,45-49,หญิง,123
สมุทรปราการ,โรคปอดอุดกั้นเรื้อรัง,5-9,ชาย,28
สมุทรปราการ,โรคปอดอุดกั้นเรื้อรัง,5-9,หญิง,35
สมุทรปราการ,โรคปอดอุดกั้นเรื้อรัง,50-54,ชาย,1149
สมุทรปราการ,โรคปอดอุดกั้นเรื้อรัง,50-54,หญิง,203
สมุทรปราการ,โรคปอดอุดกั้นเรื้อรัง,55-59,ชาย,1836
สมุทรปราการ,โรคปอดอุดกั้นเรื้อรัง,55-59,หญิง,375
สมุทรปราการ,โรคปอดอุดกั้นเรื้อรัง,60-64,ชาย,3089
สมุทรปราการ,โรคปอดอุดกั้นเรื้อรัง,60-64,หญิง,737
สมุทรปราการ,โรคปอดอุดกั้นเรื้อรัง,65-69,ชาย,3956
สมุทรปราการ,โรคปอดอุดกั้นเรื้อรัง,65-69,หญิง,874
สมุทรปราการ,โรคปอดอุดกั้นเรื้อรัง,70-74,ชาย,4051
สมุทรปราการ,โรคปอดอุดกั้นเรื้อรัง,70-74,หญิง,895
สมุทรปราการ,โรคปอดอุดกั้นเรื้อรัง,75-79,ชาย,2829
สมุทรปราการ,โรคปอดอุดกั้นเรื้อรัง,75-79,หญิง,727
สมุทรปราการ,โรคปอดอุดกั้นเรื้อรัง,80+,ชาย,3429
สมุทรปราการ,โรคปอดอุดกั้นเรื้อรัง,80+,หญิง,1176
สมุทรปราการ,โรคปอดอุดกั้นเรื้อรัง,ไม่ทราบ,ไม่ระบุ,78
สมุทรปราการ,โรคผิวหนังอักเสบ,0-4,ชาย,2210
สมุทรปราการ,โรคผิวหนังอักเสบ,0-4,หญิง,2206
สมุทรปราการ,โรคผิวหนังอักเสบ,10-14,ชาย,916
สมุทรปราการ,โรคผิวหนังอักเสบ,10-14,หญิง,840
สมุทรปราการ,โรคผิวหนังอักเสบ,15-19,ชาย,706
สมุทรปราการ,โรคผิวหนังอักเสบ,15-19,หญิง,1128
สมุทรปราการ,โรคผิวหนังอักเสบ,20-24,ชาย,629
สมุทรปราการ,โรคผิวหนังอักเสบ,20-24,หญิง,1201
สมุทรปราการ,โรคผิวหนังอักเสบ,25-29,ชาย,549
สมุทรปราการ,โรคผิวหนังอักเสบ,25-29,หญิง,1043
สมุทรปราการ,โรคผิวหนังอักเสบ,30-34,ชาย,551
สมุทรปราการ,โรคผิวหนังอักเสบ,30-34,หญิง,1019
สมุทรปราการ,โรคผิวหนังอักเสบ,35-39,ชาย,480
สมุทรปราการ,โรคผิวหนังอักเสบ,35-39,หญิง,914
สมุทรปราการ,โรคผิวหนังอักเสบ,40-44,ชาย,555
สมุทรปราการ,โรคผิวหนังอักเสบ,40-44,หญิง,1086
สมุทรปราการ,โรคผิวหนังอักเสบ,45-49,ชาย,699
สมุทรปราการ,โรคผิวหนังอักเสบ,45-49,หญิง,1247
สมุทรปราการ,โรคผิวหนังอักเสบ,5-9,ชาย,1311
สมุทรปราการ,โรคผิวหนังอักเสบ,5-9,หญิง,1233
สมุทรปราการ,โรคผิวหนังอักเสบ,50-54,ชาย,761
สมุทรปราการ,โรคผิวหนังอักเสบ,50-54,หญิง,1342
สมุทรปราการ,โรคผิวหนังอักเสบ,55-59,ชาย,956
สมุทรปราการ,โรคผิวหนังอักเสบ,55-59,หญิง,1612
สมุทรปราการ,โรคผิวหนังอักเสบ,60-64,ชาย,1166
สมุทรปราการ,โรคผิวหนังอักเสบ,60-64,หญิง,1801
สมุทรปราการ,โรคผิวหนังอักเสบ,65-69,ชาย,1181
สมุทรปราการ,โรคผิวหนังอักเสบ,65-69,หญิง,1537
สมุทรปราการ,โรคผิวหนังอักเสบ,70-74,ชาย,988
สมุทรปราการ,โรคผิวหนังอักเสบ,70-74,หญิง,1217
สมุทรปราการ,โรคผิวหนังอักเสบ,75-79,ชาย,538
สมุทรปราการ,โรคผิวหนังอักเสบ,75-79,หญิง,722
สมุทรปราการ,โรคผิวหนังอักเสบ,80+,ชาย,563
สมุทรปราการ,โรคผิวหนังอักเสบ,80+,หญิง,799
สมุทรปราการ,โรคผิวหนังอักเสบ,ไม่ทราบ,ชาย,1
สมุทรปราการ,โรคผิวหนังอักเสบ,ไม่ทราบ,ไม่ระบุ,480
สมุทรปราการ,โรคลมพิษ,0-4,ชาย,1121
สมุทรปราการ,โรคลมพิษ,0-4,หญิง,957
สมุทรปราการ,โรคลมพิษ,10-14,ชาย,604
สมุทรปราการ,โรคลมพิษ,10-14,หญิง,616
สมุทรปราการ,โรคลมพิษ,15-19,ชาย,427
สมุทรปราการ,โรคลมพิษ,15-19,หญิง,733
สมุทรปราการ,โรคลมพิษ,20-24,ชาย,331
สมุทรปราการ,โรคลมพิษ,20-24,หญิง,765
สมุทรปราการ,โรคลมพิษ,25-29,ชาย,264
สมุทรปราการ,โรคลมพิษ,25-29,หญิง,717
สมุทรปราการ,โรคลมพิษ,30-34,ชาย,266
สมุทรปราการ,โรคลมพิษ,30-34,หญิง,621
สมุทรปราการ,โรคลมพิษ,35-39,ชาย,224
สมุทรปราการ,โรคลมพิษ,35-39,หญิง,567
สมุทรปราการ,โรคลมพิษ,40-44,ชาย,249
สมุทรปราการ,โรคลมพิษ,40-44,หญิง,552
สมุทรปราการ,โรคลมพิษ,45-49,ชาย,200
สมุทรปราการ,โรคลมพิษ,45-49,หญิง,560
สมุทรปราการ,โรคลมพิษ,5-9,ชาย,948
สมุทรปราการ,โรคลมพิษ,5-9,หญิง,678
สมุทรปราการ,โรคลมพิษ,50-54,ชาย,211
สมุทรปราการ,โรคลมพิษ,50-54,หญิง,484
สมุทรปราการ,โรคลมพิษ,55-59,ชาย,204
สมุทรปราการ,โรคลมพิษ,55-59,หญิง,506
สมุทรปราการ,โรคลมพิษ,60-64,ชาย,208
สมุทรปราการ,โรคลมพิษ,60-64,หญิง,456
สมุทรปราการ,โรคลมพิษ,65-69,ชาย,145
สมุทรปราการ,โรคลมพิษ,65-69,หญิง,320
สมุทรปราการ,โรคลมพิษ,70-74,ชาย,80
สมุทรปราการ,โรคลมพิษ,70-74,หญิง,184
สมุทรปราการ,โรคลมพิษ,75-79,ชาย,49
สมุทรปราการ,โรคลมพิษ,75-79,หญิง,100
สมุทรปราการ,โรคลมพิษ,80+,ชาย,45
สมุทรปราการ,โรคลมพิษ,80+,หญิง,85
สมุทรปราการ,โรคลมพิษ,ไม่ทราบ,หญิง,1
สมุทรปราการ,โรคลมพิษ,ไม่ทราบ,ไม่ระบุ,172
สมุทรปราการ,โรคหอบหืด,0-4,ชาย,3452
สมุทรปราการ,โรคหอบหืด,0-4,หญิง,1664
สมุทรปราการ,โรคหอบหืด,10-14,ชาย,2691
สมุทรปราการ,โรคหอบหืด,10-14,หญิง,1420
สมุทรปราการ,โรคหอบหืด,15-19,ชาย,886
สมุทรปราการ,โรคหอบหืด,15-19,หญิง,584
สมุทรปราการ,โรคหอบหืด,20-24,ชาย,488
สมุทรปราการ,โรคหอบหืด,20-24,หญิง,530
สมุทรปราการ,โรคหอบหืด,25-29,ชาย,572
สมุทรปราการ,โรคหอบหืด,25-29,หญิง,700
สมุทรปราการ,โรคหอบหืด,30-34,ชาย,628
สมุทรปราการ,โรคหอบหืด,30-34,หญิง,1108
สมุทรปราการ,โรคหอบหืด,35-39,ชาย,771
สมุทรปราการ,โรคหอบหืด,35-39,หญิง,1306
สมุทรปราการ,โรคหอบหืด,40-44,ชาย,1079
สมุทรปราการ,โรคหอบหืด,40-44,หญิง,1941
สมุทรปราการ,โรคหอบหืด,45-49,ชาย,1173
สมุทรปราการ,โรคหอบหืด,45-49,หญิง,2099
สมุทรปราการ,โรคหอบหืด,5-9,ชาย,5623
สมุทรปราการ,โรคหอบหืด,5-9,หญิง,3571
สมุทรปราการ,โรคหอบหืด,50-54,ชาย,1230
สมุทรปราการ,โรคหอบหืด,50-54,หญิง,2673
สมุทรปราการ,โรคหอบหืด,55-59,ชาย,1738
สมุทรปราการ,โรคหอบหืด,55-59,หญิง,3497
สมุทรปราการ,โรคหอบหืด,60-64,ชาย,1913
สมุทรปราการ,โรคหอบหืด,60-64,หญิง,3868
สมุทรปราการ,โรคหอบหืด,65-69,ชาย,1405
สมุทรปราการ,โรคหอบหืด,65-69,หญิง,3573
สมุทรปราการ,โรคหอบหืด,70-74,ชาย,916
สมุทรปราการ,โรคหอบหืด,70-74,หญิง,3069
สมุทรปราการ,โรคหอบหืด,75-79,ชาย,422
สมุทรปราการ,โรคหอบหืด,75-79,หญิง,1653
สมุทรปราการ,โรคหอบหืด,80+,ชาย,415
สมุทรปราการ,โรคหอบหืด,80+,หญิง,1763
สมุทรปราการ,โรคหอบหืด,ไม่ทราบ,ชาย,1
สมุทรปราการ,โรคหอบหืด,ไม่ทราบ,หญิง,2
สมุทรปราการ,โรคหอบหืด,ไม่ทราบ,ไม่ระบุ,234
สมุทรปราการ,โรคเยื่อจมูกอักเสบจากภูมิแพ้,0-4,ชาย,2477
สมุทรปราการ,โรคเยื่อจมูกอักเสบจากภูมิแพ้,0-4,หญิง,1979
สมุทรปราการ,โรคเยื่อจมูกอักเสบจากภูมิแพ้,10-14,ชาย,3020
สมุทรปราการ,โรคเยื่อจมูกอักเสบจากภูมิแพ้,10-14,หญิง,1927
สมุทรปราการ,โรคเยื่อจมูกอักเสบจากภูมิแพ้,15-19,ชาย,805
สมุทรปราการ,โรคเยื่อจมูกอักเสบจากภูมิแพ้,15-19,หญิง,1034
สมุทรปราการ,โรคเยื่อจมูกอักเสบจากภูมิแพ้,20-24,ชาย,569
สมุทรปราการ,โรคเยื่อจมูกอักเสบจากภูมิแพ้,20-24,หญิง,986
สมุทรปราการ,โรคเยื่อจมูกอักเสบจากภูมิแพ้,25-29,ชาย,630
สมุทรปราการ,โรคเยื่อจมูกอักเสบจากภูมิแพ้,25-29,หญิง,1179
สมุทรปราการ,โรคเยื่อจมูกอักเสบจากภูมิแพ้,30-34,ชาย,599
สมุทรปราการ,โรคเยื่อจมูกอักเสบจากภูมิแพ้,30-34,หญิง,1139
สมุทรปราการ,โรคเยื่อจมูกอักเสบจากภูมิแพ้,35-39,ชาย,561
สมุทรปราการ,โรคเยื่อจมูกอักเสบจากภูมิแพ้,35-39,หญิง,1057
สมุทรปราการ,โรคเยื่อจมูกอักเสบจากภูมิแพ้,40-44,ชาย,638
สมุทรปราการ,โรคเยื่อจมูกอักเสบจากภูมิแพ้,40-44,หญิง,1181
สมุทรปราการ,โรคเยื่อจมูกอักเสบจากภูมิแพ้,45-49,ชาย,708
สมุทรปราการ,โรคเยื่อจมูกอักเสบจากภูมิแพ้,45-49,หญิง,1363
สมุทรปราการ,โรคเยื่อจมูกอักเสบจากภูมิแพ้,5-9,ชาย,5303
สมุทรปราการ,โรคเยื่อจมูกอักเสบจากภูมิแพ้,5-9,หญิง,3828
สมุทรปราการ,โรคเยื่อจมูกอักเสบจากภูมิแพ้,50-54,ชาย,767
สมุทรปราการ,โรคเยื่อจมูกอักเสบจากภูมิแพ้,50-54,หญิง,1379
สมุทรปราการ,โรคเยื่อจมูกอักเสบจากภูมิแพ้,55-59,ชาย,932
สมุทรปราการ,โรคเยื่อจมูกอักเสบจากภูมิแพ้,55-59,หญิง,1757
สมุทรปราการ,โรคเยื่อจมูกอักเสบจากภูมิแพ้,60-64,ชาย,1050
สมุทรปราการ,โรคเยื่อจมูกอักเสบจากภูมิแพ้,60-64,หญิง,1778
สมุทรปราการ,โรคเยื่อจมูกอักเสบจากภูมิแพ้,65-69,ชาย,977
สมุทรปราการ,โรคเยื่อจมูกอักเสบจากภูมิแพ้,65-69,หญิง,1290
สมุทรปราการ,โรคเยื่อจมูกอักเสบจากภูมิแพ้,70-74,ชาย,732
สมุทรปราการ,โรคเยื่อจมูกอักเสบจากภูมิแพ้,70-74,หญิง,920
สมุทรปราการ,โรคเยื่อจมูกอักเสบจากภูมิแพ้,75-79,ชาย,424
สมุทรปราการ,โรคเยื่อจมูกอักเสบจากภูมิแพ้,75-79,หญิง,500
สมุทรปราการ,โรคเยื่อจมูกอักเสบจากภูมิแพ้,80+,ชาย,325
สมุทรปราการ,โรคเยื่อจมูกอักเสบจากภูมิแพ้,80+,หญิง,476
สมุทรปราการ,โรคเยื่อจมูกอักเสบจากภูมิแพ้,ไม่ทราบ,ไม่ระบุ,244
สมุทรปราการ,โรคเยื่อบุตาอักเสบ,0-4,ชาย,2507
สมุทรปราการ,โรคเยื่อบุตาอักเสบ,0-4,หญิง,2024
สมุทรปราการ,โรคเยื่อบุตาอักเสบ,0-4,ไม่ระบุ,2
สมุทรปราการ,โรคเยื่อบุตาอักเสบ,10-14,ชาย,1614
สมุทรปราการ,โรคเยื่อบุตาอักเสบ,10-14,หญิง,1316
สมุทรปราการ,โรคเยื่อบุตาอักเสบ,15-19,ชาย,1210
สมุทรปราการ,โรคเยื่อบุตาอักเสบ,15-19,หญิง,1699
สมุทรปราการ,โรคเยื่อบุตาอักเสบ,20-24,ชาย,1196
สมุทรปราการ,โรคเยื่อบุตาอักเสบ,20-24,หญิง,1524
สมุทรปราการ,โรคเยื่อบุตาอักเสบ,20-24,ไม่ระบุ,1
สมุทรปราการ,โรคเยื่อบุตาอักเสบ,25-29,ชาย,1207
สมุทรปราการ,โรคเยื่อบุตาอักเสบ,25-29,หญิง,1518
สมุทรปราการ,โรคเยื่อบุตาอักเสบ,25-29,ไม่ระบุ,1
สมุทรปราการ,โรคเยื่อบุตาอักเสบ,30-34,ชาย,1136
สมุทรปราการ,โรคเยื่อบุตาอักเสบ,30-34,หญิง,1215
สมุทรปราการ,โรคเยื่อบุตาอักเสบ,35-39,ชาย,995
สมุทรปราการ,โรคเยื่อบุตาอักเสบ,35-39,หญิง,1051
สมุทรปราการ,โรคเยื่อบุตาอักเสบ,40-44,ชาย,1074
สมุทรปราการ,โรคเยื่อบุตาอักเสบ,40-44,หญิง,1132
สมุทรปราการ,โรคเยื่อบุตาอักเสบ,45-49,ชาย,1060
สมุทรปราการ,โรคเยื่อบุตาอักเสบ,45-49,หญิง,1230
สมุทรปราการ,โรคเยื่อบุตาอักเสบ,5-9,ชาย,2750
สมุทรปราการ,โรคเยื่อบุตาอักเสบ,5-9,หญิง,1810
สมุทรปราการ,โรคเยื่อบุตาอักเสบ,50-54,ชาย,985
สมุทรปราการ,โรคเยื่อบุตาอักเสบ,50-54,หญิง,1523
สมุทรปราการ,โรคเยื่อบุตาอักเสบ,55-59,ชาย,1119
สมุทรปราการ,โรคเยื่อบุตาอักเสบ,55-59,หญิง,2042
สมุทรปราการ,โรคเยื่อบุตาอักเสบ,60-64,ชาย,1199
สมุทรปราการ,โรคเยื่อบุตาอักเสบ,60-64,หญิง,2180
สมุทรปราการ,โรคเยื่อบุตาอักเสบ,65-69,ชาย,1004
สมุทรปราการ,โรคเยื่อบุตาอักเสบ,65-69,หญิง,1823
สมุทรปราการ,โรคเยื่อบุตาอักเสบ,70-74,ชาย,735
สมุทรปราการ,โรคเยื่อบุตาอักเสบ,70-74,หญิง,1499
สมุทรปราการ,โรคเยื่อบุตาอักเสบ,75-79,ชาย,492
สมุทรปราการ,โรคเยื่อบุตาอักเสบ,75-79,หญิง,826
สมุทรปราการ,โรคเยื่อบุตาอักเสบ,80+,ชาย,487
สมุทรปราการ,โรคเยื่อบุตาอักเสบ,80+,หญิง,853
สมุทรปราการ,โรคเยื่อบุตาอักเสบ,ไม่ทราบ,หญิง,2
สมุทรปราการ,โรคเยื่อบุตาอักเสบ,ไม่ทราบ,ไม่ระบุ,731
สมุทรสงคราม,โรคติดเชื้อทางเดินหายใจส่วนบนเฉียบพลัน,0-4,ชาย,10715
สมุทรสงคราม,โรคติดเชื้อทางเดินหายใจส่วนบนเฉียบพลัน,0-4,หญิง,10448
สมุทรสงคราม,โรคติดเชื้อทางเดินหายใจส่วนบนเฉียบพลัน,10-14,ชาย,6267
สมุทรสงคราม,โรคติดเชื้อทางเดินหายใจส่วนบนเฉียบพลัน,10-14,หญิง,5449
สมุทรสงคราม,โรคติดเชื้อทางเดินหายใจส่วนบนเฉียบพลัน,15-19,ชาย,3891
สมุทรสงคราม,โรคติดเชื้อทางเดินหายใจส่วนบนเฉียบพลัน,15-19,หญิง,3917
สมุทรสงคราม,โรคติดเชื้อทางเดินหายใจส่วนบนเฉียบพลัน,20-24,ชาย,3744
สมุทรสงคราม,โรคติดเชื้อทางเดินหายใจส่วนบนเฉียบพลัน,20-24,หญิง,4827
สมุทรสงคราม,โรคติดเชื้อทางเดินหายใจส่วนบนเฉียบพลัน,25-29,ชาย,4051
สมุทรสงคราม,โรคติดเชื้อทางเดินหายใจส่วนบนเฉียบพลัน,25-29,หญิง,6110
สมุทรสงคราม,โรคติดเชื้อทางเดินหายใจส่วนบนเฉียบพลัน,30-34,ชาย,3261
สมุทรสงคราม,โรคติดเชื้อทางเดินหายใจส่วนบนเฉียบพลัน,30-34,หญิง,5980
สมุทรสงคราม,โรคติดเชื้อทางเดินหายใจส่วนบนเฉียบพลัน,35-39,ชาย,3686
สมุทรสงคราม,โรคติดเชื้อทางเดินหายใจส่วนบนเฉียบพลัน,35-39,หญิง,6017
สมุทรสงคราม,โรคติดเชื้อทางเดินหายใจส่วนบนเฉียบพลัน,40-44,ชาย,3835
สมุทรสงคราม,โรคติดเชื้อทางเดินหายใจส่วนบนเฉียบพลัน,40-44,หญิง,6856
สมุทรสงคราม,โรคติดเชื้อทางเดินหายใจส่วนบนเฉียบพลัน,45-49,ชาย,4183
สมุทรสงคราม,โรคติดเชื้อทางเดินหายใจส่วนบนเฉียบพลัน,45-49,หญิง,6924
สมุทรสงคราม,โรคติดเชื้อทางเดินหายใจส่วนบนเฉียบพลัน,5-9,ชาย,10230
สมุทรสงคราม,โรคติดเชื้อทางเดินหายใจส่วนบนเฉียบพลัน,5-9,หญิง,9313
สมุทรสงคราม,โรคติดเชื้อทางเดินหายใจส่วนบนเฉียบพลัน,50-54,ชาย,4209
สมุทรสงคราม,โรคติดเชื้อทางเดินหายใจส่วนบนเฉียบพลัน,50-54,หญิง,7240
สมุทรสงคราม,โรคติดเชื้อทางเดินหายใจส่วนบนเฉียบพลัน,55-59,ชาย,3691
สมุทรสงคราม,โรคติดเชื้อทางเดินหายใจส่วนบนเฉียบพลัน,55-59,หญิง,6570
สมุทรสงคราม,โรคติดเชื้อทางเดินหายใจส่วนบนเฉียบพลัน,60-64,ชาย,3754
สมุทรสงคราม,โรคติดเชื้อทางเดินหายใจส่วนบนเฉียบพลัน,60-64,หญิง,5775
สมุทรสงคราม,โรคติดเชื้อทางเดินหายใจส่วนบนเฉียบพลัน,65-69,ชาย,3223
สมุทรสงคราม,โรคติดเชื้อทางเดินหายใจส่วนบนเฉียบพลัน,65-69,หญิง,4920
สมุทรสงคราม,โรคติดเชื้อทางเดินหายใจส่วนบนเฉียบพลัน,70-74,ชาย,2886
สมุทรสงคราม,โรคติดเชื้อทางเดินหายใจส่วนบนเฉียบพลัน,70-74,หญิง,3931
สมุทรสงคราม,โรคติดเชื้อทางเดินหายใจส่วนบนเฉียบพลัน,75-79,ชาย,2245
สมุทรสงคราม,โรคติดเชื้อทางเดินหายใจส่วนบนเฉียบพลัน,75-79,หญิง,2583
สมุทรสงคราม,โรคติดเชื้อทางเดินหายใจส่วนบนเฉียบพลัน,80+,ชาย,1963
สมุทรสงคราม,โรคติดเชื้อทางเดินหายใจส่วนบนเฉียบพลัน,80+,หญิง,3318
สมุทรสงคราม,โรคติดเชื้อทางเดินหายใจส่วนบนเฉียบพลัน,ไม่ทราบ,ชาย,44
สมุทรสงคราม,โรคติดเชื้อทางเดินหายใจส่วนบนเฉียบพลัน,ไม่ทราบ,หญิง,17
สมุทรสงคราม,โรคติดเชื้อทางเดินหายใจส่วนบนเฉียบพลัน,ไม่ทราบ,ไม่ระบุ,38693
สมุทรสงคราม,โรคปอดอุดกั้นเรื้อรัง,0-4,ชาย,3
สมุทรสงคราม,โรคปอดอุดกั้นเรื้อรัง,10-14,ชาย,1
สมุทรสงคราม,โรคปอดอุดกั้นเรื้อรัง,15-19,ชาย,1
สมุทรสงคราม,โรคปอดอุดกั้นเรื้อรัง,15-19,หญิง,1
สมุทรสงคราม,โรคปอดอุดกั้นเรื้อรัง,20-24,หญิง,1
สมุทรสงคราม,โรคปอดอุดกั้นเรื้อรัง,25-29,ชาย,4
สมุทรสงคราม,โรคปอดอุดกั้นเรื้อรัง,25-29,หญิง,2
สมุทรสงคราม,โรคปอดอุดกั้นเรื้อรัง,30-34,ชาย,6
สมุทรสงคราม,โรคปอดอุดกั้นเรื้อรัง,30-34,หญิง,5
สมุทรสงคราม,โรคปอดอุดกั้นเรื้อรัง,35-39,ชาย,35
สมุทรสงคราม,โรคปอดอุดกั้นเรื้อรัง,35-39,หญิง,4
สมุทรสงคราม,โรคปอดอุดกั้นเรื้อรัง,40-44,ชาย,57
สมุทรสงคราม,โรคปอดอุดกั้นเรื้อรัง,40-44,หญิง,26
สมุทรสงคราม,โรคปอดอุดกั้นเรื้อรัง,45-49,ชาย,187
สมุทรสงคราม,โรคปอดอุดกั้นเรื้อรัง,45-49,หญิง,11
สมุทรสงคราม,โรคปอดอุดกั้นเรื้อรัง,5-9,ชาย,1
สมุทรสงคราม,โรคปอดอุดกั้นเรื้อรัง,5-9,หญิง,1
สมุทรสงคราม,โรคปอดอุดกั้นเรื้อรัง,50-54,ชาย,214
สมุทรสงคราม,โรคปอดอุดกั้นเรื้อรัง,50-54,หญิง,35
สมุทรสงคราม,โรคปอดอุดกั้นเรื้อรัง,55-59,ชาย,528
สมุทรสงคราม,โรคปอดอุดกั้นเรื้อรัง,55-59,หญิง,17
สมุทรสงคราม,โรคปอดอุดกั้นเรื้อรัง,60-64,ชาย,702
สมุทรสงคราม,โรคปอดอุดกั้นเรื้อรัง,60-64,หญิง,63
สมุทรสงคราม,โรคปอดอุดกั้นเรื้อรัง,65-69,ชาย,691
สมุทรสงคราม,โรคปอดอุดกั้นเรื้อรัง,65-69,หญิง,98
สมุทรสงคราม,โรคปอดอุดกั้นเรื้อรัง,70-74,ชาย,703
สมุทรสงคราม,โรคปอดอุดกั้นเรื้อรัง,70-74,หญิง,129
สมุทรสงคราม,โรคปอดอุดกั้นเรื้อรัง,75-79,ชาย,666
สมุทรสงคราม,โรคปอดอุดกั้นเรื้อรัง,75-79,หญิง,102
สมุทรสงคราม,โรคปอดอุดกั้นเรื้อรัง,80+,ชาย,833
สมุทรสงคราม,โรคปอดอุดกั้นเรื้อรัง,80+,หญิง,238
สมุทรสงคราม,โรคปอดอุดกั้นเรื้อรัง,ไม่ทราบ,ไม่ระบุ,3234
สมุทรสงคราม,โรคผิวหนังอักเสบ,0-4,ชาย,145
สมุทรสงคราม,โรคผิวหนังอักเสบ,0-4,หญิง,137
สมุทรสงคราม,โรคผิวหนังอักเสบ,10-14,ชาย,83
สมุทรสงคราม,โรคผิวหนังอักเสบ,10-14,หญิง,77
สมุทรสงคราม,โรคผิวหนังอักเสบ,15-19,ชาย,85
สมุทรสงคราม,โรคผิวหนังอักเสบ,15-19,หญิง,106
สมุทรสงคราม,โรคผิวหนังอักเสบ,20-24,ชาย,146
สมุทรสงคราม,โรคผิวหนังอักเสบ,20-24,หญิง,104
สมุทรสงคราม,โรคผิวหนังอักเสบ,25-29,ชาย,159
สมุทรสงคราม,โรคผิวหนังอักเสบ,25-29,หญิง,180
สมุทรสงคราม,โรคผิวหนังอักเสบ,30-34,ชาย,152
สมุทรสงคราม,โรคผิวหนังอักเสบ,30-34,หญิง,187
สมุทรสงคราม,โรคผิวหนังอักเสบ,35-39,ชาย,185
สมุทรสงคราม,โรคผิวหนังอักเสบ,35-39,หญิง,195
สมุทรสงคราม,โรคผิวหนังอักเสบ,40-44,ชาย,205
สมุทรสงคราม,โรคผิวหนังอักเสบ,40-44,หญิง,255
สมุทรสงคราม,โรคผิวหนังอักเสบ,45-49,ชาย,223
สมุทรสงคราม,โรคผิวหนังอักเสบ,45-49,หญิง,302
สมุทรสงคราม,โรคผิวหนังอักเสบ,5-9,ชาย,136
สมุทรสงคราม,โรคผิวหนังอักเสบ,5-9,หญิง,106
สมุทรสงคราม,โรคผิวหนังอักเสบ,50-54,ชาย,271
สมุทรสงคราม,โรคผิวหนังอักเสบ,50-54,หญิง,389
สมุทรสงคราม,โรคผิวหนังอักเสบ,55-59,ชาย,251
สมุทรสงคราม,โรคผิวหนังอักเสบ,55-59,หญิง,406
สมุทรสงคราม,โรคผิวหนังอักเสบ,60-64,ชาย,311
สมุทรสงคราม,โรคผิวหนังอักเสบ,60-64,หญิง,361
สมุทรสงคราม,โรคผิวหนังอักเสบ,65-69,ชาย,215
สมุทรสงคราม,โรคผิวหนังอักเสบ,65-69,หญิง,265
สมุทรสงคราม,โรคผิวหนังอักเสบ,70-74,ชาย,212
สมุทรสงคราม,โรคผิวหนังอักเสบ,70-74,หญิง,175
สมุทรสงคราม,โรคผิวหนังอักเสบ,75-79,ชาย,104
สมุทรสงคราม,โรคผิวหนังอักเสบ,75-79,หญิง,121
สมุทรสงคราม,โรคผิวหนังอักเสบ,80+,ชาย,110
สมุทรสงคราม,โรคผิวหนังอักเสบ,80+,หญิง,222
สมุทรสงคราม,โรคผิวหนังอักเสบ,ไม่ทราบ,ไม่ระบุ,1738
สมุทรสงคราม,โรคลมพิษ,0-4,ชาย,85
สมุทรสงคราม,โรคลมพิษ,0-4,หญิง,98
สมุทรสงคราม,โรคลมพิษ,10-14,ชาย,116
สมุทรสงคราม,โรคลมพิษ,10-14,หญิง,125
สมุทรสงคราม,โรคลมพิษ,15-19,ชาย,87
สมุทรสงคราม,โรคลมพิษ,15-19,หญิง,103
สมุทรสงคราม,โรคลมพิษ,20-24,ชาย,64
สมุทรสงคราม,โรคลมพิษ,20-24,หญิง,137
สมุทรสงคราม,โรคลมพิษ,25-29,ชาย,75
สมุทรสงคราม,โรคลมพิษ,25-29,หญิง,144
สมุทรสงคราม,โรคลมพิษ,30-34,ชาย,75
สมุทรสงคราม,โรคลมพิษ,30-34,หญิง,154
สมุทรสงคราม,โรคลมพิษ,35-39,ชาย,46
สมุทรสงคราม,โรคลมพิษ,35-39,หญิง,136
สมุทรสงคราม,โรคลมพิษ,40-44,ชาย,41
สมุทรสงคราม,โรคลมพิษ,40-44,หญิง,138
สมุทรสงคราม,โรคลมพิษ,45-49,ชาย,52
สมุทรสงคราม,โรคลมพิษ,45-49,หญิง,125
สมุทรสงคราม,โรคลมพิษ,5-9,ชาย,115
สมุทรสงคราม,โรคลมพิษ,5-9,หญิง,74
สมุทรสงคราม,โรคลมพิษ,50-54,ชาย,54
สมุทรสงคราม,โรคลมพิษ,50-54,หญิง,104
สมุทรสงคราม,โรคลมพิษ,55-59,ชาย,45
สมุทรสงคราม,โรคลมพิษ,55-59,หญิง,106
สมุทรสงคราม,โรคลมพิษ,60-64,ชาย,44
สมุทรสงคราม,โรคลมพิษ,60-64,หญิง,100
สมุทรสงคราม,โรคลมพิษ,65-69,ชาย,39
สมุทรสงคราม,โรคลมพิษ,65-69,หญิง,56
สมุทรสงคราม,โรคลมพิษ,70-74,ชาย,22
สมุทรสงคราม,โรคลมพิษ,70-74,หญิง,51
สมุทรสงคราม,โรคลมพิษ,75-79,ชาย,19
สมุทรสงคราม,โรคลมพิษ,75-79,หญิง,22
สมุทรสงคราม,โรคลมพิษ,80+,ชาย,13
สมุทรสงคราม,โรคลมพิษ,80+,หญิง,33
สมุทรสงคราม,โรคลมพิษ,ไม่ทราบ,ไม่ระบุ,1280
สมุทรสงคราม,โรคหอบหืด,0-4,ชาย,80
สมุทรสงคราม,โรคหอบหืด,0-4,หญิง,42
สมุทรสงคราม,โรคหอบหืด,10-14,ชาย,222
สมุทรสงคราม,โรคหอบหืด,10-14,หญิง,117
สมุทรสงคราม,โรคหอบหืด,15-19,ชาย,166
สมุทรสงคราม,โรคหอบหืด,15-19,หญิง,69
สมุทรสงคราม,โรคหอบหืด,20-24,ชาย,138
สมุทรสงคราม,โรคหอบหืด,20-24,หญิง,84
สมุทรสงคราม,โรคหอบหืด,25-29,ชาย,89
สมุทรสงคราม,โรคหอบหืด,25-29,หญิง,105
สมุทรสงคราม,โรคหอบหืด,30-34,ชาย,130
สมุทรสงคราม,โรคหอบหืด,30-34,หญิง,170
สมุทรสงคราม,โรคหอบหืด,35-39,ชาย,113
สมุทรสงคราม,โรคหอบหืด,35-39,หญิง,250
สมุทรสงคราม,โรคหอบหืด,40-44,ชาย,189
สมุทรสงคราม,โรคหอบหืด,40-44,หญิง,344
สมุทรสงคราม,โรคหอบหืด,45-49,ชาย,218
สมุทรสงคราม,โรคหอบหืด,45-49,หญิง,477
สมุทรสงคราม,โรคหอบหืด,5-9,ชาย,265
สมุทรสงคราม,โรคหอบหืด,5-9,หญิง,153
สมุทรสงคราม,โรคหอบหืด,50-54,ชาย,235
สมุทรสงคราม,โรคหอบหืด,50-54,หญิง,499
สมุทรสงคราม,โรคหอบหืด,55-59,ชาย,265
สมุทรสงคราม,โรคหอบหืด,55-59,หญิง,560
สมุทรสงคราม,โรคหอบหืด,60-64,ชาย,305
สมุทรสงคราม,โรคหอบหืด,60-64,หญิง,644
สมุทรสงคราม,โรคหอบหืด,65-69,ชาย,216
สมุทรสงคราม,โรคหอบหืด,65-69,หญิง,561
สมุทรสงคราม,โรคหอบหืด,70-74,ชาย,197
สมุทรสงคราม,โรคหอบหืด,70-74,หญิง,373
สมุทรสงคราม,โรคหอบหืด,75-79,ชาย,130
สมุทรสงคราม,โรคหอบหืด,75-79,หญิง,305
สมุทรสงคราม,โรคหอบหืด,80+,ชาย,86
สมุทรสงคราม,โรคหอบหืด,80+,หญิง,346
สมุทรสงคราม,โรคหอบหืด,ไม่ทราบ,ชาย,1
สมุทรสงคราม,โรคหอบหืด,ไม่ทราบ,ไม่ระบุ,5964
สมุทรสงคราม,โรคเยื่อจมูกอักเสบจากภูมิแพ้,0-4,ชาย,72
สมุทรสงคราม,โรคเยื่อจมูกอักเสบจากภูมิแพ้,0-4,หญิง,67
สมุทรสงคราม,โรคเยื่อจมูกอักเสบจากภูมิแพ้,10-14,ชาย,180
สมุทรสงคราม,โรคเยื่อจมูกอักเสบจากภูมิแพ้,10-14,หญิง,102
สมุทรสงคราม,โรคเยื่อจมูกอักเสบจากภูมิแพ้,15-19,ชาย,65
สมุทรสงคราม,โรคเยื่อจมูกอักเสบจากภูมิแพ้,15-19,หญิง,78
สมุทรสงคราม,โรคเยื่อจมูกอักเสบจากภูมิแพ้,20-24,ชาย,71
สมุทรสงคราม,โรคเยื่อจมูกอักเสบจากภูมิแพ้,20-24,หญิง,85
สมุทรสงคราม,โรคเยื่อจมูกอักเสบจากภูมิแพ้,25-29,ชาย,115
สมุทรสงคราม,โรคเยื่อจมูกอักเสบจากภูมิแพ้,25-29,หญิง,152
สมุทรสงคราม,โรคเยื่อจมูกอักเสบจากภูมิแพ้,30-34,ชาย,84
สมุทรสงคราม,โรคเยื่อจมูกอักเสบจากภูมิแพ้,30-34,หญิง,159
สมุทรสงคราม,โรคเยื่อจมูกอักเสบจากภูมิแพ้,35-39,ชาย,82
สมุทรสงคราม,โรคเยื่อจมูกอักเสบจากภูมิแพ้,35-39,หญิง,136
สมุทรสงคราม,โรคเยื่อจมูกอักเสบจากภูมิแพ้,40-44,ชาย,87
สมุทรสงคราม,โรคเยื่อจมูกอักเสบจากภูมิแพ้,40-44,หญิง,156
สมุทรสงคราม,โรคเยื่อจมูกอักเสบจากภูมิแพ้,45-49,ชาย,109
สมุทรสงคราม,โรคเยื่อจมูกอักเสบจากภูมิแพ้,45-49,หญิง,165
สมุทรสงคราม,โรคเยื่อจมูกอักเสบจากภูมิแพ้,5-9,ชาย,186
สมุทรสงคราม,โรคเยื่อจมูกอักเสบจากภูมิแพ้,5-9,หญิง,164
สมุทรสงคราม,โรคเยื่อจมูกอักเสบจากภูมิแพ้,50-54,ชาย,96
สมุทรสงคราม,โรคเยื่อจมูกอักเสบจากภูมิแพ้,50-54,หญิง,188
สมุทรสงคราม,โรคเยื่อจมูกอักเสบจากภูมิแพ้,55-59,ชาย,143
สมุทรสงคราม,โรคเยื่อจมูกอักเสบจากภูมิแพ้,55-59,หญิง,183
สมุทรสงคราม,โรคเยื่อจมูกอักเสบจากภูมิแพ้,60-64,ชาย,111
สมุทรสงคราม,โรคเยื่อจมูกอักเสบจากภูมิแพ้,60-64,หญิง,203
สมุทรสงคราม,โรคเยื่อจมูกอักเสบจากภูมิแพ้,65-69,ชาย,109
สมุทรสงคราม,โรคเยื่อจมูกอักเสบจากภูมิแพ้,65-69,หญิง,193
สมุทรสงคราม,โรคเยื่อจมูกอักเสบจากภูมิแพ้,70-74,ชาย,99
สมุทรสงคราม,โรคเยื่อจมูกอักเสบจากภูมิแพ้,70-74,หญิง,141
สมุทรสงคราม,โรคเยื่อจมูกอักเสบจากภูมิแพ้,75-79,ชาย,65
สมุทรสงคราม,โรคเยื่อจมูกอักเสบจากภูมิแพ้,75-79,หญิง,76
สมุทรสงคราม,โรคเยื่อจมูกอักเสบจากภูมิแพ้,80+,ชาย,62
สมุทรสงคราม,โรคเยื่อจมูกอักเสบจากภูมิแพ้,80+,หญิง,83
สมุทรสงคราม,โรคเยื่อจมูกอักเสบจากภูมิแพ้,ไม่ทราบ,ไม่ระบุ,3412
สมุทรสงคราม,โรคเยื่อบุตาอักเสบ,0-4,ชาย,203
สมุทรสงคราม,โรคเยื่อบุตาอักเสบ,0-4,หญิง,217
สมุทรสงคราม,โรคเยื่อบุตาอักเสบ,10-14,ชาย,294
สมุทรสงคราม,โรคเยื่อบุตาอักเสบ,10-14,หญิง,321
สมุทรสงคราม,โรคเยื่อบุตาอักเสบ,15-19,ชาย,325
สมุทรสงคราม,โรคเยื่อบุตาอักเสบ,15-19,หญิง,347
สมุทรสงคราม,โรคเยื่อบุตาอักเสบ,20-24,ชาย,381
สมุทรสงคราม,โรคเยื่อบุตาอักเสบ,20-24,หญิง,394
สมุทรสงคราม,โรคเยื่อบุตาอักเสบ,25-29,ชาย,435
สมุทรสงคราม,โรคเยื่อบุตาอักเสบ,25-29,หญิง,536
สมุทรสงคราม,โรคเยื่อบุตาอักเสบ,30-34,ชาย,454
สมุทรสงคราม,โรคเยื่อบุตาอักเสบ,30-34,หญิง,526
สมุทรสงคราม,โรคเยื่อบุตาอักเสบ,35-39,ชาย,507
สมุทรสงคราม,โรคเยื่อบุตาอักเสบ,35-39,หญิง,457
สมุทรสงคราม,โรคเยื่อบุตาอักเสบ,40-44,ชาย,496
สมุทรสงคราม,โรคเยื่อบุตาอักเสบ,40-44,หญิง,535
สมุทรสงคราม,โรคเยื่อบุตาอักเสบ,45-49,ชาย,587
สมุทรสงคราม,โรคเยื่อบุตาอักเสบ,45-49,หญิง,683
สมุทรสงคราม,โรคเยื่อบุตาอักเสบ,5-9,ชาย,396
สมุทรสงคราม,โรคเยื่อบุตาอักเสบ,5-9,หญิง,256
สมุทรสงคราม,โรคเยื่อบุตาอักเสบ,50-54,ชาย,661
สมุทรสงคราม,โรคเยื่อบุตาอักเสบ,50-54,หญิง,853
สมุทรสงคราม,โรคเยื่อบุตาอักเสบ,55-59,ชาย,573
สมุทรสงคราม,โรคเยื่อบุตาอักเสบ,55-59,หญิง,926
สมุทรสงคราม,โรคเยื่อบุตาอักเสบ,60-64,ชาย,646
สมุทรสงคราม,โรคเยื่อบุตาอักเสบ,60-64,หญิง,870
สมุทรสงคราม,โรคเยื่อบุตาอักเสบ,65-69,ชาย,600
สมุทรสงคราม,โรคเยื่อบุตาอักเสบ,65-69,หญิง,854
สมุทรสงคราม,โรคเยื่อบุตาอักเสบ,70-74,ชาย,521
สมุทรสงคราม,โรคเยื่อบุตาอักเสบ,70-74,หญิง,869
สมุทรสงคราม,โรคเยื่อบุตาอักเสบ,75-79,ชาย,389
สมุทรสงคราม,โรคเยื่อบุตาอักเสบ,75-79,หญิง,558
สมุทรสงคราม,โรคเยื่อบุตาอักเสบ,80+,ชาย,373
สมุทรสงคราม,โรคเยื่อบุตาอักเสบ,80+,หญิง,891
สมุทรสงคราม,โรคเยื่อบุตาอักเสบ,ไม่ทราบ,ชาย,15
สมุทรสงคราม,โรคเยื่อบุตาอักเสบ,ไม่ทราบ,หญิง,5
สมุทรสงคราม,โรคเยื่อบุตาอักเสบ,ไม่ทราบ,ไม่ระบุ,2022
สมุทรสาคร,โรคติดเชื้อทางเดินหายใจส่วนบนเฉียบพลัน,0-4,ชาย,64894
สมุทรสาคร,โรคติดเชื้อทางเดินหายใจส่วนบนเฉียบพลัน,0-4,หญิง,57747
สมุทรสาคร,โรคติดเชื้อทางเดินหายใจส่วนบนเฉียบพลัน,0-4,ไม่ระบุ,23
สมุทรสาคร,โรคติดเชื้อทางเดินหายใจส่วนบนเฉียบพลัน,10-14,ชาย,23940
สมุทรสาคร,โรคติดเชื้อทางเดินหายใจส่วนบนเฉียบพลัน,10-14,หญิง,21571
สมุทรสาคร,โรคติดเชื้อทางเดินหายใจส่วนบนเฉียบพลัน,10-14,ไม่ระบุ,1
สมุทรสาคร,โรคติดเชื้อทางเดินหายใจส่วนบนเฉียบพลัน,15-19,ชาย,14885
สมุทรสาคร,โรคติดเชื้อทางเดินหายใจส่วนบนเฉียบพลัน,15-19,หญิง,17736
สมุทรสาคร,โรคติดเชื้อทางเดินหายใจส่วนบนเฉียบพลัน,15-19,ไม่ระบุ,2
สมุทรสาคร,โรคติดเชื้อทางเดินหายใจส่วนบนเฉียบพลัน,20-24,ชาย,18941
สมุทรสาคร,โรคติดเชื้อทางเดินหายใจส่วนบนเฉียบพลัน,20-24,หญิง,25187
สมุทรสาคร,โรคติดเชื้อทางเดินหายใจส่วนบนเฉียบพลัน,20-24,ไม่ระบุ,6
สมุทรสาคร,โรคติดเชื้อทางเดินหายใจส่วนบนเฉียบพลัน,25-29,ชาย,19853
สมุทรสาคร,โรคติดเชื้อทางเดินหายใจส่วนบนเฉียบพลัน,25-29,หญิง,28894
สมุทรสาคร,โรคติดเชื้อทางเดินหายใจส่วนบนเฉียบพลัน,25-29,ไม่ระบุ,6
สมุทรสาคร,โรคติดเชื้อทางเดินหายใจส่วนบนเฉียบพลัน,30-34,ชาย,17168
สมุทรสาคร,โรคติดเชื้อทางเดินหายใจส่วนบนเฉียบพลัน,30-34,หญิง,25993
สมุทรสาคร,โรคติดเชื้อทางเดินหายใจส่วนบนเฉียบพลัน,30-34,ไม่ระบุ,2
สมุทรสาคร,โรคติดเชื้อทางเดินหายใจส่วนบนเฉียบพลัน,35-39,ชาย,14144
สมุทรสาคร,โรคติดเชื้อทางเดินหายใจส่วนบนเฉียบพลัน,35-39,หญิง,21990
สมุทรสาคร,โรคติดเชื้อทางเดินหายใจส่วนบนเฉียบพลัน,35-39,ไม่ระบุ,3
สมุทรสาคร,โรคติดเชื้อทางเดินหายใจส่วนบนเฉียบพลัน,40-44,ชาย,12837
สมุทรสาคร,โรคติดเชื้อทางเดินหายใจส่วนบนเฉียบพลัน,40-44,หญิง,20729
สมุทรสาคร,โรคติดเชื้อทางเดินหายใจส่วนบนเฉียบพลัน,40-44,ไม่ระบุ,3
สมุทรสาคร,โรคติดเชื้อทางเดินหายใจส่วนบนเฉียบพลัน,45-49,ชาย,11193
สมุทรสาคร,โรคติดเชื้อทางเดินหายใจส่วนบนเฉียบพลัน,45-49,หญิง,18055
สมุทรสาคร,โรคติดเชื้อทางเดินหายใจส่วนบนเฉียบพลัน,45-49,ไม่ระบุ,2
สมุทรสาคร,โรคติดเชื้อทางเดินหายใจส่วนบนเฉียบพลัน,5-9,ชาย,45359
สมุทรสาคร,โรคติดเชื้อทางเดินหายใจส่วนบนเฉียบพลัน,5-9,หญิง,41591
สมุทรสาคร,โรคติดเชื้อทางเดินหายใจส่วนบนเฉียบพลัน,5-9,ไม่ระบุ,4
สมุทรสาคร,โรคติดเชื้อทางเดินหายใจส่วนบนเฉียบพลัน,50-54,ชาย,8981
สมุทรสาคร,โรคติดเชื้อทางเดินหายใจส่วนบนเฉียบพลัน,50-54,หญิง,16643
สมุทรสาคร,โรคติดเชื้อทางเดินหายใจส่วนบนเฉียบพลัน,55-59,ชาย,8684
สมุทรสาคร,โรคติดเชื้อทางเดินหายใจส่วนบนเฉียบพลัน,55-59,หญิง,15593
สมุทรสาคร,โรคติดเชื้อทางเดินหายใจส่วนบนเฉียบพลัน,60-64,ชาย,8612
สมุทรสาคร,โรคติดเชื้อทางเดินหายใจส่วนบนเฉียบพลัน,60-64,หญิง,13751
สมุทรสาคร,โรคติดเชื้อทางเดินหายใจส่วนบนเฉียบพลัน,60-64,ไม่ระบุ,2
สมุทรสาคร,โรคติดเชื้อทางเดินหายใจส่วนบนเฉียบพลัน,65-69,ชาย,7295
สมุทรสาคร,โรคติดเชื้อทางเดินหายใจส่วนบนเฉียบพลัน,65-69,หญิง,10931
สมุทรสาคร,โรคติดเชื้อทางเดินหายใจส่วนบนเฉียบพลัน,70-74,ชาย,6200
สมุทรสาคร,โรคติดเชื้อทางเดินหายใจส่วนบนเฉียบพลัน,70-74,หญิง,8093
สมุทรสาคร,โรคติดเชื้อทางเดินหายใจส่วนบนเฉียบพลัน,75-79,ชาย,3651
สมุทรสาคร,โรคติดเชื้อทางเดินหายใจส่วนบนเฉียบพลัน,75-79,หญิง,4586
สมุทรสาคร,โรคติดเชื้อทางเดินหายใจส่วนบนเฉียบพลัน,80+,ชาย,3657
สมุทรสาคร,โรคติดเชื้อทางเดินหายใจส่วนบนเฉียบพลัน,80+,หญิง,5127
สมุทรสาคร,โรคติดเชื้อทางเดินหายใจส่วนบนเฉียบพลัน,80+,ไม่ระบุ,1
สมุทรสาคร,โรคติดเชื้อทางเดินหายใจส่วนบนเฉียบพลัน,ไม่ทราบ,ชาย,34
สมุทรสาคร,โรคติดเชื้อทางเดินหายใจส่วนบนเฉียบพลัน,ไม่ทราบ,หญิง,23
สมุทรสาคร,โรคติดเชื้อทางเดินหายใจส่วนบนเฉียบพลัน,ไม่ทราบ,ไม่ระบุ,1554
สมุทรสาคร,โรคปอดอุดกั้นเรื้อรัง,0-4,ชาย,11
สมุทรสาคร,โรคปอดอุดกั้นเรื้อรัง,0-4,หญิง,3
สมุทรสาคร,โรคปอดอุดกั้นเรื้อรัง,10-14,ชาย,4
สมุทรสาคร,โรคปอดอุดกั้นเรื้อรัง,10-14,หญิง,2
สมุทรสาคร,โรคปอดอุดกั้นเรื้อรัง,15-19,ชาย,3
สมุทรสาคร,โรคปอดอุดกั้นเรื้อรัง,15-19,หญิง,4
สมุทรสาคร,โรคปอดอุดกั้นเรื้อรัง,20-24,ชาย,10
สมุทรสาคร,โรคปอดอุดกั้นเรื้อรัง,20-24,หญิง,4
สมุทรสาคร,โรคปอดอุดกั้นเรื้อรัง,25-29,ชาย,22
สมุทรสาคร,โรคปอดอุดกั้นเรื้อรัง,25-29,หญิง,9
สมุทรสาคร,โรคปอดอุดกั้นเรื้อรัง,30-34,ชาย,51
สมุทรสาคร,โรคปอดอุดกั้นเรื้อรัง,30-34,หญิง,12
สมุทรสาคร,โรคปอดอุดกั้นเรื้อรัง,35-39,ชาย,167
สมุทรสาคร,โรคปอดอุดกั้นเรื้อรัง,35-39,หญิง,11
สมุทรสาคร,โรคปอดอุดกั้นเรื้อรัง,40-44,ชาย,411
สมุทรสาคร,โรคปอดอุดกั้นเรื้อรัง,40-44,หญิง,51
สมุทรสาคร,โรคปอดอุดกั้นเรื้อรัง,45-49,ชาย,700
สมุทรสาคร,โรคปอดอุดกั้นเรื้อรัง,45-49,หญิง,106
สมุทรสาคร,โรคปอดอุดกั้นเรื้อรัง,5-9,ชาย,6
สมุทรสาคร,โรคปอดอุดกั้นเรื้อรัง,5-9,หญิง,3
สมุทรสาคร,โรคปอดอุดกั้นเรื้อรัง,50-54,ชาย,1003
สมุทรสาคร,โรคปอดอุดกั้นเรื้อรัง,50-54,หญิง,122
สมุทรสาคร,โรคปอดอุดกั้นเรื้อรัง,55-59,ชาย,2107
สมุทรสาคร,โรคปอดอุดกั้นเรื้อรัง,55-59,หญิง,255
สมุทรสาคร,โรคปอดอุดกั้นเรื้อรัง,60-64,ชาย,3216
สมุทรสาคร,โรคปอดอุดกั้นเรื้อรัง,60-64,หญิง,389
สมุทรสาคร,โรคปอดอุดกั้นเรื้อรัง,65-69,ชาย,4245
สมุทรสาคร,โรคปอดอุดกั้นเรื้อรัง,65-69,หญิง,441
สมุทรสาคร,โรคปอดอุดกั้นเรื้อรัง,70-74,ชาย,4100
สมุทรสาคร,โรคปอดอุดกั้นเรื้อรัง,70-74,หญิง,765
สมุทรสาคร,โรคปอดอุดกั้นเรื้อรัง,75-79,ชาย,3368
สมุทรสาคร,โรคปอดอุดกั้นเรื้อรัง,75-79,หญิง,549
สมุทรสาคร,โรคปอดอุดกั้นเรื้อรัง,80+,ชาย,4972
สมุทรสาคร,โรคปอดอุดกั้นเรื้อรัง,80+,หญิง,994
สมุทรสาคร,โรคปอดอุดกั้นเรื้อรัง,ไม่ทราบ,ไม่ระบุ,2
สมุทรสาคร,โรคผิวหนังอักเสบ,0-4,ชาย,1875
สมุทรสาคร,โรคผิวหนังอักเสบ,0-4,หญิง,1913
สมุทรสาคร,โรคผิวหนังอักเสบ,0-4,ไม่ระบุ,3
สมุทรสาคร,โรคผิวหนังอักเสบ,10-14,ชาย,770
สมุทรสาคร,โรคผิวหนังอักเสบ,10-14,หญิง,735
สมุทรสาคร,โรคผิวหนังอักเสบ,15-19,ชาย,598
สมุทรสาคร,โรคผิวหนังอักเสบ,15-19,หญิง,871
สมุทรสาคร,โรคผิวหนังอักเสบ,20-24,ชาย,837
สมุทรสาคร,โรคผิวหนังอักเสบ,20-24,หญิง,1535
สมุทรสาคร,โรคผิวหนังอักเสบ,25-29,ชาย,1051
สมุทรสาคร,โรคผิวหนังอักเสบ,25-29,หญิง,2108
สมุทรสาคร,โรคผิวหนังอักเสบ,30-34,ชาย,1053
สมุทรสาคร,โรคผิวหนังอักเสบ,30-34,หญิง,2057
สมุทรสาคร,โรคผิวหนังอักเสบ,35-39,ชาย,1030
สมุทรสาคร,โรคผิวหนังอักเสบ,35-39,หญิง,1914
สมุทรสาคร,โรคผิวหนังอักเสบ,40-44,ชาย,1025
สมุทรสาคร,โรคผิวหนังอักเสบ,40-44,หญิง,2176
สมุทรสาคร,โรคผิวหนังอักเสบ,45-49,ชาย,1073
สมุทรสาคร,โรคผิวหนังอักเสบ,45-49,หญิง,2090
สมุทรสาคร,โรคผิวหนังอักเสบ,5-9,ชาย,1034
สมุทรสาคร,โรคผิวหนังอักเสบ,5-9,หญิง,975
สมุทรสาคร,โรคผิวหนังอักเสบ,50-54,ชาย,1197
สมุทรสาคร,โรคผิวหนังอักเสบ,50-54,หญิง,2210
สมุทรสาคร,โรคผิวหนังอักเสบ,55-59,ชาย,1310
สมุทรสาคร,โรคผิวหนังอักเสบ,55-59,หญิง,1949
สมุทรสาคร,โรคผิวหนังอักเสบ,60-64,ชาย,1212
สมุทรสาคร,โรคผิวหนังอักเสบ,60-64,หญิง,1981
สมุทรสาคร,โรคผิวหนังอักเสบ,65-69,ชาย,1144
สมุทรสาคร,โรคผิวหนังอักเสบ,65-69,หญิง,1363
สมุทรสาคร,โรคผิวหนังอักเสบ,70-74,ชาย,1013
สมุทรสาคร,โรคผิวหนังอักเสบ,70-74,หญิง,1065
สมุทรสาคร,โรคผิวหนังอักเสบ,75-79,ชาย,495
สมุทรสาคร,โรคผิวหนังอักเสบ,75-79,หญิง,602
สมุทรสาคร,โรคผิวหนังอักเสบ,80+,ชาย,614
สมุทรสาคร,โรคผิวหนังอักเสบ,80+,หญิง,727
สมุทรสาคร,โรคผิวหนังอักเสบ,ไม่ทราบ,หญิง,1
สมุทรสาคร,โรคผิวหนังอักเสบ,ไม่ทราบ,ไม่ระบุ,68
สมุทรสาคร,โรคลมพิษ,0-4,ชาย,1360
สมุทรสาคร,โรคลมพิษ,0-4,หญิง,1225
สมุทรสาคร,โรคลมพิษ,10-14,ชาย,1085
สมุทรสาคร,โรคลมพิษ,10-14,หญิง,879
สมุทรสาคร,โรคลมพิษ,15-19,ชาย,620
สมุทรสาคร,โรคลมพิษ,15-19,หญิง,1019
สมุทรสาคร,โรคลมพิษ,20-24,ชาย,528
สมุทรสาคร,โรคลมพิษ,20-24,หญิง,1141
สมุทรสาคร,โรคลมพิษ,25-29,ชาย,519
สมุทรสาคร,โรคลมพิษ,25-29,หญิง,1471
สมุทรสาคร,โรคลมพิษ,30-34,ชาย,533
สมุทรสาคร,โรคลมพิษ,30-34,หญิง,1673
สมุทรสาคร,โรคลมพิษ,35-39,ชาย,456
สมุทรสาคร,โรคลมพิษ,35-39,หญิง,1610
สมุทรสาคร,โรคลมพิษ,35-39,ไม่ระบุ,1
สมุทรสาคร,โรคลมพิษ,40-44,ชาย,484
สมุทรสาคร,โรคลมพิษ,40-44,หญิง,1793
สมุทรสาคร,โรคลมพิษ,45-49,ชาย,572
สมุทรสาคร,โรคลมพิษ,45-49,หญิง,1615
สมุทรสาคร,โรคลมพิษ,5-9,ชาย,1024
สมุทรสาคร,โรคลมพิษ,5-9,หญิง,935
สมุทรสาคร,โรคลมพิษ,50-54,ชาย,431
สมุทรสาคร,โรคลมพิษ,50-54,หญิง,1170
สมุทรสาคร,โรคลมพิษ,55-59,ชาย,404
สมุทรสาคร,โรคลมพิษ,55-59,หญิง,974
สมุทรสาคร,โรคลมพิษ,60-64,ชาย,423
สมุทรสาคร,โรคลมพิษ,60-64,หญิง,808
สมุทรสาคร,โรคลมพิษ,65-69,ชาย,322
สมุทรสาคร,โรคลมพิษ,65-69,หญิง,681
สมุทรสาคร,โรคลมพิษ,70-74,ชาย,258
สมุทรสาคร,โรคลมพิษ,70-74,หญิง,375
สมุทรสาคร,โรคลมพิษ,75-79,ชาย,140
สมุทรสาคร,โรคลมพิษ,75-79,หญิง,203
สมุทรสาคร,โรคลมพิษ,80+,ชาย,116
สมุทรสาคร,โรคลมพิษ,80+,หญิง,230
สมุทรสาคร,โรคลมพิษ,ไม่ทราบ,ไม่ระบุ,31
สมุทรสาคร,โรคหอบหืด,0-4,ชาย,2054
สมุทรสาคร,โรคหอบหืด,0-4,หญิง,1102
สมุทรสาคร,โรคหอบหืด,10-14,ชาย,2875
สมุทรสาคร,โรคหอบหืด,10-14,หญิง,1513
สมุทรสาคร,โรคหอบหืด,15-19,ชาย,883
สมุทรสาคร,โรคหอบหืด,15-19,หญิง,717
สมุทรสาคร,โรคหอบหืด,20-24,ชาย,537
สมุทรสาคร,โรคหอบหืด,20-24,หญิง,760
สมุทรสาคร,โรคหอบหืด,25-29,ชาย,740
สมุทรสาคร,โรคหอบหืด,25-29,หญิง,1346
สมุทรสาคร,โรคหอบหืด,30-34,ชาย,840
สมุทรสาคร,โรคหอบหืด,30-34,หญิง,1914
สมุทรสาคร,โรคหอบหืด,35-39,ชาย,1046
สมุทรสาคร,โรคหอบหืด,35-39,หญิง,2159
สมุทรสาคร,โรคหอบหืด,40-44,ชาย,1308
สมุทรสาคร,โรคหอบหืด,40-44,หญิง,2812
สมุทรสาคร,โรคหอบหืด,45-49,ชาย,1694
สมุทรสาคร,โรคหอบหืด,45-49,หญิง,3557
สมุทรสาคร,โรคหอบหืด,5-9,ชาย,4515
สมุทรสาคร,โรคหอบหืด,5-9,หญิง,2651
สมุทรสาคร,โรคหอบหืด,50-54,ชาย,2007
สมุทรสาคร,โรคหอบหืด,50-54,หญิง,4021
สมุทรสาคร,โรคหอบหืด,55-59,ชาย,2096
สมุทรสาคร,โรคหอบหืด,55-59,หญิง,4554
สมุทรสาคร,โรคหอบหืด,60-64,ชาย,2092
สมุทรสาคร,โรคหอบหืด,60-64,หญิง,4940
สมุทรสาคร,โรคหอบหืด,65-69,ชาย,1938
สมุทรสาคร,โรคหอบหืด,65-69,หญิง,4659
สมุทรสาคร,โรคหอบหืด,70-74,ชาย,1645
สมุทรสาคร,โรคหอบหืด,70-74,หญิง,3891
สมุทรสาคร,โรคหอบหืด,75-79,ชาย,925
สมุทรสาคร,โรคหอบหืด,75-79,หญิง,2479
สมุทรสาคร,โรคหอบหืด,80+,ชาย,917
สมุทรสาคร,โรคหอบหืด,80+,หญิง,3001
สมุทรสาคร,โรคหอบหืด,ไม่ทราบ,ไม่ระบุ,19
สมุทรสาคร,โรคเยื่อจมูกอักเสบจากภูมิแพ้,0-4,ชาย,3159
สมุทรสาคร,โรคเยื่อจมูกอักเสบจากภูมิแพ้,0-4,หญิง,2473
สมุทรสาคร,โรคเยื่อจมูกอักเสบจากภูมิแพ้,10-14,ชาย,5530
สมุทรสาคร,โรคเยื่อจมูกอักเสบจากภูมิแพ้,10-14,หญิง,3647
สมุทรสาคร,โรคเยื่อจมูกอักเสบจากภูมิแพ้,15-19,ชาย,2180
สมุทรสาคร,โรคเยื่อจมูกอักเสบจากภูมิแพ้,15-19,หญิง,1947
สมุทรสาคร,โรคเยื่อจมูกอักเสบจากภูมิแพ้,20-24,ชาย,908
สมุทรสาคร,โรคเยื่อจมูกอักเสบจากภูมิแพ้,20-24,หญิง,1744
สมุทรสาคร,โรคเยื่อจมูกอักเสบจากภูมิแพ้,25-29,ชาย,1517
สมุทรสาคร,โรคเยื่อจมูกอักเสบจากภูมิแพ้,25-29,หญิง,3186
สมุทรสาคร,โรคเยื่อจมูกอักเสบจากภูมิแพ้,30-34,ชาย,1541
สมุทรสาคร,โรคเยื่อจมูกอักเสบจากภูมิแพ้,30-34,หญิง,3410
สมุทรสาคร,โรคเยื่อจมูกอักเสบจากภูมิแพ้,35-39,ชาย,1502
สมุทรสาคร,โรคเยื่อจมูกอักเสบจากภูมิแพ้,35-39,หญิง,3488
สมุทรสาคร,โรคเยื่อจมูกอักเสบจากภูมิแพ้,40-44,ชาย,1451
สมุทรสาคร,โรคเยื่อจมูกอักเสบจากภูมิแพ้,40-44,หญิง,3628
สมุทรสาคร,โรคเยื่อจมูกอักเสบจากภูมิแพ้,45-49,ชาย,1378
สมุทรสาคร,โรคเยื่อจมูกอักเสบจากภูมิแพ้,45-49,หญิง,3246
สมุทรสาคร,โรคเยื่อจมูกอักเสบจากภูมิแพ้,5-9,ชาย,7718
สมุทรสาคร,โรคเยื่อจมูกอักเสบจากภูมิแพ้,5-9,หญิง,4996
สมุทรสาคร,โรคเยื่อจมูกอักเสบจากภูมิแพ้,50-54,ชาย,1136
สมุทรสาคร,โรคเยื่อจมูกอักเสบจากภูมิแพ้,50-54,หญิง,2942
สมุทรสาคร,โรคเยื่อจมูกอักเสบจากภูมิแพ้,55-59,ชาย,1414
สมุทรสาคร,โรคเยื่อจมูกอักเสบจากภูมิแพ้,55-59,หญิง,2450
สมุทรสาคร,โรคเยื่อจมูกอักเสบจากภูมิแพ้,60-64,ชาย,1697
สมุทรสาคร,โรคเยื่อจมูกอักเสบจากภูมิแพ้,60-64,หญิง,2830
สมุทรสาคร,โรคเยื่อจมูกอักเสบจากภูมิแพ้,65-69,ชาย,1510
สมุทรสาคร,โรคเยื่อจมูกอักเสบจากภูมิแพ้,65-69,หญิง,2188
สมุทรสาคร,โรคเยื่อจมูกอักเสบจากภูมิแพ้,70-74,ชาย,1279
สมุทรสาคร,โรคเยื่อจมูกอักเสบจากภูมิแพ้,70-74,หญิง,1430
สมุทรสาคร,โรคเยื่อจมูกอักเสบจากภูมิแพ้,75-79,ชาย,703
สมุทรสาคร,โรคเยื่อจมูกอักเสบจากภูมิแพ้,75-79,หญิง,777
สมุทรสาคร,โรคเยื่อจมูกอักเสบจากภูมิแพ้,80+,ชาย,557
สมุทรสาคร,โรคเยื่อจมูกอักเสบจากภูมิแพ้,80+,หญิง,665
สมุทรสาคร,โรคเยื่อจมูกอักเสบจากภูมิแพ้,ไม่ทราบ,ไม่ระบุ,65
สมุทรสาคร,โรคเยื่อบุตาอักเสบ,0-4,ชาย,1929
สมุทรสาคร,โรคเยื่อบุตาอักเสบ,0-4,หญิง,1551
สมุทรสาคร,โรคเยื่อบุตาอักเสบ,10-14,ชาย,1579
สมุทรสาคร,โรคเยื่อบุตาอักเสบ,10-14,หญิง,1138
สมุทรสาคร,โรคเยื่อบุตาอักเสบ,15-19,ชาย,1147
สมุทรสาคร,โรคเยื่อบุตาอักเสบ,15-19,หญิง,1151
สมุทรสาคร,โรคเยื่อบุตาอักเสบ,20-24,ชาย,1458
สมุทรสาคร,โรคเยื่อบุตาอักเสบ,20-24,หญิง,1576
สมุทรสาคร,โรคเยื่อบุตาอักเสบ,20-24,ไม่ระบุ,1
สมุทรสาคร,โรคเยื่อบุตาอักเสบ,25-29,ชาย,1643
สมุทรสาคร,โรคเยื่อบุตาอักเสบ,25-29,หญิง,1896
สมุทรสาคร,โรคเยื่อบุตาอักเสบ,30-34,ชาย,1602
สมุทรสาคร,โรคเยื่อบุตาอักเสบ,30-34,หญิง,1890
สมุทรสาคร,โรคเยื่อบุตาอักเสบ,35-39,ชาย,1427
สมุทรสาคร,โรคเยื่อบุตาอักเสบ,35-39,หญิง,1595
สมุทรสาคร,โรคเยื่อบุตาอักเสบ,40-44,ชาย,1488
สมุทรสาคร,โรคเยื่อบุตาอักเสบ,40-44,หญิง,1714
สมุทรสาคร,โรคเยื่อบุตาอักเสบ,40-44,ไม่ระบุ,1
สมุทรสาคร,โรคเยื่อบุตาอักเสบ,45-49,ชาย,1381
สมุทรสาคร,โรคเยื่อบุตาอักเสบ,45-49,หญิง,1747
สมุทรสาคร,โรคเยื่อบุตาอักเสบ,5-9,ชาย,2234
สมุทรสาคร,โรคเยื่อบุตาอักเสบ,5-9,หญิง,1453
สมุทรสาคร,โรคเยื่อบุตาอักเสบ,50-54,ชาย,1306
สมุทรสาคร,โรคเยื่อบุตาอักเสบ,50-54,หญิง,2007
สมุทรสาคร,โรคเยื่อบุตาอักเสบ,55-59,ชาย,1322
สมุทรสาคร,โรคเยื่อบุตาอักเสบ,55-59,หญิง,2008
สมุทรสาคร,โรคเยื่อบุตาอักเสบ,55-59,ไม่ระบุ,1
สมุทรสาคร,โรคเยื่อบุตาอักเสบ,60-64,ชาย,1282
สมุทรสาคร,โรคเยื่อบุตาอักเสบ,60-64,หญิง,2030
สมุทรสาคร,โรคเยื่อบุตาอักเสบ,65-69,ชาย,1015
สมุทรสาคร,โรคเยื่อบุตาอักเสบ,65-69,หญิง,1616
สมุทรสาคร,โรคเยื่อบุตาอักเสบ,70-74,ชาย,872
สมุทรสาคร,โรคเยื่อบุตาอักเสบ,70-74,หญิง,1280
สมุทรสาคร,โรคเยื่อบุตาอักเสบ,75-79,ชาย,656
สมุทรสาคร,โรคเยื่อบุตาอักเสบ,75-79,หญิง,728
สมุทรสาคร,โรคเยื่อบุตาอักเสบ,80+,ชาย,584
สมุทรสาคร,โรคเยื่อบุตาอักเสบ,80+,หญิง,1019
สมุทรสาคร,โรคเยื่อบุตาอักเสบ,ไม่ทราบ,ชาย,3
สมุทรสาคร,โรคเยื่อบุตาอักเสบ,ไม่ทราบ,ไม่ระบุ,79
สระบุรี,โรคติดเชื้อทางเดินหายใจส่วนบนเฉียบพลัน,0-4,ชาย,50577
สระบุรี,โรคติดเชื้อทางเดินหายใจส่วนบนเฉียบพลัน,0-4,หญิง,46032
สระบุรี,โรคติดเชื้อทางเดินหายใจส่วนบนเฉียบพลัน,0-4,ไม่ระบุ,39
สระบุรี,โรคติดเชื้อทางเดินหายใจส่วนบนเฉียบพลัน,10-14,ชาย,22130
สระบุรี,โรคติดเชื้อทางเดินหายใจส่วนบนเฉียบพลัน,10-14,หญิง,19691
สระบุรี,โรคติดเชื้อทางเดินหายใจส่วนบนเฉียบพลัน,10-14,ไม่ระบุ,2
สระบุรี,โรคติดเชื้อทางเดินหายใจส่วนบนเฉียบพลัน,15-19,ชาย,13701
สระบุรี,โรคติดเชื้อทางเดินหายใจส่วนบนเฉียบพลัน,15-19,หญิง,16145
สระบุรี,โรคติดเชื้อทางเดินหายใจส่วนบนเฉียบพลัน,20-24,ชาย,16182
สระบุรี,โรคติดเชื้อทางเดินหายใจส่วนบนเฉียบพลัน,20-24,หญิง,19246
สระบุรี,โรคติดเชื้อทางเดินหายใจส่วนบนเฉียบพลัน,20-24,ไม่ระบุ,4
สระบุรี,โรคติดเชื้อทางเดินหายใจส่วนบนเฉียบพลัน,25-29,ชาย,16628
สระบุรี,โรคติดเชื้อทางเดินหายใจส่วนบนเฉียบพลัน,25-29,หญิง,22877
สระบุรี,โรคติดเชื้อทางเดินหายใจส่วนบนเฉียบพลัน,30-34,ชาย,13225
สระบุรี,โรคติดเชื้อทางเดินหายใจส่วนบนเฉียบพลัน,30-34,หญิง,21719
สระบุรี,โรคติดเชื้อทางเดินหายใจส่วนบนเฉียบพลัน,30-34,ไม่ระบุ,4
สระบุรี,โรคติดเชื้อทางเดินหายใจส่วนบนเฉียบพลัน,35-39,ชาย,10922
สระบุรี,โรคติดเชื้อทางเดินหายใจส่วนบนเฉียบพลัน,35-39,หญิง,18622
สระบุรี,โรคติดเชื้อทางเดินหายใจส่วนบนเฉียบพลัน,35-39,ไม่ระบุ,1
สระบุรี,โรคติดเชื้อทางเดินหายใจส่วนบนเฉียบพลัน,40-44,ชาย,10842
สระบุรี,โรคติดเชื้อทางเดินหายใจส่วนบนเฉียบพลัน,40-44,หญิง,19251
สระบุรี,โรคติดเชื้อทางเดินหายใจส่วนบนเฉียบพลัน,45-49,ชาย,10335
สระบุรี,โรคติดเชื้อทางเดินหายใจส่วนบนเฉียบพลัน,45-49,หญิง,19246
สระบุรี,โรคติดเชื้อทางเดินหายใจส่วนบนเฉียบพลัน,5-9,ชาย,39475
สระบุรี,โรคติดเชื้อทางเดินหายใจส่วนบนเฉียบพลัน,5-9,หญิง,36317
สระบุรี,โรคติดเชื้อทางเดินหายใจส่วนบนเฉียบพลัน,5-9,ไม่ระบุ,28
สระบุรี,โรคติดเชื้อทางเดินหายใจส่วนบนเฉียบพลัน,50-54,ชาย,9613
สระบุรี,โรคติดเชื้อทางเดินหายใจส่วนบนเฉียบพลัน,50-54,หญิง,19160
สระบุรี,โรคติดเชื้อทางเดินหายใจส่วนบนเฉียบพลัน,55-59,ชาย,9491
สระบุรี,โรคติดเชื้อทางเดินหายใจส่วนบนเฉียบพลัน,55-59,หญิง,18910
สระบุรี,โรคติดเชื้อทางเดินหายใจส่วนบนเฉียบพลัน,55-59,ไม่ระบุ,12
สระบุรี,โรคติดเชื้อทางเดินหายใจส่วนบนเฉียบพลัน,60-64,ชาย,9077
สระบุรี,โรคติดเชื้อทางเดินหายใจส่วนบนเฉียบพลัน,60-64,หญิง,16610
สระบุรี,โรคติดเชื้อทางเดินหายใจส่วนบนเฉียบพลัน,65-69,ชาย,7311
สระบุรี,โรคติดเชื้อทางเดินหายใจส่วนบนเฉียบพลัน,65-69,หญิง,12496
สระบุรี,โรคติดเชื้อทางเดินหายใจส่วนบนเฉียบพลัน,65-69,ไม่ระบุ,1
สระบุรี,โรคติดเชื้อทางเดินหายใจส่วนบนเฉียบพลัน,70-74,ชาย,5687
สระบุรี,โรคติดเชื้อทางเดินหายใจส่วนบนเฉียบพลัน,70-74,หญิง,8678
สระบุรี,โรคติดเชื้อทางเดินหายใจส่วนบนเฉียบพลัน,75-79,ชาย,3565
สระบุรี,โรคติดเชื้อทางเดินหายใจส่วนบนเฉียบพลัน,75-79,หญิง,4749
สระบุรี,โรคติดเชื้อทางเดินหายใจส่วนบนเฉียบพลัน,80+,ชาย,3774
สระบุรี,โรคติดเชื้อทางเดินหายใจส่วนบนเฉียบพลัน,80+,หญิง,5713
สระบุรี,โรคติดเชื้อทางเดินหายใจส่วนบนเฉียบพลัน,ไม่ทราบ,ชาย,11
สระบุรี,โรคติดเชื้อทางเดินหายใจส่วนบนเฉียบพลัน,ไม่ทราบ,หญิง,25
สระบุรี,โรคติดเชื้อทางเดินหายใจส่วนบนเฉียบพลัน,ไม่ทราบ,ไม่ระบุ,16999
สระบุรี,โรคปอดอุดกั้นเรื้อรัง,0-4,ชาย,16
สระบุรี,โรคปอดอุดกั้นเรื้อรัง,0-4,หญิง,13
สระบุรี,โรคปอดอุดกั้นเรื้อรัง,10-14,ชาย,1
สระบุรี,โรคปอดอุดกั้นเรื้อรัง,10-14,หญิง,4
สระบุรี,โรคปอดอุดกั้นเรื้อรัง,15-19,ชาย,6
สระบุรี,โรคปอดอุดกั้นเรื้อรัง,15-19,หญิง,1
สระบุรี,โรคปอดอุดกั้นเรื้อรัง,20-24,ชาย,14
สระบุรี,โรคปอดอุดกั้นเรื้อรัง,20-24,หญิง,4
สระบุรี,โรคปอดอุดกั้นเรื้อรัง,25-29,ชาย,58
สระบุรี,โรคปอดอุดกั้นเรื้อรัง,25-29,หญิง,9
สระบุรี,โรคปอดอุดกั้นเรื้อรัง,30-34,ชาย,89
สระบุรี,โรคปอดอุดกั้นเรื้อรัง,30-34,หญิง,7
สระบุรี,โรคปอดอุดกั้นเรื้อรัง,35-39,ชาย,244
สระบุรี,โรคปอดอุดกั้นเรื้อรัง,35-39,หญิง,46
สระบุรี,โรคปอดอุดกั้นเรื้อรัง,40-44,ชาย,368
สระบุรี,โรคปอดอุดกั้นเรื้อรัง,40-44,หญิง,98
สระบุรี,โรคปอดอุดกั้นเรื้อรัง,45-49,ชาย,680
สระบุรี,โรคปอดอุดกั้นเรื้อรัง,45-49,หญิง,133
สระบุรี,โรคปอดอุดกั้นเรื้อรัง,5-9,ชาย,4
สระบุรี,โรคปอดอุดกั้นเรื้อรัง,5-9,หญิง,9
สระบุรี,โรคปอดอุดกั้นเรื้อรัง,50-54,ชาย,1398
สระบุรี,โรคปอดอุดกั้นเรื้อรัง,50-54,หญิง,222
สระบุรี,โรคปอดอุดกั้นเรื้อรัง,55-59,ชาย,2215
สระบุรี,โรคปอดอุดกั้นเรื้อรัง,55-59,หญิง,462
สระบุรี,โรคปอดอุดกั้นเรื้อรัง,60-64,ชาย,3253
สระบุรี,โรคปอดอุดกั้นเรื้อรัง,60-64,หญิง,760
สระบุรี,โรคปอดอุดกั้นเรื้อรัง,65-69,ชาย,3761
สระบุรี,โรคปอดอุดกั้นเรื้อรัง,65-69,หญิง,1061
สระบุรี,โรคปอดอุดกั้นเรื้อรัง,70-74,ชาย,3869
สระบุรี,โรคปอดอุดกั้นเรื้อรัง,70-74,หญิง,965
สระบุรี,โรคปอดอุดกั้นเรื้อรัง,75-79,ชาย,2882
สระบุรี,โรคปอดอุดกั้นเรื้อรัง,75-79,หญิง,941
สระบุรี,โรคปอดอุดกั้นเรื้อรัง,80+,ชาย,3717
สระบุรี,โรคปอดอุดกั้นเรื้อรัง,80+,หญิง,1020
สระบุรี,โรคปอดอุดกั้นเรื้อรัง,ไม่ทราบ,ไม่ระบุ,128
สระบุรี,โรคผิวหนังอักเสบ,0-4,ชาย,1355
สระบุรี,โรคผิวหนังอักเสบ,0-4,หญิง,1309
สระบุรี,โรคผิวหนังอักเสบ,10-14,ชาย,754
สระบุรี,โรคผิวหนังอักเสบ,10-14,หญิง,762
สระบุรี,โรคผิวหนังอักเสบ,15-19,ชาย,532
สระบุรี,โรคผิวหนังอักเสบ,15-19,หญิง,817
สระบุรี,โรคผิวหนังอักเสบ,20-24,ชาย,588
สระบุรี,โรคผิวหนังอักเสบ,20-24,หญิง,1005
สระบุรี,โรคผิวหนังอักเสบ,25-29,ชาย,743
สระบุรี,โรคผิวหนังอักเสบ,25-29,หญิง,1397
สระบุรี,โรคผิวหนังอักเสบ,30-34,ชาย,645
สระบุรี,โรคผิวหนังอักเสบ,30-34,หญิง,1451
สระบุรี,โรคผิวหนังอักเสบ,35-39,ชาย,743
สระบุรี,โรคผิวหนังอักเสบ,35-39,หญิง,1522
สระบุรี,โรคผิวหนังอักเสบ,40-44,ชาย,851
สระบุรี,โรคผิวหนังอักเสบ,40-44,หญิง,1888
สระบุรี,โรคผิวหนังอักเสบ,45-49,ชาย,975
สระบุรี,โรคผิวหนังอักเสบ,45-49,หญิง,2131
สระบุรี,โรคผิวหนังอักเสบ,5-9,ชาย,998
สระบุรี,โรคผิวหนังอักเสบ,5-9,หญิง,887
สระบุรี,โรคผิวหนังอักเสบ,50-54,ชาย,1085
สระบุรี,โรคผิวหนังอักเสบ,50-54,หญิง,2340
สระบุรี,โรคผิวหนังอักเสบ,55-59,ชาย,1421
สระบุรี,โรคผิวหนังอักเสบ,55-59,หญิง,2432
สระบุรี,โรคผิวหนังอักเสบ,60-64,ชาย,1294
สระบุรี,โรคผิวหนังอักเสบ,60-64,หญิง,2192
สระบุรี,โรคผิวหนังอักเสบ,65-69,ชาย,1018
สระบุรี,โรคผิวหนังอักเสบ,65-69,หญิง,1807
สระบุรี,โรคผิวหนังอักเสบ,70-74,ชาย,1006
สระบุรี,โรคผิวหนังอักเสบ,70-74,หญิง,1133
สระบุรี,โรคผิวหนังอักเสบ,75-79,ชาย,551
สระบุรี,โรคผิวหนังอักเสบ,75-79,หญิง,694
สระบุรี,โรคผิวหนังอักเสบ,80+,ชาย,798
สระบุรี,โรคผิวหนังอักเสบ,80+,หญิง,1006
สระบุรี,โรคผิวหนังอักเสบ,ไม่ทราบ,หญิง,1
สระบุรี,โรคผิวหนังอักเสบ,ไม่ทราบ,ไม่ระบุ,713
สระบุรี,โรคลมพิษ,0-4,ชาย,1253
สระบุรี,โรคลมพิษ,0-4,หญิง,1066
สระบุรี,โรคลมพิษ,10-14,ชาย,891
สระบุรี,โรคลมพิษ,10-14,หญิง,860
สระบุรี,โรคลมพิษ,15-19,ชาย,670
สระบุรี,โรคลมพิษ,15-19,หญิง,1009
สระบุรี,โรคลมพิษ,20-24,ชาย,661
สระบุรี,โรคลมพิษ,20-24,หญิง,1029
สระบุรี,โรคลมพิษ,25-29,ชาย,621
สระบุรี,โรคลมพิษ,25-29,หญิง,1232
สระบุรี,โรคลมพิษ,30-34,ชาย,522
สระบุรี,โรคลมพิษ,30-34,หญิง,1107
สระบุรี,โรคลมพิษ,30-34,ไม่ระบุ,1
สระบุรี,โรคลมพิษ,35-39,ชาย,447
สระบุรี,โรคลมพิษ,35-39,หญิง,992
สระบุรี,โรคลมพิษ,40-44,ชาย,457
สระบุรี,โรคลมพิษ,40-44,หญิง,1109
สระบุรี,โรคลมพิษ,40-44,ไม่ระบุ,1
สระบุรี,โรคลมพิษ,45-49,ชาย,502
สระบุรี,โรคลมพิษ,45-49,หญิง,1233
สระบุรี,โรคลมพิษ,5-9,ชาย,1157
สระบุรี,โรคลมพิษ,5-9,หญิง,908
สระบุรี,โรคลมพิษ,50-54,ชาย,463
สระบุรี,โรคลมพิษ,50-54,หญิง,1225
สระบุรี,โรคลมพิษ,55-59,ชาย,579
สระบุรี,โรคลมพิษ,55-59,หญิง,1192
สระบุรี,โรคลมพิษ,60-64,ชาย,491
สระบุรี,โรคลมพิษ,60-64,หญิง,1083
สระบุรี,โรคลมพิษ,65-69,ชาย,376
สระบุรี,โรคลมพิษ,65-69,หญิง,745
สระบุรี,โรคลมพิษ,70-74,ชาย,333
สระบุรี,โรคลมพิษ,70-74,หญิง,513
สระบุรี,โรคลมพิษ,75-79,ชาย,214
สระบุรี,โรคลมพิษ,75-79,หญิง,338
สระบุรี,โรคลมพิษ,80+,ชาย,150
สระบุรี,โรคลมพิษ,80+,หญิง,359
สระบุรี,โรคลมพิษ,ไม่ทราบ,หญิง,3
สระบุรี,โรคลมพิษ,ไม่ทราบ,ไม่ระบุ,626
สระบุรี,โรคหอบหืด,0-4,ชาย,2579
สระบุรี,โรคหอบหืด,0-4,หญิง,1646
สระบุรี,โรคหอบหืด,10-14,ชาย,2137
สระบุรี,โรคหอบหืด,10-14,หญิง,1135
สระบุรี,โรคหอบหืด,15-19,ชาย,718
สระบุรี,โรคหอบหืด,15-19,หญิง,482
สระบุรี,โรคหอบหืด,20-24,ชาย,458
สระบุรี,โรคหอบหืด,20-24,หญิง,447
สระบุรี,โรคหอบหืด,25-29,ชาย,467
สระบุรี,โรคหอบหืด,25-29,หญิง,670
สระบุรี,โรคหอบหืด,30-34,ชาย,636
สระบุรี,โรคหอบหืด,30-34,หญิง,1131
สระบุรี,โรคหอบหืด,35-39,ชาย,816
สระบุรี,โรคหอบหืด,35-39,หญิง,1519
สระบุรี,โรคหอบหืด,40-44,ชาย,1062
สระบุรี,โรคหอบหืด,40-44,หญิง,1734
สระบุรี,โรคหอบหืด,45-49,ชาย,935
สระบุรี,โรคหอบหืด,45-49,หญิง,2476
สระบุรี,โรคหอบหืด,5-9,ชาย,4667
สระบุรี,โรคหอบหืด,5-9,หญิง,3356
สระบุรี,โรคหอบหืด,50-54,ชาย,1338
สระบุรี,โรคหอบหืด,50-54,หญิง,3027
สระบุรี,โรคหอบหืด,55-59,ชาย,1547
สระบุรี,โรคหอบหืด,55-59,หญิง,3394
สระบุรี,โรคหอบหืด,60-64,ชาย,1336
สระบุรี,โรคหอบหืด,60-64,หญิง,3369
สระบุรี,โรคหอบหืด,65-69,ชาย,1052
สระบุรี,โรคหอบหืด,65-69,หญิง,2550
สระบุรี,โรคหอบหืด,70-74,ชาย,783
สระบุรี,โรคหอบหืด,70-74,หญิง,1858
สระบุรี,โรคหอบหืด,75-79,ชาย,471
สระบุรี,โรคหอบหืด,75-79,หญิง,1202
สระบุรี,โรคหอบหืด,80+,ชาย,307
สระบุรี,โรคหอบหืด,80+,หญิง,1300
สระบุรี,โรคหอบหืด,ไม่ทราบ,ไม่ระบุ,380
สระบุรี,โรคเยื่อจมูกอักเสบจากภูมิแพ้,0-4,ชาย,2601
สระบุรี,โรคเยื่อจมูกอักเสบจากภูมิแพ้,0-4,หญิง,1937
สระบุรี,โรคเยื่อจมูกอักเสบจากภูมิแพ้,10-14,ชาย,2901
สระบุรี,โรคเยื่อจมูกอักเสบจากภูมิแพ้,10-14,หญิง,1837
สระบุรี,โรคเยื่อจมูกอักเสบจากภูมิแพ้,15-19,ชาย,679
สระบุรี,โรคเยื่อจมูกอักเสบจากภูมิแพ้,15-19,หญิง,844
สระบุรี,โรคเยื่อจมูกอักเสบจากภูมิแพ้,20-24,ชาย,592
สระบุรี,โรคเยื่อจมูกอักเสบจากภูมิแพ้,20-24,หญิง,905
สระบุรี,โรคเยื่อจมูกอักเสบจากภูมิแพ้,25-29,ชาย,682
สระบุรี,โรคเยื่อจมูกอักเสบจากภูมิแพ้,25-29,หญิง,1514
สระบุรี,โรคเยื่อจมูกอักเสบจากภูมิแพ้,30-34,ชาย,610
สระบุรี,โรคเยื่อจมูกอักเสบจากภูมิแพ้,30-34,หญิง,1639
สระบุรี,โรคเยื่อจมูกอักเสบจากภูมิแพ้,35-39,ชาย,570
สระบุรี,โรคเยื่อจมูกอักเสบจากภูมิแพ้,35-39,หญิง,1605
สระบุรี,โรคเยื่อจมูกอักเสบจากภูมิแพ้,40-44,ชาย,559
สระบุรี,โรคเยื่อจมูกอักเสบจากภูมิแพ้,40-44,หญิง,1621
สระบุรี,โรคเยื่อจมูกอักเสบจากภูมิแพ้,45-49,ชาย,746
สระบุรี,โรคเยื่อจมูกอักเสบจากภูมิแพ้,45-49,หญิง,2170
สระบุรี,โรคเยื่อจมูกอักเสบจากภูมิแพ้,5-9,ชาย,5322
สระบุรี,โรคเยื่อจมูกอักเสบจากภูมิแพ้,5-9,หญิง,4018
สระบุรี,โรคเยื่อจมูกอักเสบจากภูมิแพ้,50-54,ชาย,761
สระบุรี,โรคเยื่อจมูกอักเสบจากภูมิแพ้,50-54,หญิง,1958
สระบุรี,โรคเยื่อจมูกอักเสบจากภูมิแพ้,55-59,ชาย,892
สระบุรี,โรคเยื่อจมูกอักเสบจากภูมิแพ้,55-59,หญิง,1890
สระบุรี,โรคเยื่อจมูกอักเสบจากภูมิแพ้,60-64,ชาย,865
สระบุรี,โรคเยื่อจมูกอักเสบจากภูมิแพ้,60-64,หญิง,1675
สระบุรี,โรคเยื่อจมูกอักเสบจากภูมิแพ้,65-69,ชาย,748
สระบุรี,โรคเยื่อจมูกอักเสบจากภูมิแพ้,65-69,หญิง,1391
สระบุรี,โรคเยื่อจมูกอักเสบจากภูมิแพ้,70-74,ชาย,633
สระบุรี,โรคเยื่อจมูกอักเสบจากภูมิแพ้,70-74,หญิง,872
สระบุรี,โรคเยื่อจมูกอักเสบจากภูมิแพ้,75-79,ชาย,516
สระบุรี,โรคเยื่อจมูกอักเสบจากภูมิแพ้,75-79,หญิง,633
สระบุรี,โรคเยื่อจมูกอักเสบจากภูมิแพ้,80+,ชาย,472
สระบุรี,โรคเยื่อจมูกอักเสบจากภูมิแพ้,80+,หญิง,542
สระบุรี,โรคเยื่อจมูกอักเสบจากภูมิแพ้,ไม่ทราบ,ไม่ระบุ,435
สระบุรี,โรคเยื่อบุตาอักเสบ,0-4,ชาย,1169
สระบุรี,โรคเยื่อบุตาอักเสบ,0-4,หญิง,930
สระบุรี,โรคเยื่อบุตาอักเสบ,0-4,ไม่ระบุ,1
สระบุรี,โรคเยื่อบุตาอักเสบ,10-14,ชาย,937
สระบุรี,โรคเยื่อบุตาอักเสบ,10-14,หญิง,784
สระบุรี,โรคเยื่อบุตาอักเสบ,15-19,ชาย,951
สระบุรี,โรคเยื่อบุตาอักเสบ,15-19,หญิง,1049
สระบุรี,โรคเยื่อบุตาอักเสบ,20-24,ชาย,1411
สระบุรี,โรคเยื่อบุตาอักเสบ,20-24,หญิง,1242
สระบุรี,โรคเยื่อบุตาอักเสบ,20-24,ไม่ระบุ,1
สระบุรี,โรคเยื่อบุตาอักเสบ,25-29,ชาย,1567
สระบุรี,โรคเยื่อบุตาอักเสบ,25-29,หญิง,1567
สระบุรี,โรคเยื่อบุตาอักเสบ,30-34,ชาย,1397
สระบุรี,โรคเยื่อบุตาอักเสบ,30-34,หญิง,1598
สระบุรี,โรคเยื่อบุตาอักเสบ,35-39,ชาย,1413
สระบุรี,โรคเยื่อบุตาอักเสบ,35-39,หญิง,1536
สระบุรี,โรคเยื่อบุตาอักเสบ,40-44,ชาย,1363
สระบุรี,โรคเยื่อบุตาอักเสบ,40-44,หญิง,1686
สระบุรี,โรคเยื่อบุตาอักเสบ,45-49,ชาย,1379
สระบุรี,โรคเยื่อบุตาอักเสบ,45-49,หญิง,1951
สระบุรี,โรคเยื่อบุตาอักเสบ,5-9,ชาย,1328
สระบุรี,โรคเยื่อบุตาอักเสบ,5-9,หญิง,977
สระบุรี,โรคเยื่อบุตาอักเสบ,50-54,ชาย,1373
สระบุรี,โรคเยื่อบุตาอักเสบ,50-54,หญิง,2027
สระบุรี,โรคเยื่อบุตาอักเสบ,55-59,ชาย,1414
สระบุรี,โรคเยื่อบุตาอักเสบ,55-59,หญิง,2302
สระบุรี,โรคเยื่อบุตาอักเสบ,60-64,ชาย,1204
สระบุรี,โรคเยื่อบุตาอักเสบ,60-64,หญิง,1972
สระบุรี,โรคเยื่อบุตาอักเสบ,65-69,ชาย,941
สระบุรี,โรคเยื่อบุตาอักเสบ,65-69,หญิง,1522
สระบุรี,โรคเยื่อบุตาอักเสบ,70-74,ชาย,747
สระบุรี,โรคเยื่อบุตาอักเสบ,70-74,หญิง,1025
สระบุรี,โรคเยื่อบุตาอักเสบ,75-79,ชาย,534
สระบุรี,โรคเยื่อบุตาอักเสบ,75-79,หญิง,734
สระบุรี,โรคเยื่อบุตาอักเสบ,80+,ชาย,454
สระบุรี,โรคเยื่อบุตาอักเสบ,80+,หญิง,868
สระบุรี,โรคเยื่อบุตาอักเสบ,ไม่ทราบ,ชาย,1
สระบุรี,โรคเยื่อบุตาอักเสบ,ไม่ทราบ,หญิง,2
สระบุรี,โรคเยื่อบุตาอักเสบ,ไม่ทราบ,ไม่ระบุ,819
สระแก้ว,โรคติดเชื้อทางเดินหายใจส่วนบนเฉียบพลัน,0-4,ชาย,55828
สระแก้ว,โรคติดเชื้อทางเดินหายใจส่วนบนเฉียบพลัน,0-4,หญิง,50471
สระแก้ว,โรคติดเชื้อทางเดินหายใจส่วนบนเฉียบพลัน,10-14,ชาย,20653
สระแก้ว,โรคติดเชื้อทางเดินหายใจส่วนบนเฉียบพลัน,10-14,หญิง,18408
สระแก้ว,โรคติดเชื้อทางเดินหายใจส่วนบนเฉียบพลัน,15-19,ชาย,8337
สระแก้ว,โรคติดเชื้อทางเดินหายใจส่วนบนเฉียบพลัน,15-19,หญิง,11444
สระแก้ว,โรคติดเชื้อทางเดินหายใจส่วนบนเฉียบพลัน,20-24,ชาย,6369
สระแก้ว,โรคติดเชื้อทางเดินหายใจส่วนบนเฉียบพลัน,20-24,หญิง,9316
สระแก้ว,โรคติดเชื้อทางเดินหายใจส่วนบนเฉียบพลัน,25-29,ชาย,6833
สระแก้ว,โรคติดเชื้อทางเดินหายใจส่วนบนเฉียบพลัน,25-29,หญิง,12099
สระแก้ว,โรคติดเชื้อทางเดินหายใจส่วนบนเฉียบพลัน,30-34,ชาย,6004
สระแก้ว,โรคติดเชื้อทางเดินหายใจส่วนบนเฉียบพลัน,30-34,หญิง,11426
สระแก้ว,โรคติดเชื้อทางเดินหายใจส่วนบนเฉียบพลัน,35-39,ชาย,5486
สระแก้ว,โรคติดเชื้อทางเดินหายใจส่วนบนเฉียบพลัน,35-39,หญิง,10752
สระแก้ว,โรคติดเชื้อทางเดินหายใจส่วนบนเฉียบพลัน,40-44,ชาย,5707
สระแก้ว,โรคติดเชื้อทางเดินหายใจส่วนบนเฉียบพลัน,40-44,หญิง,10944
สระแก้ว,โรคติดเชื้อทางเดินหายใจส่วนบนเฉียบพลัน,45-49,ชาย,5542
สระแก้ว,โรคติดเชื้อทางเดินหายใจส่วนบนเฉียบพลัน,45-49,หญิง,12627
สระแก้ว,โรคติดเชื้อทางเดินหายใจส่วนบนเฉียบพลัน,5-9,ชาย,39716
สระแก้ว,โรคติดเชื้อทางเดินหายใจส่วนบนเฉียบพลัน,5-9,หญิง,36276
สระแก้ว,โรคติดเชื้อทางเดินหายใจส่วนบนเฉียบพลัน,50-54,ชาย,5585
สระแก้ว,โรคติดเชื้อทางเดินหายใจส่วนบนเฉียบพลัน,50-54,หญิง,13589
สระแก้ว,โรคติดเชื้อทางเดินหายใจส่วนบนเฉียบพลัน,55-59,ชาย,6096
สระแก้ว,โรคติดเชื้อทางเดินหายใจส่วนบนเฉียบพลัน,55-59,หญิง,13945
สระแก้ว,โรคติดเชื้อทางเดินหายใจส่วนบนเฉียบพลัน,60-64,ชาย,6141
สระแก้ว,โรคติดเชื้อทางเดินหายใจส่วนบนเฉียบพลัน,60-64,หญิง,11587
สระแก้ว,โรคติดเชื้อทางเดินหายใจส่วนบนเฉียบพลัน,65-69,ชาย,5376
สระแก้ว,โรคติดเชื้อทางเดินหายใจส่วนบนเฉียบพลัน,65-69,หญิง,8443
สระแก้ว,โรคติดเชื้อทางเดินหายใจส่วนบนเฉียบพลัน,70-74,ชาย,4335
สระแก้ว,โรคติดเชื้อทางเดินหายใจส่วนบนเฉียบพลัน,70-74,หญิง,5676
สระแก้ว,โรคติดเชื้อทางเดินหายใจส่วนบนเฉียบพลัน,75-79,ชาย,2630
สระแก้ว,โรคติดเชื้อทางเดินหายใจส่วนบนเฉียบพลัน,75-79,หญิง,3083
สระแก้ว,โรคติดเชื้อทางเดินหายใจส่วนบนเฉียบพลัน,80+,ชาย,2352
สระแก้ว,โรคติดเชื้อทางเดินหายใจส่วนบนเฉียบพลัน,80+,หญิง,3303
สระแก้ว,โรคติดเชื้อทางเดินหายใจส่วนบนเฉียบพลัน,ไม่ทราบ,ชาย,29
สระแก้ว,โรคติดเชื้อทางเดินหายใจส่วนบนเฉียบพลัน,ไม่ทราบ,หญิง,19
สระแก้ว,โรคติดเชื้อทางเดินหายใจส่วนบนเฉียบพลัน,ไม่ทราบ,ไม่ระบุ,1445
สระแก้ว,โรคปอดอุดกั้นเรื้อรัง,0-4,ชาย,11
สระแก้ว,โรคปอดอุดกั้นเรื้อรัง,0-4,หญิง,11
สระแก้ว,โรคปอดอุดกั้นเรื้อรัง,10-14,ชาย,4
สระแก้ว,โรคปอดอุดกั้นเรื้อรัง,10-14,หญิง,4
สระแก้ว,โรคปอดอุดกั้นเรื้อรัง,15-19,ชาย,15
สระแก้ว,โรคปอดอุดกั้นเรื้อรัง,15-19,หญิง,5
สระแก้ว,โรคปอดอุดกั้นเรื้อรัง,20-24,ชาย,21
สระแก้ว,โรคปอดอุดกั้นเรื้อรัง,20-24,หญิง,1
สระแก้ว,โรคปอดอุดกั้นเรื้อรัง,25-29,ชาย,31
สระแก้ว,โรคปอดอุดกั้นเรื้อรัง,25-29,หญิง,25
สระแก้ว,โรคปอดอุดกั้นเรื้อรัง,30-34,ชาย,67
สระแก้ว,โรคปอดอุดกั้นเรื้อรัง,30-34,หญิง,40
สระแก้ว,โรคปอดอุดกั้นเรื้อรัง,35-39,ชาย,174
สระแก้ว,โรคปอดอุดกั้นเรื้อรัง,35-39,หญิง,54
สระแก้ว,โรคปอดอุดกั้นเรื้อรัง,40-44,ชาย,334
สระแก้ว,โรคปอดอุดกั้นเรื้อรัง,40-44,หญิง,126
สระแก้ว,โรคปอดอุดกั้นเรื้อรัง,45-49,ชาย,687
สระแก้ว,โรคปอดอุดกั้นเรื้อรัง,45-49,หญิง,182
สระแก้ว,โรคปอดอุดกั้นเรื้อรัง,5-9,ชาย,12
สระแก้ว,โรคปอดอุดกั้นเรื้อรัง,5-9,หญิง,3
สระแก้ว,โรคปอดอุดกั้นเรื้อรัง,50-54,ชาย,1233
สระแก้ว,โรคปอดอุดกั้นเรื้อรัง,50-54,หญิง,386
สระแก้ว,โรคปอดอุดกั้นเรื้อรัง,55-59,ชาย,1878
สระแก้ว,โรคปอดอุดกั้นเรื้อรัง,55-59,หญิง,537
สระแก้ว,โรคปอดอุดกั้นเรื้อรัง,60-64,ชาย,2687
สระแก้ว,โรคปอดอุดกั้นเรื้อรัง,60-64,หญิง,708
สระแก้ว,โรคปอดอุดกั้นเรื้อรัง,65-69,ชาย,3295
สระแก้ว,โรคปอดอุดกั้นเรื้อรัง,65-69,หญิง,888
สระแก้ว,โรคปอดอุดกั้นเรื้อรัง,70-74,ชาย,3164
สระแก้ว,โรคปอดอุดกั้นเรื้อรัง,70-74,หญิง,861
สระแก้ว,โรคปอดอุดกั้นเรื้อรัง,75-79,ชาย,2488
สระแก้ว,โรคปอดอุดกั้นเรื้อรัง,75-79,หญิง,773
สระแก้ว,โรคปอดอุดกั้นเรื้อรัง,80+,ชาย,3142
สระแก้ว,โรคปอดอุดกั้นเรื้อรัง,80+,หญิง,1168
สระแก้ว,โรคปอดอุดกั้นเรื้อรัง,ไม่ทราบ,ไม่ระบุ,48
สระแก้ว,โรคผิวหนังอักเสบ,0-4,ชาย,796
สระแก้ว,โรคผิวหนังอักเสบ,0-4,หญิง,776
สระแก้ว,โรคผิวหนังอักเสบ,10-14,ชาย,434
สระแก้ว,โรคผิวหนังอักเสบ,10-14,หญิง,406
สระแก้ว,โรคผิวหนังอักเสบ,15-19,ชาย,215
สระแก้ว,โรคผิวหนังอักเสบ,15-19,หญิง,395
สระแก้ว,โรคผิวหนังอักเสบ,20-24,ชาย,221
สระแก้ว,โรคผิวหนังอักเสบ,20-24,หญิง,330
สระแก้ว,โรคผิวหนังอักเสบ,25-29,ชาย,246
สระแก้ว,โรคผิวหนังอักเสบ,25-29,หญิง,514
สระแก้ว,โรคผิวหนังอักเสบ,30-34,ชาย,236
สระแก้ว,โรคผิวหนังอักเสบ,30-34,หญิง,499
สระแก้ว,โรคผิวหนังอักเสบ,35-39,ชาย,288
สระแก้ว,โรคผิวหนังอักเสบ,35-39,หญิง,524
สระแก้ว,โรคผิวหนังอักเสบ,40-44,ชาย,335
สระแก้ว,โรคผิวหนังอักเสบ,40-44,หญิง,544
สระแก้ว,โรคผิวหนังอักเสบ,45-49,ชาย,402
สระแก้ว,โรคผิวหนังอักเสบ,45-49,หญิง,712
สระแก้ว,โรคผิวหนังอักเสบ,5-9,ชาย,610
สระแก้ว,โรคผิวหนังอักเสบ,5-9,หญิง,534
สระแก้ว,โรคผิวหนังอักเสบ,50-54,ชาย,441
สระแก้ว,โรคผิวหนังอักเสบ,50-54,หญิง,805
สระแก้ว,โรคผิวหนังอักเสบ,55-59,ชาย,490
สระแก้ว,โรคผิวหนังอักเสบ,55-59,หญิง,812
สระแก้ว,โรคผิวหนังอักเสบ,60-64,ชาย,533
สระแก้ว,โรคผิวหนังอักเสบ,60-64,หญิง,784
สระแก้ว,โรคผิวหนังอักเสบ,65-69,ชาย,542
สระแก้ว,โรคผิวหนังอักเสบ,65-69,หญิง,545
สระแก้ว,โรคผิวหนังอักเสบ,70-74,ชาย,426
สระแก้ว,โรคผิวหนังอักเสบ,70-74,หญิง,381
สระแก้ว,โรคผิวหนังอักเสบ,75-79,ชาย,225
สระแก้ว,โรคผิวหนังอักเสบ,75-79,หญิง,257
สระแก้ว,โรคผิวหนังอักเสบ,80+,ชาย,265
สระแก้ว,โรคผิวหนังอักเสบ,80+,หญิง,260
สระแก้ว,โรคผิวหนังอักเสบ,ไม่ทราบ,ชาย,4
สระแก้ว,โรคผิวหนังอักเสบ,ไม่ทราบ,หญิง,3
สระแก้ว,โรคผิวหนังอักเสบ,ไม่ทราบ,ไม่ระบุ,63
สระแก้ว,โรคลมพิษ,0-4,ชาย,590
สระแก้ว,โรคลมพิษ,0-4,หญิง,459
สระแก้ว,โรคลมพิษ,10-14,ชาย,359
สระแก้ว,โรคลมพิษ,10-14,หญิง,364
สระแก้ว,โรคลมพิษ,15-19,ชาย,202
สระแก้ว,โรคลมพิษ,15-19,หญิง,362
สระแก้ว,โรคลมพิษ,20-24,ชาย,163
สระแก้ว,โรคลมพิษ,20-24,หญิง,312
สระแก้ว,โรคลมพิษ,25-29,ชาย,179
สระแก้ว,โรคลมพิษ,25-29,หญิง,394
สระแก้ว,โรคลมพิษ,30-34,ชาย,129
สระแก้ว,โรคลมพิษ,30-34,หญิง,385
สระแก้ว,โรคลมพิษ,35-39,ชาย,152
สระแก้ว,โรคลมพิษ,35-39,หญิง,342
สระแก้ว,โรคลมพิษ,40-44,ชาย,130
สระแก้ว,โรคลมพิษ,40-44,หญิง,357
สระแก้ว,โรคลมพิษ,45-49,ชาย,135
สระแก้ว,โรคลมพิษ,45-49,หญิง,456
สระแก้ว,โรคลมพิษ,5-9,ชาย,485
สระแก้ว,โรคลมพิษ,5-9,หญิง,368
สระแก้ว,โรคลมพิษ,50-54,ชาย,146
สระแก้ว,โรคลมพิษ,50-54,หญิง,394
สระแก้ว,โรคลมพิษ,55-59,ชาย,167
สระแก้ว,โรคลมพิษ,55-59,หญิง,352
สระแก้ว,โรคลมพิษ,60-64,ชาย,122
สระแก้ว,โรคลมพิษ,60-64,หญิง,295
สระแก้ว,โรคลมพิษ,65-69,ชาย,146
สระแก้ว,โรคลมพิษ,65-69,หญิง,208
สระแก้ว,โรคลมพิษ,70-74,ชาย,87
สระแก้ว,โรคลมพิษ,70-74,หญิง,138
สระแก้ว,โรคลมพิษ,75-79,ชาย,69
สระแก้ว,โรคลมพิษ,75-79,หญิง,77
สระแก้ว,โรคลมพิษ,80+,ชาย,39
สระแก้ว,โรคลมพิษ,80+,หญิง,73
สระแก้ว,โรคลมพิษ,ไม่ทราบ,ชาย,2
สระแก้ว,โรคลมพิษ,ไม่ทราบ,หญิง,1
สระแก้ว,โรคลมพิษ,ไม่ทราบ,ไม่ระบุ,52
สระแก้ว,โรคหอบหืด,0-4,ชาย,1033
สระแก้ว,โรคหอบหืด,0-4,หญิง,607
สระแก้ว,โรคหอบหืด,10-14,ชาย,883
สระแก้ว,โรคหอบหืด,10-14,หญิง,440
สระแก้ว,โรคหอบหืด,15-19,ชาย,297
สระแก้ว,โรคหอบหืด,15-19,หญิง,265
สระแก้ว,โรคหอบหืด,20-24,ชาย,192
สระแก้ว,โรคหอบหืด,20-24,หญิง,151
สระแก้ว,โรคหอบหืด,25-29,ชาย,220
สระแก้ว,โรคหอบหืด,25-29,หญิง,423
สระแก้ว,โรคหอบหืด,30-34,ชาย,254
สระแก้ว,โรคหอบหืด,30-34,หญิง,535
สระแก้ว,โรคหอบหืด,35-39,ชาย,333
สระแก้ว,โรคหอบหืด,35-39,หญิง,716
สระแก้ว,โรคหอบหืด,40-44,ชาย,451
สระแก้ว,โรคหอบหืด,40-44,หญิง,1077
สระแก้ว,โรคหอบหืด,45-49,ชาย,488
สระแก้ว,โรคหอบหืด,45-49,หญิง,1298
สระแก้ว,โรคหอบหืด,5-9,ชาย,1856
สระแก้ว,โรคหอบหืด,5-9,หญิง,925
สระแก้ว,โรคหอบหืด,50-54,ชาย,531
สระแก้ว,โรคหอบหืด,50-54,หญิง,1729
สระแก้ว,โรคหอบหืด,55-59,ชาย,462
สระแก้ว,โรคหอบหืด,55-59,หญิง,1846
สระแก้ว,โรคหอบหืด,60-64,ชาย,528
สระแก้ว,โรคหอบหืด,60-64,หญิง,1803
สระแก้ว,โรคหอบหืด,65-69,ชาย,464
สระแก้ว,โรคหอบหืด,65-69,หญิง,1389
สระแก้ว,โรคหอบหืด,70-74,ชาย,311
สระแก้ว,โรคหอบหืด,70-74,หญิง,1205
สระแก้ว,โรคหอบหืด,75-79,ชาย,191
สระแก้ว,โรคหอบหืด,75-79,หญิง,615
สระแก้ว,โรคหอบหืด,80+,ชาย,160
สระแก้ว,โรคหอบหืด,80+,หญิง,636
สระแก้ว,โรคหอบหืด,ไม่ทราบ,ไม่ระบุ,71
สระแก้ว,โรคเยื่อจมูกอักเสบจากภูมิแพ้,0-4,ชาย,436
สระแก้ว,โรคเยื่อจมูกอักเสบจากภูมิแพ้,0-4,หญิง,297
สระแก้ว,โรคเยื่อจมูกอักเสบจากภูมิแพ้,10-14,ชาย,310
สระแก้ว,โรคเยื่อจมูกอักเสบจากภูมิแพ้,10-14,หญิง,228
สระแก้ว,โรคเยื่อจมูกอักเสบจากภูมิแพ้,15-19,ชาย,138
สระแก้ว,โรคเยื่อจมูกอักเสบจากภูมิแพ้,15-19,หญิง,126
สระแก้ว,โรคเยื่อจมูกอักเสบจากภูมิแพ้,20-24,ชาย,159
สระแก้ว,โรคเยื่อจมูกอักเสบจากภูมิแพ้,20-24,หญิง,206
สระแก้ว,โรคเยื่อจมูกอักเสบจากภูมิแพ้,25-29,ชาย,200
สระแก้ว,โรคเยื่อจมูกอักเสบจากภูมิแพ้,25-29,หญิง,460
สระแก้ว,โรคเยื่อจมูกอักเสบจากภูมิแพ้,30-34,ชาย,193
สระแก้ว,โรคเยื่อจมูกอักเสบจากภูมิแพ้,30-34,หญิง,448
สระแก้ว,โรคเยื่อจมูกอักเสบจากภูมิแพ้,35-39,ชาย,191
สระแก้ว,โรคเยื่อจมูกอักเสบจากภูมิแพ้,35-39,หญิง,361
สระแก้ว,โรคเยื่อจมูกอักเสบจากภูมิแพ้,40-44,ชาย,178
สระแก้ว,โรคเยื่อจมูกอักเสบจากภูมิแพ้,40-44,หญิง,498
สระแก้ว,โรคเยื่อจมูกอักเสบจากภูมิแพ้,45-49,ชาย,234
สระแก้ว,โรคเยื่อจมูกอักเสบจากภูมิแพ้,45-49,หญิง,395
สระแก้ว,โรคเยื่อจมูกอักเสบจากภูมิแพ้,5-9,ชาย,670
สระแก้ว,โรคเยื่อจมูกอักเสบจากภูมิแพ้,5-9,หญิง,376
สระแก้ว,โรคเยื่อจมูกอักเสบจากภูมิแพ้,50-54,ชาย,215
สระแก้ว,โรคเยื่อจมูกอักเสบจากภูมิแพ้,50-54,หญิง,410
สระแก้ว,โรคเยื่อจมูกอักเสบจากภูมิแพ้,55-59,ชาย,191
สระแก้ว,โรคเยื่อจมูกอักเสบจากภูมิแพ้,55-59,หญิง,328
สระแก้ว,โรคเยื่อจมูกอักเสบจากภูมิแพ้,60-64,ชาย,265
สระแก้ว,โรคเยื่อจมูกอักเสบจากภูมิแพ้,60-64,หญิง,350
สระแก้ว,โรคเยื่อจมูกอักเสบจากภูมิแพ้,65-69,ชาย,204
สระแก้ว,โรคเยื่อจมูกอักเสบจากภูมิแพ้,65-69,หญิง,264
สระแก้ว,โรคเยื่อจมูกอักเสบจากภูมิแพ้,70-74,ชาย,147
สระแก้ว,โรคเยื่อจมูกอักเสบจากภูมิแพ้,70-74,หญิง,175
สระแก้ว,โรคเยื่อจมูกอักเสบจากภูมิแพ้,75-79,ชาย,73
สระแก้ว,โรคเยื่อจมูกอักเสบจากภูมิแพ้,75-79,หญิง,76
สระแก้ว,โรคเยื่อจมูกอักเสบจากภูมิแพ้,80+,ชาย,53
สระแก้ว,โรคเยื่อจมูกอักเสบจากภูมิแพ้,80+,หญิง,68
สระแก้ว,โรคเยื่อจมูกอักเสบจากภูมิแพ้,ไม่ทราบ,ไม่ระบุ,49
สระแก้ว,โรคเยื่อบุตาอักเสบ,0-4,ชาย,951
สระแก้ว,โรคเยื่อบุตาอักเสบ,0-4,หญิง,843
สระแก้ว,โรคเยื่อบุตาอักเสบ,10-14,ชาย,927
สระแก้ว,โรคเยื่อบุตาอักเสบ,10-14,หญิง,818
สระแก้ว,โรคเยื่อบุตาอักเสบ,15-19,ชาย,720
สระแก้ว,โรคเยื่อบุตาอักเสบ,15-19,หญิง,819
สระแก้ว,โรคเยื่อบุตาอักเสบ,20-24,ชาย,544
สระแก้ว,โรคเยื่อบุตาอักเสบ,20-24,หญิง,596
สระแก้ว,โรคเยื่อบุตาอักเสบ,25-29,ชาย,694
สระแก้ว,โรคเยื่อบุตาอักเสบ,25-29,หญิง,827
สระแก้ว,โรคเยื่อบุตาอักเสบ,30-34,ชาย,820
สระแก้ว,โรคเยื่อบุตาอักเสบ,30-34,หญิง,752
สระแก้ว,โรคเยื่อบุตาอักเสบ,35-39,ชาย,755
สระแก้ว,โรคเยื่อบุตาอักเสบ,35-39,หญิง,829
สระแก้ว,โรคเยื่อบุตาอักเสบ,40-44,ชาย,919
สระแก้ว,โรคเยื่อบุตาอักเสบ,40-44,หญิง,979
สระแก้ว,โรคเยื่อบุตาอักเสบ,45-49,ชาย,935
สระแก้ว,โรคเยื่อบุตาอักเสบ,45-49,หญิง,1251
สระแก้ว,โรคเยื่อบุตาอักเสบ,5-9,ชาย,1162
สระแก้ว,โรคเยื่อบุตาอักเสบ,5-9,หญิง,786
สระแก้ว,โรคเยื่อบุตาอักเสบ,50-54,ชาย,969
สระแก้ว,โรคเยื่อบุตาอักเสบ,50-54,หญิง,1589
สระแก้ว,โรคเยื่อบุตาอักเสบ,55-59,ชาย,1004
สระแก้ว,โรคเยื่อบุตาอักเสบ,55-59,หญิง,1765
สระแก้ว,โรคเยื่อบุตาอักเสบ,60-64,ชาย,1019
สระแก้ว,โรคเยื่อบุตาอักเสบ,60-64,หญิง,1695
สระแก้ว,โรคเยื่อบุตาอักเสบ,65-69,ชาย,911
สระแก้ว,โรคเยื่อบุตาอักเสบ,65-69,หญิง,1204
สระแก้ว,โรคเยื่อบุตาอักเสบ,70-74,ชาย,617
สระแก้ว,โรคเยื่อบุตาอักเสบ,70-74,หญิง,833
สระแก้ว,โรคเยื่อบุตาอักเสบ,75-79,ชาย,367
สระแก้ว,โรคเยื่อบุตาอักเสบ,75-79,หญิง,435
สระแก้ว,โรคเยื่อบุตาอักเสบ,80+,ชาย,355
สระแก้ว,โรคเยื่อบุตาอักเสบ,80+,หญิง,504
สระแก้ว,โรคเยื่อบุตาอักเสบ,ไม่ทราบ,ชาย,2
สระแก้ว,โรคเยื่อบุตาอักเสบ,ไม่ทราบ,หญิง,5
สระแก้ว,โรคเยื่อบุตาอักเสบ,ไม่ทราบ,ไม่ระบุ,94
สิงห์บุรี,โรคติดเชื้อทางเดินหายใจส่วนบนเฉียบพลัน,0-4,ชาย,10149
สิงห์บุรี,โรคติดเชื้อทางเดินหายใจส่วนบนเฉียบพลัน,0-4,หญิง,8958
สิงห์บุรี,โรคติดเชื้อทางเดินหายใจส่วนบนเฉียบพลัน,10-14,ชาย,5718
สิงห์บุรี,โรคติดเชื้อทางเดินหายใจส่วนบนเฉียบพลัน,10-14,หญิง,5170
สิงห์บุรี,โรคติดเชื้อทางเดินหายใจส่วนบนเฉียบพลัน,15-19,ชาย,3523
สิงห์บุรี,โรคติดเชื้อทางเดินหายใจส่วนบนเฉียบพลัน,15-19,หญิง,4258
สิงห์บุรี,โรคติดเชื้อทางเดินหายใจส่วนบนเฉียบพลัน,20-24,ชาย,3104
สิงห์บุรี,โรคติดเชื้อทางเดินหายใจส่วนบนเฉียบพลัน,20-24,หญิง,4772
สิงห์บุรี,โรคติดเชื้อทางเดินหายใจส่วนบนเฉียบพลัน,25-29,ชาย,3773
สิงห์บุรี,โรคติดเชื้อทางเดินหายใจส่วนบนเฉียบพลัน,25-29,หญิง,6043
สิงห์บุรี,โรคติดเชื้อทางเดินหายใจส่วนบนเฉียบพลัน,30-34,ชาย,3243
สิงห์บุรี,โรคติดเชื้อทางเดินหายใจส่วนบนเฉียบพลัน,30-34,หญิง,5860
สิงห์บุรี,โรคติดเชื้อทางเดินหายใจส่วนบนเฉียบพลัน,35-39,ชาย,2688
สิงห์บุรี,โรคติดเชื้อทางเดินหายใจส่วนบนเฉียบพลัน,35-39,หญิง,5217
สิงห์บุรี,โรคติดเชื้อทางเดินหายใจส่วนบนเฉียบพลัน,40-44,ชาย,2473
สิงห์บุรี,โรคติดเชื้อทางเดินหายใจส่วนบนเฉียบพลัน,40-44,หญิง,5128
สิงห์บุรี,โรคติดเชื้อทางเดินหายใจส่วนบนเฉียบพลัน,45-49,ชาย,2417
สิงห์บุรี,โรคติดเชื้อทางเดินหายใจส่วนบนเฉียบพลัน,45-49,หญิง,5231
สิงห์บุรี,โรคติดเชื้อทางเดินหายใจส่วนบนเฉียบพลัน,5-9,ชาย,8696
สิงห์บุรี,โรคติดเชื้อทางเดินหายใจส่วนบนเฉียบพลัน,5-9,หญิง,7815
สิงห์บุรี,โรคติดเชื้อทางเดินหายใจส่วนบนเฉียบพลัน,50-54,ชาย,2302
สิงห์บุรี,โรคติดเชื้อทางเดินหายใจส่วนบนเฉียบพลัน,50-54,หญิง,5233
สิงห์บุรี,โรคติดเชื้อทางเดินหายใจส่วนบนเฉียบพลัน,55-59,ชาย,2591
สิงห์บุรี,โรคติดเชื้อทางเดินหายใจส่วนบนเฉียบพลัน,55-59,หญิง,5916
สิงห์บุรี,โรคติดเชื้อทางเดินหายใจส่วนบนเฉียบพลัน,60-64,ชาย,2946
สิงห์บุรี,โรคติดเชื้อทางเดินหายใจส่วนบนเฉียบพลัน,60-64,หญิง,6148
สิงห์บุรี,โรคติดเชื้อทางเดินหายใจส่วนบนเฉียบพลัน,65-69,ชาย,2742
สิงห์บุรี,โรคติดเชื้อทางเดินหายใจส่วนบนเฉียบพลัน,65-69,หญิง,5142
สิงห์บุรี,โรคติดเชื้อทางเดินหายใจส่วนบนเฉียบพลัน,70-74,ชาย,2609
สิงห์บุรี,โรคติดเชื้อทางเดินหายใจส่วนบนเฉียบพลัน,70-74,หญิง,4194
สิงห์บุรี,โรคติดเชื้อทางเดินหายใจส่วนบนเฉียบพลัน,75-79,ชาย,1904
สิงห์บุรี,โรคติดเชื้อทางเดินหายใจส่วนบนเฉียบพลัน,75-79,หญิง,2586
สิงห์บุรี,โรคติดเชื้อทางเดินหายใจส่วนบนเฉียบพลัน,80+,ชาย,1897
สิงห์บุรี,โรคติดเชื้อทางเดินหายใจส่วนบนเฉียบพลัน,80+,หญิง,2875
สิงห์บุรี,โรคติดเชื้อทางเดินหายใจส่วนบนเฉียบพลัน,ไม่ทราบ,ชาย,11
สิงห์บุรี,โรคติดเชื้อทางเดินหายใจส่วนบนเฉียบพลัน,ไม่ทราบ,หญิง,20
สิงห์บุรี,โรคติดเชื้อทางเดินหายใจส่วนบนเฉียบพลัน,ไม่ทราบ,ไม่ระบุ,1159
สิงห์บุรี,โรคปอดอุดกั้นเรื้อรัง,0-4,ชาย,104
สิงห์บุรี,โรคปอดอุดกั้นเรื้อรัง,0-4,หญิง,28
สิงห์บุรี,โรคปอดอุดกั้นเรื้อรัง,10-14,ชาย,3
สิงห์บุรี,โรคปอดอุดกั้นเรื้อรัง,15-19,หญิง,2
สิงห์บุรี,โรคปอดอุดกั้นเรื้อรัง,20-24,ชาย,4
สิงห์บุรี,โรคปอดอุดกั้นเรื้อรัง,25-29,ชาย,8
สิงห์บุรี,โรคปอดอุดกั้นเรื้อรัง,25-29,หญิง,9
สิงห์บุรี,โรคปอดอุดกั้นเรื้อรัง,30-34,ชาย,22
สิงห์บุรี,โรคปอดอุดกั้นเรื้อรัง,30-34,หญิง,6
สิงห์บุรี,โรคปอดอุดกั้นเรื้อรัง,35-39,ชาย,51
สิงห์บุรี,โรคปอดอุดกั้นเรื้อรัง,35-39,หญิง,11
สิงห์บุรี,โรคปอดอุดกั้นเรื้อรัง,40-44,ชาย,99
สิงห์บุรี,โรคปอดอุดกั้นเรื้อรัง,40-44,หญิง,31
สิงห์บุรี,โรคปอดอุดกั้นเรื้อรัง,45-49,ชาย,235
สิงห์บุรี,โรคปอดอุดกั้นเรื้อรัง,45-49,หญิง,8
สิงห์บุรี,โรคปอดอุดกั้นเรื้อรัง,5-9,ชาย,49
สิงห์บุรี,โรคปอดอุดกั้นเรื้อรัง,5-9,หญิง,33
สิงห์บุรี,โรคปอดอุดกั้นเรื้อรัง,50-54,ชาย,385
สิงห์บุรี,โรคปอดอุดกั้นเรื้อรัง,50-54,หญิง,65
สิงห์บุรี,โรคปอดอุดกั้นเรื้อรัง,55-59,ชาย,641
สิงห์บุรี,โรคปอดอุดกั้นเรื้อรัง,55-59,หญิง,130
สิงห์บุรี,โรคปอดอุดกั้นเรื้อรัง,60-64,ชาย,1203
สิงห์บุรี,โรคปอดอุดกั้นเรื้อรัง,60-64,หญิง,243
สิงห์บุรี,โรคปอดอุดกั้นเรื้อรัง,65-69,ชาย,1491
สิงห์บุรี,โรคปอดอุดกั้นเรื้อรัง,65-69,หญิง,262
สิงห์บุรี,โรคปอดอุดกั้นเรื้อรัง,70-74,ชาย,1515
สิงห์บุรี,โรคปอดอุดกั้นเรื้อรัง,70-74,หญิง,215
สิงห์บุรี,โรคปอดอุดกั้นเรื้อรัง,75-79,ชาย,1115
สิงห์บุรี,โรคปอดอุดกั้นเรื้อรัง,75-79,หญิง,257
สิงห์บุรี,โรคปอดอุดกั้นเรื้อรัง,80+,ชาย,1976
สิงห์บุรี,โรคปอดอุดกั้นเรื้อรัง,80+,หญิง,415
สิงห์บุรี,โรคปอดอุดกั้นเรื้อรัง,ไม่ทราบ,ไม่ระบุ,18
สิงห์บุรี,โรคผิวหนังอักเสบ,0-4,ชาย,196
สิงห์บุรี,โรคผิวหนังอักเสบ,0-4,หญิง,175
สิงห์บุรี,โรคผิวหนังอักเสบ,10-14,ชาย,163
สิงห์บุรี,โรคผิวหนังอักเสบ,10-14,หญิง,152
สิงห์บุรี,โรคผิวหนังอักเสบ,15-19,ชาย,118
สิงห์บุรี,โรคผิวหนังอักเสบ,15-19,หญิง,181
สิงห์บุรี,โรคผิวหนังอักเสบ,20-24,ชาย,131
สิงห์บุรี,โรคผิวหนังอักเสบ,20-24,หญิง,207
สิงห์บุรี,โรคผิวหนังอักเสบ,25-29,ชาย,143
สิงห์บุรี,โรคผิวหนังอักเสบ,25-29,หญิง,342
สิงห์บุรี,โรคผิวหนังอักเสบ,30-34,ชาย,172
สิงห์บุรี,โรคผิวหนังอักเสบ,30-34,หญิง,304
สิงห์บุรี,โรคผิวหนังอักเสบ,35-39,ชาย,146
สิงห์บุรี,โรคผิวหนังอักเสบ,35-39,หญิง,307
สิงห์บุรี,โรคผิวหนังอักเสบ,40-44,ชาย,176
สิงห์บุรี,โรคผิวหนังอักเสบ,40-44,หญิง,408
สิงห์บุรี,โรคผิวหนังอักเสบ,45-49,ชาย,200
สิงห์บุรี,โรคผิวหนังอักเสบ,45-49,หญิง,541
สิงห์บุรี,โรคผิวหนังอักเสบ,5-9,ชาย,233
สิงห์บุรี,โรคผิวหนังอักเสบ,5-9,หญิง,154
สิงห์บุรี,โรคผิวหนังอักเสบ,50-54,ชาย,251
สิงห์บุรี,โรคผิวหนังอักเสบ,50-54,หญิง,497
สิงห์บุรี,โรคผิวหนังอักเสบ,55-59,ชาย,321
สิงห์บุรี,โรคผิวหนังอักเสบ,55-59,หญิง,590
สิงห์บุรี,โรคผิวหนังอักเสบ,60-64,ชาย,374
สิงห์บุรี,โรคผิวหนังอักเสบ,60-64,หญิง,577
สิงห์บุรี,โรคผิวหนังอักเสบ,65-69,ชาย,398
สิงห์บุรี,โรคผิวหนังอักเสบ,65-69,หญิง,517
สิงห์บุรี,โรคผิวหนังอักเสบ,70-74,ชาย,395
สิงห์บุรี,โรคผิวหนังอักเสบ,70-74,หญิง,439
สิงห์บุรี,โรคผิวหนังอักเสบ,75-79,ชาย,243
สิงห์บุรี,โรคผิวหนังอักเสบ,75-79,หญิง,287
สิงห์บุรี,โรคผิวหนังอักเสบ,80+,ชาย,231
สิงห์บุรี,โรคผิวหนังอักเสบ,80+,หญิง,292
สิงห์บุรี,โรคผิวหนังอักเสบ,ไม่ทราบ,ชาย,1
สิงห์บุรี,โรคผิวหนังอักเสบ,ไม่ทราบ,ไม่ระบุ,23
สิงห์บุรี,โรคลมพิษ,0-4,ชาย,240
สิงห์บุรี,โรคลมพิษ,0-4,หญิง,191
สิงห์บุรี,โรคลมพิษ,10-14,ชาย,270
สิงห์บุรี,โรคลมพิษ,10-14,หญิง,240
สิงห์บุรี,โรคลมพิษ,15-19,ชาย,195
สิงห์บุรี,โรคลมพิษ,15-19,หญิง,276
สิงห์บุรี,โรคลมพิษ,20-24,ชาย,152
สิงห์บุรี,โรคลมพิษ,20-24,หญิง,309
สิงห์บุรี,โรคลมพิษ,25-29,ชาย,175
สิงห์บุรี,โรคลมพิษ,25-29,หญิง,351
สิงห์บุรี,โรคลมพิษ,30-34,ชาย,168
สิงห์บุรี,โรคลมพิษ,30-34,หญิง,346
สิงห์บุรี,โรคลมพิษ,35-39,ชาย,114
สิงห์บุรี,โรคลมพิษ,35-39,หญิง,359
สิงห์บุรี,โรคลมพิษ,40-44,ชาย,143
สิงห์บุรี,โรคลมพิษ,40-44,หญิง,364
สิงห์บุรี,โรคลมพิษ,45-49,ชาย,94
สิงห์บุรี,โรคลมพิษ,45-49,หญิง,347
สิงห์บุรี,โรคลมพิษ,5-9,ชาย,296
สิงห์บุรี,โรคลมพิษ,5-9,หญิง,232
สิงห์บุรี,โรคลมพิษ,50-54,ชาย,128
สิงห์บุรี,โรคลมพิษ,50-54,หญิง,313
สิงห์บุรี,โรคลมพิษ,55-59,ชาย,141
สิงห์บุรี,โรคลมพิษ,55-59,หญิง,387
สิงห์บุรี,โรคลมพิษ,60-64,ชาย,178
สิงห์บุรี,โรคลมพิษ,60-64,หญิง,290
สิงห์บุรี,โรคลมพิษ,65-69,ชาย,93
สิงห์บุรี,โรคลมพิษ,65-69,หญิง,270
สิงห์บุรี,โรคลมพิษ,70-74,ชาย,102
สิงห์บุรี,โรคลมพิษ,70-74,หญิง,166
สิงห์บุรี,โรคลมพิษ,75-79,ชาย,69
สิงห์บุรี,โรคลมพิษ,75-79,หญิง,98
สิงห์บุรี,โรคลมพิษ,80+,ชาย,43
สิงห์บุรี,โรคลมพิษ,80+,หญิง,127
สิงห์บุรี,โรคลมพิษ,ไม่ทราบ,ไม่ระบุ,27
สิงห์บุรี,โรคหอบหืด,0-4,ชาย,377
สิงห์บุรี,โรคหอบหืด,0-4,หญิง,166
สิงห์บุรี,โรคหอบหืด,10-14,ชาย,321
สิงห์บุรี,โรคหอบหืด,10-14,หญิง,271
สิงห์บุรี,โรคหอบหืด,15-19,ชาย,102
สิงห์บุรี,โรคหอบหืด,15-19,หญิง,92
สิงห์บุรี,โรคหอบหืด,20-24,ชาย,121
สิงห์บุรี,โรคหอบหืด,20-24,หญิง,86
สิงห์บุรี,โรคหอบหืด,25-29,ชาย,150
สิงห์บุรี,โรคหอบหืด,25-29,หญิง,231
สิงห์บุรี,โรคหอบหืด,30-34,ชาย,187
สิงห์บุรี,โรคหอบหืด,30-34,หญิง,306
สิงห์บุรี,โรคหอบหืด,35-39,ชาย,324
สิงห์บุรี,โรคหอบหืด,35-39,หญิง,350
สิงห์บุรี,โรคหอบหืด,40-44,ชาย,361
สิงห์บุรี,โรคหอบหืด,40-44,หญิง,500
สิงห์บุรี,โรคหอบหืด,45-49,ชาย,342
สิงห์บุรี,โรคหอบหืด,45-49,หญิง,940
สิงห์บุรี,โรคหอบหืด,5-9,ชาย,900
สิงห์บุรี,โรคหอบหืด,5-9,หญิง,401
สิงห์บุรี,โรคหอบหืด,50-54,ชาย,352
สิงห์บุรี,โรคหอบหืด,50-54,หญิง,1001
สิงห์บุรี,โรคหอบหืด,55-59,ชาย,532
สิงห์บุรี,โรคหอบหืด,55-59,หญิง,1189
สิงห์บุรี,โรคหอบหืด,60-64,ชาย,363
สิงห์บุรี,โรคหอบหืด,60-64,หญิง,1606
สิงห์บุรี,โรคหอบหืด,65-69,ชาย,279
สิงห์บุรี,โรคหอบหืด,65-69,หญิง,1118
สิงห์บุรี,โรคหอบหืด,70-74,ชาย,277
สิงห์บุรี,โรคหอบหืด,70-74,หญิง,965
สิงห์บุรี,โรคหอบหืด,75-79,ชาย,212
สิงห์บุรี,โรคหอบหืด,75-79,หญิง,697
สิงห์บุรี,โรคหอบหืด,80+,ชาย,113
สิงห์บุรี,โรคหอบหืด,80+,หญิง,546
สิงห์บุรี,โรคหอบหืด,ไม่ทราบ,ไม่ระบุ,28
สิงห์บุรี,โรคเยื่อจมูกอักเสบจากภูมิแพ้,0-4,ชาย,1720
สิงห์บุรี,โรคเยื่อจมูกอักเสบจากภูมิแพ้,0-4,หญิง,1282
สิงห์บุรี,โรคเยื่อจมูกอักเสบจากภูมิแพ้,10-14,ชาย,1082
สิงห์บุรี,โรคเยื่อจมูกอักเสบจากภูมิแพ้,10-14,หญิง,779
สิงห์บุรี,โรคเยื่อจมูกอักเสบจากภูมิแพ้,15-19,ชาย,170
สิงห์บุรี,โรคเยื่อจมูกอักเสบจากภูมิแพ้,15-19,หญิง,257
สิงห์บุรี,โรคเยื่อจมูกอักเสบจากภูมิแพ้,20-24,ชาย,131
สิงห์บุรี,โรคเยื่อจมูกอักเสบจากภูมิแพ้,20-24,หญิง,213
สิงห์บุรี,โรคเยื่อจมูกอักเสบจากภูมิแพ้,25-29,ชาย,225
สิงห์บุรี,โรคเยื่อจมูกอักเสบจากภูมิแพ้,25-29,หญิง,407
สิงห์บุรี,โรคเยื่อจมูกอักเสบจากภูมิแพ้,30-34,ชาย,225
สิงห์บุรี,โรคเยื่อจมูกอักเสบจากภูมิแพ้,30-34,หญิง,485
สิงห์บุรี,โรคเยื่อจมูกอักเสบจากภูมิแพ้,35-39,ชาย,177
สิงห์บุรี,โรคเยื่อจมูกอักเสบจากภูมิแพ้,35-39,หญิง,442
สิงห์บุรี,โรคเยื่อจมูกอักเสบจากภูมิแพ้,40-44,ชาย,132
สิงห์บุรี,โรคเยื่อจมูกอักเสบจากภูมิแพ้,40-44,หญิง,504
สิงห์บุรี,โรคเยื่อจมูกอักเสบจากภูมิแพ้,45-49,ชาย,230
สิงห์บุรี,โรคเยื่อจมูกอักเสบจากภูมิแพ้,45-49,หญิง,568
สิงห์บุรี,โรคเยื่อจมูกอักเสบจากภูมิแพ้,5-9,ชาย,2914
สิงห์บุรี,โรคเยื่อจมูกอักเสบจากภูมิแพ้,5-9,หญิง,2067
สิงห์บุรี,โรคเยื่อจมูกอักเสบจากภูมิแพ้,50-54,ชาย,170
สิงห์บุรี,โรคเยื่อจมูกอักเสบจากภูมิแพ้,50-54,หญิง,507
สิงห์บุรี,โรคเยื่อจมูกอักเสบจากภูมิแพ้,55-59,ชาย,213
สิงห์บุรี,โรคเยื่อจมูกอักเสบจากภูมิแพ้,55-59,หญิง,670
สิงห์บุรี,โรคเยื่อจมูกอักเสบจากภูมิแพ้,60-64,ชาย,308
สิงห์บุรี,โรคเยื่อจมูกอักเสบจากภูมิแพ้,60-64,หญิง,616
สิงห์บุรี,โรคเยื่อจมูกอักเสบจากภูมิแพ้,65-69,ชาย,273
สิงห์บุรี,โรคเยื่อจมูกอักเสบจากภูมิแพ้,65-69,หญิง,437
สิงห์บุรี,โรคเยื่อจมูกอักเสบจากภูมิแพ้,70-74,ชาย,270
สิงห์บุรี,โรคเยื่อจมูกอักเสบจากภูมิแพ้,70-74,หญิง,360
สิงห์บุรี,โรคเยื่อจมูกอักเสบจากภูมิแพ้,75-79,ชาย,161
สิงห์บุรี,โรคเยื่อจมูกอักเสบจากภูมิแพ้,75-79,หญิง,147
สิงห์บุรี,โรคเยื่อจมูกอักเสบจากภูมิแพ้,80+,ชาย,145
สิงห์บุรี,โรคเยื่อจมูกอักเสบจากภูมิแพ้,80+,หญิง,170
สิงห์บุรี,โรคเยื่อจมูกอักเสบจากภูมิแพ้,ไม่ทราบ,ไม่ระบุ,48
สิงห์บุรี,โรคเยื่อบุตาอักเสบ,0-4,ชาย,216
สิงห์บุรี,โรคเยื่อบุตาอักเสบ,0-4,หญิง,147
สิงห์บุรี,โรคเยื่อบุตาอักเสบ,10-14,ชาย,194
สิงห์บุรี,โรคเยื่อบุตาอักเสบ,10-14,หญิง,176
สิงห์บุรี,โรคเยื่อบุตาอักเสบ,15-19,ชาย,223
สิงห์บุรี,โรคเยื่อบุตาอักเสบ,15-19,หญิง,231
สิงห์บุรี,โรคเยื่อบุตาอักเสบ,20-24,ชาย,229
สิงห์บุรี,โรคเยื่อบุตาอักเสบ,20-24,หญิง,261
สิงห์บุรี,โรคเยื่อบุตาอักเสบ,25-29,ชาย,291
สิงห์บุรี,โรคเยื่อบุตาอักเสบ,25-29,หญิง,348
สิงห์บุรี,โรคเยื่อบุตาอักเสบ,30-34,ชาย,274
สิงห์บุรี,โรคเยื่อบุตาอักเสบ,30-34,หญิง,362
สิงห์บุรี,โรคเยื่อบุตาอักเสบ,35-39,ชาย,254
สิงห์บุรี,โรคเยื่อบุตาอักเสบ,35-39,หญิง,385
สิงห์บุรี,โรคเยื่อบุตาอักเสบ,40-44,ชาย,255
สิงห์บุรี,โรคเยื่อบุตาอักเสบ,40-44,หญิง,398
สิงห์บุรี,โรคเยื่อบุตาอักเสบ,45-49,ชาย,318
สิงห์บุรี,โรคเยื่อบุตาอักเสบ,45-49,หญิง,495
สิงห์บุรี,โรคเยื่อบุตาอักเสบ,5-9,ชาย,258
สิงห์บุรี,โรคเยื่อบุตาอักเสบ,5-9,หญิง,157
สิงห์บุรี,โรคเยื่อบุตาอักเสบ,50-54,ชาย,299
สิงห์บุรี,โรคเยื่อบุตาอักเสบ,50-54,หญิง,576
สิงห์บุรี,โรคเยื่อบุตาอักเสบ,55-59,ชาย,330
สิงห์บุรี,โรคเยื่อบุตาอักเสบ,55-59,หญิง,726
สิงห์บุรี,โรคเยื่อบุตาอักเสบ,60-64,ชาย,384
สิงห์บุรี,โรคเยื่อบุตาอักเสบ,60-64,หญิง,953
สิงห์บุรี,โรคเยื่อบุตาอักเสบ,65-69,ชาย,427
สิงห์บุรี,โรคเยื่อบุตาอักเสบ,65-69,หญิง,845
สิงห์บุรี,โรคเยื่อบุตาอักเสบ,70-74,ชาย,399
สิงห์บุรี,โรคเยื่อบุตาอักเสบ,70-74,หญิง,719
สิงห์บุรี,โรคเยื่อบุตาอักเสบ,75-79,ชาย,329
สิงห์บุรี,โรคเยื่อบุตาอักเสบ,75-79,หญิง,475
สิงห์บุรี,โรคเยื่อบุตาอักเสบ,80+,ชาย,297
สิงห์บุรี,โรคเยื่อบุตาอักเสบ,80+,หญิง,487
สิงห์บุรี,โรคเยื่อบุตาอักเสบ,ไม่ทราบ,ชาย,1
สิงห์บุรี,โรคเยื่อบุตาอักเสบ,ไม่ทราบ,ไม่ระบุ,50
สุพรรณบุรี,โรคติดเชื้อทางเดินหายใจส่วนบนเฉียบพลัน,0-4,ชาย,45347
สุพรรณบุรี,โรคติดเชื้อทางเดินหายใจส่วนบนเฉียบพลัน,0-4,หญิง,41694
สุพรรณบุรี,โรคติดเชื้อทางเดินหายใจส่วนบนเฉียบพลัน,0-4,ไม่ระบุ,4
สุพรรณบุรี,โรคติดเชื้อทางเดินหายใจส่วนบนเฉียบพลัน,10-14,ชาย,21933
สุพรรณบุรี,โรคติดเชื้อทางเดินหายใจส่วนบนเฉียบพลัน,10-14,หญิง,19619
สุพรรณบุรี,โรคติดเชื้อทางเดินหายใจส่วนบนเฉียบพลัน,10-14,ไม่ระบุ,4
สุพรรณบุรี,โรคติดเชื้อทางเดินหายใจส่วนบนเฉียบพลัน,15-19,ชาย,10896
สุพรรณบุรี,โรคติดเชื้อทางเดินหายใจส่วนบนเฉียบพลัน,15-19,หญิง,14676
สุพรรณบุรี,โรคติดเชื้อทางเดินหายใจส่วนบนเฉียบพลัน,20-24,ชาย,8365
สุพรรณบุรี,โรคติดเชื้อทางเดินหายใจส่วนบนเฉียบพลัน,20-24,หญิง,14286
สุพรรณบุรี,โรคติดเชื้อทางเดินหายใจส่วนบนเฉียบพลัน,25-29,ชาย,9204
สุพรรณบุรี,โรคติดเชื้อทางเดินหายใจส่วนบนเฉียบพลัน,25-29,หญิง,17656
สุพรรณบุรี,โรคติดเชื้อทางเดินหายใจส่วนบนเฉียบพลัน,30-34,ชาย,8032
สุพรรณบุรี,โรคติดเชื้อทางเดินหายใจส่วนบนเฉียบพลัน,30-34,หญิง,17313
สุพรรณบุรี,โรคติดเชื้อทางเดินหายใจส่วนบนเฉียบพลัน,30-34,ไม่ระบุ,1
สุพรรณบุรี,โรคติดเชื้อทางเดินหายใจส่วนบนเฉียบพลัน,35-39,ชาย,7289
สุพรรณบุรี,โรคติดเชื้อทางเดินหายใจส่วนบนเฉียบพลัน,35-39,หญิง,15758
สุพรรณบุรี,โรคติดเชื้อทางเดินหายใจส่วนบนเฉียบพลัน,40-44,ชาย,7202
สุพรรณบุรี,โรคติดเชื้อทางเดินหายใจส่วนบนเฉียบพลัน,40-44,หญิง,15257
สุพรรณบุรี,โรคติดเชื้อทางเดินหายใจส่วนบนเฉียบพลัน,45-49,ชาย,6961
สุพรรณบุรี,โรคติดเชื้อทางเดินหายใจส่วนบนเฉียบพลัน,45-49,หญิง,15129
สุพรรณบุรี,โรคติดเชื้อทางเดินหายใจส่วนบนเฉียบพลัน,5-9,ชาย,36490
สุพรรณบุรี,โรคติดเชื้อทางเดินหายใจส่วนบนเฉียบพลัน,5-9,หญิง,32876
สุพรรณบุรี,โรคติดเชื้อทางเดินหายใจส่วนบนเฉียบพลัน,5-9,ไม่ระบุ,14
สุพรรณบุรี,โรคติดเชื้อทางเดินหายใจส่วนบนเฉียบพลัน,50-54,ชาย,6589
สุพรรณบุรี,โรคติดเชื้อทางเดินหายใจส่วนบนเฉียบพลัน,50-54,หญิง,15174
สุพรรณบุรี,โรคติดเชื้อทางเดินหายใจส่วนบนเฉียบพลัน,50-54,ไม่ระบุ,1
สุพรรณบุรี,โรคติดเชื้อทางเดินหายใจส่วนบนเฉียบพลัน,55-59,ชาย,7372
สุพรรณบุรี,โรคติดเชื้อทางเดินหายใจส่วนบนเฉียบพลัน,55-59,หญิง,17241
สุพรรณบุรี,โรคติดเชื้อทางเดินหายใจส่วนบนเฉียบพลัน,55-59,ไม่ระบุ,1
สุพรรณบุรี,โรคติดเชื้อทางเดินหายใจส่วนบนเฉียบพลัน,60-64,ชาย,8135
สุพรรณบุรี,โรคติดเชื้อทางเดินหายใจส่วนบนเฉียบพลัน,60-64,หญิง,16414
สุพรรณบุรี,โรคติดเชื้อทางเดินหายใจส่วนบนเฉียบพลัน,60-64,ไม่ระบุ,1
สุพรรณบุรี,โรคติดเชื้อทางเดินหายใจส่วนบนเฉียบพลัน,65-69,ชาย,7761
สุพรรณบุรี,โรคติดเชื้อทางเดินหายใจส่วนบนเฉียบพลัน,65-69,หญิง,12590
สุพรรณบุรี,โรคติดเชื้อทางเดินหายใจส่วนบนเฉียบพลัน,70-74,ชาย,6975
สุพรรณบุรี,โรคติดเชื้อทางเดินหายใจส่วนบนเฉียบพลัน,70-74,หญิง,9995
สุพรรณบุรี,โรคติดเชื้อทางเดินหายใจส่วนบนเฉียบพลัน,75-79,ชาย,4456
สุพรรณบุรี,โรคติดเชื้อทางเดินหายใจส่วนบนเฉียบพลัน,75-79,หญิง,6035
สุพรรณบุรี,โรคติดเชื้อทางเดินหายใจส่วนบนเฉียบพลัน,80+,ชาย,4702
สุพรรณบุรี,โรคติดเชื้อทางเดินหายใจส่วนบนเฉียบพลัน,80+,หญิง,6772
สุพรรณบุรี,โรคติดเชื้อทางเดินหายใจส่วนบนเฉียบพลัน,ไม่ทราบ,ชาย,11
สุพรรณบุรี,โรคติดเชื้อทางเดินหายใจส่วนบนเฉียบพลัน,ไม่ทราบ,หญิง,5
สุพรรณบุรี,โรคติดเชื้อทางเดินหายใจส่วนบนเฉียบพลัน,ไม่ทราบ,ไม่ระบุ,18940
สุพรรณบุรี,โรคปอดอุดกั้นเรื้อรัง,0-4,ชาย,52
สุพรรณบุรี,โรคปอดอุดกั้นเรื้อรัง,0-4,หญิง,26
สุพรรณบุรี,โรคปอดอุดกั้นเรื้อรัง,10-14,ชาย,6
สุพรรณบุรี,โรคปอดอุดกั้นเรื้อรัง,10-14,หญิง,3
สุพรรณบุรี,โรคปอดอุดกั้นเรื้อรัง,15-19,ชาย,6
สุพรรณบุรี,โรคปอดอุดกั้นเรื้อรัง,15-19,หญิง,1
สุพรรณบุรี,โรคปอดอุดกั้นเรื้อรัง,20-24,ชาย,22
สุพรรณบุรี,โรคปอดอุดกั้นเรื้อรัง,20-24,หญิง,4
สุพรรณบุรี,โรคปอดอุดกั้นเรื้อรัง,25-29,ชาย,37
สุพรรณบุรี,โรคปอดอุดกั้นเรื้อรัง,25-29,หญิง,1
สุพรรณบุรี,โรคปอดอุดกั้นเรื้อรัง,30-34,ชาย,88
สุพรรณบุรี,โรคปอดอุดกั้นเรื้อรัง,30-34,หญิง,6
สุพรรณบุรี,โรคปอดอุดกั้นเรื้อรัง,35-39,ชาย,116
สุพรรณบุรี,โรคปอดอุดกั้นเรื้อรัง,35-39,หญิง,15
สุพรรณบุรี,โรคปอดอุดกั้นเรื้อรัง,40-44,ชาย,391
สุพรรณบุรี,โรคปอดอุดกั้นเรื้อรัง,40-44,หญิง,20
สุพรรณบุรี,โรคปอดอุดกั้นเรื้อรัง,45-49,ชาย,873
สุพรรณบุรี,โรคปอดอุดกั้นเรื้อรัง,45-49,หญิง,57
สุพรรณบุรี,โรคปอดอุดกั้นเรื้อรัง,5-9,ชาย,13
สุพรรณบุรี,โรคปอดอุดกั้นเรื้อรัง,5-9,หญิง,17
สุพรรณบุรี,โรคปอดอุดกั้นเรื้อรัง,50-54,ชาย,1640
สุพรรณบุรี,โรคปอดอุดกั้นเรื้อรัง,50-54,หญิง,122
สุพรรณบุรี,โรคปอดอุดกั้นเรื้อรัง,55-59,ชาย,2680
สุพรรณบุรี,โรคปอดอุดกั้นเรื้อรัง,55-59,หญิง,243
สุพรรณบุรี,โรคปอดอุดกั้นเรื้อรัง,60-64,ชาย,4554
สุพรรณบุรี,โรคปอดอุดกั้นเรื้อรัง,60-64,หญิง,486
สุพรรณบุรี,โรคปอดอุดกั้นเรื้อรัง,65-69,ชาย,5279
สุพรรณบุรี,โรคปอดอุดกั้นเรื้อรัง,65-69,หญิง,481
สุพรรณบุรี,โรคปอดอุดกั้นเรื้อรัง,70-74,ชาย,5566
สุพรรณบุรี,โรคปอดอุดกั้นเรื้อรัง,70-74,หญิง,628
สุพรรณบุรี,โรคปอดอุดกั้นเรื้อรัง,75-79,ชาย,4809
สุพรรณบุรี,โรคปอดอุดกั้นเรื้อรัง,75-79,หญิง,548
สุพรรณบุรี,โรคปอดอุดกั้นเรื้อรัง,80+,ชาย,6996
สุพรรณบุรี,โรคปอดอุดกั้นเรื้อรัง,80+,หญิง,1030
สุพรรณบุรี,โรคปอดอุดกั้นเรื้อรัง,ไม่ทราบ,ไม่ระบุ,489
สุพรรณบุรี,โรคผิวหนังอักเสบ,0-4,ชาย,990
สุพรรณบุรี,โรคผิวหนังอักเสบ,0-4,หญิง,902
สุพรรณบุรี,โรคผิวหนังอักเสบ,10-14,ชาย,615
สุพรรณบุรี,โรคผิวหนังอักเสบ,10-14,หญิง,621
สุพรรณบุรี,โรคผิวหนังอักเสบ,15-19,ชาย,409
สุพรรณบุรี,โรคผิวหนังอักเสบ,15-19,หญิง,634
สุพรรณบุรี,โรคผิวหนังอักเสบ,20-24,ชาย,319
สุพรรณบุรี,โรคผิวหนังอักเสบ,20-24,หญิง,633
สุพรรณบุรี,โรคผิวหนังอักเสบ,25-29,ชาย,400
สุพรรณบุรี,โรคผิวหนังอักเสบ,25-29,หญิง,859
สุพรรณบุรี,โรคผิวหนังอักเสบ,30-34,ชาย,424
สุพรรณบุรี,โรคผิวหนังอักเสบ,30-34,หญิง,1034
สุพรรณบุรี,โรคผิวหนังอักเสบ,35-39,ชาย,376
สุพรรณบุรี,โรคผิวหนังอักเสบ,35-39,หญิง,1131
สุพรรณบุรี,โรคผิวหนังอักเสบ,40-44,ชาย,487
สุพรรณบุรี,โรคผิวหนังอักเสบ,40-44,หญิง,1135
สุพรรณบุรี,โรคผิวหนังอักเสบ,45-49,ชาย,614
สุพรรณบุรี,โรคผิวหนังอักเสบ,45-49,หญิง,1499
สุพรรณบุรี,โรคผิวหนังอักเสบ,5-9,ชาย,701
สุพรรณบุรี,โรคผิวหนังอักเสบ,5-9,หญิง,659
สุพรรณบุรี,โรคผิวหนังอักเสบ,50-54,ชาย,742
สุพรรณบุรี,โรคผิวหนังอักเสบ,50-54,หญิง,1431
สุพรรณบุรี,โรคผิวหนังอักเสบ,55-59,ชาย,907
สุพรรณบุรี,โรคผิวหนังอักเสบ,55-59,หญิง,1530
สุพรรณบุรี,โรคผิวหนังอักเสบ,60-64,ชาย,1032
สุพรรณบุรี,โรคผิวหนังอักเสบ,60-64,หญิง,1678
สุพรรณบุรี,โรคผิวหนังอักเสบ,65-69,ชาย,954
สุพรรณบุรี,โรคผิวหนังอักเสบ,65-69,หญิง,1298
สุพรรณบุรี,โรคผิวหนังอักเสบ,70-74,ชาย,898
สุพรรณบุรี,โรคผิวหนังอักเสบ,70-74,หญิง,940
สุพรรณบุรี,โรคผิวหนังอักเสบ,75-79,ชาย,635
สุพรรณบุรี,โรคผิวหนังอักเสบ,75-79,หญิง,675
สุพรรณบุรี,โรคผิวหนังอักเสบ,80+,ชาย,753
สุพรรณบุรี,โรคผิวหนังอักเสบ,80+,หญิง,744
สุพรรณบุรี,โรคผิวหนังอักเสบ,ไม่ทราบ,ชาย,2
สุพรรณบุรี,โรคผิวหนังอักเสบ,ไม่ทราบ,หญิง,1
สุพรรณบุรี,โรคผิวหนังอักเสบ,ไม่ทราบ,ไม่ระบุ,893
สุพรรณบุรี,โรคลมพิษ,0-4,ชาย,1006
สุพรรณบุรี,โรคลมพิษ,0-4,หญิง,868
สุพรรณบุรี,โรคลมพิษ,10-14,ชาย,888
สุพรรณบุรี,โรคลมพิษ,10-14,หญิง,847
สุพรรณบุรี,โรคลมพิษ,15-19,ชาย,586
สุพรรณบุรี,โรคลมพิษ,15-19,หญิง,909
สุพรรณบุรี,โรคลมพิษ,20-24,ชาย,407
สุพรรณบุรี,โรคลมพิษ,20-24,หญิง,941
สุพรรณบุรี,โรคลมพิษ,25-29,ชาย,410
สุพรรณบุรี,โรคลมพิษ,25-29,หญิง,961
สุพรรณบุรี,โรคลมพิษ,30-34,ชาย,330
สุพรรณบุรี,โรคลมพิษ,30-34,หญิง,1005
สุพรรณบุรี,โรคลมพิษ,35-39,ชาย,295
สุพรรณบุรี,โรคลมพิษ,35-39,หญิง,871
สุพรรณบุรี,โรคลมพิษ,40-44,ชาย,307
สุพรรณบุรี,โรคลมพิษ,40-44,หญิง,922
สุพรรณบุรี,โรคลมพิษ,45-49,ชาย,296
สุพรรณบุรี,โรคลมพิษ,45-49,หญิง,964
สุพรรณบุรี,โรคลมพิษ,5-9,ชาย,865
สุพรรณบุรี,โรคลมพิษ,5-9,หญิง,793
สุพรรณบุรี,โรคลมพิษ,5-9,ไม่ระบุ,2
สุพรรณบุรี,โรคลมพิษ,50-54,ชาย,334
สุพรรณบุรี,โรคลมพิษ,50-54,หญิง,966
สุพรรณบุรี,โรคลมพิษ,55-59,ชาย,356
สุพรรณบุรี,โรคลมพิษ,55-59,หญิง,849
สุพรรณบุรี,โรคลมพิษ,60-64,ชาย,398
สุพรรณบุรี,โรคลมพิษ,60-64,หญิง,817
สุพรรณบุรี,โรคลมพิษ,65-69,ชาย,320
สุพรรณบุรี,โรคลมพิษ,65-69,หญิง,596
สุพรรณบุรี,โรคลมพิษ,70-74,ชาย,233
สุพรรณบุรี,โรคลมพิษ,70-74,หญิง,435
สุพรรณบุรี,โรคลมพิษ,75-79,ชาย,159
สุพรรณบุรี,โรคลมพิษ,75-79,หญิง,256
สุพรรณบุรี,โรคลมพิษ,80+,ชาย,155
สุพรรณบุรี,โรคลมพิษ,80+,หญิง,276
สุพรรณบุรี,โรคลมพิษ,ไม่ทราบ,ไม่ระบุ,711
สุพรรณบุรี,โรคหอบหืด,0-4,ชาย,2405
สุพรรณบุรี,โรคหอบหืด,0-4,หญิง,1409
สุพรรณบุรี,โรคหอบหืด,10-14,ชาย,3091
สุพรรณบุรี,โรคหอบหืด,10-14,หญิง,1668
สุพรรณบุรี,โรคหอบหืด,15-19,ชาย,965
สุพรรณบุรี,โรคหอบหืด,15-19,หญิง,674
สุพรรณบุรี,โรคหอบหืด,20-24,ชาย,627
สุพรรณบุรี,โรคหอบหืด,20-24,หญิง,548
สุพรรณบุรี,โรคหอบหืด,25-29,ชาย,497
สุพรรณบุรี,โรคหอบหืด,25-29,หญิง,1008
สุพรรณบุรี,โรคหอบหืด,30-34,ชาย,831
สุพรรณบุรี,โรคหอบหืด,30-34,หญิง,1518
สุพรรณบุรี,โรคหอบหืด,35-39,ชาย,1022
สุพรรณบุรี,โรคหอบหืด,35-39,หญิง,1761
สุพรรณบุรี,โรคหอบหืด,40-44,ชาย,1335
สุพรรณบุรี,โรคหอบหืด,40-44,หญิง,2710
สุพรรณบุรี,โรคหอบหืด,45-49,ชาย,1336
สุพรรณบุรี,โรคหอบหืด,45-49,หญิง,3208
สุพรรณบุรี,โรคหอบหืด,5-9,ชาย,5363
สุพรรณบุรี,โรคหอบหืด,5-9,หญิง,2957
สุพรรณบุรี,โรคหอบหืด,50-54,ชาย,1348
สุพรรณบุรี,โรคหอบหืด,50-54,หญิง,3146
สุพรรณบุรี,โรคหอบหืด,55-59,ชาย,1143
สุพรรณบุรี,โรคหอบหืด,55-59,หญิง,3806
สุพรรณบุรี,โรคหอบหืด,60-64,ชาย,1245
สุพรรณบุรี,โรคหอบหืด,60-64,หญิง,3904
สุพรรณบุรี,โรคหอบหืด,65-69,ชาย,1008
สุพรรณบุรี,โรคหอบหืด,65-69,หญิง,2988
สุพรรณบุรี,โรคหอบหืด,70-74,ชาย,840
สุพรรณบุรี,โรคหอบหืด,70-74,หญิง,2824
สุพรรณบุรี,โรคหอบหืด,75-79,ชาย,401
สุพรรณบุรี,โรคหอบหืด,75-79,หญิง,1627
สุพรรณบุรี,โรคหอบหืด,80+,ชาย,444
สุพรรณบุรี,โรคหอบหืด,80+,หญิง,2011
สุพรรณบุรี,โรคหอบหืด,ไม่ทราบ,ไม่ระบุ,831
สุพรรณบุรี,โรคเยื่อจมูกอักเสบจากภูมิแพ้,0-4,ชาย,1449
สุพรรณบุรี,โรคเยื่อจมูกอักเสบจากภูมิแพ้,0-4,หญิง,1149
สุพรรณบุรี,โรคเยื่อจมูกอักเสบจากภูมิแพ้,10-14,ชาย,1679
สุพรรณบุรี,โรคเยื่อจมูกอักเสบจากภูมิแพ้,10-14,หญิง,985
สุพรรณบุรี,โรคเยื่อจมูกอักเสบจากภูมิแพ้,15-19,ชาย,417
สุพรรณบุรี,โรคเยื่อจมูกอักเสบจากภูมิแพ้,15-19,หญิง,604
สุพรรณบุรี,โรคเยื่อจมูกอักเสบจากภูมิแพ้,20-24,ชาย,265
สุพรรณบุรี,โรคเยื่อจมูกอักเสบจากภูมิแพ้,20-24,หญิง,509
สุพรรณบุรี,โรคเยื่อจมูกอักเสบจากภูมิแพ้,25-29,ชาย,445
สุพรรณบุรี,โรคเยื่อจมูกอักเสบจากภูมิแพ้,25-29,หญิง,976
สุพรรณบุรี,โรคเยื่อจมูกอักเสบจากภูมิแพ้,30-34,ชาย,524
สุพรรณบุรี,โรคเยื่อจมูกอักเสบจากภูมิแพ้,30-34,หญิง,1286
สุพรรณบุรี,โรคเยื่อจมูกอักเสบจากภูมิแพ้,35-39,ชาย,413
สุพรรณบุรี,โรคเยื่อจมูกอักเสบจากภูมิแพ้,35-39,หญิง,1154
สุพรรณบุรี,โรคเยื่อจมูกอักเสบจากภูมิแพ้,40-44,ชาย,528
สุพรรณบุรี,โรคเยื่อจมูกอักเสบจากภูมิแพ้,40-44,หญิง,1255
สุพรรณบุรี,โรคเยื่อจมูกอักเสบจากภูมิแพ้,45-49,ชาย,533
สุพรรณบุรี,โรคเยื่อจมูกอักเสบจากภูมิแพ้,45-49,หญิง,1341
สุพรรณบุรี,โรคเยื่อจมูกอักเสบจากภูมิแพ้,5-9,ชาย,3088
สุพรรณบุรี,โรคเยื่อจมูกอักเสบจากภูมิแพ้,5-9,หญิง,2024
สุพรรณบุรี,โรคเยื่อจมูกอักเสบจากภูมิแพ้,50-54,ชาย,525
สุพรรณบุรี,โรคเยื่อจมูกอักเสบจากภูมิแพ้,50-54,หญิง,1242
สุพรรณบุรี,โรคเยื่อจมูกอักเสบจากภูมิแพ้,55-59,ชาย,544
สุพรรณบุรี,โรคเยื่อจมูกอักเสบจากภูมิแพ้,55-59,หญิง,1350
สุพรรณบุรี,โรคเยื่อจมูกอักเสบจากภูมิแพ้,60-64,ชาย,628
สุพรรณบุรี,โรคเยื่อจมูกอักเสบจากภูมิแพ้,60-64,หญิง,1274
สุพรรณบุรี,โรคเยื่อจมูกอักเสบจากภูมิแพ้,65-69,ชาย,605
สุพรรณบุรี,โรคเยื่อจมูกอักเสบจากภูมิแพ้,65-69,หญิง,870
สุพรรณบุรี,โรคเยื่อจมูกอักเสบจากภูมิแพ้,70-74,ชาย,612
สุพรรณบุรี,โรคเยื่อจมูกอักเสบจากภูมิแพ้,70-74,หญิง,715
สุพรรณบุรี,โรคเยื่อจมูกอักเสบจากภูมิแพ้,75-79,ชาย,325
สุพรรณบุรี,โรคเยื่อจมูกอักเสบจากภูมิแพ้,75-79,หญิง,378
สุพรรณบุรี,โรคเยื่อจมูกอักเสบจากภูมิแพ้,80+,ชาย,264
สุพรรณบุรี,โรคเยื่อจมูกอักเสบจากภูมิแพ้,80+,หญิง,421
สุพรรณบุรี,โรคเยื่อจมูกอักเสบจากภูมิแพ้,ไม่ทราบ,ไม่ระบุ,862
สุพรรณบุรี,โรคเยื่อบุตาอักเสบ,0-4,ชาย,962
สุพรรณบุรี,โรคเยื่อบุตาอักเสบ,0-4,หญิง,785
สุพรรณบุรี,โรคเยื่อบุตาอักเสบ,10-14,ชาย,945
สุพรรณบุรี,โรคเยื่อบุตาอักเสบ,10-14,หญิง,736
สุพรรณบุรี,โรคเยื่อบุตาอักเสบ,15-19,ชาย,790
สุพรรณบุรี,โรคเยื่อบุตาอักเสบ,15-19,หญิง,889
สุพรรณบุรี,โรคเยื่อบุตาอักเสบ,20-24,ชาย,697
สุพรรณบุรี,โรคเยื่อบุตาอักเสบ,20-24,หญิง,882
สุพรรณบุรี,โรคเยื่อบุตาอักเสบ,25-29,ชาย,865
สุพรรณบุรี,โรคเยื่อบุตาอักเสบ,25-29,หญิง,1111
สุพรรณบุรี,โรคเยื่อบุตาอักเสบ,30-34,ชาย,846
สุพรรณบุรี,โรคเยื่อบุตาอักเสบ,30-34,หญิง,1172
สุพรรณบุรี,โรคเยื่อบุตาอักเสบ,35-39,ชาย,820
สุพรรณบุรี,โรคเยื่อบุตาอักเสบ,35-39,หญิง,1197
สุพรรณบุรี,โรคเยื่อบุตาอักเสบ,40-44,ชาย,945
สุพรรณบุรี,โรคเยื่อบุตาอักเสบ,40-44,หญิง,1214
สุพรรณบุรี,โรคเยื่อบุตาอักเสบ,45-49,ชาย,1057
สุพรรณบุรี,โรคเยื่อบุตาอักเสบ,45-49,หญิง,1355
สุพรรณบุรี,โรคเยื่อบุตาอักเสบ,5-9,ชาย,1188
สุพรรณบุรี,โรคเยื่อบุตาอักเสบ,5-9,หญิง,721
สุพรรณบุรี,โรคเยื่อบุตาอักเสบ,5-9,ไม่ระบุ,1
สุพรรณบุรี,โรคเยื่อบุตาอักเสบ,50-54,ชาย,896
สุพรรณบุรี,โรคเยื่อบุตาอักเสบ,50-54,หญิง,1579
สุพรรณบุรี,โรคเยื่อบุตาอักเสบ,55-59,ชาย,1055
สุพรรณบุรี,โรคเยื่อบุตาอักเสบ,55-59,หญิง,1911
สุพรรณบุรี,โรคเยื่อบุตาอักเสบ,60-64,ชาย,1086
สุพรรณบุรี,โรคเยื่อบุตาอักเสบ,60-64,หญิง,1978
สุพรรณบุรี,โรคเยื่อบุตาอักเสบ,65-69,ชาย,1019
สุพรรณบุรี,โรคเยื่อบุตาอักเสบ,65-69,หญิง,1632
สุพรรณบุรี,โรคเยื่อบุตาอักเสบ,70-74,ชาย,952
สุพรรณบุรี,โรคเยื่อบุตาอักเสบ,70-74,หญิง,1251
สุพรรณบุรี,โรคเยื่อบุตาอักเสบ,75-79,ชาย,548
สุพรรณบุรี,โรคเยื่อบุตาอักเสบ,75-79,หญิง,758
สุพรรณบุรี,โรคเยื่อบุตาอักเสบ,80+,ชาย,650
สุพรรณบุรี,โรคเยื่อบุตาอักเสบ,80+,หญิง,861
สุพรรณบุรี,โรคเยื่อบุตาอักเสบ,ไม่ทราบ,ไม่ระบุ,1377
สุราษฎร์ธานี,โรคติดเชื้อทางเดินหายใจส่วนบนเฉียบพลัน,0-4,ชาย,73520
สุราษฎร์ธานี,โรคติดเชื้อทางเดินหายใจส่วนบนเฉียบพลัน,0-4,หญิง,65807
สุราษฎร์ธานี,โรคติดเชื้อทางเดินหายใจส่วนบนเฉียบพลัน,10-14,ชาย,33617
สุราษฎร์ธานี,โรคติดเชื้อทางเดินหายใจส่วนบนเฉียบพลัน,10-14,หญิง,31534
สุราษฎร์ธานี,โรคติดเชื้อทางเดินหายใจส่วนบนเฉียบพลัน,15-19,ชาย,16848
สุราษฎร์ธานี,โรคติดเชื้อทางเดินหายใจส่วนบนเฉียบพลัน,15-19,หญิง,22432
สุราษฎร์ธานี,โรคติดเชื้อทางเดินหายใจส่วนบนเฉียบพลัน,20-24,ชาย,17131
สุราษฎร์ธานี,โรคติดเชื้อทางเดินหายใจส่วนบนเฉียบพลัน,20-24,หญิง,26029
สุราษฎร์ธานี,โรคติดเชื้อทางเดินหายใจส่วนบนเฉียบพลัน,25-29,ชาย,17300
สุราษฎร์ธานี,โรคติดเชื้อทางเดินหายใจส่วนบนเฉียบพลัน,25-29,หญิง,34122
สุราษฎร์ธานี,โรคติดเชื้อทางเดินหายใจส่วนบนเฉียบพลัน,30-34,ชาย,14833
สุราษฎร์ธานี,โรคติดเชื้อทางเดินหายใจส่วนบนเฉียบพลัน,30-34,หญิง,30855
สุราษฎร์ธานี,โรคติดเชื้อทางเดินหายใจส่วนบนเฉียบพลัน,35-39,ชาย,13213
สุราษฎร์ธานี,โรคติดเชื้อทางเดินหายใจส่วนบนเฉียบพลัน,35-39,หญิง,28404
สุราษฎร์ธานี,โรคติดเชื้อทางเดินหายใจส่วนบนเฉียบพลัน,40-44,ชาย,12246
สุราษฎร์ธานี,โรคติดเชื้อทางเดินหายใจส่วนบนเฉียบพลัน,40-44,หญิง,26668
สุราษฎร์ธานี,โรคติดเชื้อทางเดินหายใจส่วนบนเฉียบพลัน,45-49,ชาย,11265
สุราษฎร์ธานี,โรคติดเชื้อทางเดินหายใจส่วนบนเฉียบพลัน,45-49,หญิง,25927
สุราษฎร์ธานี,โรคติดเชื้อทางเดินหายใจส่วนบนเฉียบพลัน,5-9,ชาย,54569
สุราษฎร์ธานี,โรคติดเชื้อทางเดินหายใจส่วนบนเฉียบพลัน,5-9,หญิง,53260
สุราษฎร์ธานี,โรคติดเชื้อทางเดินหายใจส่วนบนเฉียบพลัน,50-54,ชาย,10989
สุราษฎร์ธานี,โรคติดเชื้อทางเดินหายใจส่วนบนเฉียบพลัน,50-54,หญิง,26222
สุราษฎร์ธานี,โรคติดเชื้อทางเดินหายใจส่วนบนเฉียบพลัน,55-59,ชาย,10172
สุราษฎร์ธานี,โรคติดเชื้อทางเดินหายใจส่วนบนเฉียบพลัน,55-59,หญิง,23292
สุราษฎร์ธานี,โรคติดเชื้อทางเดินหายใจส่วนบนเฉียบพลัน,60-64,ชาย,9397
สุราษฎร์ธานี,โรคติดเชื้อทางเดินหายใจส่วนบนเฉียบพลัน,60-64,หญิง,18547
สุราษฎร์ธานี,โรคติดเชื้อทางเดินหายใจส่วนบนเฉียบพลัน,65-69,ชาย,8234
สุราษฎร์ธานี,โรคติดเชื้อทางเดินหายใจส่วนบนเฉียบพลัน,65-69,หญิง,13250
สุราษฎร์ธานี,โรคติดเชื้อทางเดินหายใจส่วนบนเฉียบพลัน,70-74,ชาย,6194
สุราษฎร์ธานี,โรคติดเชื้อทางเดินหายใจส่วนบนเฉียบพลัน,70-74,หญิง,9990
สุราษฎร์ธานี,โรคติดเชื้อทางเดินหายใจส่วนบนเฉียบพลัน,75-79,ชาย,4658
สุราษฎร์ธานี,โรคติดเชื้อทางเดินหายใจส่วนบนเฉียบพลัน,75-79,หญิง,6149
สุราษฎร์ธานี,โรคติดเชื้อทางเดินหายใจส่วนบนเฉียบพลัน,80+,ชาย,5183
สุราษฎร์ธานี,โรคติดเชื้อทางเดินหายใจส่วนบนเฉียบพลัน,80+,หญิง,8032
สุราษฎร์ธานี,โรคติดเชื้อทางเดินหายใจส่วนบนเฉียบพลัน,ไม่ทราบ,ชาย,19
สุราษฎร์ธานี,โรคติดเชื้อทางเดินหายใจส่วนบนเฉียบพลัน,ไม่ทราบ,หญิง,27
สุราษฎร์ธานี,โรคติดเชื้อทางเดินหายใจส่วนบนเฉียบพลัน,ไม่ทราบ,ไม่ระบุ,3156
สุราษฎร์ธานี,โรคปอดอุดกั้นเรื้อรัง,0-4,ชาย,294
สุราษฎร์ธานี,โรคปอดอุดกั้นเรื้อรัง,0-4,หญิง,137
สุราษฎร์ธานี,โรคปอดอุดกั้นเรื้อรัง,10-14,ชาย,19
สุราษฎร์ธานี,โรคปอดอุดกั้นเรื้อรัง,10-14,หญิง,12
สุราษฎร์ธานี,โรคปอดอุดกั้นเรื้อรัง,15-19,ชาย,12
สุราษฎร์ธานี,โรคปอดอุดกั้นเรื้อรัง,15-19,หญิง,13
สุราษฎร์ธานี,โรคปอดอุดกั้นเรื้อรัง,20-24,ชาย,22
สุราษฎร์ธานี,โรคปอดอุดกั้นเรื้อรัง,20-24,หญิง,11
สุราษฎร์ธานี,โรคปอดอุดกั้นเรื้อรัง,25-29,ชาย,89
สุราษฎร์ธานี,โรคปอดอุดกั้นเรื้อรัง,25-29,หญิง,36
สุราษฎร์ธานี,โรคปอดอุดกั้นเรื้อรัง,30-34,ชาย,200
สุราษฎร์ธานี,โรคปอดอุดกั้นเรื้อรัง,30-34,หญิง,42
สุราษฎร์ธานี,โรคปอดอุดกั้นเรื้อรัง,35-39,ชาย,433
สุราษฎร์ธานี,โรคปอดอุดกั้นเรื้อรัง,35-39,หญิง,78
สุราษฎร์ธานี,โรคปอดอุดกั้นเรื้อรัง,40-44,ชาย,946
สุราษฎร์ธานี,โรคปอดอุดกั้นเรื้อรัง,40-44,หญิง,152
สุราษฎร์ธานี,โรคปอดอุดกั้นเรื้อรัง,45-49,ชาย,1901
สุราษฎร์ธานี,โรคปอดอุดกั้นเรื้อรัง,45-49,หญิง,251
สุราษฎร์ธานี,โรคปอดอุดกั้นเรื้อรัง,5-9,ชาย,46
สุราษฎร์ธานี,โรคปอดอุดกั้นเรื้อรัง,5-9,หญิง,33
สุราษฎร์ธานี,โรคปอดอุดกั้นเรื้อรัง,50-54,ชาย,3973
สุราษฎร์ธานี,โรคปอดอุดกั้นเรื้อรัง,50-54,หญิง,615
สุราษฎร์ธานี,โรคปอดอุดกั้นเรื้อรัง,55-59,ชาย,6498
สุราษฎร์ธานี,โรคปอดอุดกั้นเรื้อรัง,55-59,หญิง,892
สุราษฎร์ธานี,โรคปอดอุดกั้นเรื้อรัง,60-64,ชาย,8883
สุราษฎร์ธานี,โรคปอดอุดกั้นเรื้อรัง,60-64,หญิง,1108
สุราษฎร์ธานี,โรคปอดอุดกั้นเรื้อรัง,65-69,ชาย,9364
สุราษฎร์ธานี,โรคปอดอุดกั้นเรื้อรัง,65-69,หญิง,1382
สุราษฎร์ธานี,โรคปอดอุดกั้นเรื้อรัง,70-74,ชาย,9438
สุราษฎร์ธานี,โรคปอดอุดกั้นเรื้อรัง,70-74,หญิง,1501
สุราษฎร์ธานี,โรคปอดอุดกั้นเรื้อรัง,75-79,ชาย,8053
สุราษฎร์ธานี,โรคปอดอุดกั้นเรื้อรัง,75-79,หญิง,1752
สุราษฎร์ธานี,โรคปอดอุดกั้นเรื้อรัง,80+,ชาย,12044
สุราษฎร์ธานี,โรคปอดอุดกั้นเรื้อรัง,80+,หญิง,3560
สุราษฎร์ธานี,โรคปอดอุดกั้นเรื้อรัง,ไม่ทราบ,ไม่ระบุ,390
สุราษฎร์ธานี,โรคผิวหนังอักเสบ,0-4,ชาย,1703
สุราษฎร์ธานี,โรคผิวหนังอักเสบ,0-4,หญิง,1653
สุราษฎร์ธานี,โรคผิวหนังอักเสบ,10-14,ชาย,1215
สุราษฎร์ธานี,โรคผิวหนังอักเสบ,10-14,หญิง,1156
สุราษฎร์ธานี,โรคผิวหนังอักเสบ,15-19,ชาย,739
สุราษฎร์ธานี,โรคผิวหนังอักเสบ,15-19,หญิง,1041
สุราษฎร์ธานี,โรคผิวหนังอักเสบ,20-24,ชาย,719
สุราษฎร์ธานี,โรคผิวหนังอักเสบ,20-24,หญิง,1133
สุราษฎร์ธานี,โรคผิวหนังอักเสบ,25-29,ชาย,695
สุราษฎร์ธานี,โรคผิวหนังอักเสบ,25-29,หญิง,1595
สุราษฎร์ธานี,โรคผิวหนังอักเสบ,30-34,ชาย,743
สุราษฎร์ธานี,โรคผิวหนังอักเสบ,30-34,หญิง,1461
สุราษฎร์ธานี,โรคผิวหนังอักเสบ,35-39,ชาย,774
สุราษฎร์ธานี,โรคผิวหนังอักเสบ,35-39,หญิง,1564
สุราษฎร์ธานี,โรคผิวหนังอักเสบ,40-44,ชาย,805
สุราษฎร์ธานี,โรคผิวหนังอักเสบ,40-44,หญิง,1682
สุราษฎร์ธานี,โรคผิวหนังอักเสบ,45-49,ชาย,949
สุราษฎร์ธานี,โรคผิวหนังอักเสบ,45-49,หญิง,1927
สุราษฎร์ธานี,โรคผิวหนังอักเสบ,5-9,ชาย,1609
สุราษฎร์ธานี,โรคผิวหนังอักเสบ,5-9,หญิง,1412
สุราษฎร์ธานี,โรคผิวหนังอักเสบ,50-54,ชาย,978
สุราษฎร์ธานี,โรคผิวหนังอักเสบ,50-54,หญิง,2065
สุราษฎร์ธานี,โรคผิวหนังอักเสบ,55-59,ชาย,974
สุราษฎร์ธานี,โรคผิวหนังอักเสบ,55-59,หญิง,1741
สุราษฎร์ธานี,โรคผิวหนังอักเสบ,60-64,ชาย,971
สุราษฎร์ธานี,โรคผิวหนังอักเสบ,60-64,หญิง,1465
สุราษฎร์ธานี,โรคผิวหนังอักเสบ,65-69,ชาย,970
สุราษฎร์ธานี,โรคผิวหนังอักเสบ,65-69,หญิง,1173
สุราษฎร์ธานี,โรคผิวหนังอักเสบ,70-74,ชาย,722
สุราษฎร์ธานี,โรคผิวหนังอักเสบ,70-74,หญิง,895
สุราษฎร์ธานี,โรคผิวหนังอักเสบ,75-79,ชาย,461
สุราษฎร์ธานี,โรคผิวหนังอักเสบ,75-79,หญิง,578
สุราษฎร์ธานี,โรคผิวหนังอักเสบ,80+,ชาย,676
สุราษฎร์ธานี,โรคผิวหนังอักเสบ,80+,หญิง,836
สุราษฎร์ธานี,โรคผิวหนังอักเสบ,ไม่ทราบ,ชาย,1
สุราษฎร์ธานี,โรคผิวหนังอักเสบ,ไม่ทราบ,หญิง,2
สุราษฎร์ธานี,โรคผิวหนังอักเสบ,ไม่ทราบ,ไม่ระบุ,116
สุราษฎร์ธานี,โรคลมพิษ,0-4,ชาย,1657
สุราษฎร์ธานี,โรคลมพิษ,0-4,หญิง,1385
สุราษฎร์ธานี,โรคลมพิษ,10-14,ชาย,1550
สุราษฎร์ธานี,โรคลมพิษ,10-14,หญิง,1559
สุราษฎร์ธานี,โรคลมพิษ,15-19,ชาย,1110
สุราษฎร์ธานี,โรคลมพิษ,15-19,หญิง,1751
สุราษฎร์ธานี,โรคลมพิษ,20-24,ชาย,796
สุราษฎร์ธานี,โรคลมพิษ,20-24,หญิง,1633
สุราษฎร์ธานี,โรคลมพิษ,25-29,ชาย,821
สุราษฎร์ธานี,โรคลมพิษ,25-29,หญิง,2140
สุราษฎร์ธานี,โรคลมพิษ,30-34,ชาย,680
สุราษฎร์ธานี,โรคลมพิษ,30-34,หญิง,1971
สุราษฎร์ธานี,โรคลมพิษ,35-39,ชาย,614
สุราษฎร์ธานี,โรคลมพิษ,35-39,หญิง,1807
สุราษฎร์ธานี,โรคลมพิษ,40-44,ชาย,583
สุราษฎร์ธานี,โรคลมพิษ,40-44,หญิง,1882
สุราษฎร์ธานี,โรคลมพิษ,45-49,ชาย,569
สุราษฎร์ธานี,โรคลมพิษ,45-49,หญิง,1781
สุราษฎร์ธานี,โรคลมพิษ,5-9,ชาย,1771
สุราษฎร์ธานี,โรคลมพิษ,5-9,หญิง,1513
สุราษฎร์ธานี,โรคลมพิษ,50-54,ชาย,540
สุราษฎร์ธานี,โรคลมพิษ,50-54,หญิง,1499
สุราษฎร์ธานี,โรคลมพิษ,55-59,ชาย,490
สุราษฎร์ธานี,โรคลมพิษ,55-59,หญิง,1125
สุราษฎร์ธานี,โรคลมพิษ,60-64,ชาย,430
สุราษฎร์ธานี,โรคลมพิษ,60-64,หญิง,817
สุราษฎร์ธานี,โรคลมพิษ,65-69,ชาย,297
สุราษฎร์ธานี,โรคลมพิษ,65-69,หญิง,549
สุราษฎร์ธานี,โรคลมพิษ,70-74,ชาย,193
สุราษฎร์ธานี,โรคลมพิษ,70-74,หญิง,394
สุราษฎร์ธานี,โรคลมพิษ,75-79,ชาย,142
สุราษฎร์ธานี,โรคลมพิษ,75-79,หญิง,186
สุราษฎร์ธานี,โรคลมพิษ,80+,ชาย,120
สุราษฎร์ธานี,โรคลมพิษ,80+,หญิง,244
สุราษฎร์ธานี,โรคลมพิษ,ไม่ทราบ,ไม่ระบุ,161
สุราษฎร์ธานี,โรคหอบหืด,0-4,ชาย,5646
สุราษฎร์ธานี,โรคหอบหืด,0-4,หญิง,3053
สุราษฎร์ธานี,โรคหอบหืด,10-14,ชาย,4171
สุราษฎร์ธานี,โรคหอบหืด,10-14,หญิง,2384
สุราษฎร์ธานี,โรคหอบหืด,15-19,ชาย,1062
สุราษฎร์ธานี,โรคหอบหืด,15-19,หญิง,1094
สุราษฎร์ธานี,โรคหอบหืด,20-24,ชาย,824
สุราษฎร์ธานี,โรคหอบหืด,20-24,หญิง,1092
สุราษฎร์ธานี,โรคหอบหืด,25-29,ชาย,868
สุราษฎร์ธานี,โรคหอบหืด,25-29,หญิง,1421
สุราษฎร์ธานี,โรคหอบหืด,30-34,ชาย,1133
สุราษฎร์ธานี,โรคหอบหืด,30-34,หญิง,2162
สุราษฎร์ธานี,โรคหอบหืด,35-39,ชาย,1305
สุราษฎร์ธานี,โรคหอบหืด,35-39,หญิง,3083
สุราษฎร์ธานี,โรคหอบหืด,40-44,ชาย,1496
สุราษฎร์ธานี,โรคหอบหืด,40-44,หญิง,4086
สุราษฎร์ธานี,โรคหอบหืด,45-49,ชาย,1853
สุราษฎร์ธานี,โรคหอบหืด,45-49,หญิง,4448
สุราษฎร์ธานี,โรคหอบหืด,5-9,ชาย,8308
สุราษฎร์ธานี,โรคหอบหืด,5-9,หญิง,4970
สุราษฎร์ธานี,โรคหอบหืด,50-54,ชาย,2045
สุราษฎร์ธานี,โรคหอบหืด,50-54,หญิง,5458
สุราษฎร์ธานี,โรคหอบหืด,55-59,ชาย,1567
สุราษฎร์ธานี,โรคหอบหืด,55-59,หญิง,5532
สุราษฎร์ธานี,โรคหอบหืด,60-64,ชาย,1240
สุราษฎร์ธานี,โรคหอบหืด,60-64,หญิง,5208
สุราษฎร์ธานี,โรคหอบหืด,65-69,ชาย,1078
สุราษฎร์ธานี,โรคหอบหืด,65-69,หญิง,3975
สุราษฎร์ธานี,โรคหอบหืด,70-74,ชาย,875
สุราษฎร์ธานี,โรคหอบหืด,70-74,หญิง,3431
สุราษฎร์ธานี,โรคหอบหืด,75-79,ชาย,482
สุราษฎร์ธานี,โรคหอบหืด,75-79,หญิง,2423
สุราษฎร์ธานี,โรคหอบหืด,80+,ชาย,569
สุราษฎร์ธานี,โรคหอบหืด,80+,หญิง,2862
สุราษฎร์ธานี,โรคหอบหืด,ไม่ทราบ,ไม่ระบุ,504
สุราษฎร์ธานี,โรคเยื่อจมูกอักเสบจากภูมิแพ้,0-4,ชาย,1932
สุราษฎร์ธานี,โรคเยื่อจมูกอักเสบจากภูมิแพ้,0-4,หญิง,1321
สุราษฎร์ธานี,โรคเยื่อจมูกอักเสบจากภูมิแพ้,10-14,ชาย,1910
สุราษฎร์ธานี,โรคเยื่อจมูกอักเสบจากภูมิแพ้,10-14,หญิง,1496
สุราษฎร์ธานี,โรคเยื่อจมูกอักเสบจากภูมิแพ้,15-19,ชาย,594
สุราษฎร์ธานี,โรคเยื่อจมูกอักเสบจากภูมิแพ้,15-19,หญิง,690
สุราษฎร์ธานี,โรคเยื่อจมูกอักเสบจากภูมิแพ้,20-24,ชาย,469
สุราษฎร์ธานี,โรคเยื่อจมูกอักเสบจากภูมิแพ้,20-24,หญิง,821
สุราษฎร์ธานี,โรคเยื่อจมูกอักเสบจากภูมิแพ้,25-29,ชาย,644
สุราษฎร์ธานี,โรคเยื่อจมูกอักเสบจากภูมิแพ้,25-29,หญิง,1480
สุราษฎร์ธานี,โรคเยื่อจมูกอักเสบจากภูมิแพ้,30-34,ชาย,596
สุราษฎร์ธานี,โรคเยื่อจมูกอักเสบจากภูมิแพ้,30-34,หญิง,1321
สุราษฎร์ธานี,โรคเยื่อจมูกอักเสบจากภูมิแพ้,35-39,ชาย,543
สุราษฎร์ธานี,โรคเยื่อจมูกอักเสบจากภูมิแพ้,35-39,หญิง,1401
สุราษฎร์ธานี,โรคเยื่อจมูกอักเสบจากภูมิแพ้,40-44,ชาย,484
สุราษฎร์ธานี,โรคเยื่อจมูกอักเสบจากภูมิแพ้,40-44,หญิง,1562
สุราษฎร์ธานี,โรคเยื่อจมูกอักเสบจากภูมิแพ้,45-49,ชาย,530
สุราษฎร์ธานี,โรคเยื่อจมูกอักเสบจากภูมิแพ้,45-49,หญิง,1681
สุราษฎร์ธานี,โรคเยื่อจมูกอักเสบจากภูมิแพ้,5-9,ชาย,3072
สุราษฎร์ธานี,โรคเยื่อจมูกอักเสบจากภูมิแพ้,5-9,หญิง,2279
สุราษฎร์ธานี,โรคเยื่อจมูกอักเสบจากภูมิแพ้,50-54,ชาย,519
สุราษฎร์ธานี,โรคเยื่อจมูกอักเสบจากภูมิแพ้,50-54,หญิง,1553
สุราษฎร์ธานี,โรคเยื่อจมูกอักเสบจากภูมิแพ้,55-59,ชาย,644
สุราษฎร์ธานี,โรคเยื่อจมูกอักเสบจากภูมิแพ้,55-59,หญิง,1396
สุราษฎร์ธานี,โรคเยื่อจมูกอักเสบจากภูมิแพ้,60-64,ชาย,635
สุราษฎร์ธานี,โรคเยื่อจมูกอักเสบจากภูมิแพ้,60-64,หญิง,1080
สุราษฎร์ธานี,โรคเยื่อจมูกอักเสบจากภูมิแพ้,65-69,ชาย,492
สุราษฎร์ธานี,โรคเยื่อจมูกอักเสบจากภูมิแพ้,65-69,หญิง,798
สุราษฎร์ธานี,โรคเยื่อจมูกอักเสบจากภูมิแพ้,70-74,ชาย,475
สุราษฎร์ธานี,โรคเยื่อจมูกอักเสบจากภูมิแพ้,70-74,หญิง,499
สุราษฎร์ธานี,โรคเยื่อจมูกอักเสบจากภูมิแพ้,75-79,ชาย,326
สุราษฎร์ธานี,โรคเยื่อจมูกอักเสบจากภูมิแพ้,75-79,หญิง,326
สุราษฎร์ธานี,โรคเยื่อจมูกอักเสบจากภูมิแพ้,80+,ชาย,248
สุราษฎร์ธานี,โรคเยื่อจมูกอักเสบจากภูมิแพ้,80+,หญิง,281
สุราษฎร์ธานี,โรคเยื่อจมูกอักเสบจากภูมิแพ้,ไม่ทราบ,ไม่ระบุ,126
สุราษฎร์ธานี,โรคเยื่อบุตาอักเสบ,0-4,ชาย,1423
สุราษฎร์ธานี,โรคเยื่อบุตาอักเสบ,0-4,หญิง,1178
สุราษฎร์ธานี,โรคเยื่อบุตาอักเสบ,10-14,ชาย,1429
สุราษฎร์ธานี,โรคเยื่อบุตาอักเสบ,10-14,หญิง,1168
สุราษฎร์ธานี,โรคเยื่อบุตาอักเสบ,15-19,ชาย,1199
สุราษฎร์ธานี,โรคเยื่อบุตาอักเสบ,15-19,หญิง,1207
สุราษฎร์ธานี,โรคเยื่อบุตาอักเสบ,20-24,ชาย,1537
สุราษฎร์ธานี,โรคเยื่อบุตาอักเสบ,20-24,หญิง,1365
สุราษฎร์ธานี,โรคเยื่อบุตาอักเสบ,25-29,ชาย,1903
สุราษฎร์ธานี,โรคเยื่อบุตาอักเสบ,25-29,หญิง,1921
สุราษฎร์ธานี,โรคเยื่อบุตาอักเสบ,30-34,ชาย,1921
สุราษฎร์ธานี,โรคเยื่อบุตาอักเสบ,30-34,หญิง,1892
สุราษฎร์ธานี,โรคเยื่อบุตาอักเสบ,35-39,ชาย,1987
สุราษฎร์ธานี,โรคเยื่อบุตาอักเสบ,35-39,หญิง,1961
สุราษฎร์ธานี,โรคเยื่อบุตาอักเสบ,40-44,ชาย,1808
สุราษฎร์ธานี,โรคเยื่อบุตาอักเสบ,40-44,หญิง,1990
สุราษฎร์ธานี,โรคเยื่อบุตาอักเสบ,45-49,ชาย,1769
สุราษฎร์ธานี,โรคเยื่อบุตาอักเสบ,45-49,หญิง,2073
สุราษฎร์ธานี,โรคเยื่อบุตาอักเสบ,5-9,ชาย,1610
สุราษฎร์ธานี,โรคเยื่อบุตาอักเสบ,5-9,หญิง,1292
สุราษฎร์ธานี,โรคเยื่อบุตาอักเสบ,50-54,ชาย,1685
สุราษฎร์ธานี,โรคเยื่อบุตาอักเสบ,50-54,หญิง,2395
สุราษฎร์ธานี,โรคเยื่อบุตาอักเสบ,55-59,ชาย,1597
สุราษฎร์ธานี,โรคเยื่อบุตาอักเสบ,55-59,หญิง,2475
สุราษฎร์ธานี,โรคเยื่อบุตาอักเสบ,60-64,ชาย,1348
สุราษฎร์ธานี,โรคเยื่อบุตาอักเสบ,60-64,หญิง,2005
สุราษฎร์ธานี,โรคเยื่อบุตาอักเสบ,65-69,ชาย,1201
สุราษฎร์ธานี,โรคเยื่อบุตาอักเสบ,65-69,หญิง,1583
สุราษฎร์ธานี,โรคเยื่อบุตาอักเสบ,70-74,ชาย,842
สุราษฎร์ธานี,โรคเยื่อบุตาอักเสบ,70-74,หญิง,1288
สุราษฎร์ธานี,โรคเยื่อบุตาอักเสบ,75-79,ชาย,564
สุราษฎร์ธานี,โรคเยื่อบุตาอักเสบ,75-79,หญิง,935
สุราษฎร์ธานี,โรคเยื่อบุตาอักเสบ,80+,ชาย,681
สุราษฎร์ธานี,โรคเยื่อบุตาอักเสบ,80+,หญิง,1358
สุราษฎร์ธานี,โรคเยื่อบุตาอักเสบ,ไม่ทราบ,ชาย,1
สุราษฎร์ธานี,โรคเยื่อบุตาอักเสบ,ไม่ทราบ,ไม่ระบุ,191
สุรินทร์,โรคติดเชื้อทางเดินหายใจส่วนบนเฉียบพลัน,0-4,ชาย,153122
สุรินทร์,โรคติดเชื้อทางเดินหายใจส่วนบนเฉียบพลัน,0-4,หญิง,137063
สุรินทร์,โรคติดเชื้อทางเดินหายใจส่วนบนเฉียบพลัน,0-4,ไม่ระบุ,5
สุรินทร์,โรคติดเชื้อทางเดินหายใจส่วนบนเฉียบพลัน,10-14,ชาย,58790
สุรินทร์,โรคติดเชื้อทางเดินหายใจส่วนบนเฉียบพลัน,10-14,หญิง,55001
สุรินทร์,โรคติดเชื้อทางเดินหายใจส่วนบนเฉียบพลัน,10-14,ไม่ระบุ,1
สุรินทร์,โรคติดเชื้อทางเดินหายใจส่วนบนเฉียบพลัน,15-19,ชาย,24349
สุรินทร์,โรคติดเชื้อทางเดินหายใจส่วนบนเฉียบพลัน,15-19,หญิง,35947
สุรินทร์,โรคติดเชื้อทางเดินหายใจส่วนบนเฉียบพลัน,15-19,ไม่ระบุ,2
สุรินทร์,โรคติดเชื้อทางเดินหายใจส่วนบนเฉียบพลัน,20-24,ชาย,16095
สุรินทร์,โรคติดเชื้อทางเดินหายใจส่วนบนเฉียบพลัน,20-24,หญิง,24866
สุรินทร์,โรคติดเชื้อทางเดินหายใจส่วนบนเฉียบพลัน,20-24,ไม่ระบุ,1
สุรินทร์,โรคติดเชื้อทางเดินหายใจส่วนบนเฉียบพลัน,25-29,ชาย,16047
สุรินทร์,โรคติดเชื้อทางเดินหายใจส่วนบนเฉียบพลัน,25-29,หญิง,30810
สุรินทร์,โรคติดเชื้อทางเดินหายใจส่วนบนเฉียบพลัน,25-29,ไม่ระบุ,3
สุรินทร์,โรคติดเชื้อทางเดินหายใจส่วนบนเฉียบพลัน,30-34,ชาย,15090
สุรินทร์,โรคติดเชื้อทางเดินหายใจส่วนบนเฉียบพลัน,30-34,หญิง,31211
สุรินทร์,โรคติดเชื้อทางเดินหายใจส่วนบนเฉียบพลัน,30-34,ไม่ระบุ,1
สุรินทร์,โรคติดเชื้อทางเดินหายใจส่วนบนเฉียบพลัน,35-39,ชาย,14653
สุรินทร์,โรคติดเชื้อทางเดินหายใจส่วนบนเฉียบพลัน,35-39,หญิง,30772
สุรินทร์,โรคติดเชื้อทางเดินหายใจส่วนบนเฉียบพลัน,40-44,ชาย,16245
สุรินทร์,โรคติดเชื้อทางเดินหายใจส่วนบนเฉียบพลัน,40-44,หญิง,33659
สุรินทร์,โรคติดเชื้อทางเดินหายใจส่วนบนเฉียบพลัน,45-49,ชาย,16577
สุรินทร์,โรคติดเชื้อทางเดินหายใจส่วนบนเฉียบพลัน,45-49,หญิง,37725
สุรินทร์,โรคติดเชื้อทางเดินหายใจส่วนบนเฉียบพลัน,5-9,ชาย,111263
สุรินทร์,โรคติดเชื้อทางเดินหายใจส่วนบนเฉียบพลัน,5-9,หญิง,105003
สุรินทร์,โรคติดเชื้อทางเดินหายใจส่วนบนเฉียบพลัน,5-9,ไม่ระบุ,3
สุรินทร์,โรคติดเชื้อทางเดินหายใจส่วนบนเฉียบพลัน,50-54,ชาย,17643
สุรินทร์,โรคติดเชื้อทางเดินหายใจส่วนบนเฉียบพลัน,50-54,หญิง,43432
สุรินทร์,โรคติดเชื้อทางเดินหายใจส่วนบนเฉียบพลัน,55-59,ชาย,18424
สุรินทร์,โรคติดเชื้อทางเดินหายใจส่วนบนเฉียบพลัน,55-59,หญิง,42677
สุรินทร์,โรคติดเชื้อทางเดินหายใจส่วนบนเฉียบพลัน,60-64,ชาย,19017
สุรินทร์,โรคติดเชื้อทางเดินหายใจส่วนบนเฉียบพลัน,60-64,หญิง,36701
สุรินทร์,โรคติดเชื้อทางเดินหายใจส่วนบนเฉียบพลัน,65-69,ชาย,16558
สุรินทร์,โรคติดเชื้อทางเดินหายใจส่วนบนเฉียบพลัน,65-69,หญิง,26779
สุรินทร์,โรคติดเชื้อทางเดินหายใจส่วนบนเฉียบพลัน,70-74,ชาย,13790
สุรินทร์,โรคติดเชื้อทางเดินหายใจส่วนบนเฉียบพลัน,70-74,หญิง,19888
สุรินทร์,โรคติดเชื้อทางเดินหายใจส่วนบนเฉียบพลัน,75-79,ชาย,9412
สุรินทร์,โรคติดเชื้อทางเดินหายใจส่วนบนเฉียบพลัน,75-79,หญิง,12774
สุรินทร์,โรคติดเชื้อทางเดินหายใจส่วนบนเฉียบพลัน,80+,ชาย,9244
สุรินทร์,โรคติดเชื้อทางเดินหายใจส่วนบนเฉียบพลัน,80+,หญิง,13178
สุรินทร์,โรคติดเชื้อทางเดินหายใจส่วนบนเฉียบพลัน,80+,ไม่ระบุ,2
สุรินทร์,โรคติดเชื้อทางเดินหายใจส่วนบนเฉียบพลัน,ไม่ทราบ,ชาย,97
สุรินทร์,โรคติดเชื้อทางเดินหายใจส่วนบนเฉียบพลัน,ไม่ทราบ,หญิง,68
สุรินทร์,โรคติดเชื้อทางเดินหายใจส่วนบนเฉียบพลัน,ไม่ทราบ,ไม่ระบุ,18923
สุรินทร์,โรคปอดอุดกั้นเรื้อรัง,0-4,ชาย,227
สุรินทร์,โรคปอดอุดกั้นเรื้อรัง,0-4,หญิง,111
สุรินทร์,โรคปอดอุดกั้นเรื้อรัง,10-14,ชาย,17
สุรินทร์,โรคปอดอุดกั้นเรื้อรัง,10-14,หญิง,9
สุรินทร์,โรคปอดอุดกั้นเรื้อรัง,15-19,ชาย,10
สุรินทร์,โรคปอดอุดกั้นเรื้อรัง,15-19,หญิง,4
สุรินทร์,โรคปอดอุดกั้นเรื้อรัง,20-24,ชาย,13
สุรินทร์,โรคปอดอุดกั้นเรื้อรัง,20-24,หญิง,9
สุรินทร์,โรคปอดอุดกั้นเรื้อรัง,25-29,ชาย,32
สุรินทร์,โรคปอดอุดกั้นเรื้อรัง,25-29,หญิง,6
สุรินทร์,โรคปอดอุดกั้นเรื้อรัง,30-34,ชาย,74
สุรินทร์,โรคปอดอุดกั้นเรื้อรัง,30-34,หญิง,11
สุรินทร์,โรคปอดอุดกั้นเรื้อรัง,35-39,ชาย,168
สุรินทร์,โรคปอดอุดกั้นเรื้อรัง,35-39,หญิง,25
สุรินทร์,โรคปอดอุดกั้นเรื้อรัง,40-44,ชาย,427
สุรินทร์,โรคปอดอุดกั้นเรื้อรัง,40-44,หญิง,105
สุรินทร์,โรคปอดอุดกั้นเรื้อรัง,45-49,ชาย,696
สุรินทร์,โรคปอดอุดกั้นเรื้อรัง,45-49,หญิง,161
สุรินทร์,โรคปอดอุดกั้นเรื้อรัง,5-9,ชาย,85
สุรินทร์,โรคปอดอุดกั้นเรื้อรัง,5-9,หญิง,75
สุรินทร์,โรคปอดอุดกั้นเรื้อรัง,50-54,ชาย,1529
สุรินทร์,โรคปอดอุดกั้นเรื้อรัง,50-54,หญิง,251
สุรินทร์,โรคปอดอุดกั้นเรื้อรัง,55-59,ชาย,2750
สุรินทร์,โรคปอดอุดกั้นเรื้อรัง,55-59,หญิง,603
สุรินทร์,โรคปอดอุดกั้นเรื้อรัง,60-64,ชาย,4363
สุรินทร์,โรคปอดอุดกั้นเรื้อรัง,60-64,หญิง,878
สุรินทร์,โรคปอดอุดกั้นเรื้อรัง,65-69,ชาย,5655
สุรินทร์,โรคปอดอุดกั้นเรื้อรัง,65-69,หญิง,1258
สุรินทร์,โรคปอดอุดกั้นเรื้อรัง,70-74,ชาย,6077
สุรินทร์,โรคปอดอุดกั้นเรื้อรัง,70-74,หญิง,1652
สุรินทร์,โรคปอดอุดกั้นเรื้อรัง,75-79,ชาย,4714
สุรินทร์,โรคปอดอุดกั้นเรื้อรัง,75-79,หญิง,1413
สุรินทร์,โรคปอดอุดกั้นเรื้อรัง,80+,ชาย,6263
สุรินทร์,โรคปอดอุดกั้นเรื้อรัง,80+,หญิง,1953
สุรินทร์,โรคปอดอุดกั้นเรื้อรัง,ไม่ทราบ,ไม่ระบุ,100
สุรินทร์,โรคผิวหนังอักเสบ,0-4,ชาย,2231
สุรินทร์,โรคผิวหนังอักเสบ,0-4,หญิง,2085
สุรินทร์,โรคผิวหนังอักเสบ,10-14,ชาย,905
สุรินทร์,โรคผิวหนังอักเสบ,10-14,หญิง,1064
สุรินทร์,โรคผิวหนังอักเสบ,15-19,ชาย,540
สุรินทร์,โรคผิวหนังอักเสบ,15-19,หญิง,1349
สุรินทร์,โรคผิวหนังอักเสบ,20-24,ชาย,498
สุรินทร์,โรคผิวหนังอักเสบ,20-24,หญิง,866
สุรินทร์,โรคผิวหนังอักเสบ,25-29,ชาย,519
สุรินทร์,โรคผิวหนังอักเสบ,25-29,หญิง,1072
สุรินทร์,โรคผิวหนังอักเสบ,30-34,ชาย,626
สุรินทร์,โรคผิวหนังอักเสบ,30-34,หญิง,1077
สุรินทร์,โรคผิวหนังอักเสบ,35-39,ชาย,605
สุรินทร์,โรคผิวหนังอักเสบ,35-39,หญิง,1329
สุรินทร์,โรคผิวหนังอักเสบ,40-44,ชาย,820
สุรินทร์,โรคผิวหนังอักเสบ,40-44,หญิง,1619
สุรินทร์,โรคผิวหนังอักเสบ,45-49,ชาย,930
สุรินทร์,โรคผิวหนังอักเสบ,45-49,หญิง,2142
สุรินทร์,โรคผิวหนังอักเสบ,5-9,ชาย,1311
สุรินทร์,โรคผิวหนังอักเสบ,5-9,หญิง,1226
สุรินทร์,โรคผิวหนังอักเสบ,50-54,ชาย,1114
สุรินทร์,โรคผิวหนังอักเสบ,50-54,หญิง,2344
สุรินทร์,โรคผิวหนังอักเสบ,55-59,ชาย,1364
สุรินทร์,โรคผิวหนังอักเสบ,55-59,หญิง,2174
สุรินทร์,โรคผิวหนังอักเสบ,60-64,ชาย,1652
สุรินทร์,โรคผิวหนังอักเสบ,60-64,หญิง,2196
สุรินทร์,โรคผิวหนังอักเสบ,65-69,ชาย,1567
สุรินทร์,โรคผิวหนังอักเสบ,65-69,หญิง,1623
สุรินทร์,โรคผิวหนังอักเสบ,70-74,ชาย,1275
สุรินทร์,โรคผิวหนังอักเสบ,70-74,หญิง,1301
สุรินทร์,โรคผิวหนังอักเสบ,75-79,ชาย,928
สุรินทร์,โรคผิวหนังอักเสบ,75-79,หญิง,888
สุรินทร์,โรคผิวหนังอักเสบ,80+,ชาย,899
สุรินทร์,โรคผิวหนังอักเสบ,80+,หญิง,973
สุรินทร์,โรคผิวหนังอักเสบ,ไม่ทราบ,ไม่ระบุ,394
สุรินทร์,โรคลมพิษ,0-4,ชาย,3085
สุรินทร์,โรคลมพิษ,0-4,หญิง,2840
สุรินทร์,โรคลมพิษ,10-14,ชาย,1812
สุรินทร์,โรคลมพิษ,10-14,หญิง,1862
สุรินทร์,โรคลมพิษ,15-19,ชาย,1101
สุรินทร์,โรคลมพิษ,15-19,หญิง,1894
สุรินทร์,โรคลมพิษ,20-24,ชาย,791
สุรินทร์,โรคลมพิษ,20-24,หญิง,1289
สุรินทร์,โรคลมพิษ,25-29,ชาย,628
สุรินทร์,โรคลมพิษ,25-29,หญิง,1495
สุรินทร์,โรคลมพิษ,30-34,ชาย,732
สุรินทร์,โรคลมพิษ,30-34,หญิง,1629
สุรินทร์,โรคลมพิษ,35-39,ชาย,812
สุรินทร์,โรคลมพิษ,35-39,หญิง,1879
สุรินทร์,โรคลมพิษ,40-44,ชาย,979
สุรินทร์,โรคลมพิษ,40-44,หญิง,2251
สุรินทร์,โรคลมพิษ,45-49,ชาย,1063
สุรินทร์,โรคลมพิษ,45-49,หญิง,2730
สุรินทร์,โรคลมพิษ,5-9,ชาย,2303
สุรินทร์,โรคลมพิษ,5-9,หญิง,2116
สุรินทร์,โรคลมพิษ,50-54,ชาย,1247
สุรินทร์,โรคลมพิษ,50-54,หญิง,3142
สุรินทร์,โรคลมพิษ,55-59,ชาย,1273
สุรินทร์,โรคลมพิษ,55-59,หญิง,2726
สุรินทร์,โรคลมพิษ,60-64,ชาย,1286
สุรินทร์,โรคลมพิษ,60-64,หญิง,2374
สุรินทร์,โรคลมพิษ,65-69,ชาย,1039
สุรินทร์,โรคลมพิษ,65-69,หญิง,1723
สุรินทร์,โรคลมพิษ,70-74,ชาย,928
สุรินทร์,โรคลมพิษ,70-74,หญิง,1297
สุรินทร์,โรคลมพิษ,75-79,ชาย,583
สุรินทร์,โรคลมพิษ,75-79,หญิง,828
สุรินทร์,โรคลมพิษ,80+,ชาย,558
สุรินทร์,โรคลมพิษ,80+,หญิง,848
สุรินทร์,โรคลมพิษ,ไม่ทราบ,ชาย,1
สุรินทร์,โรคลมพิษ,ไม่ทราบ,หญิง,2
สุรินทร์,โรคลมพิษ,ไม่ทราบ,ไม่ระบุ,511
สุรินทร์,โรคหอบหืด,0-4,ชาย,3348
สุรินทร์,โรคหอบหืด,0-4,หญิง,2021
สุรินทร์,โรคหอบหืด,10-14,ชาย,2423
สุรินทร์,โรคหอบหืด,10-14,หญิง,1346
สุรินทร์,โรคหอบหืด,15-19,ชาย,646
สุรินทร์,โรคหอบหืด,15-19,หญิง,737
สุรินทร์,โรคหอบหืด,20-24,ชาย,485
สุรินทร์,โรคหอบหืด,20-24,หญิง,414
สุรินทร์,โรคหอบหืด,25-29,ชาย,414
สุรินทร์,โรคหอบหืด,25-29,หญิง,734
สุรินทร์,โรคหอบหืด,30-34,ชาย,504
สุรินทร์,โรคหอบหืด,30-34,หญิง,949
สุรินทร์,โรคหอบหืด,35-39,ชาย,801
สุรินทร์,โรคหอบหืด,35-39,หญิง,1323
สุรินทร์,โรคหอบหืด,40-44,ชาย,1079
สุรินทร์,โรคหอบหืด,40-44,หญิง,2620
สุรินทร์,โรคหอบหืด,45-49,ชาย,1626
สุรินทร์,โรคหอบหืด,45-49,หญิง,3748
สุรินทร์,โรคหอบหืด,5-9,ชาย,4861
สุรินทร์,โรคหอบหืด,5-9,หญิง,3149
สุรินทร์,โรคหอบหืด,50-54,ชาย,2006
สุรินทร์,โรคหอบหืด,50-54,หญิง,4472
สุรินทร์,โรคหอบหืด,55-59,ชาย,2214
สุรินทร์,โรคหอบหืด,55-59,หญิง,5576
สุรินทร์,โรคหอบหืด,60-64,ชาย,2431
สุรินทร์,โรคหอบหืด,60-64,หญิง,5754
สุรินทร์,โรคหอบหืด,65-69,ชาย,1788
สุรินทร์,โรคหอบหืด,65-69,หญิง,4789
สุรินทร์,โรคหอบหืด,70-74,ชาย,1368
สุรินทร์,โรคหอบหืด,70-74,หญิง,3970
สุรินทร์,โรคหอบหืด,75-79,ชาย,943
สุรินทร์,โรคหอบหืด,75-79,หญิง,2867
สุรินทร์,โรคหอบหืด,80+,ชาย,709
สุรินทร์,โรคหอบหืด,80+,หญิง,2006
สุรินทร์,โรคหอบหืด,ไม่ทราบ,ไม่ระบุ,191
สุรินทร์,โรคเยื่อจมูกอักเสบจากภูมิแพ้,0-4,ชาย,2268
สุรินทร์,โรคเยื่อจมูกอักเสบจากภูมิแพ้,0-4,หญิง,1893
สุรินทร์,โรคเยื่อจมูกอักเสบจากภูมิแพ้,0-4,ไม่ระบุ,1
สุรินทร์,โรคเยื่อจมูกอักเสบจากภูมิแพ้,10-14,ชาย,1689
สุรินทร์,โรคเยื่อจมูกอักเสบจากภูมิแพ้,10-14,หญิง,1222
สุรินทร์,โรคเยื่อจมูกอักเสบจากภูมิแพ้,15-19,ชาย,549
สุรินทร์,โรคเยื่อจมูกอักเสบจากภูมิแพ้,15-19,หญิง,688
สุรินทร์,โรคเยื่อจมูกอักเสบจากภูมิแพ้,20-24,ชาย,402
สุรินทร์,โรคเยื่อจมูกอักเสบจากภูมิแพ้,20-24,หญิง,658
สุรินทร์,โรคเยื่อจมูกอักเสบจากภูมิแพ้,25-29,ชาย,472
สุรินทร์,โรคเยื่อจมูกอักเสบจากภูมิแพ้,25-29,หญิง,916
สุรินทร์,โรคเยื่อจมูกอักเสบจากภูมิแพ้,30-34,ชาย,465
สุรินทร์,โรคเยื่อจมูกอักเสบจากภูมิแพ้,30-34,หญิง,1074
สุรินทร์,โรคเยื่อจมูกอักเสบจากภูมิแพ้,35-39,ชาย,370
สุรินทร์,โรคเยื่อจมูกอักเสบจากภูมิแพ้,35-39,หญิง,1073
สุรินทร์,โรคเยื่อจมูกอักเสบจากภูมิแพ้,40-44,ชาย,428
สุรินทร์,โรคเยื่อจมูกอักเสบจากภูมิแพ้,40-44,หญิง,1291
สุรินทร์,โรคเยื่อจมูกอักเสบจากภูมิแพ้,45-49,ชาย,439
สุรินทร์,โรคเยื่อจมูกอักเสบจากภูมิแพ้,45-49,หญิง,1206
สุรินทร์,โรคเยื่อจมูกอักเสบจากภูมิแพ้,5-9,ชาย,3211
สุรินทร์,โรคเยื่อจมูกอักเสบจากภูมิแพ้,5-9,หญิง,2343
สุรินทร์,โรคเยื่อจมูกอักเสบจากภูมิแพ้,50-54,ชาย,588
สุรินทร์,โรคเยื่อจมูกอักเสบจากภูมิแพ้,50-54,หญิง,1205
สุรินทร์,โรคเยื่อจมูกอักเสบจากภูมิแพ้,55-59,ชาย,486
สุรินทร์,โรคเยื่อจมูกอักเสบจากภูมิแพ้,55-59,หญิง,1173
สุรินทร์,โรคเยื่อจมูกอักเสบจากภูมิแพ้,60-64,ชาย,542
สุรินทร์,โรคเยื่อจมูกอักเสบจากภูมิแพ้,60-64,หญิง,1097
สุรินทร์,โรคเยื่อจมูกอักเสบจากภูมิแพ้,65-69,ชาย,547
สุรินทร์,โรคเยื่อจมูกอักเสบจากภูมิแพ้,65-69,หญิง,713
สุรินทร์,โรคเยื่อจมูกอักเสบจากภูมิแพ้,70-74,ชาย,328
สุรินทร์,โรคเยื่อจมูกอักเสบจากภูมิแพ้,70-74,หญิง,468
สุรินทร์,โรคเยื่อจมูกอักเสบจากภูมิแพ้,75-79,ชาย,176
สุรินทร์,โรคเยื่อจมูกอักเสบจากภูมิแพ้,75-79,หญิง,204
สุรินทร์,โรคเยื่อจมูกอักเสบจากภูมิแพ้,80+,ชาย,231
สุรินทร์,โรคเยื่อจมูกอักเสบจากภูมิแพ้,80+,หญิง,193
สุรินทร์,โรคเยื่อจมูกอักเสบจากภูมิแพ้,ไม่ทราบ,ไม่ระบุ,155
สุรินทร์,โรคเยื่อบุตาอักเสบ,0-4,ชาย,2842
สุรินทร์,โรคเยื่อบุตาอักเสบ,0-4,หญิง,2285
สุรินทร์,โรคเยื่อบุตาอักเสบ,10-14,ชาย,2226
สุรินทร์,โรคเยื่อบุตาอักเสบ,10-14,หญิง,2257
สุรินทร์,โรคเยื่อบุตาอักเสบ,15-19,ชาย,1892
สุรินทร์,โรคเยื่อบุตาอักเสบ,15-19,หญิง,2706
สุรินทร์,โรคเยื่อบุตาอักเสบ,20-24,ชาย,1429
สุรินทร์,โรคเยื่อบุตาอักเสบ,20-24,หญิง,1438
สุรินทร์,โรคเยื่อบุตาอักเสบ,20-24,ไม่ระบุ,1
สุรินทร์,โรคเยื่อบุตาอักเสบ,25-29,ชาย,1653
สุรินทร์,โรคเยื่อบุตาอักเสบ,25-29,หญิง,1749
สุรินทร์,โรคเยื่อบุตาอักเสบ,30-34,ชาย,1706
สุรินทร์,โรคเยื่อบุตาอักเสบ,30-34,หญิง,1936
สุรินทร์,โรคเยื่อบุตาอักเสบ,35-39,ชาย,1833
สุรินทร์,โรคเยื่อบุตาอักเสบ,35-39,หญิง,2069
สุรินทร์,โรคเยื่อบุตาอักเสบ,40-44,ชาย,2272
สุรินทร์,โรคเยื่อบุตาอักเสบ,40-44,หญิง,2801
สุรินทร์,โรคเยื่อบุตาอักเสบ,45-49,ชาย,2495
สุรินทร์,โรคเยื่อบุตาอักเสบ,45-49,หญิง,3604
สุรินทร์,โรคเยื่อบุตาอักเสบ,5-9,ชาย,2898
สุรินทร์,โรคเยื่อบุตาอักเสบ,5-9,หญิง,1990
สุรินทร์,โรคเยื่อบุตาอักเสบ,50-54,ชาย,2883
สุรินทร์,โรคเยื่อบุตาอักเสบ,50-54,หญิง,4691
สุรินทร์,โรคเยื่อบุตาอักเสบ,55-59,ชาย,3031
สุรินทร์,โรคเยื่อบุตาอักเสบ,55-59,หญิง,5041
สุรินทร์,โรคเยื่อบุตาอักเสบ,60-64,ชาย,2896
สุรินทร์,โรคเยื่อบุตาอักเสบ,60-64,หญิง,4742
สุรินทร์,โรคเยื่อบุตาอักเสบ,65-69,ชาย,2443
สุรินทร์,โรคเยื่อบุตาอักเสบ,65-69,หญิง,3540
สุรินทร์,โรคเยื่อบุตาอักเสบ,70-74,ชาย,1972
สุรินทร์,โรคเยื่อบุตาอักเสบ,70-74,หญิง,2932
สุรินทร์,โรคเยื่อบุตาอักเสบ,75-79,ชาย,1441
สุรินทร์,โรคเยื่อบุตาอักเสบ,75-79,หญิง,1869
สุรินทร์,โรคเยื่อบุตาอักเสบ,80+,ชาย,1357
สุรินทร์,โรคเยื่อบุตาอักเสบ,80+,หญิง,1918
สุรินทร์,โรคเยื่อบุตาอักเสบ,ไม่ทราบ,ไม่ระบุ,891
สุโขทัย,โรคติดเชื้อทางเดินหายใจส่วนบนเฉียบพลัน,0-4,ชาย,32243
สุโขทัย,โรคติดเชื้อทางเดินหายใจส่วนบนเฉียบพลัน,0-4,หญิง,29890
สุโขทัย,โรคติดเชื้อทางเดินหายใจส่วนบนเฉียบพลัน,10-14,ชาย,16077
สุโขทัย,โรคติดเชื้อทางเดินหายใจส่วนบนเฉียบพลัน,10-14,หญิง,14767
สุโขทัย,โรคติดเชื้อทางเดินหายใจส่วนบนเฉียบพลัน,15-19,ชาย,7861
สุโขทัย,โรคติดเชื้อทางเดินหายใจส่วนบนเฉียบพลัน,15-19,หญิง,9922
สุโขทัย,โรคติดเชื้อทางเดินหายใจส่วนบนเฉียบพลัน,20-24,ชาย,4550
สุโขทัย,โรคติดเชื้อทางเดินหายใจส่วนบนเฉียบพลัน,20-24,หญิง,7053
สุโขทัย,โรคติดเชื้อทางเดินหายใจส่วนบนเฉียบพลัน,25-29,ชาย,4816
สุโขทัย,โรคติดเชื้อทางเดินหายใจส่วนบนเฉียบพลัน,25-29,หญิง,8808
สุโขทัย,โรคติดเชื้อทางเดินหายใจส่วนบนเฉียบพลัน,30-34,ชาย,4226
สุโขทัย,โรคติดเชื้อทางเดินหายใจส่วนบนเฉียบพลัน,30-34,หญิง,8925
สุโขทัย,โรคติดเชื้อทางเดินหายใจส่วนบนเฉียบพลัน,35-39,ชาย,3991
สุโขทัย,โรคติดเชื้อทางเดินหายใจส่วนบนเฉียบพลัน,35-39,หญิง,9035
สุโขทัย,โรคติดเชื้อทางเดินหายใจส่วนบนเฉียบพลัน,40-44,ชาย,4362
สุโขทัย,โรคติดเชื้อทางเดินหายใจส่วนบนเฉียบพลัน,40-44,หญิง,9944
สุโขทัย,โรคติดเชื้อทางเดินหายใจส่วนบนเฉียบพลัน,45-49,ชาย,5102
สุโขทัย,โรคติดเชื้อทางเดินหายใจส่วนบนเฉียบพลัน,45-49,หญิง,11507
สุโขทัย,โรคติดเชื้อทางเดินหายใจส่วนบนเฉียบพลัน,5-9,ชาย,26212
สุโขทัย,โรคติดเชื้อทางเดินหายใจส่วนบนเฉียบพลัน,5-9,หญิง,24285
สุโขทัย,โรคติดเชื้อทางเดินหายใจส่วนบนเฉียบพลัน,50-54,ชาย,5191
สุโขทัย,โรคติดเชื้อทางเดินหายใจส่วนบนเฉียบพลัน,50-54,หญิง,12862
สุโขทัย,โรคติดเชื้อทางเดินหายใจส่วนบนเฉียบพลัน,50-54,ไม่ระบุ,1
สุโขทัย,โรคติดเชื้อทางเดินหายใจส่วนบนเฉียบพลัน,55-59,ชาย,5564
สุโขทัย,โรคติดเชื้อทางเดินหายใจส่วนบนเฉียบพลัน,55-59,หญิง,14169
สุโขทัย,โรคติดเชื้อทางเดินหายใจส่วนบนเฉียบพลัน,60-64,ชาย,6139
สุโขทัย,โรคติดเชื้อทางเดินหายใจส่วนบนเฉียบพลัน,60-64,หญิง,12747
สุโขทัย,โรคติดเชื้อทางเดินหายใจส่วนบนเฉียบพลัน,65-69,ชาย,5545
สุโขทัย,โรคติดเชื้อทางเดินหายใจส่วนบนเฉียบพลัน,65-69,หญิง,9386
สุโขทัย,โรคติดเชื้อทางเดินหายใจส่วนบนเฉียบพลัน,70-74,ชาย,4894
สุโขทัย,โรคติดเชื้อทางเดินหายใจส่วนบนเฉียบพลัน,70-74,หญิง,6719
สุโขทัย,โรคติดเชื้อทางเดินหายใจส่วนบนเฉียบพลัน,75-79,ชาย,2965
สุโขทัย,โรคติดเชื้อทางเดินหายใจส่วนบนเฉียบพลัน,75-79,หญิง,3579
สุโขทัย,โรคติดเชื้อทางเดินหายใจส่วนบนเฉียบพลัน,80+,ชาย,2753
สุโขทัย,โรคติดเชื้อทางเดินหายใจส่วนบนเฉียบพลัน,80+,หญิง,3852
สุโขทัย,โรคติดเชื้อทางเดินหายใจส่วนบนเฉียบพลัน,ไม่ทราบ,ชาย,26
สุโขทัย,โรคติดเชื้อทางเดินหายใจส่วนบนเฉียบพลัน,ไม่ทราบ,หญิง,13
สุโขทัย,โรคติดเชื้อทางเดินหายใจส่วนบนเฉียบพลัน,ไม่ทราบ,ไม่ระบุ,1211
สุโขทัย,โรคปอดอุดกั้นเรื้อรัง,0-4,ชาย,38
สุโขทัย,โรคปอดอุดกั้นเรื้อรัง,0-4,หญิง,55
สุโขทัย,โรคปอดอุดกั้นเรื้อรัง,10-14,ชาย,2
สุโขทัย,โรคปอดอุดกั้นเรื้อรัง,15-19,ชาย,10
สุโขทัย,โรคปอดอุดกั้นเรื้อรัง,20-24,ชาย,6
สุโขทัย,โรคปอดอุดกั้นเรื้อรัง,20-24,หญิง,1
สุโขทัย,โรคปอดอุดกั้นเรื้อรัง,25-29,ชาย,5
สุโขทัย,โรคปอดอุดกั้นเรื้อรัง,25-29,หญิง,14
สุโขทัย,โรคปอดอุดกั้นเรื้อรัง,30-34,ชาย,28
สุโขทัย,โรคปอดอุดกั้นเรื้อรัง,30-34,หญิง,5
สุโขทัย,โรคปอดอุดกั้นเรื้อรัง,35-39,ชาย,94
สุโขทัย,โรคปอดอุดกั้นเรื้อรัง,35-39,หญิง,8
สุโขทัย,โรคปอดอุดกั้นเรื้อรัง,40-44,ชาย,167
สุโขทัย,โรคปอดอุดกั้นเรื้อรัง,40-44,หญิง,53
สุโขทัย,โรคปอดอุดกั้นเรื้อรัง,45-49,ชาย,381
สุโขทัย,โรคปอดอุดกั้นเรื้อรัง,45-49,หญิง,103
สุโขทัย,โรคปอดอุดกั้นเรื้อรัง,5-9,ชาย,11
สุโขทัย,โรคปอดอุดกั้นเรื้อรัง,5-9,หญิง,11
สุโขทัย,โรคปอดอุดกั้นเรื้อรัง,50-54,ชาย,916
สุโขทัย,โรคปอดอุดกั้นเรื้อรัง,50-54,หญิง,191
สุโขทัย,โรคปอดอุดกั้นเรื้อรัง,55-59,ชาย,1905
สุโขทัย,โรคปอดอุดกั้นเรื้อรัง,55-59,หญิง,339
สุโขทัย,โรคปอดอุดกั้นเรื้อรัง,60-64,ชาย,3008
สุโขทัย,โรคปอดอุดกั้นเรื้อรัง,60-64,หญิง,691
สุโขทัย,โรคปอดอุดกั้นเรื้อรัง,65-69,ชาย,4523
สุโขทัย,โรคปอดอุดกั้นเรื้อรัง,65-69,หญิง,998
สุโขทัย,โรคปอดอุดกั้นเรื้อรัง,70-74,ชาย,5711
สุโขทัย,โรคปอดอุดกั้นเรื้อรัง,70-74,หญิง,1108
สุโขทัย,โรคปอดอุดกั้นเรื้อรัง,75-79,ชาย,4260
สุโขทัย,โรคปอดอุดกั้นเรื้อรัง,75-79,หญิง,895
สุโขทัย,โรคปอดอุดกั้นเรื้อรัง,80+,ชาย,5511
สุโขทัย,โรคปอดอุดกั้นเรื้อรัง,80+,หญิง,1407
สุโขทัย,โรคปอดอุดกั้นเรื้อรัง,ไม่ทราบ,ไม่ระบุ,171
สุโขทัย,โรคผิวหนังอักเสบ,0-4,ชาย,526
สุโขทัย,โรคผิวหนังอักเสบ,0-4,หญิง,524
สุโขทัย,โรคผิวหนังอักเสบ,10-14,ชาย,375
สุโขทัย,โรคผิวหนังอักเสบ,10-14,หญิง,396
สุโขทัย,โรคผิวหนังอักเสบ,15-19,ชาย,242
สุโขทัย,โรคผิวหนังอักเสบ,15-19,หญิง,409
สุโขทัย,โรคผิวหนังอักเสบ,20-24,ชาย,179
สุโขทัย,โรคผิวหนังอักเสบ,20-24,หญิง,341
สุโขทัย,โรคผิวหนังอักเสบ,25-29,ชาย,165
สุโขทัย,โรคผิวหนังอักเสบ,25-29,หญิง,396
สุโขทัย,โรคผิวหนังอักเสบ,30-34,ชาย,203
สุโขทัย,โรคผิวหนังอักเสบ,30-34,หญิง,391
สุโขทัย,โรคผิวหนังอักเสบ,35-39,ชาย,169
สุโขทัย,โรคผิวหนังอักเสบ,35-39,หญิง,443
สุโขทัย,โรคผิวหนังอักเสบ,40-44,ชาย,246
สุโขทัย,โรคผิวหนังอักเสบ,40-44,หญิง,567
สุโขทัย,โรคผิวหนังอักเสบ,45-49,ชาย,281
สุโขทัย,โรคผิวหนังอักเสบ,45-49,หญิง,712
สุโขทัย,โรคผิวหนังอักเสบ,5-9,ชาย,524
สุโขทัย,โรคผิวหนังอักเสบ,5-9,หญิง,395
สุโขทัย,โรคผิวหนังอักเสบ,50-54,ชาย,352
สุโขทัย,โรคผิวหนังอักเสบ,50-54,หญิง,783
สุโขทัย,โรคผิวหนังอักเสบ,55-59,ชาย,465
สุโขทัย,โรคผิวหนังอักเสบ,55-59,หญิง,844
สุโขทัย,โรคผิวหนังอักเสบ,60-64,ชาย,567
สุโขทัย,โรคผิวหนังอักเสบ,60-64,หญิง,844
สุโขทัย,โรคผิวหนังอักเสบ,65-69,ชาย,547
สุโขทัย,โรคผิวหนังอักเสบ,65-69,หญิง,587
สุโขทัย,โรคผิวหนังอักเสบ,70-74,ชาย,465
สุโขทัย,โรคผิวหนังอักเสบ,70-74,หญิง,529
สุโขทัย,โรคผิวหนังอักเสบ,75-79,ชาย,294
สุโขทัย,โรคผิวหนังอักเสบ,75-79,หญิง,321
สุโขทัย,โรคผิวหนังอักเสบ,80+,ชาย,339
สุโขทัย,โรคผิวหนังอักเสบ,80+,หญิง,338
สุโขทัย,โรคผิวหนังอักเสบ,ไม่ทราบ,ไม่ระบุ,39
สุโขทัย,โรคลมพิษ,0-4,ชาย,468
สุโขทัย,โรคลมพิษ,0-4,หญิง,420
สุโขทัย,โรคลมพิษ,10-14,ชาย,469
สุโขทัย,โรคลมพิษ,10-14,หญิง,412
สุโขทัย,โรคลมพิษ,15-19,ชาย,334
สุโขทัย,โรคลมพิษ,15-19,หญิง,507
สุโขทัย,โรคลมพิษ,20-24,ชาย,216
สุโขทัย,โรคลมพิษ,20-24,หญิง,327
สุโขทัย,โรคลมพิษ,25-29,ชาย,187
สุโขทัย,โรคลมพิษ,25-29,หญิง,399
สุโขทัย,โรคลมพิษ,30-34,ชาย,137
สุโขทัย,โรคลมพิษ,30-34,หญิง,388
สุโขทัย,โรคลมพิษ,35-39,ชาย,131
สุโขทัย,โรคลมพิษ,35-39,หญิง,338
สุโขทัย,โรคลมพิษ,40-44,ชาย,143
สุโขทัย,โรคลมพิษ,40-44,หญิง,431
สุโขทัย,โรคลมพิษ,45-49,ชาย,205
สุโขทัย,โรคลมพิษ,45-49,หญิง,439
สุโขทัย,โรคลมพิษ,5-9,ชาย,566
สุโขทัย,โรคลมพิษ,5-9,หญิง,461
สุโขทัย,โรคลมพิษ,50-54,ชาย,190
สุโขทัย,โรคลมพิษ,50-54,หญิง,458
สุโขทัย,โรคลมพิษ,55-59,ชาย,188
สุโขทัย,โรคลมพิษ,55-59,หญิง,450
สุโขทัย,โรคลมพิษ,60-64,ชาย,232
สุโขทัย,โรคลมพิษ,60-64,หญิง,388
สุโขทัย,โรคลมพิษ,65-69,ชาย,187
สุโขทัย,โรคลมพิษ,65-69,หญิง,267
สุโขทัย,โรคลมพิษ,70-74,ชาย,138
สุโขทัย,โรคลมพิษ,70-74,หญิง,233
สุโขทัย,โรคลมพิษ,75-79,ชาย,84
สุโขทัย,โรคลมพิษ,75-79,หญิง,101
สุโขทัย,โรคลมพิษ,80+,ชาย,71
สุโขทัย,โรคลมพิษ,80+,หญิง,93
สุโขทัย,โรคลมพิษ,ไม่ทราบ,ไม่ระบุ,32
สุโขทัย,โรคหอบหืด,0-4,ชาย,1016
สุโขทัย,โรคหอบหืด,0-4,หญิง,556
สุโขทัย,โรคหอบหืด,10-14,ชาย,1476
สุโขทัย,โรคหอบหืด,10-14,หญิง,724
สุโขทัย,โรคหอบหืด,15-19,ชาย,530
สุโขทัย,โรคหอบหืด,15-19,หญิง,270
สุโขทัย,โรคหอบหืด,20-24,ชาย,261
สุโขทัย,โรคหอบหืด,20-24,หญิง,200
สุโขทัย,โรคหอบหืด,25-29,ชาย,154
สุโขทัย,โรคหอบหืด,25-29,หญิง,369
สุโขทัย,โรคหอบหืด,30-34,ชาย,349
สุโขทัย,โรคหอบหืด,30-34,หญิง,407
สุโขทัย,โรคหอบหืด,35-39,ชาย,427
สุโขทัย,โรคหอบหืด,35-39,หญิง,1062
สุโขทัย,โรคหอบหืด,40-44,ชาย,548
สุโขทัย,โรคหอบหืด,40-44,หญิง,1546
สุโขทัย,โรคหอบหืด,45-49,ชาย,835
สุโขทัย,โรคหอบหืด,45-49,หญิง,2047
สุโขทัย,โรคหอบหืด,5-9,ชาย,2536
สุโขทัย,โรคหอบหืด,5-9,หญิง,1396
สุโขทัย,โรคหอบหืด,50-54,ชาย,947
สุโขทัย,โรคหอบหืด,50-54,หญิง,3117
สุโขทัย,โรคหอบหืด,55-59,ชาย,1299
สุโขทัย,โรคหอบหืด,55-59,หญิง,3422
สุโขทัย,โรคหอบหืด,60-64,ชาย,1277
สุโขทัย,โรคหอบหืด,60-64,หญิง,3585
สุโขทัย,โรคหอบหืด,65-69,ชาย,956
สุโขทัย,โรคหอบหืด,65-69,หญิง,2979
สุโขทัย,โรคหอบหืด,70-74,ชาย,713
สุโขทัย,โรคหอบหืด,70-74,หญิง,2526
สุโขทัย,โรคหอบหืด,75-79,ชาย,387
สุโขทัย,โรคหอบหืด,75-79,หญิง,1123
สุโขทัย,โรคหอบหืด,80+,ชาย,306
สุโขทัย,โรคหอบหืด,80+,หญิง,1021
สุโขทัย,โรคหอบหืด,ไม่ทราบ,ไม่ระบุ,176
สุโขทัย,โรคเยื่อจมูกอักเสบจากภูมิแพ้,0-4,ชาย,894
สุโขทัย,โรคเยื่อจมูกอักเสบจากภูมิแพ้,0-4,หญิง,759
สุโขทัย,โรคเยื่อจมูกอักเสบจากภูมิแพ้,10-14,ชาย,1275
สุโขทัย,โรคเยื่อจมูกอักเสบจากภูมิแพ้,10-14,หญิง,817
สุโขทัย,โรคเยื่อจมูกอักเสบจากภูมิแพ้,15-19,ชาย,396
สุโขทัย,โรคเยื่อจมูกอักเสบจากภูมิแพ้,15-19,หญิง,494
สุโขทัย,โรคเยื่อจมูกอักเสบจากภูมิแพ้,20-24,ชาย,175
สุโขทัย,โรคเยื่อจมูกอักเสบจากภูมิแพ้,20-24,หญิง,338
สุโขทัย,โรคเยื่อจมูกอักเสบจากภูมิแพ้,25-29,ชาย,328
สุโขทัย,โรคเยื่อจมูกอักเสบจากภูมิแพ้,25-29,หญิง,670
สุโขทัย,โรคเยื่อจมูกอักเสบจากภูมิแพ้,30-34,ชาย,271
สุโขทัย,โรคเยื่อจมูกอักเสบจากภูมิแพ้,30-34,หญิง,854
สุโขทัย,โรคเยื่อจมูกอักเสบจากภูมิแพ้,35-39,ชาย,290
สุโขทัย,โรคเยื่อจมูกอักเสบจากภูมิแพ้,35-39,หญิง,976
สุโขทัย,โรคเยื่อจมูกอักเสบจากภูมิแพ้,40-44,ชาย,380
สุโขทัย,โรคเยื่อจมูกอักเสบจากภูมิแพ้,40-44,หญิง,970
สุโขทัย,โรคเยื่อจมูกอักเสบจากภูมิแพ้,45-49,ชาย,379
สุโขทัย,โรคเยื่อจมูกอักเสบจากภูมิแพ้,45-49,หญิง,1276
สุโขทัย,โรคเยื่อจมูกอักเสบจากภูมิแพ้,5-9,ชาย,1801
สุโขทัย,โรคเยื่อจมูกอักเสบจากภูมิแพ้,5-9,หญิง,1298
สุโขทัย,โรคเยื่อจมูกอักเสบจากภูมิแพ้,50-54,ชาย,399
สุโขทัย,โรคเยื่อจมูกอักเสบจากภูมิแพ้,50-54,หญิง,1389
สุโขทัย,โรคเยื่อจมูกอักเสบจากภูมิแพ้,55-59,ชาย,472
สุโขทัย,โรคเยื่อจมูกอักเสบจากภูมิแพ้,55-59,หญิง,1292
สุโขทัย,โรคเยื่อจมูกอักเสบจากภูมิแพ้,60-64,ชาย,558
สุโขทัย,โรคเยื่อจมูกอักเสบจากภูมิแพ้,60-64,หญิง,1324
สุโขทัย,โรคเยื่อจมูกอักเสบจากภูมิแพ้,65-69,ชาย,597
สุโขทัย,โรคเยื่อจมูกอักเสบจากภูมิแพ้,65-69,หญิง,748
สุโขทัย,โรคเยื่อจมูกอักเสบจากภูมิแพ้,70-74,ชาย,402
สุโขทัย,โรคเยื่อจมูกอักเสบจากภูมิแพ้,70-74,หญิง,585
สุโขทัย,โรคเยื่อจมูกอักเสบจากภูมิแพ้,75-79,ชาย,209
สุโขทัย,โรคเยื่อจมูกอักเสบจากภูมิแพ้,75-79,หญิง,358
สุโขทัย,โรคเยื่อจมูกอักเสบจากภูมิแพ้,80+,ชาย,226
สุโขทัย,โรคเยื่อจมูกอักเสบจากภูมิแพ้,80+,หญิง,233
สุโขทัย,โรคเยื่อจมูกอักเสบจากภูมิแพ้,ไม่ทราบ,ไม่ระบุ,65
สุโขทัย,โรคเยื่อบุตาอักเสบ,0-4,ชาย,608
สุโขทัย,โรคเยื่อบุตาอักเสบ,0-4,หญิง,490
สุโขทัย,โรคเยื่อบุตาอักเสบ,10-14,ชาย,634
สุโขทัย,โรคเยื่อบุตาอักเสบ,10-14,หญิง,488
สุโขทัย,โรคเยื่อบุตาอักเสบ,15-19,ชาย,540
สุโขทัย,โรคเยื่อบุตาอักเสบ,15-19,หญิง,641
สุโขทัย,โรคเยื่อบุตาอักเสบ,20-24,ชาย,436
สุโขทัย,โรคเยื่อบุตาอักเสบ,20-24,หญิง,380
สุโขทัย,โรคเยื่อบุตาอักเสบ,25-29,ชาย,451
สุโขทัย,โรคเยื่อบุตาอักเสบ,25-29,หญิง,558
สุโขทัย,โรคเยื่อบุตาอักเสบ,30-34,ชาย,472
สุโขทัย,โรคเยื่อบุตาอักเสบ,30-34,หญิง,597
สุโขทัย,โรคเยื่อบุตาอักเสบ,35-39,ชาย,481
สุโขทัย,โรคเยื่อบุตาอักเสบ,35-39,หญิง,632
สุโขทัย,โรคเยื่อบุตาอักเสบ,40-44,ชาย,600
สุโขทัย,โรคเยื่อบุตาอักเสบ,40-44,หญิง,773
สุโขทัย,โรคเยื่อบุตาอักเสบ,45-49,ชาย,707
สุโขทัย,โรคเยื่อบุตาอักเสบ,45-49,หญิง,1051
สุโขทัย,โรคเยื่อบุตาอักเสบ,5-9,ชาย,779
สุโขทัย,โรคเยื่อบุตาอักเสบ,5-9,หญิง,519
สุโขทัย,โรคเยื่อบุตาอักเสบ,50-54,ชาย,782
สุโขทัย,โรคเยื่อบุตาอักเสบ,50-54,หญิง,1372
สุโขทัย,โรคเยื่อบุตาอักเสบ,55-59,ชาย,837
สุโขทัย,โรคเยื่อบุตาอักเสบ,55-59,หญิง,1659
สุโขทัย,โรคเยื่อบุตาอักเสบ,60-64,ชาย,990
สุโขทัย,โรคเยื่อบุตาอักเสบ,60-64,หญิง,1575
สุโขทัย,โรคเยื่อบุตาอักเสบ,65-69,ชาย,853
สุโขทัย,โรคเยื่อบุตาอักเสบ,65-69,หญิง,1149
สุโขทัย,โรคเยื่อบุตาอักเสบ,70-74,ชาย,656
สุโขทัย,โรคเยื่อบุตาอักเสบ,70-74,หญิง,880
สุโขทัย,โรคเยื่อบุตาอักเสบ,75-79,ชาย,391
สุโขทัย,โรคเยื่อบุตาอักเสบ,75-79,หญิง,521
สุโขทัย,โรคเยื่อบุตาอักเสบ,80+,ชาย,357
สุโขทัย,โรคเยื่อบุตาอักเสบ,80+,หญิง,531
สุโขทัย,โรคเยื่อบุตาอักเสบ,ไม่ทราบ,ชาย,1
สุโขทัย,โรคเยื่อบุตาอักเสบ,ไม่ทราบ,หญิง,3
สุโขทัย,โรคเยื่อบุตาอักเสบ,ไม่ทราบ,ไม่ระบุ,83
หนองคาย,โรคติดเชื้อทางเดินหายใจส่วนบนเฉียบพลัน,0-4,ชาย,36602
หนองคาย,โรคติดเชื้อทางเดินหายใจส่วนบนเฉียบพลัน,0-4,หญิง,33810
หนองคาย,โรคติดเชื้อทางเดินหายใจส่วนบนเฉียบพลัน,0-4,ไม่ระบุ,2
หนองคาย,โรคติดเชื้อทางเดินหายใจส่วนบนเฉียบพลัน,10-14,ชาย,14605
หนองคาย,โรคติดเชื้อทางเดินหายใจส่วนบนเฉียบพลัน,10-14,หญิง,12950
หนองคาย,โรคติดเชื้อทางเดินหายใจส่วนบนเฉียบพลัน,10-14,ไม่ระบุ,1
หนองคาย,โรคติดเชื้อทางเดินหายใจส่วนบนเฉียบพลัน,15-19,ชาย,7054
หนองคาย,โรคติดเชื้อทางเดินหายใจส่วนบนเฉียบพลัน,15-19,หญิง,9131
หนองคาย,โรคติดเชื้อทางเดินหายใจส่วนบนเฉียบพลัน,20-24,ชาย,5495
หนองคาย,โรคติดเชื้อทางเดินหายใจส่วนบนเฉียบพลัน,20-24,หญิง,8679
หนองคาย,โรคติดเชื้อทางเดินหายใจส่วนบนเฉียบพลัน,20-24,ไม่ระบุ,1
หนองคาย,โรคติดเชื้อทางเดินหายใจส่วนบนเฉียบพลัน,25-29,ชาย,6068
หนองคาย,โรคติดเชื้อทางเดินหายใจส่วนบนเฉียบพลัน,25-29,หญิง,10466
หนองคาย,โรคติดเชื้อทางเดินหายใจส่วนบนเฉียบพลัน,30-34,ชาย,5434
หนองคาย,โรคติดเชื้อทางเดินหายใจส่วนบนเฉียบพลัน,30-34,หญิง,10037
หนองคาย,โรคติดเชื้อทางเดินหายใจส่วนบนเฉียบพลัน,30-34,ไม่ระบุ,1
หนองคาย,โรคติดเชื้อทางเดินหายใจส่วนบนเฉียบพลัน,35-39,ชาย,4918
หนองคาย,โรคติดเชื้อทางเดินหายใจส่วนบนเฉียบพลัน,35-39,หญิง,9283
หนองคาย,โรคติดเชื้อทางเดินหายใจส่วนบนเฉียบพลัน,40-44,ชาย,5398
หนองคาย,โรคติดเชื้อทางเดินหายใจส่วนบนเฉียบพลัน,40-44,หญิง,10750
หนองคาย,โรคติดเชื้อทางเดินหายใจส่วนบนเฉียบพลัน,45-49,ชาย,5960
หนองคาย,โรคติดเชื้อทางเดินหายใจส่วนบนเฉียบพลัน,45-49,หญิง,13219
หนองคาย,โรคติดเชื้อทางเดินหายใจส่วนบนเฉียบพลัน,5-9,ชาย,27923
หนองคาย,โรคติดเชื้อทางเดินหายใจส่วนบนเฉียบพลัน,5-9,หญิง,25476
หนองคาย,โรคติดเชื้อทางเดินหายใจส่วนบนเฉียบพลัน,50-54,ชาย,6612
หนองคาย,โรคติดเชื้อทางเดินหายใจส่วนบนเฉียบพลัน,50-54,หญิง,15816
หนองคาย,โรคติดเชื้อทางเดินหายใจส่วนบนเฉียบพลัน,55-59,ชาย,6901
หนองคาย,โรคติดเชื้อทางเดินหายใจส่วนบนเฉียบพลัน,55-59,หญิง,15134
หนองคาย,โรคติดเชื้อทางเดินหายใจส่วนบนเฉียบพลัน,55-59,ไม่ระบุ,1
หนองคาย,โรคติดเชื้อทางเดินหายใจส่วนบนเฉียบพลัน,60-64,ชาย,6621
หนองคาย,โรคติดเชื้อทางเดินหายใจส่วนบนเฉียบพลัน,60-64,หญิง,13293
หนองคาย,โรคติดเชื้อทางเดินหายใจส่วนบนเฉียบพลัน,60-64,ไม่ระบุ,2
หนองคาย,โรคติดเชื้อทางเดินหายใจส่วนบนเฉียบพลัน,65-69,ชาย,5852
หนองคาย,โรคติดเชื้อทางเดินหายใจส่วนบนเฉียบพลัน,65-69,หญิง,9981
หนองคาย,โรคติดเชื้อทางเดินหายใจส่วนบนเฉียบพลัน,70-74,ชาย,4288
หนองคาย,โรคติดเชื้อทางเดินหายใจส่วนบนเฉียบพลัน,70-74,หญิง,6725
หนองคาย,โรคติดเชื้อทางเดินหายใจส่วนบนเฉียบพลัน,75-79,ชาย,3035
หนองคาย,โรคติดเชื้อทางเดินหายใจส่วนบนเฉียบพลัน,75-79,หญิง,3696
หนองคาย,โรคติดเชื้อทางเดินหายใจส่วนบนเฉียบพลัน,80+,ชาย,2599
หนองคาย,โรคติดเชื้อทางเดินหายใจส่วนบนเฉียบพลัน,80+,หญิง,3614
หนองคาย,โรคติดเชื้อทางเดินหายใจส่วนบนเฉียบพลัน,80+,ไม่ระบุ,1
หนองคาย,โรคติดเชื้อทางเดินหายใจส่วนบนเฉียบพลัน,ไม่ทราบ,หญิง,2
หนองคาย,โรคติดเชื้อทางเดินหายใจส่วนบนเฉียบพลัน,ไม่ทราบ,ไม่ระบุ,45628
หนองคาย,โรคปอดอุดกั้นเรื้อรัง,0-4,ชาย,10
หนองคาย,โรคปอดอุดกั้นเรื้อรัง,0-4,หญิง,5
หนองคาย,โรคปอดอุดกั้นเรื้อรัง,10-14,ชาย,15
หนองคาย,โรคปอดอุดกั้นเรื้อรัง,10-14,หญิง,11
หนองคาย,โรคปอดอุดกั้นเรื้อรัง,15-19,ชาย,9
หนองคาย,โรคปอดอุดกั้นเรื้อรัง,15-19,หญิง,6
หนองคาย,โรคปอดอุดกั้นเรื้อรัง,20-24,ชาย,8
หนองคาย,โรคปอดอุดกั้นเรื้อรัง,20-24,หญิง,5
หนองคาย,โรคปอดอุดกั้นเรื้อรัง,25-29,ชาย,9
หนองคาย,โรคปอดอุดกั้นเรื้อรัง,25-29,หญิง,4
หนองคาย,โรคปอดอุดกั้นเรื้อรัง,30-34,ชาย,24
หนองคาย,โรคปอดอุดกั้นเรื้อรัง,30-34,หญิง,3
หนองคาย,โรคปอดอุดกั้นเรื้อรัง,35-39,ชาย,63
หนองคาย,โรคปอดอุดกั้นเรื้อรัง,35-39,หญิง,18
หนองคาย,โรคปอดอุดกั้นเรื้อรัง,40-44,ชาย,151
หนองคาย,โรคปอดอุดกั้นเรื้อรัง,40-44,หญิง,38
หนองคาย,โรคปอดอุดกั้นเรื้อรัง,45-49,ชาย,535
หนองคาย,โรคปอดอุดกั้นเรื้อรัง,45-49,หญิง,53
หนองคาย,โรคปอดอุดกั้นเรื้อรัง,5-9,ชาย,8
หนองคาย,โรคปอดอุดกั้นเรื้อรัง,5-9,หญิง,9
หนองคาย,โรคปอดอุดกั้นเรื้อรัง,50-54,ชาย,994
หนองคาย,โรคปอดอุดกั้นเรื้อรัง,50-54,หญิง,142
หนองคาย,โรคปอดอุดกั้นเรื้อรัง,55-59,ชาย,1652
หนองคาย,โรคปอดอุดกั้นเรื้อรัง,55-59,หญิง,171
หนองคาย,โรคปอดอุดกั้นเรื้อรัง,60-64,ชาย,2781
หนองคาย,โรคปอดอุดกั้นเรื้อรัง,60-64,หญิง,308
หนองคาย,โรคปอดอุดกั้นเรื้อรัง,65-69,ชาย,3262
หนองคาย,โรคปอดอุดกั้นเรื้อรัง,65-69,หญิง,361
หนองคาย,โรคปอดอุดกั้นเรื้อรัง,70-74,ชาย,3910
หนองคาย,โรคปอดอุดกั้นเรื้อรัง,70-74,หญิง,590
หนองคาย,โรคปอดอุดกั้นเรื้อรัง,75-79,ชาย,3472
หนองคาย,โรคปอดอุดกั้นเรื้อรัง,75-79,หญิง,519
หนองคาย,โรคปอดอุดกั้นเรื้อรัง,80+,ชาย,4076
หนองคาย,โรคปอดอุดกั้นเรื้อรัง,80+,หญิง,650
หนองคาย,โรคปอดอุดกั้นเรื้อรัง,ไม่ทราบ,ไม่ระบุ,154
หนองคาย,โรคผิวหนังอักเสบ,0-4,ชาย,791
หนองคาย,โรคผิวหนังอักเสบ,0-4,หญิง,703
หนองคาย,โรคผิวหนังอักเสบ,10-14,ชาย,425
หนองคาย,โรคผิวหนังอักเสบ,10-14,หญิง,477
หนองคาย,โรคผิวหนังอักเสบ,15-19,ชาย,258
หนองคาย,โรคผิวหนังอักเสบ,15-19,หญิง,415
หนองคาย,โรคผิวหนังอักเสบ,20-24,ชาย,215
หนองคาย,โรคผิวหนังอักเสบ,20-24,หญิง,334
หนองคาย,โรคผิวหนังอักเสบ,25-29,ชาย,238
หนองคาย,โรคผิวหนังอักเสบ,25-29,หญิง,422
หนองคาย,โรคผิวหนังอักเสบ,30-34,ชาย,241
หนองคาย,โรคผิวหนังอักเสบ,30-34,หญิง,434
หนองคาย,โรคผิวหนังอักเสบ,35-39,ชาย,230
หนองคาย,โรคผิวหนังอักเสบ,35-39,หญิง,416
หนองคาย,โรคผิวหนังอักเสบ,40-44,ชาย,280
หนองคาย,โรคผิวหนังอักเสบ,40-44,หญิง,543
หนองคาย,โรคผิวหนังอักเสบ,45-49,ชาย,416
หนองคาย,โรคผิวหนังอักเสบ,45-49,หญิง,666
หนองคาย,โรคผิวหนังอักเสบ,5-9,ชาย,593
หนองคาย,โรคผิวหนังอักเสบ,5-9,หญิง,542
หนองคาย,โรคผิวหนังอักเสบ,50-54,ชาย,495
หนองคาย,โรคผิวหนังอักเสบ,50-54,หญิง,885
หนองคาย,โรคผิวหนังอักเสบ,50-54,ไม่ระบุ,1
หนองคาย,โรคผิวหนังอักเสบ,55-59,ชาย,633
หนองคาย,โรคผิวหนังอักเสบ,55-59,หญิง,826
หนองคาย,โรคผิวหนังอักเสบ,60-64,ชาย,688
หนองคาย,โรคผิวหนังอักเสบ,60-64,หญิง,851
หนองคาย,โรคผิวหนังอักเสบ,65-69,ชาย,645
หนองคาย,โรคผิวหนังอักเสบ,65-69,หญิง,696
หนองคาย,โรคผิวหนังอักเสบ,70-74,ชาย,494
หนองคาย,โรคผิวหนังอักเสบ,70-74,หญิง,481
หนองคาย,โรคผิวหนังอักเสบ,75-79,ชาย,348
หนองคาย,โรคผิวหนังอักเสบ,75-79,หญิง,314
หนองคาย,โรคผิวหนังอักเสบ,80+,ชาย,356
หนองคาย,โรคผิวหนังอักเสบ,80+,หญิง,352
หนองคาย,โรคผิวหนังอักเสบ,ไม่ทราบ,ไม่ระบุ,451
หนองคาย,โรคลมพิษ,0-4,ชาย,857
หนองคาย,โรคลมพิษ,0-4,หญิง,675
หนองคาย,โรคลมพิษ,10-14,ชาย,533
หนองคาย,โรคลมพิษ,10-14,หญิง,514
หนองคาย,โรคลมพิษ,15-19,ชาย,332
หนองคาย,โรคลมพิษ,15-19,หญิง,567
หนองคาย,โรคลมพิษ,20-24,ชาย,253
หนองคาย,โรคลมพิษ,20-24,หญิง,449
หนองคาย,โรคลมพิษ,25-29,ชาย,258
หนองคาย,โรคลมพิษ,25-29,หญิง,589
หนองคาย,โรคลมพิษ,30-34,ชาย,227
หนองคาย,โรคลมพิษ,30-34,หญิง,516
หนองคาย,โรคลมพิษ,35-39,ชาย,199
หนองคาย,โรคลมพิษ,35-39,หญิง,566
หนองคาย,โรคลมพิษ,40-44,ชาย,231
หนองคาย,โรคลมพิษ,40-44,หญิง,630
หนองคาย,โรคลมพิษ,45-49,ชาย,281
หนองคาย,โรคลมพิษ,45-49,หญิง,687
หนองคาย,โรคลมพิษ,5-9,ชาย,684
หนองคาย,โรคลมพิษ,5-9,หญิง,524
หนองคาย,โรคลมพิษ,50-54,ชาย,334
หนองคาย,โรคลมพิษ,50-54,หญิง,808
หนองคาย,โรคลมพิษ,55-59,ชาย,325
หนองคาย,โรคลมพิษ,55-59,หญิง,724
หนองคาย,โรคลมพิษ,60-64,ชาย,326
หนองคาย,โรคลมพิษ,60-64,หญิง,637
หนองคาย,โรคลมพิษ,65-69,ชาย,254
หนองคาย,โรคลมพิษ,65-69,หญิง,367
หนองคาย,โรคลมพิษ,70-74,ชาย,203
หนองคาย,โรคลมพิษ,70-74,หญิง,283
หนองคาย,โรคลมพิษ,75-79,ชาย,137
หนองคาย,โรคลมพิษ,75-79,หญิง,163
หนองคาย,โรคลมพิษ,80+,ชาย,110
หนองคาย,โรคลมพิษ,80+,หญิง,150
หนองคาย,โรคลมพิษ,ไม่ทราบ,ไม่ระบุ,705
หนองคาย,โรคหอบหืด,0-4,ชาย,2070
หนองคาย,โรคหอบหืด,0-4,หญิง,1075
หนองคาย,โรคหอบหืด,10-14,ชาย,1210
หนองคาย,โรคหอบหืด,10-14,หญิง,629
หนองคาย,โรคหอบหืด,15-19,ชาย,289
หนองคาย,โรคหอบหืด,15-19,หญิง,277
หนองคาย,โรคหอบหืด,20-24,ชาย,208
หนองคาย,โรคหอบหืด,20-24,หญิง,227
หนองคาย,โรคหอบหืด,25-29,ชาย,213
หนองคาย,โรคหอบหืด,25-29,หญิง,316
หนองคาย,โรคหอบหืด,30-34,ชาย,281
หนองคาย,โรคหอบหืด,30-34,หญิง,397
หนองคาย,โรคหอบหืด,35-39,ชาย,298
หนองคาย,โรคหอบหืด,35-39,หญิง,603
หนองคาย,โรคหอบหืด,40-44,ชาย,512
หนองคาย,โรคหอบหืด,40-44,หญิง,1348
หนองคาย,โรคหอบหืด,45-49,ชาย,647
หนองคาย,โรคหอบหืด,45-49,หญิง,1758
หนองคาย,โรคหอบหืด,5-9,ชาย,2894
หนองคาย,โรคหอบหืด,5-9,หญิง,1501
หนองคาย,โรคหอบหืด,50-54,ชาย,919
หนองคาย,โรคหอบหืด,50-54,หญิง,2187
หนองคาย,โรคหอบหืด,55-59,ชาย,1069
หนองคาย,โรคหอบหืด,55-59,หญิง,2547
หนองคาย,โรคหอบหืด,60-64,ชาย,971
หนองคาย,โรคหอบหืด,60-64,หญิง,2725
หนองคาย,โรคหอบหืด,65-69,ชาย,827
หนองคาย,โรคหอบหืด,65-69,หญิง,2164
หนองคาย,โรคหอบหืด,70-74,ชาย,533
หนองคาย,โรคหอบหืด,70-74,หญิง,1840
หนองคาย,โรคหอบหืด,75-79,ชาย,306
หนองคาย,โรคหอบหืด,75-79,หญิง,1083
หนองคาย,โรคหอบหืด,80+,ชาย,357
หนองคาย,โรคหอบหืด,80+,หญิง,1213
หนองคาย,โรคหอบหืด,ไม่ทราบ,ไม่ระบุ,159
หนองคาย,โรคเยื่อจมูกอักเสบจากภูมิแพ้,0-4,ชาย,758
หนองคาย,โรคเยื่อจมูกอักเสบจากภูมิแพ้,0-4,หญิง,619
หนองคาย,โรคเยื่อจมูกอักเสบจากภูมิแพ้,10-14,ชาย,848
หนองคาย,โรคเยื่อจมูกอักเสบจากภูมิแพ้,10-14,หญิง,408
หนองคาย,โรคเยื่อจมูกอักเสบจากภูมิแพ้,15-19,ชาย,285
หนองคาย,โรคเยื่อจมูกอักเสบจากภูมิแพ้,15-19,หญิง,300
หนองคาย,โรคเยื่อจมูกอักเสบจากภูมิแพ้,20-24,ชาย,230
หนองคาย,โรคเยื่อจมูกอักเสบจากภูมิแพ้,20-24,หญิง,315
หนองคาย,โรคเยื่อจมูกอักเสบจากภูมิแพ้,25-29,ชาย,263
หนองคาย,โรคเยื่อจมูกอักเสบจากภูมิแพ้,25-29,หญิง,500
หนองคาย,โรคเยื่อจมูกอักเสบจากภูมิแพ้,30-34,ชาย,286
หนองคาย,โรคเยื่อจมูกอักเสบจากภูมิแพ้,30-34,หญิง,524
หนองคาย,โรคเยื่อจมูกอักเสบจากภูมิแพ้,35-39,ชาย,222
หนองคาย,โรคเยื่อจมูกอักเสบจากภูมิแพ้,35-39,หญิง,543
หนองคาย,โรคเยื่อจมูกอักเสบจากภูมิแพ้,40-44,ชาย,283
หนองคาย,โรคเยื่อจมูกอักเสบจากภูมิแพ้,40-44,หญิง,617
หนองคาย,โรคเยื่อจมูกอักเสบจากภูมิแพ้,45-49,ชาย,316
หนองคาย,โรคเยื่อจมูกอักเสบจากภูมิแพ้,45-49,หญิง,813
หนองคาย,โรคเยื่อจมูกอักเสบจากภูมิแพ้,5-9,ชาย,1461
หนองคาย,โรคเยื่อจมูกอักเสบจากภูมิแพ้,5-9,หญิง,1108
หนองคาย,โรคเยื่อจมูกอักเสบจากภูมิแพ้,50-54,ชาย,304
หนองคาย,โรคเยื่อจมูกอักเสบจากภูมิแพ้,50-54,หญิง,788
หนองคาย,โรคเยื่อจมูกอักเสบจากภูมิแพ้,55-59,ชาย,357
หนองคาย,โรคเยื่อจมูกอักเสบจากภูมิแพ้,55-59,หญิง,868
หนองคาย,โรคเยื่อจมูกอักเสบจากภูมิแพ้,60-64,ชาย,383
หนองคาย,โรคเยื่อจมูกอักเสบจากภูมิแพ้,60-64,หญิง,593
หนองคาย,โรคเยื่อจมูกอักเสบจากภูมิแพ้,65-69,ชาย,253
หนองคาย,โรคเยื่อจมูกอักเสบจากภูมิแพ้,65-69,หญิง,468
หนองคาย,โรคเยื่อจมูกอักเสบจากภูมิแพ้,70-74,ชาย,257
หนองคาย,โรคเยื่อจมูกอักเสบจากภูมิแพ้,70-74,หญิง,284
หนองคาย,โรคเยื่อจมูกอักเสบจากภูมิแพ้,75-79,ชาย,170
หนองคาย,โรคเยื่อจมูกอักเสบจากภูมิแพ้,75-79,หญิง,133
หนองคาย,โรคเยื่อจมูกอักเสบจากภูมิแพ้,80+,ชาย,96
หนองคาย,โรคเยื่อจมูกอักเสบจากภูมิแพ้,80+,หญิง,92
หนองคาย,โรคเยื่อจมูกอักเสบจากภูมิแพ้,ไม่ทราบ,ไม่ระบุ,1728
หนองคาย,โรคเยื่อบุตาอักเสบ,0-4,ชาย,789
หนองคาย,โรคเยื่อบุตาอักเสบ,0-4,หญิง,620
หนองคาย,โรคเยื่อบุตาอักเสบ,10-14,ชาย,568
หนองคาย,โรคเยื่อบุตาอักเสบ,10-14,หญิง,534
หนองคาย,โรคเยื่อบุตาอักเสบ,15-19,ชาย,496
หนองคาย,โรคเยื่อบุตาอักเสบ,15-19,หญิง,629
หนองคาย,โรคเยื่อบุตาอักเสบ,20-24,ชาย,391
หนองคาย,โรคเยื่อบุตาอักเสบ,20-24,หญิง,472
หนองคาย,โรคเยื่อบุตาอักเสบ,25-29,ชาย,479
หนองคาย,โรคเยื่อบุตาอักเสบ,25-29,หญิง,564
หนองคาย,โรคเยื่อบุตาอักเสบ,30-34,ชาย,463
หนองคาย,โรคเยื่อบุตาอักเสบ,30-34,หญิง,612
หนองคาย,โรคเยื่อบุตาอักเสบ,30-34,ไม่ระบุ,1
หนองคาย,โรคเยื่อบุตาอักเสบ,35-39,ชาย,516
หนองคาย,โรคเยื่อบุตาอักเสบ,35-39,หญิง,602
หนองคาย,โรคเยื่อบุตาอักเสบ,40-44,ชาย,595
หนองคาย,โรคเยื่อบุตาอักเสบ,40-44,หญิง,773
หนองคาย,โรคเยื่อบุตาอักเสบ,45-49,ชาย,738
หนองคาย,โรคเยื่อบุตาอักเสบ,45-49,หญิง,973
หนองคาย,โรคเยื่อบุตาอักเสบ,5-9,ชาย,797
หนองคาย,โรคเยื่อบุตาอักเสบ,5-9,หญิง,472
หนองคาย,โรคเยื่อบุตาอักเสบ,50-54,ชาย,869
หนองคาย,โรคเยื่อบุตาอักเสบ,50-54,หญิง,1344
หนองคาย,โรคเยื่อบุตาอักเสบ,50-54,ไม่ระบุ,2
หนองคาย,โรคเยื่อบุตาอักเสบ,55-59,ชาย,879
หนองคาย,โรคเยื่อบุตาอักเสบ,55-59,หญิง,1352
หนองคาย,โรคเยื่อบุตาอักเสบ,60-64,ชาย,807
หนองคาย,โรคเยื่อบุตาอักเสบ,60-64,หญิง,1352
หนองคาย,โรคเยื่อบุตาอักเสบ,65-69,ชาย,627
หนองคาย,โรคเยื่อบุตาอักเสบ,65-69,หญิง,973
หนองคาย,โรคเยื่อบุตาอักเสบ,70-74,ชาย,430
หนองคาย,โรคเยื่อบุตาอักเสบ,70-74,หญิง,701
หนองคาย,โรคเยื่อบุตาอักเสบ,75-79,ชาย,352
หนองคาย,โรคเยื่อบุตาอักเสบ,75-79,หญิง,437
หนองคาย,โรคเยื่อบุตาอักเสบ,80+,ชาย,318
หนองคาย,โรคเยื่อบุตาอักเสบ,80+,หญิง,431
หนองคาย,โรคเยื่อบุตาอักเสบ,ไม่ทราบ,ไม่ระบุ,2134
หนองบัวลำภู,โรคติดเชื้อทางเดินหายใจส่วนบนเฉียบพลัน,0-4,ชาย,50146
หนองบัวลำภู,โรคติดเชื้อทางเดินหายใจส่วนบนเฉียบพลัน,0-4,หญิง,45806
หนองบัวลำภู,โรคติดเชื้อทางเดินหายใจส่วนบนเฉียบพลัน,10-14,ชาย,20833
หนองบัวลำภู,โรคติดเชื้อทางเดินหายใจส่วนบนเฉียบพลัน,10-14,หญิง,18686
หนองบัวลำภู,โรคติดเชื้อทางเดินหายใจส่วนบนเฉียบพลัน,15-19,ชาย,7661
หนองบัวลำภู,โรคติดเชื้อทางเดินหายใจส่วนบนเฉียบพลัน,15-19,หญิง,10226
หนองบัวลำภู,โรคติดเชื้อทางเดินหายใจส่วนบนเฉียบพลัน,20-24,ชาย,4366
หนองบัวลำภู,โรคติดเชื้อทางเดินหายใจส่วนบนเฉียบพลัน,20-24,หญิง,6753
หนองบัวลำภู,โรคติดเชื้อทางเดินหายใจส่วนบนเฉียบพลัน,25-29,ชาย,4531
หนองบัวลำภู,โรคติดเชื้อทางเดินหายใจส่วนบนเฉียบพลัน,25-29,หญิง,8635
หนองบัวลำภู,โรคติดเชื้อทางเดินหายใจส่วนบนเฉียบพลัน,30-34,ชาย,4275
หนองบัวลำภู,โรคติดเชื้อทางเดินหายใจส่วนบนเฉียบพลัน,30-34,หญิง,8817
หนองบัวลำภู,โรคติดเชื้อทางเดินหายใจส่วนบนเฉียบพลัน,35-39,ชาย,4148
หนองบัวลำภู,โรคติดเชื้อทางเดินหายใจส่วนบนเฉียบพลัน,35-39,หญิง,8848
หนองบัวลำภู,โรคติดเชื้อทางเดินหายใจส่วนบนเฉียบพลัน,35-39,ไม่ระบุ,2
หนองบัวลำภู,โรคติดเชื้อทางเดินหายใจส่วนบนเฉียบพลัน,40-44,ชาย,4677
หนองบัวลำภู,โรคติดเชื้อทางเดินหายใจส่วนบนเฉียบพลัน,40-44,หญิง,10491
หนองบัวลำภู,โรคติดเชื้อทางเดินหายใจส่วนบนเฉียบพลัน,45-49,ชาย,5035
หนองบัวลำภู,โรคติดเชื้อทางเดินหายใจส่วนบนเฉียบพลัน,45-49,หญิง,12115
หนองบัวลำภู,โรคติดเชื้อทางเดินหายใจส่วนบนเฉียบพลัน,45-49,ไม่ระบุ,3
หนองบัวลำภู,โรคติดเชื้อทางเดินหายใจส่วนบนเฉียบพลัน,5-9,ชาย,41320
หนองบัวลำภู,โรคติดเชื้อทางเดินหายใจส่วนบนเฉียบพลัน,5-9,หญิง,38649
หนองบัวลำภู,โรคติดเชื้อทางเดินหายใจส่วนบนเฉียบพลัน,50-54,ชาย,5563
หนองบัวลำภู,โรคติดเชื้อทางเดินหายใจส่วนบนเฉียบพลัน,50-54,หญิง,14606
หนองบัวลำภู,โรคติดเชื้อทางเดินหายใจส่วนบนเฉียบพลัน,50-54,ไม่ระบุ,2
หนองบัวลำภู,โรคติดเชื้อทางเดินหายใจส่วนบนเฉียบพลัน,55-59,ชาย,5977
หนองบัวลำภู,โรคติดเชื้อทางเดินหายใจส่วนบนเฉียบพลัน,55-59,หญิง,13917
หนองบัวลำภู,โรคติดเชื้อทางเดินหายใจส่วนบนเฉียบพลัน,60-64,ชาย,5485
หนองบัวลำภู,โรคติดเชื้อทางเดินหายใจส่วนบนเฉียบพลัน,60-64,หญิง,11354
หนองบัวลำภู,โรคติดเชื้อทางเดินหายใจส่วนบนเฉียบพลัน,60-64,ไม่ระบุ,7
หนองบัวลำภู,โรคติดเชื้อทางเดินหายใจส่วนบนเฉียบพลัน,65-69,ชาย,5309
หนองบัวลำภู,โรคติดเชื้อทางเดินหายใจส่วนบนเฉียบพลัน,65-69,หญิง,8855
หนองบัวลำภู,โรคติดเชื้อทางเดินหายใจส่วนบนเฉียบพลัน,65-69,ไม่ระบุ,3
หนองบัวลำภู,โรคติดเชื้อทางเดินหายใจส่วนบนเฉียบพลัน,70-74,ชาย,4377
หนองบัวลำภู,โรคติดเชื้อทางเดินหายใจส่วนบนเฉียบพลัน,70-74,หญิง,6130
หนองบัวลำภู,โรคติดเชื้อทางเดินหายใจส่วนบนเฉียบพลัน,75-79,ชาย,2943
หนองบัวลำภู,โรคติดเชื้อทางเดินหายใจส่วนบนเฉียบพลัน,75-79,หญิง,3710
หนองบัวลำภู,โรคติดเชื้อทางเดินหายใจส่วนบนเฉียบพลัน,80+,ชาย,2328
หนองบัวลำภู,โรคติดเชื้อทางเดินหายใจส่วนบนเฉียบพลัน,80+,หญิง,3301
หนองบัวลำภู,โรคติดเชื้อทางเดินหายใจส่วนบนเฉียบพลัน,ไม่ทราบ,ชาย,55
หนองบัวลำภู,โรคติดเชื้อทางเดินหายใจส่วนบนเฉียบพลัน,ไม่ทราบ,หญิง,57
หนองบัวลำภู,โรคติดเชื้อทางเดินหายใจส่วนบนเฉียบพลัน,ไม่ทราบ,ไม่ระบุ,2567
หนองบัวลำภู,โรคปอดอุดกั้นเรื้อรัง,0-4,ชาย,34
หนองบัวลำภู,โรคปอดอุดกั้นเรื้อรัง,0-4,หญิง,13
หนองบัวลำภู,โรคปอดอุดกั้นเรื้อรัง,10-14,ชาย,5
หนองบัวลำภู,โรคปอดอุดกั้นเรื้อรัง,10-14,หญิง,2
หนองบัวลำภู,โรคปอดอุดกั้นเรื้อรัง,15-19,ชาย,2
หนองบัวลำภู,โรคปอดอุดกั้นเรื้อรัง,15-19,หญิง,1
หนองบัวลำภู,โรคปอดอุดกั้นเรื้อรัง,20-24,ชาย,7
หนองบัวลำภู,โรคปอดอุดกั้นเรื้อรัง,20-24,หญิง,5
หนองบัวลำภู,โรคปอดอุดกั้นเรื้อรัง,25-29,ชาย,2
หนองบัวลำภู,โรคปอดอุดกั้นเรื้อรัง,30-34,ชาย,17
หนองบัวลำภู,โรคปอดอุดกั้นเรื้อรัง,30-34,หญิง,30
หนองบัวลำภู,โรคปอดอุดกั้นเรื้อรัง,35-39,ชาย,67
หนองบัวลำภู,โรคปอดอุดกั้นเรื้อรัง,35-39,หญิง,38
หนองบัวลำภู,โรคปอดอุดกั้นเรื้อรัง,40-44,ชาย,191
หนองบัวลำภู,โรคปอดอุดกั้นเรื้อรัง,40-44,หญิง,80
หนองบัวลำภู,โรคปอดอุดกั้นเรื้อรัง,45-49,ชาย,482
หนองบัวลำภู,โรคปอดอุดกั้นเรื้อรัง,45-49,หญิง,86
หนองบัวลำภู,โรคปอดอุดกั้นเรื้อรัง,5-9,ชาย,8
หนองบัวลำภู,โรคปอดอุดกั้นเรื้อรัง,5-9,หญิง,5
หนองบัวลำภู,โรคปอดอุดกั้นเรื้อรัง,50-54,ชาย,854
หนองบัวลำภู,โรคปอดอุดกั้นเรื้อรัง,50-54,หญิง,107
หนองบัวลำภู,โรคปอดอุดกั้นเรื้อรัง,55-59,ชาย,1422
หนองบัวลำภู,โรคปอดอุดกั้นเรื้อรัง,55-59,หญิง,135
หนองบัวลำภู,โรคปอดอุดกั้นเรื้อรัง,60-64,ชาย,1903
หนองบัวลำภู,โรคปอดอุดกั้นเรื้อรัง,60-64,หญิง,190
หนองบัวลำภู,โรคปอดอุดกั้นเรื้อรัง,65-69,ชาย,3217
หนองบัวลำภู,โรคปอดอุดกั้นเรื้อรัง,65-69,หญิง,349
หนองบัวลำภู,โรคปอดอุดกั้นเรื้อรัง,70-74,ชาย,3374
หนองบัวลำภู,โรคปอดอุดกั้นเรื้อรัง,70-74,หญิง,304
หนองบัวลำภู,โรคปอดอุดกั้นเรื้อรัง,75-79,ชาย,2787
หนองบัวลำภู,โรคปอดอุดกั้นเรื้อรัง,75-79,หญิง,307
หนองบัวลำภู,โรคปอดอุดกั้นเรื้อรัง,80+,ชาย,3085
หนองบัวลำภู,โรคปอดอุดกั้นเรื้อรัง,80+,หญิง,367
หนองบัวลำภู,โรคปอดอุดกั้นเรื้อรัง,80+,ไม่ระบุ,1
หนองบัวลำภู,โรคปอดอุดกั้นเรื้อรัง,ไม่ทราบ,ไม่ระบุ,42
หนองบัวลำภู,โรคผิวหนังอักเสบ,0-4,ชาย,458
หนองบัวลำภู,โรคผิวหนังอักเสบ,0-4,หญิง,478
หนองบัวลำภู,โรคผิวหนังอักเสบ,10-14,ชาย,284
หนองบัวลำภู,โรคผิวหนังอักเสบ,10-14,หญิง,270
หนองบัวลำภู,โรคผิวหนังอักเสบ,15-19,ชาย,154
หนองบัวลำภู,โรคผิวหนังอักเสบ,15-19,หญิง,231
หนองบัวลำภู,โรคผิวหนังอักเสบ,20-24,ชาย,140
หนองบัวลำภู,โรคผิวหนังอักเสบ,20-24,หญิง,169
หนองบัวลำภู,โรคผิวหนังอักเสบ,25-29,ชาย,133
หนองบัวลำภู,โรคผิวหนังอักเสบ,25-29,หญิง,279
หนองบัวลำภู,โรคผิวหนังอักเสบ,30-34,ชาย,149
หนองบัวลำภู,โรคผิวหนังอักเสบ,30-34,หญิง,288
หนองบัวลำภู,โรคผิวหนังอักเสบ,35-39,ชาย,173
หนองบัวลำภู,โรคผิวหนังอักเสบ,35-39,หญิง,283
หนองบัวลำภู,โรคผิวหนังอักเสบ,40-44,ชาย,214
หนองบัวลำภู,โรคผิวหนังอักเสบ,40-44,หญิง,332
หนองบัวลำภู,โรคผิวหนังอักเสบ,45-49,ชาย,278
หนองบัวลำภู,โรคผิวหนังอักเสบ,45-49,หญิง,524
หนองบัวลำภู,โรคผิวหนังอักเสบ,5-9,ชาย,451
หนองบัวลำภู,โรคผิวหนังอักเสบ,5-9,หญิง,371
หนองบัวลำภู,โรคผิวหนังอักเสบ,50-54,ชาย,312
หนองบัวลำภู,โรคผิวหนังอักเสบ,50-54,หญิง,487
หนองบัวลำภู,โรคผิวหนังอักเสบ,55-59,ชาย,392
หนองบัวลำภู,โรคผิวหนังอักเสบ,55-59,หญิง,565
หนองบัวลำภู,โรคผิวหนังอักเสบ,60-64,ชาย,421
หนองบัวลำภู,โรคผิวหนังอักเสบ,60-64,หญิง,419
หนองบัวลำภู,โรคผิวหนังอักเสบ,65-69,ชาย,386
หนองบัวลำภู,โรคผิวหนังอักเสบ,65-69,หญิง,372
หนองบัวลำภู,โรคผิวหนังอักเสบ,70-74,ชาย,345
หนองบัวลำภู,โรคผิวหนังอักเสบ,70-74,หญิง,290
หนองบัวลำภู,โรคผิวหนังอักเสบ,75-79,ชาย,221
หนองบัวลำภู,โรคผิวหนังอักเสบ,75-79,หญิง,191
หนองบัวลำภู,โรคผิวหนังอักเสบ,80+,ชาย,149
หนองบัวลำภู,โรคผิวหนังอักเสบ,80+,หญิง,188
หนองบัวลำภู,โรคผิวหนังอักเสบ,ไม่ทราบ,ชาย,1
หนองบัวลำภู,โรคผิวหนังอักเสบ,ไม่ทราบ,หญิง,1
หนองบัวลำภู,โรคผิวหนังอักเสบ,ไม่ทราบ,ไม่ระบุ,57
หนองบัวลำภู,โรคลมพิษ,0-4,ชาย,954
หนองบัวลำภู,โรคลมพิษ,0-4,หญิง,861
หนองบัวลำภู,โรคลมพิษ,10-14,ชาย,643
หนองบัวลำภู,โรคลมพิษ,10-14,หญิง,599
หนองบัวลำภู,โรคลมพิษ,15-19,ชาย,417
หนองบัวลำภู,โรคลมพิษ,15-19,หญิง,647
หนองบัวลำภู,โรคลมพิษ,20-24,ชาย,242
หนองบัวลำภู,โรคลมพิษ,20-24,หญิง,401
หนองบัวลำภู,โรคลมพิษ,25-29,ชาย,265
หนองบัวลำภู,โรคลมพิษ,25-29,หญิง,556
หนองบัวลำภู,โรคลมพิษ,30-34,ชาย,253
หนองบัวลำภู,โรคลมพิษ,30-34,หญิง,567
หนองบัวลำภู,โรคลมพิษ,35-39,ชาย,252
หนองบัวลำภู,โรคลมพิษ,35-39,หญิง,561
หนองบัวลำภู,โรคลมพิษ,40-44,ชาย,345
หนองบัวลำภู,โรคลมพิษ,40-44,หญิง,686
หนองบัวลำภู,โรคลมพิษ,45-49,ชาย,355
หนองบัวลำภู,โรคลมพิษ,45-49,หญิง,759
หนองบัวลำภู,โรคลมพิษ,5-9,ชาย,803
หนองบัวลำภู,โรคลมพิษ,5-9,หญิง,728
หนองบัวลำภู,โรคลมพิษ,50-54,ชาย,313
หนองบัวลำภู,โรคลมพิษ,50-54,หญิง,912
หนองบัวลำภู,โรคลมพิษ,55-59,ชาย,434
หนองบัวลำภู,โรคลมพิษ,55-59,หญิง,691
หนองบัวลำภู,โรคลมพิษ,60-64,ชาย,353
หนองบัวลำภู,โรคลมพิษ,60-64,หญิง,553
หนองบัวลำภู,โรคลมพิษ,65-69,ชาย,311
หนองบัวลำภู,โรคลมพิษ,65-69,หญิง,486
หนองบัวลำภู,โรคลมพิษ,70-74,ชาย,272
หนองบัวลำภู,โรคลมพิษ,70-74,หญิง,279
หนองบัวลำภู,โรคลมพิษ,75-79,ชาย,139
หนองบัวลำภู,โรคลมพิษ,75-79,หญิง,196
หนองบัวลำภู,โรคลมพิษ,80+,ชาย,127
หนองบัวลำภู,โรคลมพิษ,80+,หญิง,169
หนองบัวลำภู,โรคลมพิษ,ไม่ทราบ,ชาย,4
หนองบัวลำภู,โรคลมพิษ,ไม่ทราบ,หญิง,6
หนองบัวลำภู,โรคลมพิษ,ไม่ทราบ,ไม่ระบุ,80
หนองบัวลำภู,โรคหอบหืด,0-4,ชาย,1187
หนองบัวลำภู,โรคหอบหืด,0-4,หญิง,595
หนองบัวลำภู,โรคหอบหืด,10-14,ชาย,1032
หนองบัวลำภู,โรคหอบหืด,10-14,หญิง,601
หนองบัวลำภู,โรคหอบหืด,15-19,ชาย,225
หนองบัวลำภู,โรคหอบหืด,15-19,หญิง,166
หนองบัวลำภู,โรคหอบหืด,20-24,ชาย,183
หนองบัวลำภู,โรคหอบหืด,20-24,หญิง,105
หนองบัวลำภู,โรคหอบหืด,25-29,ชาย,138
หนองบัวลำภู,โรคหอบหืด,25-29,หญิง,157
หนองบัวลำภู,โรคหอบหืด,30-34,ชาย,145
หนองบัวลำภู,โรคหอบหืด,30-34,หญิง,268
หนองบัวลำภู,โรคหอบหืด,35-39,ชาย,209
หนองบัวลำภู,โรคหอบหืด,35-39,หญิง,497
หนองบัวลำภู,โรคหอบหืด,40-44,ชาย,289
หนองบัวลำภู,โรคหอบหืด,40-44,หญิง,826
หนองบัวลำภู,โรคหอบหืด,45-49,ชาย,512
หนองบัวลำภู,โรคหอบหืด,45-49,หญิง,1062
หนองบัวลำภู,โรคหอบหืด,5-9,ชาย,2270
หนองบัวลำภู,โรคหอบหืด,5-9,หญิง,1130
หนองบัวลำภู,โรคหอบหืด,50-54,ชาย,656
หนองบัวลำภู,โรคหอบหืด,50-54,หญิง,1514
หนองบัวลำภู,โรคหอบหืด,55-59,ชาย,645
หนองบัวลำภู,โรคหอบหืด,55-59,หญิง,2037
หนองบัวลำภู,โรคหอบหืด,60-64,ชาย,386
หนองบัวลำภู,โรคหอบหืด,60-64,หญิง,1982
หนองบัวลำภู,โรคหอบหืด,65-69,ชาย,411
หนองบัวลำภู,โรคหอบหืด,65-69,หญิง,2048
หนองบัวลำภู,โรคหอบหืด,70-74,ชาย,290
หนองบัวลำภู,โรคหอบหืด,70-74,หญิง,1507
หนองบัวลำภู,โรคหอบหืด,75-79,ชาย,189
หนองบัวลำภู,โรคหอบหืด,75-79,หญิง,1070
หนองบัวลำภู,โรคหอบหืด,80+,ชาย,132
หนองบัวลำภู,โรคหอบหืด,80+,หญิง,1121
หนองบัวลำภู,โรคหอบหืด,ไม่ทราบ,ชาย,1
หนองบัวลำภู,โรคหอบหืด,ไม่ทราบ,หญิง,1
หนองบัวลำภู,โรคหอบหืด,ไม่ทราบ,ไม่ระบุ,54
หนองบัวลำภู,โรคเยื่อจมูกอักเสบจากภูมิแพ้,0-4,ชาย,571
หนองบัวลำภู,โรคเยื่อจมูกอักเสบจากภูมิแพ้,0-4,หญิง,485
หนองบัวลำภู,โรคเยื่อจมูกอักเสบจากภูมิแพ้,10-14,ชาย,479
หนองบัวลำภู,โรคเยื่อจมูกอักเสบจากภูมิแพ้,10-14,หญิง,322
หนองบัวลำภู,โรคเยื่อจมูกอักเสบจากภูมิแพ้,15-19,ชาย,191
หนองบัวลำภู,โรคเยื่อจมูกอักเสบจากภูมิแพ้,15-19,หญิง,288
หนองบัวลำภู,โรคเยื่อจมูกอักเสบจากภูมิแพ้,20-24,ชาย,152
หนองบัวลำภู,โรคเยื่อจมูกอักเสบจากภูมิแพ้,20-24,หญิง,232
หนองบัวลำภู,โรคเยื่อจมูกอักเสบจากภูมิแพ้,25-29,ชาย,219
หนองบัวลำภู,โรคเยื่อจมูกอักเสบจากภูมิแพ้,25-29,หญิง,332
หนองบัวลำภู,โรคเยื่อจมูกอักเสบจากภูมิแพ้,30-34,ชาย,191
หนองบัวลำภู,โรคเยื่อจมูกอักเสบจากภูมิแพ้,30-34,หญิง,395
หนองบัวลำภู,โรคเยื่อจมูกอักเสบจากภูมิแพ้,35-39,ชาย,185
หนองบัวลำภู,โรคเยื่อจมูกอักเสบจากภูมิแพ้,35-39,หญิง,465
หนองบัวลำภู,โรคเยื่อจมูกอักเสบจากภูมิแพ้,40-44,ชาย,188
หนองบัวลำภู,โรคเยื่อจมูกอักเสบจากภูมิแพ้,40-44,หญิง,493
หนองบัวลำภู,โรคเยื่อจมูกอักเสบจากภูมิแพ้,45-49,ชาย,218
หนองบัวลำภู,โรคเยื่อจมูกอักเสบจากภูมิแพ้,45-49,หญิง,607
หนองบัวลำภู,โรคเยื่อจมูกอักเสบจากภูมิแพ้,5-9,ชาย,715
หนองบัวลำภู,โรคเยื่อจมูกอักเสบจากภูมิแพ้,5-9,หญิง,541
หนองบัวลำภู,โรคเยื่อจมูกอักเสบจากภูมิแพ้,50-54,ชาย,209
หนองบัวลำภู,โรคเยื่อจมูกอักเสบจากภูมิแพ้,50-54,หญิง,617
หนองบัวลำภู,โรคเยื่อจมูกอักเสบจากภูมิแพ้,55-59,ชาย,212
หนองบัวลำภู,โรคเยื่อจมูกอักเสบจากภูมิแพ้,55-59,หญิง,577
หนองบัวลำภู,โรคเยื่อจมูกอักเสบจากภูมิแพ้,60-64,ชาย,205
หนองบัวลำภู,โรคเยื่อจมูกอักเสบจากภูมิแพ้,60-64,หญิง,449
หนองบัวลำภู,โรคเยื่อจมูกอักเสบจากภูมิแพ้,65-69,ชาย,212
หนองบัวลำภู,โรคเยื่อจมูกอักเสบจากภูมิแพ้,65-69,หญิง,347
หนองบัวลำภู,โรคเยื่อจมูกอักเสบจากภูมิแพ้,70-74,ชาย,186
หนองบัวลำภู,โรคเยื่อจมูกอักเสบจากภูมิแพ้,70-74,หญิง,220
หนองบัวลำภู,โรคเยื่อจมูกอักเสบจากภูมิแพ้,75-79,ชาย,121
หนองบัวลำภู,โรคเยื่อจมูกอักเสบจากภูมิแพ้,75-79,หญิง,145
หนองบัวลำภู,โรคเยื่อจมูกอักเสบจากภูมิแพ้,80+,ชาย,69
หนองบัวลำภู,โรคเยื่อจมูกอักเสบจากภูมิแพ้,80+,หญิง,87
หนองบัวลำภู,โรคเยื่อจมูกอักเสบจากภูมิแพ้,ไม่ทราบ,ไม่ระบุ,85
หนองบัวลำภู,โรคเยื่อบุตาอักเสบ,0-4,ชาย,891
หนองบัวลำภู,โรคเยื่อบุตาอักเสบ,0-4,หญิง,724
หนองบัวลำภู,โรคเยื่อบุตาอักเสบ,10-14,ชาย,751
หนองบัวลำภู,โรคเยื่อบุตาอักเสบ,10-14,หญิง,686
หนองบัวลำภู,โรคเยื่อบุตาอักเสบ,15-19,ชาย,624
หนองบัวลำภู,โรคเยื่อบุตาอักเสบ,15-19,หญิง,855
หนองบัวลำภู,โรคเยื่อบุตาอักเสบ,20-24,ชาย,456
หนองบัวลำภู,โรคเยื่อบุตาอักเสบ,20-24,หญิง,484
หนองบัวลำภู,โรคเยื่อบุตาอักเสบ,25-29,ชาย,573
หนองบัวลำภู,โรคเยื่อบุตาอักเสบ,25-29,หญิง,657
หนองบัวลำภู,โรคเยื่อบุตาอักเสบ,30-34,ชาย,562
หนองบัวลำภู,โรคเยื่อบุตาอักเสบ,30-34,หญิง,701
หนองบัวลำภู,โรคเยื่อบุตาอักเสบ,35-39,ชาย,690
หนองบัวลำภู,โรคเยื่อบุตาอักเสบ,35-39,หญิง,809
หนองบัวลำภู,โรคเยื่อบุตาอักเสบ,40-44,ชาย,861
หนองบัวลำภู,โรคเยื่อบุตาอักเสบ,40-44,หญิง,1046
หนองบัวลำภู,โรคเยื่อบุตาอักเสบ,45-49,ชาย,1045
หนองบัวลำภู,โรคเยื่อบุตาอักเสบ,45-49,หญิง,1528
หนองบัวลำภู,โรคเยื่อบุตาอักเสบ,5-9,ชาย,903
หนองบัวลำภู,โรคเยื่อบุตาอักเสบ,5-9,หญิง,677
หนองบัวลำภู,โรคเยื่อบุตาอักเสบ,50-54,ชาย,1201
หนองบัวลำภู,โรคเยื่อบุตาอักเสบ,50-54,หญิง,1908
หนองบัวลำภู,โรคเยื่อบุตาอักเสบ,55-59,ชาย,1236
หนองบัวลำภู,โรคเยื่อบุตาอักเสบ,55-59,หญิง,2101
หนองบัวลำภู,โรคเยื่อบุตาอักเสบ,60-64,ชาย,1145
หนองบัวลำภู,โรคเยื่อบุตาอักเสบ,60-64,หญิง,1704
หนองบัวลำภู,โรคเยื่อบุตาอักเสบ,65-69,ชาย,1061
หนองบัวลำภู,โรคเยื่อบุตาอักเสบ,65-69,หญิง,1548
หนองบัวลำภู,โรคเยื่อบุตาอักเสบ,70-74,ชาย,750
หนองบัวลำภู,โรคเยื่อบุตาอักเสบ,70-74,หญิง,1128
หนองบัวลำภู,โรคเยื่อบุตาอักเสบ,75-79,ชาย,475
หนองบัวลำภู,โรคเยื่อบุตาอักเสบ,75-79,หญิง,671
หนองบัวลำภู,โรคเยื่อบุตาอักเสบ,80+,ชาย,473
หนองบัวลำภู,โรคเยื่อบุตาอักเสบ,80+,หญิง,607
หนองบัวลำภู,โรคเยื่อบุตาอักเสบ,ไม่ทราบ,ชาย,3
หนองบัวลำภู,โรคเยื่อบุตาอักเสบ,ไม่ทราบ,หญิง,3
หนองบัวลำภู,โรคเยื่อบุตาอักเสบ,ไม่ทราบ,ไม่ระบุ,173
อำนาจเจริญ,โรคติดเชื้อทางเดินหายใจส่วนบนเฉียบพลัน,0-4,ชาย,37255
อำนาจเจริญ,โรคติดเชื้อทางเดินหายใจส่วนบนเฉียบพลัน,0-4,หญิง,32526
อำนาจเจริญ,โรคติดเชื้อทางเดินหายใจส่วนบนเฉียบพลัน,10-14,ชาย,15235
อำนาจเจริญ,โรคติดเชื้อทางเดินหายใจส่วนบนเฉียบพลัน,10-14,หญิง,14108
อำนาจเจริญ,โรคติดเชื้อทางเดินหายใจส่วนบนเฉียบพลัน,15-19,ชาย,6198
อำนาจเจริญ,โรคติดเชื้อทางเดินหายใจส่วนบนเฉียบพลัน,15-19,หญิง,8506
อำนาจเจริญ,โรคติดเชื้อทางเดินหายใจส่วนบนเฉียบพลัน,20-24,ชาย,3440
อำนาจเจริญ,โรคติดเชื้อทางเดินหายใจส่วนบนเฉียบพลัน,20-24,หญิง,5353
อำนาจเจริญ,โรคติดเชื้อทางเดินหายใจส่วนบนเฉียบพลัน,25-29,ชาย,3845
อำนาจเจริญ,โรคติดเชื้อทางเดินหายใจส่วนบนเฉียบพลัน,25-29,หญิง,7416
อำนาจเจริญ,โรคติดเชื้อทางเดินหายใจส่วนบนเฉียบพลัน,30-34,ชาย,3906
อำนาจเจริญ,โรคติดเชื้อทางเดินหายใจส่วนบนเฉียบพลัน,30-34,หญิง,7814
อำนาจเจริญ,โรคติดเชื้อทางเดินหายใจส่วนบนเฉียบพลัน,30-34,ไม่ระบุ,2
อำนาจเจริญ,โรคติดเชื้อทางเดินหายใจส่วนบนเฉียบพลัน,35-39,ชาย,3748
อำนาจเจริญ,โรคติดเชื้อทางเดินหายใจส่วนบนเฉียบพลัน,35-39,หญิง,7633
อำนาจเจริญ,โรคติดเชื้อทางเดินหายใจส่วนบนเฉียบพลัน,40-44,ชาย,3996
อำนาจเจริญ,โรคติดเชื้อทางเดินหายใจส่วนบนเฉียบพลัน,40-44,หญิง,8782
อำนาจเจริญ,โรคติดเชื้อทางเดินหายใจส่วนบนเฉียบพลัน,45-49,ชาย,4366
อำนาจเจริญ,โรคติดเชื้อทางเดินหายใจส่วนบนเฉียบพลัน,45-49,หญิง,10238
อำนาจเจริญ,โรคติดเชื้อทางเดินหายใจส่วนบนเฉียบพลัน,5-9,ชาย,28755
อำนาจเจริญ,โรคติดเชื้อทางเดินหายใจส่วนบนเฉียบพลัน,5-9,หญิง,26867
อำนาจเจริญ,โรคติดเชื้อทางเดินหายใจส่วนบนเฉียบพลัน,50-54,ชาย,5205
อำนาจเจริญ,โรคติดเชื้อทางเดินหายใจส่วนบนเฉียบพลัน,50-54,หญิง,12880
อำนาจเจริญ,โรคติดเชื้อทางเดินหายใจส่วนบนเฉียบพลัน,55-59,ชาย,5657
อำนาจเจริญ,โรคติดเชื้อทางเดินหายใจส่วนบนเฉียบพลัน,55-59,หญิง,11952
อำนาจเจริญ,โรคติดเชื้อทางเดินหายใจส่วนบนเฉียบพลัน,60-64,ชาย,5211
อำนาจเจริญ,โรคติดเชื้อทางเดินหายใจส่วนบนเฉียบพลัน,60-64,หญิง,9585
อำนาจเจริญ,โรคติดเชื้อทางเดินหายใจส่วนบนเฉียบพลัน,65-69,ชาย,4578
อำนาจเจริญ,โรคติดเชื้อทางเดินหายใจส่วนบนเฉียบพลัน,65-69,หญิง,7504
อำนาจเจริญ,โรคติดเชื้อทางเดินหายใจส่วนบนเฉียบพลัน,70-74,ชาย,3727
อำนาจเจริญ,โรคติดเชื้อทางเดินหายใจส่วนบนเฉียบพลัน,70-74,หญิง,5115
อำนาจเจริญ,โรคติดเชื้อทางเดินหายใจส่วนบนเฉียบพลัน,75-79,ชาย,2409
อำนาจเจริญ,โรคติดเชื้อทางเดินหายใจส่วนบนเฉียบพลัน,75-79,หญิง,2992
อำนาจเจริญ,โรคติดเชื้อทางเดินหายใจส่วนบนเฉียบพลัน,80+,ชาย,2125
อำนาจเจริญ,โรคติดเชื้อทางเดินหายใจส่วนบนเฉียบพลัน,80+,หญิง,2926
อำนาจเจริญ,โรคติดเชื้อทางเดินหายใจส่วนบนเฉียบพลัน,ไม่ทราบ,ชาย,15
อำนาจเจริญ,โรคติดเชื้อทางเดินหายใจส่วนบนเฉียบพลัน,ไม่ทราบ,หญิง,1
อำนาจเจริญ,โรคติดเชื้อทางเดินหายใจส่วนบนเฉียบพลัน,ไม่ทราบ,ไม่ระบุ,1940
อำนาจเจริญ,โรคปอดอุดกั้นเรื้อรัง,0-4,ชาย,5
อำนาจเจริญ,โรคปอดอุดกั้นเรื้อรัง,0-4,หญิง,4
อำนาจเจริญ,โรคปอดอุดกั้นเรื้อรัง,10-14,ชาย,1
อำนาจเจริญ,โรคปอดอุดกั้นเรื้อรัง,10-14,หญิง,3
อำนาจเจริญ,โรคปอดอุดกั้นเรื้อรัง,15-19,ชาย,1
อำนาจเจริญ,โรคปอดอุดกั้นเรื้อรัง,20-24,ชาย,3
อำนาจเจริญ,โรคปอดอุดกั้นเรื้อรัง,20-24,หญิง,1
อำนาจเจริญ,โรคปอดอุดกั้นเรื้อรัง,25-29,ชาย,9
อำนาจเจริญ,โรคปอดอุดกั้นเรื้อรัง,30-34,ชาย,24
อำนาจเจริญ,โรคปอดอุดกั้นเรื้อรัง,30-34,หญิง,12
อำนาจเจริญ,โรคปอดอุดกั้นเรื้อรัง,35-39,ชาย,58
อำนาจเจริญ,โรคปอดอุดกั้นเรื้อรัง,35-39,หญิง,64
อำนาจเจริญ,โรคปอดอุดกั้นเรื้อรัง,40-44,ชาย,133
อำนาจเจริญ,โรคปอดอุดกั้นเรื้อรัง,40-44,หญิง,15
อำนาจเจริญ,โรคปอดอุดกั้นเรื้อรัง,45-49,ชาย,280
อำนาจเจริญ,โรคปอดอุดกั้นเรื้อรัง,45-49,หญิง,94
อำนาจเจริญ,โรคปอดอุดกั้นเรื้อรัง,5-9,ชาย,2
อำนาจเจริญ,โรคปอดอุดกั้นเรื้อรัง,5-9,หญิง,1
อำนาจเจริญ,โรคปอดอุดกั้นเรื้อรัง,50-54,ชาย,556
อำนาจเจริญ,โรคปอดอุดกั้นเรื้อรัง,50-54,หญิง,166
อำนาจเจริญ,โรคปอดอุดกั้นเรื้อรัง,55-59,ชาย,1145
อำนาจเจริญ,โรคปอดอุดกั้นเรื้อรัง,55-59,หญิง,224
อำนาจเจริญ,โรคปอดอุดกั้นเรื้อรัง,60-64,ชาย,1534
อำนาจเจริญ,โรคปอดอุดกั้นเรื้อรัง,60-64,หญิง,324
อำนาจเจริญ,โรคปอดอุดกั้นเรื้อรัง,65-69,ชาย,1944
อำนาจเจริญ,โรคปอดอุดกั้นเรื้อรัง,65-69,หญิง,443
อำนาจเจริญ,โรคปอดอุดกั้นเรื้อรัง,70-74,ชาย,2256
อำนาจเจริญ,โรคปอดอุดกั้นเรื้อรัง,70-74,หญิง,531
อำนาจเจริญ,โรคปอดอุดกั้นเรื้อรัง,75-79,ชาย,1800
อำนาจเจริญ,โรคปอดอุดกั้นเรื้อรัง,75-79,หญิง,404
อำนาจเจริญ,โรคปอดอุดกั้นเรื้อรัง,80+,ชาย,2239
อำนาจเจริญ,โรคปอดอุดกั้นเรื้อรัง,80+,หญิง,563
อำนาจเจริญ,โรคปอดอุดกั้นเรื้อรัง,ไม่ทราบ,ไม่ระบุ,71
อำนาจเจริญ,โรคผิวหนังอักเสบ,0-4,ชาย,517
อำนาจเจริญ,โรคผิวหนังอักเสบ,0-4,หญิง,493
อำนาจเจริญ,โรคผิวหนังอักเสบ,10-14,ชาย,240
อำนาจเจริญ,โรคผิวหนังอักเสบ,10-14,หญิง,244
อำนาจเจริญ,โรคผิวหนังอักเสบ,15-19,ชาย,191
อำนาจเจริญ,โรคผิวหนังอักเสบ,15-19,หญิง,376
อำนาจเจริญ,โรคผิวหนังอักเสบ,20-24,ชาย,137
อำนาจเจริญ,โรคผิวหนังอักเสบ,20-24,หญิง,263
อำนาจเจริญ,โรคผิวหนังอักเสบ,25-29,ชาย,202
อำนาจเจริญ,โรคผิวหนังอักเสบ,25-29,หญิง,326
อำนาจเจริญ,โรคผิวหนังอักเสบ,30-34,ชาย,188
อำนาจเจริญ,โรคผิวหนังอักเสบ,30-34,หญิง,325
อำนาจเจริญ,โรคผิวหนังอักเสบ,35-39,ชาย,216
อำนาจเจริญ,โรคผิวหนังอักเสบ,35-39,หญิง,332
อำนาจเจริญ,โรคผิวหนังอักเสบ,40-44,ชาย,268
อำนาจเจริญ,โรคผิวหนังอักเสบ,40-44,หญิง,431
อำนาจเจริญ,โรคผิวหนังอักเสบ,45-49,ชาย,344
อำนาจเจริญ,โรคผิวหนังอักเสบ,45-49,หญิง,624
อำนาจเจริญ,โรคผิวหนังอักเสบ,5-9,ชาย,387
อำนาจเจริญ,โรคผิวหนังอักเสบ,5-9,หญิง,339
อำนาจเจริญ,โรคผิวหนังอักเสบ,50-54,ชาย,391
อำนาจเจริญ,โรคผิวหนังอักเสบ,50-54,หญิง,765
อำนาจเจริญ,โรคผิวหนังอักเสบ,55-59,ชาย,509
อำนาจเจริญ,โรคผิวหนังอักเสบ,55-59,หญิง,692
อำนาจเจริญ,โรคผิวหนังอักเสบ,60-64,ชาย,568
อำนาจเจริญ,โรคผิวหนังอักเสบ,60-64,หญิง,602
อำนาจเจริญ,โรคผิวหนังอักเสบ,65-69,ชาย,492
อำนาจเจริญ,โรคผิวหนังอักเสบ,65-69,หญิง,535
อำนาจเจริญ,โรคผิวหนังอักเสบ,70-74,ชาย,450
อำนาจเจริญ,โรคผิวหนังอักเสบ,70-74,หญิง,387
อำนาจเจริญ,โรคผิวหนังอักเสบ,75-79,ชาย,324
อำนาจเจริญ,โรคผิวหนังอักเสบ,75-79,หญิง,217
อำนาจเจริญ,โรคผิวหนังอักเสบ,80+,ชาย,282
อำนาจเจริญ,โรคผิวหนังอักเสบ,80+,หญิง,247
อำนาจเจริญ,โรคผิวหนังอักเสบ,ไม่ทราบ,ไม่ระบุ,63
อำนาจเจริญ,โรคลมพิษ,0-4,ชาย,698
อำนาจเจริญ,โรคลมพิษ,0-4,หญิง,593
อำนาจเจริญ,โรคลมพิษ,10-14,ชาย,427
อำนาจเจริญ,โรคลมพิษ,10-14,หญิง,517
อำนาจเจริญ,โรคลมพิษ,15-19,ชาย,315
อำนาจเจริญ,โรคลมพิษ,15-19,หญิง,512
อำนาจเจริญ,โรคลมพิษ,20-24,ชาย,165
อำนาจเจริญ,โรคลมพิษ,20-24,หญิง,343
อำนาจเจริญ,โรคลมพิษ,25-29,ชาย,227
อำนาจเจริญ,โรคลมพิษ,25-29,หญิง,449
อำนาจเจริญ,โรคลมพิษ,30-34,ชาย,194
อำนาจเจริญ,โรคลมพิษ,30-34,หญิง,396
อำนาจเจริญ,โรคลมพิษ,35-39,ชาย,186
อำนาจเจริญ,โรคลมพิษ,35-39,หญิง,413
อำนาจเจริญ,โรคลมพิษ,40-44,ชาย,194
อำนาจเจริญ,โรคลมพิษ,40-44,หญิง,484
อำนาจเจริญ,โรคลมพิษ,45-49,ชาย,216
อำนาจเจริญ,โรคลมพิษ,45-49,หญิง,573
อำนาจเจริญ,โรคลมพิษ,5-9,ชาย,590
อำนาจเจริญ,โรคลมพิษ,5-9,หญิง,492
อำนาจเจริญ,โรคลมพิษ,50-54,ชาย,266
อำนาจเจริญ,โรคลมพิษ,50-54,หญิง,621
อำนาจเจริญ,โรคลมพิษ,55-59,ชาย,271
อำนาจเจริญ,โรคลมพิษ,55-59,หญิง,487
อำนาจเจริญ,โรคลมพิษ,60-64,ชาย,230
อำนาจเจริญ,โรคลมพิษ,60-64,หญิง,427
อำนาจเจริญ,โรคลมพิษ,65-69,ชาย,200
อำนาจเจริญ,โรคลมพิษ,65-69,หญิง,320
อำนาจเจริญ,โรคลมพิษ,70-74,ชาย,169
อำนาจเจริญ,โรคลมพิษ,70-74,หญิง,214
อำนาจเจริญ,โรคลมพิษ,75-79,ชาย,127
อำนาจเจริญ,โรคลมพิษ,75-79,หญิง,152
อำนาจเจริญ,โรคลมพิษ,80+,ชาย,83
อำนาจเจริญ,โรคลมพิษ,80+,หญิง,188
อำนาจเจริญ,โรคลมพิษ,ไม่ทราบ,ไม่ระบุ,67
อำนาจเจริญ,โรคหอบหืด,0-4,ชาย,1978
อำนาจเจริญ,โรคหอบหืด,0-4,หญิง,1120
อำนาจเจริญ,โรคหอบหืด,10-14,ชาย,1160
อำนาจเจริญ,โรคหอบหืด,10-14,หญิง,656
อำนาจเจริญ,โรคหอบหืด,15-19,ชาย,293
อำนาจเจริญ,โรคหอบหืด,15-19,หญิง,232
อำนาจเจริญ,โรคหอบหืด,20-24,ชาย,160
อำนาจเจริญ,โรคหอบหืด,20-24,หญิง,119
อำนาจเจริญ,โรคหอบหืด,25-29,ชาย,178
อำนาจเจริญ,โรคหอบหืด,25-29,หญิง,329
อำนาจเจริญ,โรคหอบหืด,30-34,ชาย,237
อำนาจเจริญ,โรคหอบหืด,30-34,หญิง,352
อำนาจเจริญ,โรคหอบหืด,35-39,ชาย,224
อำนาจเจริญ,โรคหอบหืด,35-39,หญิง,514
อำนาจเจริญ,โรคหอบหืด,40-44,ชาย,256
อำนาจเจริญ,โรคหอบหืด,40-44,หญิง,625
อำนาจเจริญ,โรคหอบหืด,45-49,ชาย,407
อำนาจเจริญ,โรคหอบหืด,45-49,หญิง,1043
อำนาจเจริญ,โรคหอบหืด,5-9,ชาย,2795
อำนาจเจริญ,โรคหอบหืด,5-9,หญิง,1469
อำนาจเจริญ,โรคหอบหืด,50-54,ชาย,510
อำนาจเจริญ,โรคหอบหืด,50-54,หญิง,1172
อำนาจเจริญ,โรคหอบหืด,55-59,ชาย,621
อำนาจเจริญ,โรคหอบหืด,55-59,หญิง,1575
อำนาจเจริญ,โรคหอบหืด,60-64,ชาย,541
อำนาจเจริญ,โรคหอบหืด,60-64,หญิง,1591
อำนาจเจริญ,โรคหอบหืด,65-69,ชาย,631
อำนาจเจริญ,โรคหอบหืด,65-69,หญิง,1551
อำนาจเจริญ,โรคหอบหืด,70-74,ชาย,507
อำนาจเจริญ,โรคหอบหืด,70-74,หญิง,1102
อำนาจเจริญ,โรคหอบหืด,75-79,ชาย,373
อำนาจเจริญ,โรคหอบหืด,75-79,หญิง,720
อำนาจเจริญ,โรคหอบหืด,80+,ชาย,259
อำนาจเจริญ,โรคหอบหืด,80+,หญิง,922
อำนาจเจริญ,โรคหอบหืด,ไม่ทราบ,ไม่ระบุ,58
อำนาจเจริญ,โรคเยื่อจมูกอักเสบจากภูมิแพ้,0-4,ชาย,257
อำนาจเจริญ,โรคเยื่อจมูกอักเสบจากภูมิแพ้,0-4,หญิง,220
อำนาจเจริญ,โรคเยื่อจมูกอักเสบจากภูมิแพ้,10-14,ชาย,300
อำนาจเจริญ,โรคเยื่อจมูกอักเสบจากภูมิแพ้,10-14,หญิง,274
อำนาจเจริญ,โรคเยื่อจมูกอักเสบจากภูมิแพ้,15-19,ชาย,82
อำนาจเจริญ,โรคเยื่อจมูกอักเสบจากภูมิแพ้,15-19,หญิง,215
อำนาจเจริญ,โรคเยื่อจมูกอักเสบจากภูมิแพ้,20-24,ชาย,108
อำนาจเจริญ,โรคเยื่อจมูกอักเสบจากภูมิแพ้,20-24,หญิง,170
อำนาจเจริญ,โรคเยื่อจมูกอักเสบจากภูมิแพ้,25-29,ชาย,129
อำนาจเจริญ,โรคเยื่อจมูกอักเสบจากภูมิแพ้,25-29,หญิง,268
อำนาจเจริญ,โรคเยื่อจมูกอักเสบจากภูมิแพ้,30-34,ชาย,139
อำนาจเจริญ,โรคเยื่อจมูกอักเสบจากภูมิแพ้,30-34,หญิง,263
อำนาจเจริญ,โรคเยื่อจมูกอักเสบจากภูมิแพ้,35-39,ชาย,155
อำนาจเจริญ,โรคเยื่อจมูกอักเสบจากภูมิแพ้,35-39,หญิง,342
อำนาจเจริญ,โรคเยื่อจมูกอักเสบจากภูมิแพ้,40-44,ชาย,158
อำนาจเจริญ,โรคเยื่อจมูกอักเสบจากภูมิแพ้,40-44,หญิง,276
อำนาจเจริญ,โรคเยื่อจมูกอักเสบจากภูมิแพ้,45-49,ชาย,175
อำนาจเจริญ,โรคเยื่อจมูกอักเสบจากภูมิแพ้,45-49,หญิง,302
อำนาจเจริญ,โรคเยื่อจมูกอักเสบจากภูมิแพ้,5-9,ชาย,562
อำนาจเจริญ,โรคเยื่อจมูกอักเสบจากภูมิแพ้,5-9,หญิง,333
อำนาจเจริญ,โรคเยื่อจมูกอักเสบจากภูมิแพ้,50-54,ชาย,146
อำนาจเจริญ,โรคเยื่อจมูกอักเสบจากภูมิแพ้,50-54,หญิง,378
อำนาจเจริญ,โรคเยื่อจมูกอักเสบจากภูมิแพ้,55-59,ชาย,206
อำนาจเจริญ,โรคเยื่อจมูกอักเสบจากภูมิแพ้,55-59,หญิง,290
อำนาจเจริญ,โรคเยื่อจมูกอักเสบจากภูมิแพ้,60-64,ชาย,185
อำนาจเจริญ,โรคเยื่อจมูกอักเสบจากภูมิแพ้,60-64,หญิง,219
อำนาจเจริญ,โรคเยื่อจมูกอักเสบจากภูมิแพ้,65-69,ชาย,100
อำนาจเจริญ,โรคเยื่อจมูกอักเสบจากภูมิแพ้,65-69,หญิง,200
อำนาจเจริญ,โรคเยื่อจมูกอักเสบจากภูมิแพ้,70-74,ชาย,78
อำนาจเจริญ,โรคเยื่อจมูกอักเสบจากภูมิแพ้,70-74,หญิง,108
อำนาจเจริญ,โรคเยื่อจมูกอักเสบจากภูมิแพ้,75-79,ชาย,56
อำนาจเจริญ,โรคเยื่อจมูกอักเสบจากภูมิแพ้,75-79,หญิง,49
อำนาจเจริญ,โรคเยื่อจมูกอักเสบจากภูมิแพ้,80+,ชาย,29
อำนาจเจริญ,โรคเยื่อจมูกอักเสบจากภูมิแพ้,80+,หญิง,66
อำนาจเจริญ,โรคเยื่อจมูกอักเสบจากภูมิแพ้,ไม่ทราบ,ไม่ระบุ,12
อำนาจเจริญ,โรคเยื่อบุตาอักเสบ,0-4,ชาย,714
อำนาจเจริญ,โรคเยื่อบุตาอักเสบ,0-4,หญิง,532
อำนาจเจริญ,โรคเยื่อบุตาอักเสบ,10-14,ชาย,597
อำนาจเจริญ,โรคเยื่อบุตาอักเสบ,10-14,หญิง,605
อำนาจเจริญ,โรคเยื่อบุตาอักเสบ,15-19,ชาย,495
อำนาจเจริญ,โรคเยื่อบุตาอักเสบ,15-19,หญิง,748
อำนาจเจริญ,โรคเยื่อบุตาอักเสบ,20-24,ชาย,368
อำนาจเจริญ,โรคเยื่อบุตาอักเสบ,20-24,หญิง,372
อำนาจเจริญ,โรคเยื่อบุตาอักเสบ,25-29,ชาย,469
อำนาจเจริญ,โรคเยื่อบุตาอักเสบ,25-29,หญิง,530
อำนาจเจริญ,โรคเยื่อบุตาอักเสบ,30-34,ชาย,568
อำนาจเจริญ,โรคเยื่อบุตาอักเสบ,30-34,หญิง,596
อำนาจเจริญ,โรคเยื่อบุตาอักเสบ,35-39,ชาย,582
อำนาจเจริญ,โรคเยื่อบุตาอักเสบ,35-39,หญิง,685
อำนาจเจริญ,โรคเยื่อบุตาอักเสบ,40-44,ชาย,721
อำนาจเจริญ,โรคเยื่อบุตาอักเสบ,40-44,หญิง,860
อำนาจเจริญ,โรคเยื่อบุตาอักเสบ,45-49,ชาย,782
อำนาจเจริญ,โรคเยื่อบุตาอักเสบ,45-49,หญิง,1186
อำนาจเจริญ,โรคเยื่อบุตาอักเสบ,5-9,ชาย,705
อำนาจเจริญ,โรคเยื่อบุตาอักเสบ,5-9,หญิง,554
อำนาจเจริญ,โรคเยื่อบุตาอักเสบ,50-54,ชาย,891
อำนาจเจริญ,โรคเยื่อบุตาอักเสบ,50-54,หญิง,1623
อำนาจเจริญ,โรคเยื่อบุตาอักเสบ,55-59,ชาย,1046
อำนาจเจริญ,โรคเยื่อบุตาอักเสบ,55-59,หญิง,1605
อำนาจเจริญ,โรคเยื่อบุตาอักเสบ,60-64,ชาย,940
อำนาจเจริญ,โรคเยื่อบุตาอักเสบ,60-64,หญิง,1346
อำนาจเจริญ,โรคเยื่อบุตาอักเสบ,65-69,ชาย,769
อำนาจเจริญ,โรคเยื่อบุตาอักเสบ,65-69,หญิง,1060
อำนาจเจริญ,โรคเยื่อบุตาอักเสบ,70-74,ชาย,566
อำนาจเจริญ,โรคเยื่อบุตาอักเสบ,70-74,หญิง,805
อำนาจเจริญ,โรคเยื่อบุตาอักเสบ,75-79,ชาย,391
อำนาจเจริญ,โรคเยื่อบุตาอักเสบ,75-79,หญิง,544
อำนาจเจริญ,โรคเยื่อบุตาอักเสบ,80+,ชาย,397
อำนาจเจริญ,โรคเยื่อบุตาอักเสบ,80+,หญิง,632
อำนาจเจริญ,โรคเยื่อบุตาอักเสบ,ไม่ทราบ,ชาย,2
อำนาจเจริญ,โรคเยื่อบุตาอักเสบ,ไม่ทราบ,ไม่ระบุ,278
อุดรธานี,โรคติดเชื้อทางเดินหายใจส่วนบนเฉียบพลัน,0-4,ชาย,145762
อุดรธานี,โรคติดเชื้อทางเดินหายใจส่วนบนเฉียบพลัน,0-4,หญิง,130024
อุดรธานี,โรคติดเชื้อทางเดินหายใจส่วนบนเฉียบพลัน,0-4,ไม่ระบุ,245
อุดรธานี,โรคติดเชื้อทางเดินหายใจส่วนบนเฉียบพลัน,10-14,ชาย,60717
อุดรธานี,โรคติดเชื้อทางเดินหายใจส่วนบนเฉียบพลัน,10-14,หญิง,55749
อุดรธานี,โรคติดเชื้อทางเดินหายใจส่วนบนเฉียบพลัน,15-19,ชาย,29391
อุดรธานี,โรคติดเชื้อทางเดินหายใจส่วนบนเฉียบพลัน,15-19,หญิง,38877
อุดรธานี,โรคติดเชื้อทางเดินหายใจส่วนบนเฉียบพลัน,20-24,ชาย,24416
อุดรธานี,โรคติดเชื้อทางเดินหายใจส่วนบนเฉียบพลัน,20-24,หญิง,35568
อุดรธานี,โรคติดเชื้อทางเดินหายใจส่วนบนเฉียบพลัน,20-24,ไม่ระบุ,1
อุดรธานี,โรคติดเชื้อทางเดินหายใจส่วนบนเฉียบพลัน,25-29,ชาย,23827
อุดรธานี,โรคติดเชื้อทางเดินหายใจส่วนบนเฉียบพลัน,25-29,หญิง,40768
อุดรธานี,โรคติดเชื้อทางเดินหายใจส่วนบนเฉียบพลัน,30-34,ชาย,21631
อุดรธานี,โรคติดเชื้อทางเดินหายใจส่วนบนเฉียบพลัน,30-34,หญิง,39487
อุดรธานี,โรคติดเชื้อทางเดินหายใจส่วนบนเฉียบพลัน,35-39,ชาย,20021
อุดรธานี,โรคติดเชื้อทางเดินหายใจส่วนบนเฉียบพลัน,35-39,หญิง,37270
อุดรธานี,โรคติดเชื้อทางเดินหายใจส่วนบนเฉียบพลัน,40-44,ชาย,21410
อุดรธานี,โรคติดเชื้อทางเดินหายใจส่วนบนเฉียบพลัน,40-44,หญิง,40347
อุดรธานี,โรคติดเชื้อทางเดินหายใจส่วนบนเฉียบพลัน,45-49,ชาย,22535
อุดรธานี,โรคติดเชื้อทางเดินหายใจส่วนบนเฉียบพลัน,45-49,หญิง,47547
อุดรธานี,โรคติดเชื้อทางเดินหายใจส่วนบนเฉียบพลัน,5-9,ชาย,117705
อุดรธานี,โรคติดเชื้อทางเดินหายใจส่วนบนเฉียบพลัน,5-9,หญิง,107788
อุดรธานี,โรคติดเชื้อทางเดินหายใจส่วนบนเฉียบพลัน,5-9,ไม่ระบุ,1
อุดรธานี,โรคติดเชื้อทางเดินหายใจส่วนบนเฉียบพลัน,50-54,ชาย,24371
อุดรธานี,โรคติดเชื้อทางเดินหายใจส่วนบนเฉียบพลัน,50-54,หญิง,53508
อุดรธานี,โรคติดเชื้อทางเดินหายใจส่วนบนเฉียบพลัน,55-59,ชาย,24066
อุดรธานี,โรคติดเชื้อทางเดินหายใจส่วนบนเฉียบพลัน,55-59,หญิง,51655
อุดรธานี,โรคติดเชื้อทางเดินหายใจส่วนบนเฉียบพลัน,60-64,ชาย,21807
อุดรธานี,โรคติดเชื้อทางเดินหายใจส่วนบนเฉียบพลัน,60-64,หญิง,40755
อุดรธานี,โรคติดเชื้อทางเดินหายใจส่วนบนเฉียบพลัน,65-69,ชาย,18824
อุดรธานี,โรคติดเชื้อทางเดินหายใจส่วนบนเฉียบพลัน,65-69,หญิง,31208
อุดรธานี,โรคติดเชื้อทางเดินหายใจส่วนบนเฉียบพลัน,70-74,ชาย,14905
อุดรธานี,โรคติดเชื้อทางเดินหายใจส่วนบนเฉียบพลัน,70-74,หญิง,20835
อุดรธานี,โรคติดเชื้อทางเดินหายใจส่วนบนเฉียบพลัน,75-79,ชาย,9439
อุดรธานี,โรคติดเชื้อทางเดินหายใจส่วนบนเฉียบพลัน,75-79,หญิง,12738
อุดรธานี,โรคติดเชื้อทางเดินหายใจส่วนบนเฉียบพลัน,80+,ชาย,7494
อุดรธานี,โรคติดเชื้อทางเดินหายใจส่วนบนเฉียบพลัน,80+,หญิง,10480
อุดรธานี,โรคติดเชื้อทางเดินหายใจส่วนบนเฉียบพลัน,ไม่ทราบ,ชาย,37
อุดรธานี,โรคติดเชื้อทางเดินหายใจส่วนบนเฉียบพลัน,ไม่ทราบ,หญิง,45
อุดรธานี,โรคติดเชื้อทางเดินหายใจส่วนบนเฉียบพลัน,ไม่ทราบ,ไม่ระบุ,3169
อุดรธานี,โรคปอดอุดกั้นเรื้อรัง,0-4,ชาย,136
อุดรธานี,โรคปอดอุดกั้นเรื้อรัง,0-4,หญิง,79
อุดรธานี,โรคปอดอุดกั้นเรื้อรัง,10-14,ชาย,14
อุดรธานี,โรคปอดอุดกั้นเรื้อรัง,10-14,หญิง,10
อุดรธานี,โรคปอดอุดกั้นเรื้อรัง,15-19,ชาย,28
อุดรธานี,โรคปอดอุดกั้นเรื้อรัง,15-19,หญิง,16
อุดรธานี,โรคปอดอุดกั้นเรื้อรัง,20-24,ชาย,17
อุดรธานี,โรคปอดอุดกั้นเรื้อรัง,20-24,หญิง,7
อุดรธานี,โรคปอดอุดกั้นเรื้อรัง,25-29,ชาย,45
อุดรธานี,โรคปอดอุดกั้นเรื้อรัง,25-29,หญิง,28
อุดรธานี,โรคปอดอุดกั้นเรื้อรัง,30-34,ชาย,172
อุดรธานี,โรคปอดอุดกั้นเรื้อรัง,30-34,หญิง,42
อุดรธานี,โรคปอดอุดกั้นเรื้อรัง,35-39,ชาย,371
อุดรธานี,โรคปอดอุดกั้นเรื้อรัง,35-39,หญิง,82
อุดรธานี,โรคปอดอุดกั้นเรื้อรัง,40-44,ชาย,879
อุดรธานี,โรคปอดอุดกั้นเรื้อรัง,40-44,หญิง,237
อุดรธานี,โรคปอดอุดกั้นเรื้อรัง,45-49,ชาย,1886
อุดรธานี,โรคปอดอุดกั้นเรื้อรัง,45-49,หญิง,524
อุดรธานี,โรคปอดอุดกั้นเรื้อรัง,5-9,ชาย,40
อุดรธานี,โรคปอดอุดกั้นเรื้อรัง,5-9,หญิง,17
อุดรธานี,โรคปอดอุดกั้นเรื้อรัง,50-54,ชาย,3493
อุดรธานี,โรคปอดอุดกั้นเรื้อรัง,50-54,หญิง,867
อุดรธานี,โรคปอดอุดกั้นเรื้อรัง,55-59,ชาย,5541
อุดรธานี,โรคปอดอุดกั้นเรื้อรัง,55-59,หญิง,1198
อุดรธานี,โรคปอดอุดกั้นเรื้อรัง,60-64,ชาย,7783
อุดรธานี,โรคปอดอุดกั้นเรื้อรัง,60-64,หญิง,1966
อุดรธานี,โรคปอดอุดกั้นเรื้อรัง,65-69,ชาย,11046
อุดรธานี,โรคปอดอุดกั้นเรื้อรัง,65-69,หญิง,2458
อุดรธานี,โรคปอดอุดกั้นเรื้อรัง,70-74,ชาย,11971
อุดรธานี,โรคปอดอุดกั้นเรื้อรัง,70-74,หญิง,2709
อุดรธานี,โรคปอดอุดกั้นเรื้อรัง,75-79,ชาย,9802
อุดรธานี,โรคปอดอุดกั้นเรื้อรัง,75-79,หญิง,2211
อุดรธานี,โรคปอดอุดกั้นเรื้อรัง,80+,ชาย,10996
อุดรธานี,โรคปอดอุดกั้นเรื้อรัง,80+,หญิง,3164
อุดรธานี,โรคปอดอุดกั้นเรื้อรัง,ไม่ทราบ,ไม่ระบุ,269
อุดรธานี,โรคผิวหนังอักเสบ,0-4,ชาย,1964
อุดรธานี,โรคผิวหนังอักเสบ,0-4,หญิง,1749
อุดรธานี,โรคผิวหนังอักเสบ,0-4,ไม่ระบุ,11
อุดรธานี,โรคผิวหนังอักเสบ,10-14,ชาย,1078
อุดรธานี,โรคผิวหนังอักเสบ,10-14,หญิง,1117
อุดรธานี,โรคผิวหนังอักเสบ,15-19,ชาย,679
อุดรธานี,โรคผิวหนังอักเสบ,15-19,หญิง,988
อุดรธานี,โรคผิวหนังอักเสบ,20-24,ชาย,720
อุดรธานี,โรคผิวหนังอักเสบ,20-24,หญิง,927
อุดรธานี,โรคผิวหนังอักเสบ,25-29,ชาย,879
อุดรธานี,โรคผิวหนังอักเสบ,25-29,หญิง,1143
อุดรธานี,โรคผิวหนังอักเสบ,30-34,ชาย,812
อุดรธานี,โรคผิวหนังอักเสบ,30-34,หญิง,1091
อุดรธานี,โรคผิวหนังอักเสบ,35-39,ชาย,862
อุดรธานี,โรคผิวหนังอักเสบ,35-39,หญิง,1141
อุดรธานี,โรคผิวหนังอักเสบ,40-44,ชาย,1045
อุดรธานี,โรคผิวหนังอักเสบ,40-44,หญิง,1355
อุดรธานี,โรคผิวหนังอักเสบ,45-49,ชาย,1168
อุดรธานี,โรคผิวหนังอักเสบ,45-49,หญิง,1811
อุดรธานี,โรคผิวหนังอักเสบ,5-9,ชาย,1545
อุดรธานี,โรคผิวหนังอักเสบ,5-9,หญิง,1312
อุดรธานี,โรคผิวหนังอักเสบ,50-54,ชาย,1345
อุดรธานี,โรคผิวหนังอักเสบ,50-54,หญิง,2270
อุดรธานี,โรคผิวหนังอักเสบ,55-59,ชาย,1520
อุดรธานี,โรคผิวหนังอักเสบ,55-59,หญิง,2241
อุดรธานี,โรคผิวหนังอักเสบ,60-64,ชาย,1633
อุดรธานี,โรคผิวหนังอักเสบ,60-64,หญิง,2068
อุดรธานี,โรคผิวหนังอักเสบ,65-69,ชาย,1622
อุดรธานี,โรคผิวหนังอักเสบ,65-69,หญิง,1579
อุดรธานี,โรคผิวหนังอักเสบ,70-74,ชาย,1351
อุดรธานี,โรคผิวหนังอักเสบ,70-74,หญิง,1210
อุดรธานี,โรคผิวหนังอักเสบ,75-79,ชาย,930
อุดรธานี,โรคผิวหนังอักเสบ,75-79,หญิง,795
อุดรธานี,โรคผิวหนังอักเสบ,80+,ชาย,837
อุดรธานี,โรคผิวหนังอักเสบ,80+,หญิง,829
อุดรธานี,โรคผิวหนังอักเสบ,ไม่ทราบ,ชาย,2
อุดรธานี,โรคผิวหนังอักเสบ,ไม่ทราบ,ไม่ระบุ,168
อุดรธานี,โรคลมพิษ,0-4,ชาย,3040
อุดรธานี,โรคลมพิษ,0-4,หญิง,2594
อุดรธานี,โรคลมพิษ,0-4,ไม่ระบุ,8
อุดรธานี,โรคลมพิษ,10-14,ชาย,2095
อุดรธานี,โรคลมพิษ,10-14,หญิง,2007
อุดรธานี,โรคลมพิษ,15-19,ชาย,1340
อุดรธานี,โรคลมพิษ,15-19,หญิง,2298
อุดรธานี,โรคลมพิษ,20-24,ชาย,1061
อุดรธานี,โรคลมพิษ,20-24,หญิง,1976
อุดรธานี,โรคลมพิษ,25-29,ชาย,1027
อุดรธานี,โรคลมพิษ,25-29,หญิง,2198
อุดรธานี,โรคลมพิษ,30-34,ชาย,980
อุดรธานี,โรคลมพิษ,30-34,หญิง,2171
อุดรธานี,โรคลมพิษ,35-39,ชาย,978
อุดรธานี,โรคลมพิษ,35-39,หญิง,2165
อุดรธานี,โรคลมพิษ,40-44,ชาย,986
อุดรธานี,โรคลมพิษ,40-44,หญิง,2485
อุดรธานี,โรคลมพิษ,45-49,ชาย,1263
อุดรธานี,โรคลมพิษ,45-49,หญิง,3128
อุดรธานี,โรคลมพิษ,5-9,ชาย,2530
อุดรธานี,โรคลมพิษ,5-9,หญิง,2171
อุดรธานี,โรคลมพิษ,50-54,ชาย,1328
อุดรธานี,โรคลมพิษ,50-54,หญิง,3187
อุดรธานี,โรคลมพิษ,55-59,ชาย,1356
อุดรธานี,โรคลมพิษ,55-59,หญิง,2926
อุดรธานี,โรคลมพิษ,60-64,ชาย,1284
อุดรธานี,โรคลมพิษ,60-64,หญิง,2335
อุดรธานี,โรคลมพิษ,65-69,ชาย,1244
อุดรธานี,โรคลมพิษ,65-69,หญิง,1732
อุดรธานี,โรคลมพิษ,70-74,ชาย,921
อุดรธานี,โรคลมพิษ,70-74,หญิง,1287
อุดรธานี,โรคลมพิษ,75-79,ชาย,603
อุดรธานี,โรคลมพิษ,75-79,หญิง,740
อุดรธานี,โรคลมพิษ,80+,ชาย,552
อุดรธานี,โรคลมพิษ,80+,หญิง,661
อุดรธานี,โรคลมพิษ,ไม่ทราบ,ไม่ระบุ,221
อุดรธานี,โรคหอบหืด,0-4,ชาย,5751
อุดรธานี,โรคหอบหืด,0-4,หญิง,3156
อุดรธานี,โรคหอบหืด,0-4,ไม่ระบุ,2
อุดรธานี,โรคหอบหืด,10-14,ชาย,4691
อุดรธานี,โรคหอบหืด,10-14,หญิง,2223
อุดรธานี,โรคหอบหืด,15-19,ชาย,1062
อุดรธานี,โรคหอบหืด,15-19,หญิง,775
อุดรธานี,โรคหอบหืด,20-24,ชาย,699
อุดรธานี,โรคหอบหืด,20-24,หญิง,524
อุดรธานี,โรคหอบหืด,25-29,ชาย,473
อุดรธานี,โรคหอบหืด,25-29,หญิง,859
อุดรธานี,โรคหอบหืด,30-34,ชาย,646
อุดรธานี,โรคหอบหืด,30-34,หญิง,1251
อุดรธานี,โรคหอบหืด,35-39,ชาย,761
อุดรธานี,โรคหอบหืด,35-39,หญิง,1636
อุดรธานี,โรคหอบหืด,40-44,ชาย,1042
อุดรธานี,โรคหอบหืด,40-44,หญิง,2290
อุดรธานี,โรคหอบหืด,45-49,ชาย,1294
อุดรธานี,โรคหอบหืด,45-49,หญิง,3959
อุดรธานี,โรคหอบหืด,5-9,ชาย,10012
อุดรธานี,โรคหอบหืด,5-9,หญิง,5732
อุดรธานี,โรคหอบหืด,50-54,ชาย,1648
อุดรธานี,โรคหอบหืด,50-54,หญิง,5145
อุดรธานี,โรคหอบหืด,55-59,ชาย,1857
อุดรธานี,โรคหอบหืด,55-59,หญิง,6032
อุดรธานี,โรคหอบหืด,60-64,ชาย,1757
อุดรธานี,โรคหอบหืด,60-64,หญิง,5897
อุดรธานี,โรคหอบหืด,65-69,ชาย,1844
อุดรธานี,โรคหอบหืด,65-69,หญิง,5965
อุดรธานี,โรคหอบหืด,70-74,ชาย,1315
อุดรธานี,โรคหอบหืด,70-74,หญิง,5093
อุดรธานี,โรคหอบหืด,75-79,ชาย,672
อุดรธานี,โรคหอบหืด,75-79,หญิง,3102
อุดรธานี,โรคหอบหืด,80+,ชาย,584
อุดรธานี,โรคหอบหืด,80+,หญิง,2686
อุดรธานี,โรคหอบหืด,ไม่ทราบ,ไม่ระบุ,223
อุดรธานี,โรคเยื่อจมูกอักเสบจากภูมิแพ้,0-4,ชาย,1958
อุดรธานี,โรคเยื่อจมูกอักเสบจากภูมิแพ้,0-4,หญิง,1534
อุดรธานี,โรคเยื่อจมูกอักเสบจากภูมิแพ้,0-4,ไม่ระบุ,5
อุดรธานี,โรคเยื่อจมูกอักเสบจากภูมิแพ้,10-14,ชาย,2313
อุดรธานี,โรคเยื่อจมูกอักเสบจากภูมิแพ้,10-14,หญิง,1448
อุดรธานี,โรคเยื่อจมูกอักเสบจากภูมิแพ้,15-19,ชาย,592
อุดรธานี,โรคเยื่อจมูกอักเสบจากภูมิแพ้,15-19,หญิง,703
อุดรธานี,โรคเยื่อจมูกอักเสบจากภูมิแพ้,20-24,ชาย,505
อุดรธานี,โรคเยื่อจมูกอักเสบจากภูมิแพ้,20-24,หญิง,748
อุดรธานี,โรคเยื่อจมูกอักเสบจากภูมิแพ้,25-29,ชาย,704
อุดรธานี,โรคเยื่อจมูกอักเสบจากภูมิแพ้,25-29,หญิง,1194
อุดรธานี,โรคเยื่อจมูกอักเสบจากภูมิแพ้,30-34,ชาย,592
อุดรธานี,โรคเยื่อจมูกอักเสบจากภูมิแพ้,30-34,หญิง,1324
อุดรธานี,โรคเยื่อจมูกอักเสบจากภูมิแพ้,35-39,ชาย,487
อุดรธานี,โรคเยื่อจมูกอักเสบจากภูมิแพ้,35-39,หญิง,1229
อุดรธานี,โรคเยื่อจมูกอักเสบจากภูมิแพ้,40-44,ชาย,462
อุดรธานี,โรคเยื่อจมูกอักเสบจากภูมิแพ้,40-44,หญิง,1273
อุดรธานี,โรคเยื่อจมูกอักเสบจากภูมิแพ้,45-49,ชาย,487
อุดรธานี,โรคเยื่อจมูกอักเสบจากภูมิแพ้,45-49,หญิง,1416
อุดรธานี,โรคเยื่อจมูกอักเสบจากภูมิแพ้,5-9,ชาย,4009
อุดรธานี,โรคเยื่อจมูกอักเสบจากภูมิแพ้,5-9,หญิง,2590
อุดรธานี,โรคเยื่อจมูกอักเสบจากภูมิแพ้,50-54,ชาย,535
อุดรธานี,โรคเยื่อจมูกอักเสบจากภูมิแพ้,50-54,หญิง,1574
อุดรธานี,โรคเยื่อจมูกอักเสบจากภูมิแพ้,55-59,ชาย,642
อุดรธานี,โรคเยื่อจมูกอักเสบจากภูมิแพ้,55-59,หญิง,1545
อุดรธานี,โรคเยื่อจมูกอักเสบจากภูมิแพ้,60-64,ชาย,816
อุดรธานี,โรคเยื่อจมูกอักเสบจากภูมิแพ้,60-64,หญิง,1290
อุดรธานี,โรคเยื่อจมูกอักเสบจากภูมิแพ้,65-69,ชาย,671
อุดรธานี,โรคเยื่อจมูกอักเสบจากภูมิแพ้,65-69,หญิง,965
อุดรธานี,โรคเยื่อจมูกอักเสบจากภูมิแพ้,70-74,ชาย,465
อุดรธานี,โรคเยื่อจมูกอักเสบจากภูมิแพ้,70-74,หญิง,652
อุดรธานี,โรคเยื่อจมูกอักเสบจากภูมิแพ้,75-79,ชาย,283
อุดรธานี,โรคเยื่อจมูกอักเสบจากภูมิแพ้,75-79,หญิง,320
อุดรธานี,โรคเยื่อจมูกอักเสบจากภูมิแพ้,80+,ชาย,204
อุดรธานี,โรคเยื่อจมูกอักเสบจากภูมิแพ้,80+,หญิง,213
อุดรธานี,โรคเยื่อจมูกอักเสบจากภูมิแพ้,ไม่ทราบ,ไม่ระบุ,63
อุดรธานี,โรคเยื่อบุตาอักเสบ,0-4,ชาย,3100
อุดรธานี,โรคเยื่อบุตาอักเสบ,0-4,หญิง,2579
อุดรธานี,โรคเยื่อบุตาอักเสบ,0-4,ไม่ระบุ,10
อุดรธานี,โรคเยื่อบุตาอักเสบ,10-14,ชาย,2388
อุดรธานี,โรคเยื่อบุตาอักเสบ,10-14,หญิง,2260
อุดรธานี,โรคเยื่อบุตาอักเสบ,15-19,ชาย,2187
อุดรธานี,โรคเยื่อบุตาอักเสบ,15-19,หญิง,3034
อุดรธานี,โรคเยื่อบุตาอักเสบ,15-19,ไม่ระบุ,1
อุดรธานี,โรคเยื่อบุตาอักเสบ,20-24,ชาย,1984
อุดรธานี,โรคเยื่อบุตาอักเสบ,20-24,หญิง,2122
อุดรธานี,โรคเยื่อบุตาอักเสบ,25-29,ชาย,2218
อุดรธานี,โรคเยื่อบุตาอักเสบ,25-29,หญิง,2654
อุดรธานี,โรคเยื่อบุตาอักเสบ,30-34,ชาย,2207
อุดรธานี,โรคเยื่อบุตาอักเสบ,30-34,หญิง,2650
อุดรธานี,โรคเยื่อบุตาอักเสบ,35-39,ชาย,2370
อุดรธานี,โรคเยื่อบุตาอักเสบ,35-39,หญิง,2645
อุดรธานี,โรคเยื่อบุตาอักเสบ,40-44,ชาย,2845
อุดรธานี,โรคเยื่อบุตาอักเสบ,40-44,หญิง,3295
อุดรธานี,โรคเยื่อบุตาอักเสบ,45-49,ชาย,3265
อุดรธานี,โรคเยื่อบุตาอักเสบ,45-49,หญิง,4496
อุดรธานี,โรคเยื่อบุตาอักเสบ,5-9,ชาย,3209
อุดรธานี,โรคเยื่อบุตาอักเสบ,5-9,หญิง,2091
อุดรธานี,โรคเยื่อบุตาอักเสบ,50-54,ชาย,3548
อุดรธานี,โรคเยื่อบุตาอักเสบ,50-54,หญิง,5571
อุดรธานี,โรคเยื่อบุตาอักเสบ,55-59,ชาย,3706
อุดรธานี,โรคเยื่อบุตาอักเสบ,55-59,หญิง,6241
อุดรธานี,โรคเยื่อบุตาอักเสบ,60-64,ชาย,3402
อุดรธานี,โรคเยื่อบุตาอักเสบ,60-64,หญิง,5186
อุดรธานี,โรคเยื่อบุตาอักเสบ,65-69,ชาย,2848
อุดรธานี,โรคเยื่อบุตาอักเสบ,65-69,หญิง,4266
อุดรธานี,โรคเยื่อบุตาอักเสบ,70-74,ชาย,2197
อุดรธานี,โรคเยื่อบุตาอักเสบ,70-74,หญิง,3008
อุดรธานี,โรคเยื่อบุตาอักเสบ,75-79,ชาย,1413
อุดรธานี,โรคเยื่อบุตาอักเสบ,75-79,หญิง,1874
อุดรธานี,โรคเยื่อบุตาอักเสบ,80+,ชาย,1111
อุดรธานี,โรคเยื่อบุตาอักเสบ,80+,หญิง,1683
อุดรธานี,โรคเยื่อบุตาอักเสบ,ไม่ทราบ,ชาย,2
อุดรธานี,โรคเยื่อบุตาอักเสบ,ไม่ทราบ,หญิง,4
อุดรธานี,โรคเยื่อบุตาอักเสบ,ไม่ทราบ,ไม่ระบุ,382
อุตรดิตถ์,โรคติดเชื้อทางเดินหายใจส่วนบนเฉียบพลัน,0-4,ชาย,21455
อุตรดิตถ์,โรคติดเชื้อทางเดินหายใจส่วนบนเฉียบพลัน,0-4,หญิง,19667
อุตรดิตถ์,โรคติดเชื้อทางเดินหายใจส่วนบนเฉียบพลัน,10-14,ชาย,10596
อุตรดิตถ์,โรคติดเชื้อทางเดินหายใจส่วนบนเฉียบพลัน,10-14,หญิง,9019
อุตรดิตถ์,โรคติดเชื้อทางเดินหายใจส่วนบนเฉียบพลัน,15-19,ชาย,5578
อุตรดิตถ์,โรคติดเชื้อทางเดินหายใจส่วนบนเฉียบพลัน,15-19,หญิง,6340
อุตรดิตถ์,โรคติดเชื้อทางเดินหายใจส่วนบนเฉียบพลัน,20-24,ชาย,4915
อุตรดิตถ์,โรคติดเชื้อทางเดินหายใจส่วนบนเฉียบพลัน,20-24,หญิง,5136
อุตรดิตถ์,โรคติดเชื้อทางเดินหายใจส่วนบนเฉียบพลัน,25-29,ชาย,3955
อุตรดิตถ์,โรคติดเชื้อทางเดินหายใจส่วนบนเฉียบพลัน,25-29,หญิง,6268
อุตรดิตถ์,โรคติดเชื้อทางเดินหายใจส่วนบนเฉียบพลัน,30-34,ชาย,3390
อุตรดิตถ์,โรคติดเชื้อทางเดินหายใจส่วนบนเฉียบพลัน,30-34,หญิง,6102
อุตรดิตถ์,โรคติดเชื้อทางเดินหายใจส่วนบนเฉียบพลัน,35-39,ชาย,3119
อุตรดิตถ์,โรคติดเชื้อทางเดินหายใจส่วนบนเฉียบพลัน,35-39,หญิง,5861
อุตรดิตถ์,โรคติดเชื้อทางเดินหายใจส่วนบนเฉียบพลัน,40-44,ชาย,3488
อุตรดิตถ์,โรคติดเชื้อทางเดินหายใจส่วนบนเฉียบพลัน,40-44,หญิง,6821
อุตรดิตถ์,โรคติดเชื้อทางเดินหายใจส่วนบนเฉียบพลัน,45-49,ชาย,4000
อุตรดิตถ์,โรคติดเชื้อทางเดินหายใจส่วนบนเฉียบพลัน,45-49,หญิง,8297
อุตรดิตถ์,โรคติดเชื้อทางเดินหายใจส่วนบนเฉียบพลัน,5-9,ชาย,16646
อุตรดิตถ์,โรคติดเชื้อทางเดินหายใจส่วนบนเฉียบพลัน,5-9,หญิง,15764
อุตรดิตถ์,โรคติดเชื้อทางเดินหายใจส่วนบนเฉียบพลัน,50-54,ชาย,4177
อุตรดิตถ์,โรคติดเชื้อทางเดินหายใจส่วนบนเฉียบพลัน,50-54,หญิง,9192
อุตรดิตถ์,โรคติดเชื้อทางเดินหายใจส่วนบนเฉียบพลัน,55-59,ชาย,4522
อุตรดิตถ์,โรคติดเชื้อทางเดินหายใจส่วนบนเฉียบพลัน,55-59,หญิง,9526
อุตรดิตถ์,โรคติดเชื้อทางเดินหายใจส่วนบนเฉียบพลัน,60-64,ชาย,4755
อุตรดิตถ์,โรคติดเชื้อทางเดินหายใจส่วนบนเฉียบพลัน,60-64,หญิง,8403
อุตรดิตถ์,โรคติดเชื้อทางเดินหายใจส่วนบนเฉียบพลัน,65-69,ชาย,4774
อุตรดิตถ์,โรคติดเชื้อทางเดินหายใจส่วนบนเฉียบพลัน,65-69,หญิง,7077
อุตรดิตถ์,โรคติดเชื้อทางเดินหายใจส่วนบนเฉียบพลัน,70-74,ชาย,4206
อุตรดิตถ์,โรคติดเชื้อทางเดินหายใจส่วนบนเฉียบพลัน,70-74,หญิง,4707
อุตรดิตถ์,โรคติดเชื้อทางเดินหายใจส่วนบนเฉียบพลัน,75-79,ชาย,2658
อุตรดิตถ์,โรคติดเชื้อทางเดินหายใจส่วนบนเฉียบพลัน,75-79,หญิง,2710
อุตรดิตถ์,โรคติดเชื้อทางเดินหายใจส่วนบนเฉียบพลัน,80+,ชาย,2303
อุตรดิตถ์,โรคติดเชื้อทางเดินหายใจส่วนบนเฉียบพลัน,80+,หญิง,2849
อุตรดิตถ์,โรคติดเชื้อทางเดินหายใจส่วนบนเฉียบพลัน,80+,ไม่ระบุ,1
อุตรดิตถ์,โรคติดเชื้อทางเดินหายใจส่วนบนเฉียบพลัน,ไม่ทราบ,ชาย,6
อุตรดิตถ์,โรคติดเชื้อทางเดินหายใจส่วนบนเฉียบพลัน,ไม่ทราบ,หญิง,8
อุตรดิตถ์,โรคติดเชื้อทางเดินหายใจส่วนบนเฉียบพลัน,ไม่ทราบ,ไม่ระบุ,340
อุตรดิตถ์,โรคปอดอุดกั้นเรื้อรัง,0-4,ชาย,33
อุตรดิตถ์,โรคปอดอุดกั้นเรื้อรัง,0-4,หญิง,14
อุตรดิตถ์,โรคปอดอุดกั้นเรื้อรัง,10-14,ชาย,6
อุตรดิตถ์,โรคปอดอุดกั้นเรื้อรัง,10-14,หญิง,3
อุตรดิตถ์,โรคปอดอุดกั้นเรื้อรัง,15-19,ชาย,15
อุตรดิตถ์,โรคปอดอุดกั้นเรื้อรัง,15-19,หญิง,1
อุตรดิตถ์,โรคปอดอุดกั้นเรื้อรัง,20-24,หญิง,15
อุตรดิตถ์,โรคปอดอุดกั้นเรื้อรัง,25-29,ชาย,5
อุตรดิตถ์,โรคปอดอุดกั้นเรื้อรัง,25-29,หญิง,8
อุตรดิตถ์,โรคปอดอุดกั้นเรื้อรัง,30-34,ชาย,28
อุตรดิตถ์,โรคปอดอุดกั้นเรื้อรัง,30-34,หญิง,10
อุตรดิตถ์,โรคปอดอุดกั้นเรื้อรัง,35-39,ชาย,39
อุตรดิตถ์,โรคปอดอุดกั้นเรื้อรัง,35-39,หญิง,17
อุตรดิตถ์,โรคปอดอุดกั้นเรื้อรัง,40-44,ชาย,112
อุตรดิตถ์,โรคปอดอุดกั้นเรื้อรัง,40-44,หญิง,22
อุตรดิตถ์,โรคปอดอุดกั้นเรื้อรัง,45-49,ชาย,271
อุตรดิตถ์,โรคปอดอุดกั้นเรื้อรัง,45-49,หญิง,55
อุตรดิตถ์,โรคปอดอุดกั้นเรื้อรัง,5-9,ชาย,8
อุตรดิตถ์,โรคปอดอุดกั้นเรื้อรัง,5-9,หญิง,8
อุตรดิตถ์,โรคปอดอุดกั้นเรื้อรัง,50-54,ชาย,630
อุตรดิตถ์,โรคปอดอุดกั้นเรื้อรัง,50-54,หญิง,179
อุตรดิตถ์,โรคปอดอุดกั้นเรื้อรัง,55-59,ชาย,1197
อุตรดิตถ์,โรคปอดอุดกั้นเรื้อรัง,55-59,หญิง,265
อุตรดิตถ์,โรคปอดอุดกั้นเรื้อรัง,60-64,ชาย,1993
อุตรดิตถ์,โรคปอดอุดกั้นเรื้อรัง,60-64,หญิง,464
อุตรดิตถ์,โรคปอดอุดกั้นเรื้อรัง,65-69,ชาย,3286
อุตรดิตถ์,โรคปอดอุดกั้นเรื้อรัง,65-69,หญิง,1011
อุตรดิตถ์,โรคปอดอุดกั้นเรื้อรัง,70-74,ชาย,3812
อุตรดิตถ์,โรคปอดอุดกั้นเรื้อรัง,70-74,หญิง,1202
อุตรดิตถ์,โรคปอดอุดกั้นเรื้อรัง,75-79,ชาย,2832
อุตรดิตถ์,โรคปอดอุดกั้นเรื้อรัง,75-79,หญิง,1186
อุตรดิตถ์,โรคปอดอุดกั้นเรื้อรัง,80+,ชาย,4436
อุตรดิตถ์,โรคปอดอุดกั้นเรื้อรัง,80+,หญิง,1739
อุตรดิตถ์,โรคปอดอุดกั้นเรื้อรัง,ไม่ทราบ,ไม่ระบุ,110
อุตรดิตถ์,โรคผิวหนังอักเสบ,0-4,ชาย,481
อุตรดิตถ์,โรคผิวหนังอักเสบ,0-4,หญิง,433
อุตรดิตถ์,โรคผิวหนังอักเสบ,10-14,ชาย,330
อุตรดิตถ์,โรคผิวหนังอักเสบ,10-14,หญิง,302
อุตรดิตถ์,โรคผิวหนังอักเสบ,15-19,ชาย,321
อุตรดิตถ์,โรคผิวหนังอักเสบ,15-19,หญิง,418
อุตรดิตถ์,โรคผิวหนังอักเสบ,20-24,ชาย,295
อุตรดิตถ์,โรคผิวหนังอักเสบ,20-24,หญิง,393
อุตรดิตถ์,โรคผิวหนังอักเสบ,25-29,ชาย,239
อุตรดิตถ์,โรคผิวหนังอักเสบ,25-29,หญิง,437
อุตรดิตถ์,โรคผิวหนังอักเสบ,30-34,ชาย,213
อุตรดิตถ์,โรคผิวหนังอักเสบ,30-34,หญิง,407
อุตรดิตถ์,โรคผิวหนังอักเสบ,35-39,ชาย,238
อุตรดิตถ์,โรคผิวหนังอักเสบ,35-39,หญิง,441
อุตรดิตถ์,โรคผิวหนังอักเสบ,40-44,ชาย,271
อุตรดิตถ์,โรคผิวหนังอักเสบ,40-44,หญิง,587
อุตรดิตถ์,โรคผิวหนังอักเสบ,45-49,ชาย,367
อุตรดิตถ์,โรคผิวหนังอักเสบ,45-49,หญิง,796
อุตรดิตถ์,โรคผิวหนังอักเสบ,5-9,ชาย,387
อุตรดิตถ์,โรคผิวหนังอักเสบ,5-9,หญิง,313
อุตรดิตถ์,โรคผิวหนังอักเสบ,50-54,ชาย,463
อุตรดิตถ์,โรคผิวหนังอักเสบ,50-54,หญิง,884
อุตรดิตถ์,โรคผิวหนังอักเสบ,55-59,ชาย,456
อุตรดิตถ์,โรคผิวหนังอักเสบ,55-59,หญิง,867
อุตรดิตถ์,โรคผิวหนังอักเสบ,60-64,ชาย,589
อุตรดิตถ์,โรคผิวหนังอักเสบ,60-64,หญิง,760
อุตรดิตถ์,โรคผิวหนังอักเสบ,65-69,ชาย,627
อุตรดิตถ์,โรคผิวหนังอักเสบ,65-69,หญิง,686
อุตรดิตถ์,โรคผิวหนังอักเสบ,70-74,ชาย,584
อุตรดิตถ์,โรคผิวหนังอักเสบ,70-74,หญิง,517
อุตรดิตถ์,โรคผิวหนังอักเสบ,75-79,ชาย,393
อุตรดิตถ์,โรคผิวหนังอักเสบ,75-79,หญิง,337
อุตรดิตถ์,โรคผิวหนังอักเสบ,80+,ชาย,369
อุตรดิตถ์,โรคผิวหนังอักเสบ,80+,หญิง,364
อุตรดิตถ์,โรคผิวหนังอักเสบ,ไม่ทราบ,ไม่ระบุ,9
อุตรดิตถ์,โรคลมพิษ,0-4,ชาย,403
อุตรดิตถ์,โรคลมพิษ,0-4,หญิง,321
อุตรดิตถ์,โรคลมพิษ,10-14,ชาย,336
อุตรดิตถ์,โรคลมพิษ,10-14,หญิง,309
อุตรดิตถ์,โรคลมพิษ,15-19,ชาย,243
อุตรดิตถ์,โรคลมพิษ,15-19,หญิง,330
อุตรดิตถ์,โรคลมพิษ,20-24,ชาย,209
อุตรดิตถ์,โรคลมพิษ,20-24,หญิง,294
อุตรดิตถ์,โรคลมพิษ,25-29,ชาย,176
อุตรดิตถ์,โรคลมพิษ,25-29,หญิง,362
อุตรดิตถ์,โรคลมพิษ,30-34,ชาย,98
อุตรดิตถ์,โรคลมพิษ,30-34,หญิง,311
อุตรดิตถ์,โรคลมพิษ,35-39,ชาย,118
อุตรดิตถ์,โรคลมพิษ,35-39,หญิง,321
อุตรดิตถ์,โรคลมพิษ,40-44,ชาย,124
อุตรดิตถ์,โรคลมพิษ,40-44,หญิง,341
อุตรดิตถ์,โรคลมพิษ,45-49,ชาย,170
อุตรดิตถ์,โรคลมพิษ,45-49,หญิง,394
อุตรดิตถ์,โรคลมพิษ,5-9,ชาย,384
อุตรดิตถ์,โรคลมพิษ,5-9,หญิง,290
อุตรดิตถ์,โรคลมพิษ,50-54,ชาย,163
อุตรดิตถ์,โรคลมพิษ,50-54,หญิง,410
อุตรดิตถ์,โรคลมพิษ,55-59,ชาย,175
อุตรดิตถ์,โรคลมพิษ,55-59,หญิง,403
อุตรดิตถ์,โรคลมพิษ,60-64,ชาย,180
อุตรดิตถ์,โรคลมพิษ,60-64,หญิง,315
อุตรดิตถ์,โรคลมพิษ,65-69,ชาย,190
อุตรดิตถ์,โรคลมพิษ,65-69,หญิง,272
อุตรดิตถ์,โรคลมพิษ,70-74,ชาย,124
อุตรดิตถ์,โรคลมพิษ,70-74,หญิง,167
อุตรดิตถ์,โรคลมพิษ,75-79,ชาย,81
อุตรดิตถ์,โรคลมพิษ,75-79,หญิง,79
อุตรดิตถ์,โรคลมพิษ,80+,ชาย,64
อุตรดิตถ์,โรคลมพิษ,80+,หญิง,87
อุตรดิตถ์,โรคลมพิษ,ไม่ทราบ,ไม่ระบุ,16
อุตรดิตถ์,โรคหอบหืด,0-4,ชาย,1322
อุตรดิตถ์,โรคหอบหืด,0-4,หญิง,726
อุตรดิตถ์,โรคหอบหืด,10-14,ชาย,1452
อุตรดิตถ์,โรคหอบหืด,10-14,หญิง,677
อุตรดิตถ์,โรคหอบหืด,15-19,ชาย,494
อุตรดิตถ์,โรคหอบหืด,15-19,หญิง,194
อุตรดิตถ์,โรคหอบหืด,20-24,ชาย,293
อุตรดิตถ์,โรคหอบหืด,20-24,หญิง,140
อุตรดิตถ์,โรคหอบหืด,25-29,ชาย,205
อุตรดิตถ์,โรคหอบหืด,25-29,หญิง,206
อุตรดิตถ์,โรคหอบหืด,30-34,ชาย,361
อุตรดิตถ์,โรคหอบหืด,30-34,หญิง,335
อุตรดิตถ์,โรคหอบหืด,35-39,ชาย,360
อุตรดิตถ์,โรคหอบหืด,35-39,หญิง,587
อุตรดิตถ์,โรคหอบหืด,40-44,ชาย,487
อุตรดิตถ์,โรคหอบหืด,40-44,หญิง,953
อุตรดิตถ์,โรคหอบหืด,45-49,ชาย,555
อุตรดิตถ์,โรคหอบหืด,45-49,หญิง,1325
อุตรดิตถ์,โรคหอบหืด,5-9,ชาย,2291
อุตรดิตถ์,โรคหอบหืด,5-9,หญิง,1305
อุตรดิตถ์,โรคหอบหืด,50-54,ชาย,823
อุตรดิตถ์,โรคหอบหืด,50-54,หญิง,1632
อุตรดิตถ์,โรคหอบหืด,55-59,ชาย,974
อุตรดิตถ์,โรคหอบหืด,55-59,หญิง,2080
อุตรดิตถ์,โรคหอบหืด,60-64,ชาย,1136
อุตรดิตถ์,โรคหอบหืด,60-64,หญิง,2071
อุตรดิตถ์,โรคหอบหืด,65-69,ชาย,1261
อุตรดิตถ์,โรคหอบหืด,65-69,หญิง,2168
อุตรดิตถ์,โรคหอบหืด,70-74,ชาย,755
อุตรดิตถ์,โรคหอบหืด,70-74,หญิง,1843
อุตรดิตถ์,โรคหอบหืด,75-79,ชาย,557
อุตรดิตถ์,โรคหอบหืด,75-79,หญิง,1178
อุตรดิตถ์,โรคหอบหืด,80+,ชาย,482
อุตรดิตถ์,โรคหอบหืด,80+,หญิง,1127
อุตรดิตถ์,โรคหอบหืด,ไม่ทราบ,ไม่ระบุ,112
อุตรดิตถ์,โรคเยื่อจมูกอักเสบจากภูมิแพ้,0-4,ชาย,489
อุตรดิตถ์,โรคเยื่อจมูกอักเสบจากภูมิแพ้,0-4,หญิง,409
อุตรดิตถ์,โรคเยื่อจมูกอักเสบจากภูมิแพ้,10-14,ชาย,633
อุตรดิตถ์,โรคเยื่อจมูกอักเสบจากภูมิแพ้,10-14,หญิง,335
อุตรดิตถ์,โรคเยื่อจมูกอักเสบจากภูมิแพ้,15-19,ชาย,228
อุตรดิตถ์,โรคเยื่อจมูกอักเสบจากภูมิแพ้,15-19,หญิง,168
อุตรดิตถ์,โรคเยื่อจมูกอักเสบจากภูมิแพ้,20-24,ชาย,137
อุตรดิตถ์,โรคเยื่อจมูกอักเสบจากภูมิแพ้,20-24,หญิง,142
อุตรดิตถ์,โรคเยื่อจมูกอักเสบจากภูมิแพ้,25-29,ชาย,125
อุตรดิตถ์,โรคเยื่อจมูกอักเสบจากภูมิแพ้,25-29,หญิง,224
อุตรดิตถ์,โรคเยื่อจมูกอักเสบจากภูมิแพ้,30-34,ชาย,127
อุตรดิตถ์,โรคเยื่อจมูกอักเสบจากภูมิแพ้,30-34,หญิง,292
อุตรดิตถ์,โรคเยื่อจมูกอักเสบจากภูมิแพ้,35-39,ชาย,142
อุตรดิตถ์,โรคเยื่อจมูกอักเสบจากภูมิแพ้,35-39,หญิง,263
อุตรดิตถ์,โรคเยื่อจมูกอักเสบจากภูมิแพ้,40-44,ชาย,140
อุตรดิตถ์,โรคเยื่อจมูกอักเสบจากภูมิแพ้,40-44,หญิง,342
อุตรดิตถ์,โรคเยื่อจมูกอักเสบจากภูมิแพ้,45-49,ชาย,201
อุตรดิตถ์,โรคเยื่อจมูกอักเสบจากภูมิแพ้,45-49,หญิง,469
อุตรดิตถ์,โรคเยื่อจมูกอักเสบจากภูมิแพ้,5-9,ชาย,999
อุตรดิตถ์,โรคเยื่อจมูกอักเสบจากภูมิแพ้,5-9,หญิง,637
อุตรดิตถ์,โรคเยื่อจมูกอักเสบจากภูมิแพ้,50-54,ชาย,179
อุตรดิตถ์,โรคเยื่อจมูกอักเสบจากภูมิแพ้,50-54,หญิง,377
อุตรดิตถ์,โรคเยื่อจมูกอักเสบจากภูมิแพ้,55-59,ชาย,159
อุตรดิตถ์,โรคเยื่อจมูกอักเสบจากภูมิแพ้,55-59,หญิง,355
อุตรดิตถ์,โรคเยื่อจมูกอักเสบจากภูมิแพ้,60-64,ชาย,214
อุตรดิตถ์,โรคเยื่อจมูกอักเสบจากภูมิแพ้,60-64,หญิง,314
อุตรดิตถ์,โรคเยื่อจมูกอักเสบจากภูมิแพ้,65-69,ชาย,238
อุตรดิตถ์,โรคเยื่อจมูกอักเสบจากภูมิแพ้,65-69,หญิง,252
อุตรดิตถ์,โรคเยื่อจมูกอักเสบจากภูมิแพ้,70-74,ชาย,170
อุตรดิตถ์,โรคเยื่อจมูกอักเสบจากภูมิแพ้,70-74,หญิง,175
อุตรดิตถ์,โรคเยื่อจมูกอักเสบจากภูมิแพ้,75-79,ชาย,154
อุตรดิตถ์,โรคเยื่อจมูกอักเสบจากภูมิแพ้,75-79,หญิง,106
อุตรดิตถ์,โรคเยื่อจมูกอักเสบจากภูมิแพ้,80+,ชาย,79
อุตรดิตถ์,โรคเยื่อจมูกอักเสบจากภูมิแพ้,80+,หญิง,57
อุตรดิตถ์,โรคเยื่อจมูกอักเสบจากภูมิแพ้,ไม่ทราบ,ไม่ระบุ,6
อุตรดิตถ์,โรคเยื่อบุตาอักเสบ,0-4,ชาย,504
อุตรดิตถ์,โรคเยื่อบุตาอักเสบ,0-4,หญิง,435
อุตรดิตถ์,โรคเยื่อบุตาอักเสบ,10-14,ชาย,549
อุตรดิตถ์,โรคเยื่อบุตาอักเสบ,10-14,หญิง,487
อุตรดิตถ์,โรคเยื่อบุตาอักเสบ,15-19,ชาย,522
อุตรดิตถ์,โรคเยื่อบุตาอักเสบ,15-19,หญิง,575
อุตรดิตถ์,โรคเยื่อบุตาอักเสบ,20-24,ชาย,546
อุตรดิตถ์,โรคเยื่อบุตาอักเสบ,20-24,หญิง,481
อุตรดิตถ์,โรคเยื่อบุตาอักเสบ,25-29,ชาย,480
อุตรดิตถ์,โรคเยื่อบุตาอักเสบ,25-29,หญิง,489
อุตรดิตถ์,โรคเยื่อบุตาอักเสบ,30-34,ชาย,533
อุตรดิตถ์,โรคเยื่อบุตาอักเสบ,30-34,หญิง,504
อุตรดิตถ์,โรคเยื่อบุตาอักเสบ,35-39,ชาย,555
อุตรดิตถ์,โรคเยื่อบุตาอักเสบ,35-39,หญิง,557
อุตรดิตถ์,โรคเยื่อบุตาอักเสบ,40-44,ชาย,637
อุตรดิตถ์,โรคเยื่อบุตาอักเสบ,40-44,หญิง,694
อุตรดิตถ์,โรคเยื่อบุตาอักเสบ,45-49,ชาย,804
อุตรดิตถ์,โรคเยื่อบุตาอักเสบ,45-49,หญิง,1035
อุตรดิตถ์,โรคเยื่อบุตาอักเสบ,5-9,ชาย,602
อุตรดิตถ์,โรคเยื่อบุตาอักเสบ,5-9,หญิง,432
อุตรดิตถ์,โรคเยื่อบุตาอักเสบ,50-54,ชาย,916
อุตรดิตถ์,โรคเยื่อบุตาอักเสบ,50-54,หญิง,1353
อุตรดิตถ์,โรคเยื่อบุตาอักเสบ,55-59,ชาย,961
อุตรดิตถ์,โรคเยื่อบุตาอักเสบ,55-59,หญิง,1493
อุตรดิตถ์,โรคเยื่อบุตาอักเสบ,60-64,ชาย,1035
อุตรดิตถ์,โรคเยื่อบุตาอักเสบ,60-64,หญิง,1331
อุตรดิตถ์,โรคเยื่อบุตาอักเสบ,65-69,ชาย,927
อุตรดิตถ์,โรคเยื่อบุตาอักเสบ,65-69,หญิง,1201
อุตรดิตถ์,โรคเยื่อบุตาอักเสบ,70-74,ชาย,755
อุตรดิตถ์,โรคเยื่อบุตาอักเสบ,70-74,หญิง,844
อุตรดิตถ์,โรคเยื่อบุตาอักเสบ,75-79,ชาย,481
อุตรดิตถ์,โรคเยื่อบุตาอักเสบ,75-79,หญิง,418
อุตรดิตถ์,โรคเยื่อบุตาอักเสบ,80+,ชาย,392
อุตรดิตถ์,โรคเยื่อบุตาอักเสบ,80+,หญิง,442
อุตรดิตถ์,โรคเยื่อบุตาอักเสบ,80+,ไม่ระบุ,1
อุตรดิตถ์,โรคเยื่อบุตาอักเสบ,ไม่ทราบ,ไม่ระบุ,58
อุทัยธานี,โรคติดเชื้อทางเดินหายใจส่วนบนเฉียบพลัน,0-4,ชาย,23455
อุทัยธานี,โรคติดเชื้อทางเดินหายใจส่วนบนเฉียบพลัน,0-4,หญิง,20813
อุทัยธานี,โรคติดเชื้อทางเดินหายใจส่วนบนเฉียบพลัน,0-4,ไม่ระบุ,4
อุทัยธานี,โรคติดเชื้อทางเดินหายใจส่วนบนเฉียบพลัน,10-14,ชาย,13281
อุทัยธานี,โรคติดเชื้อทางเดินหายใจส่วนบนเฉียบพลัน,10-14,หญิง,12594
อุทัยธานี,โรคติดเชื้อทางเดินหายใจส่วนบนเฉียบพลัน,10-14,ไม่ระบุ,1
อุทัยธานี,โรคติดเชื้อทางเดินหายใจส่วนบนเฉียบพลัน,15-19,ชาย,6282
อุทัยธานี,โรคติดเชื้อทางเดินหายใจส่วนบนเฉียบพลัน,15-19,หญิง,8782
อุทัยธานี,โรคติดเชื้อทางเดินหายใจส่วนบนเฉียบพลัน,20-24,ชาย,3395
อุทัยธานี,โรคติดเชื้อทางเดินหายใจส่วนบนเฉียบพลัน,20-24,หญิง,5989
อุทัยธานี,โรคติดเชื้อทางเดินหายใจส่วนบนเฉียบพลัน,25-29,ชาย,3947
อุทัยธานี,โรคติดเชื้อทางเดินหายใจส่วนบนเฉียบพลัน,25-29,หญิง,7638
อุทัยธานี,โรคติดเชื้อทางเดินหายใจส่วนบนเฉียบพลัน,30-34,ชาย,3638
อุทัยธานี,โรคติดเชื้อทางเดินหายใจส่วนบนเฉียบพลัน,30-34,หญิง,7688
อุทัยธานี,โรคติดเชื้อทางเดินหายใจส่วนบนเฉียบพลัน,35-39,ชาย,3446
อุทัยธานี,โรคติดเชื้อทางเดินหายใจส่วนบนเฉียบพลัน,35-39,หญิง,7526
อุทัยธานี,โรคติดเชื้อทางเดินหายใจส่วนบนเฉียบพลัน,40-44,ชาย,3844
อุทัยธานี,โรคติดเชื้อทางเดินหายใจส่วนบนเฉียบพลัน,40-44,หญิง,8205
อุทัยธานี,โรคติดเชื้อทางเดินหายใจส่วนบนเฉียบพลัน,40-44,ไม่ระบุ,1
อุทัยธานี,โรคติดเชื้อทางเดินหายใจส่วนบนเฉียบพลัน,45-49,ชาย,4211
อุทัยธานี,โรคติดเชื้อทางเดินหายใจส่วนบนเฉียบพลัน,45-49,หญิง,9380
อุทัยธานี,โรคติดเชื้อทางเดินหายใจส่วนบนเฉียบพลัน,5-9,ชาย,20689
อุทัยธานี,โรคติดเชื้อทางเดินหายใจส่วนบนเฉียบพลัน,5-9,หญิง,19258
อุทัยธานี,โรคติดเชื้อทางเดินหายใจส่วนบนเฉียบพลัน,50-54,ชาย,4339
อุทัยธานี,โรคติดเชื้อทางเดินหายใจส่วนบนเฉียบพลัน,50-54,หญิง,9793
อุทัยธานี,โรคติดเชื้อทางเดินหายใจส่วนบนเฉียบพลัน,50-54,ไม่ระบุ,1
อุทัยธานี,โรคติดเชื้อทางเดินหายใจส่วนบนเฉียบพลัน,55-59,ชาย,4720
อุทัยธานี,โรคติดเชื้อทางเดินหายใจส่วนบนเฉียบพลัน,55-59,หญิง,10639
อุทัยธานี,โรคติดเชื้อทางเดินหายใจส่วนบนเฉียบพลัน,60-64,ชาย,4785
อุทัยธานี,โรคติดเชื้อทางเดินหายใจส่วนบนเฉียบพลัน,60-64,หญิง,9556
อุทัยธานี,โรคติดเชื้อทางเดินหายใจส่วนบนเฉียบพลัน,65-69,ชาย,4903
อุทัยธานี,โรคติดเชื้อทางเดินหายใจส่วนบนเฉียบพลัน,65-69,หญิง,8236
อุทัยธานี,โรคติดเชื้อทางเดินหายใจส่วนบนเฉียบพลัน,70-74,ชาย,4314
อุทัยธานี,โรคติดเชื้อทางเดินหายใจส่วนบนเฉียบพลัน,70-74,หญิง,6010
อุทัยธานี,โรคติดเชื้อทางเดินหายใจส่วนบนเฉียบพลัน,75-79,ชาย,3213
อุทัยธานี,โรคติดเชื้อทางเดินหายใจส่วนบนเฉียบพลัน,75-79,หญิง,3493
อุทัยธานี,โรคติดเชื้อทางเดินหายใจส่วนบนเฉียบพลัน,80+,ชาย,3364
อุทัยธานี,โรคติดเชื้อทางเดินหายใจส่วนบนเฉียบพลัน,80+,หญิง,4153
อุทัยธานี,โรคติดเชื้อทางเดินหายใจส่วนบนเฉียบพลัน,ไม่ทราบ,ชาย,5
อุทัยธานี,โรคติดเชื้อทางเดินหายใจส่วนบนเฉียบพลัน,ไม่ทราบ,หญิง,4
อุทัยธานี,โรคติดเชื้อทางเดินหายใจส่วนบนเฉียบพลัน,ไม่ทราบ,ไม่ระบุ,2972
อุทัยธานี,โรคปอดอุดกั้นเรื้อรัง,0-4,ชาย,8
อุทัยธานี,โรคปอดอุดกั้นเรื้อรัง,0-4,หญิง,3
อุทัยธานี,โรคปอดอุดกั้นเรื้อรัง,10-14,ชาย,2
อุทัยธานี,โรคปอดอุดกั้นเรื้อรัง,20-24,ชาย,2
อุทัยธานี,โรคปอดอุดกั้นเรื้อรัง,25-29,ชาย,10
อุทัยธานี,โรคปอดอุดกั้นเรื้อรัง,25-29,หญิง,3
อุทัยธานี,โรคปอดอุดกั้นเรื้อรัง,30-34,ชาย,55
อุทัยธานี,โรคปอดอุดกั้นเรื้อรัง,30-34,หญิง,46
อุทัยธานี,โรคปอดอุดกั้นเรื้อรัง,35-39,ชาย,86
อุทัยธานี,โรคปอดอุดกั้นเรื้อรัง,35-39,หญิง,20
อุทัยธานี,โรคปอดอุดกั้นเรื้อรัง,40-44,ชาย,262
อุทัยธานี,โรคปอดอุดกั้นเรื้อรัง,40-44,หญิง,43
อุทัยธานี,โรคปอดอุดกั้นเรื้อรัง,45-49,ชาย,351
อุทัยธานี,โรคปอดอุดกั้นเรื้อรัง,45-49,หญิง,118
อุทัยธานี,โรคปอดอุดกั้นเรื้อรัง,5-9,หญิง,1
อุทัยธานี,โรคปอดอุดกั้นเรื้อรัง,50-54,ชาย,674
อุทัยธานี,โรคปอดอุดกั้นเรื้อรัง,50-54,หญิง,189
อุทัยธานี,โรคปอดอุดกั้นเรื้อรัง,55-59,ชาย,1410
อุทัยธานี,โรคปอดอุดกั้นเรื้อรัง,55-59,หญิง,369
อุทัยธานี,โรคปอดอุดกั้นเรื้อรัง,60-64,ชาย,2146
อุทัยธานี,โรคปอดอุดกั้นเรื้อรัง,60-64,หญิง,677
อุทัยธานี,โรคปอดอุดกั้นเรื้อรัง,65-69,ชาย,2697
อุทัยธานี,โรคปอดอุดกั้นเรื้อรัง,65-69,หญิง,982
อุทัยธานี,โรคปอดอุดกั้นเรื้อรัง,70-74,ชาย,3282
อุทัยธานี,โรคปอดอุดกั้นเรื้อรัง,70-74,หญิง,920
อุทัยธานี,โรคปอดอุดกั้นเรื้อรัง,75-79,ชาย,3080
อุทัยธานี,โรคปอดอุดกั้นเรื้อรัง,75-79,หญิง,621
อุทัยธานี,โรคปอดอุดกั้นเรื้อรัง,80+,ชาย,4163
อุทัยธานี,โรคปอดอุดกั้นเรื้อรัง,80+,หญิง,925
อุทัยธานี,โรคปอดอุดกั้นเรื้อรัง,ไม่ทราบ,ไม่ระบุ,4
อุทัยธานี,โรคผิวหนังอักเสบ,0-4,ชาย,346
อุทัยธานี,โรคผิวหนังอักเสบ,0-4,หญิง,330
อุทัยธานี,โรคผิวหนังอักเสบ,10-14,ชาย,215
อุทัยธานี,โรคผิวหนังอักเสบ,10-14,หญิง,229
อุทัยธานี,โรคผิวหนังอักเสบ,15-19,ชาย,147
อุทัยธานี,โรคผิวหนังอักเสบ,15-19,หญิง,336
อุทัยธานี,โรคผิวหนังอักเสบ,20-24,ชาย,98
อุทัยธานี,โรคผิวหนังอักเสบ,20-24,หญิง,249
อุทัยธานี,โรคผิวหนังอักเสบ,25-29,ชาย,133
อุทัยธานี,โรคผิวหนังอักเสบ,25-29,หญิง,271
อุทัยธานี,โรคผิวหนังอักเสบ,30-34,ชาย,135
อุทัยธานี,โรคผิวหนังอักเสบ,30-34,หญิง,322
อุทัยธานี,โรคผิวหนังอักเสบ,35-39,ชาย,150
อุทัยธานี,โรคผิวหนังอักเสบ,35-39,หญิง,353
อุทัยธานี,โรคผิวหนังอักเสบ,40-44,ชาย,214
อุทัยธานี,โรคผิวหนังอักเสบ,40-44,หญิง,435
อุทัยธานี,โรคผิวหนังอักเสบ,45-49,ชาย,271
อุทัยธานี,โรคผิวหนังอักเสบ,45-49,หญิง,612
อุทัยธานี,โรคผิวหนังอักเสบ,5-9,ชาย,266
อุทัยธานี,โรคผิวหนังอักเสบ,5-9,หญิง,234
อุทัยธานี,โรคผิวหนังอักเสบ,50-54,ชาย,262
อุทัยธานี,โรคผิวหนังอักเสบ,50-54,หญิง,706
อุทัยธานี,โรคผิวหนังอักเสบ,55-59,ชาย,317
อุทัยธานี,โรคผิวหนังอักเสบ,55-59,หญิง,683
อุทัยธานี,โรคผิวหนังอักเสบ,60-64,ชาย,476
อุทัยธานี,โรคผิวหนังอักเสบ,60-64,หญิง,649
อุทัยธานี,โรคผิวหนังอักเสบ,65-69,ชาย,455
อุทัยธานี,โรคผิวหนังอักเสบ,65-69,หญิง,630
อุทัยธานี,โรคผิวหนังอักเสบ,70-74,ชาย,462
อุทัยธานี,โรคผิวหนังอักเสบ,70-74,หญิง,427
อุทัยธานี,โรคผิวหนังอักเสบ,75-79,ชาย,315
อุทัยธานี,โรคผิวหนังอักเสบ,75-79,หญิง,291
อุทัยธานี,โรคผิวหนังอักเสบ,80+,ชาย,376
อุทัยธานี,โรคผิวหนังอักเสบ,80+,หญิง,369
อุทัยธานี,โรคผิวหนังอักเสบ,80+,ไม่ระบุ,1
อุทัยธานี,โรคผิวหนังอักเสบ,ไม่ทราบ,ไม่ระบุ,29
อุทัยธานี,โรคลมพิษ,0-4,ชาย,865
อุทัยธานี,โรคลมพิษ,0-4,หญิง,757
อุทัยธานี,โรคลมพิษ,10-14,ชาย,754
อุทัยธานี,โรคลมพิษ,10-14,หญิง,740
อุทัยธานี,โรคลมพิษ,15-19,ชาย,516
อุทัยธานี,โรคลมพิษ,15-19,หญิง,798
อุทัยธานี,โรคลมพิษ,20-24,ชาย,297
อุทัยธานี,โรคลมพิษ,20-24,หญิง,553
อุทัยธานี,โรคลมพิษ,25-29,ชาย,277
อุทัยธานี,โรคลมพิษ,25-29,หญิง,617
อุทัยธานี,โรคลมพิษ,30-34,ชาย,296
อุทัยธานี,โรคลมพิษ,30-34,หญิง,630
อุทัยธานี,โรคลมพิษ,35-39,ชาย,280
อุทัยธานี,โรคลมพิษ,35-39,หญิง,709
อุทัยธานี,โรคลมพิษ,40-44,ชาย,305
อุทัยธานี,โรคลมพิษ,40-44,หญิง,797
อุทัยธานี,โรคลมพิษ,45-49,ชาย,376
อุทัยธานี,โรคลมพิษ,45-49,หญิง,998
อุทัยธานี,โรคลมพิษ,5-9,ชาย,871
อุทัยธานี,โรคลมพิษ,5-9,หญิง,711
อุทัยธานี,โรคลมพิษ,50-54,ชาย,393
อุทัยธานี,โรคลมพิษ,50-54,หญิง,1125
อุทัยธานี,โรคลมพิษ,55-59,ชาย,467
อุทัยธานี,โรคลมพิษ,55-59,หญิง,1031
อุทัยธานี,โรคลมพิษ,60-64,ชาย,458
อุทัยธานี,โรคลมพิษ,60-64,หญิง,757
อุทัยธานี,โรคลมพิษ,65-69,ชาย,460
อุทัยธานี,โรคลมพิษ,65-69,หญิง,693
อุทัยธานี,โรคลมพิษ,70-74,ชาย,497
อุทัยธานี,โรคลมพิษ,70-74,หญิง,550
อุทัยธานี,โรคลมพิษ,75-79,ชาย,371
อุทัยธานี,โรคลมพิษ,75-79,หญิง,310
อุทัยธานี,โรคลมพิษ,80+,ชาย,292
อุทัยธานี,โรคลมพิษ,80+,หญิง,412
อุทัยธานี,โรคลมพิษ,ไม่ทราบ,ไม่ระบุ,59
อุทัยธานี,โรคหอบหืด,0-4,ชาย,575
อุทัยธานี,โรคหอบหืด,0-4,หญิง,400
อุทัยธานี,โรคหอบหืด,10-14,ชาย,827
อุทัยธานี,โรคหอบหืด,10-14,หญิง,356
อุทัยธานี,โรคหอบหืด,15-19,ชาย,398
อุทัยธานี,โรคหอบหืด,15-19,หญิง,226
อุทัยธานี,โรคหอบหืด,20-24,ชาย,197
อุทัยธานี,โรคหอบหืด,20-24,หญิง,255
อุทัยธานี,โรคหอบหืด,25-29,ชาย,249
อุทัยธานี,โรคหอบหืด,25-29,หญิง,347
อุทัยธานี,โรคหอบหืด,30-34,ชาย,310
อุทัยธานี,โรคหอบหืด,30-34,หญิง,563
อุทัยธานี,โรคหอบหืด,35-39,ชาย,329
อุทัยธานี,โรคหอบหืด,35-39,หญิง,678
อุทัยธานี,โรคหอบหืด,40-44,ชาย,482
อุทัยธานี,โรคหอบหืด,40-44,หญิง,1087
อุทัยธานี,โรคหอบหืด,45-49,ชาย,588
อุทัยธานี,โรคหอบหืด,45-49,หญิง,1458
อุทัยธานี,โรคหอบหืด,5-9,ชาย,1342
อุทัยธานี,โรคหอบหืด,5-9,หญิง,747
อุทัยธานี,โรคหอบหืด,50-54,ชาย,714
อุทัยธานี,โรคหอบหืด,50-54,หญิง,1814
อุทัยธานี,โรคหอบหืด,55-59,ชาย,705
อุทัยธานี,โรคหอบหืด,55-59,หญิง,2052
อุทัยธานี,โรคหอบหืด,60-64,ชาย,692
อุทัยธานี,โรคหอบหืด,60-64,หญิง,2077
อุทัยธานี,โรคหอบหืด,65-69,ชาย,532
อุทัยธานี,โรคหอบหืด,65-69,หญิง,2257
อุทัยธานี,โรคหอบหืด,70-74,ชาย,526
อุทัยธานี,โรคหอบหืด,70-74,หญิง,1530
อุทัยธานี,โรคหอบหืด,75-79,ชาย,336
อุทัยธานี,โรคหอบหืด,75-79,หญิง,1034
อุทัยธานี,โรคหอบหืด,80+,ชาย,428
อุทัยธานี,โรคหอบหืด,80+,หญิง,1019
อุทัยธานี,โรคหอบหืด,ไม่ทราบ,ไม่ระบุ,28
อุทัยธานี,โรคเยื่อจมูกอักเสบจากภูมิแพ้,0-4,ชาย,312
อุทัยธานี,โรคเยื่อจมูกอักเสบจากภูมิแพ้,0-4,หญิง,206
อุทัยธานี,โรคเยื่อจมูกอักเสบจากภูมิแพ้,10-14,ชาย,391
อุทัยธานี,โรคเยื่อจมูกอักเสบจากภูมิแพ้,10-14,หญิง,247
อุทัยธานี,โรคเยื่อจมูกอักเสบจากภูมิแพ้,15-19,ชาย,159
อุทัยธานี,โรคเยื่อจมูกอักเสบจากภูมิแพ้,15-19,หญิง,189
อุทัยธานี,โรคเยื่อจมูกอักเสบจากภูมิแพ้,20-24,ชาย,98
อุทัยธานี,โรคเยื่อจมูกอักเสบจากภูมิแพ้,20-24,หญิง,153
อุทัยธานี,โรคเยื่อจมูกอักเสบจากภูมิแพ้,25-29,ชาย,167
อุทัยธานี,โรคเยื่อจมูกอักเสบจากภูมิแพ้,25-29,หญิง,300
อุทัยธานี,โรคเยื่อจมูกอักเสบจากภูมิแพ้,30-34,ชาย,154
อุทัยธานี,โรคเยื่อจมูกอักเสบจากภูมิแพ้,30-34,หญิง,295
อุทัยธานี,โรคเยื่อจมูกอักเสบจากภูมิแพ้,35-39,ชาย,149
อุทัยธานี,โรคเยื่อจมูกอักเสบจากภูมิแพ้,35-39,หญิง,337
อุทัยธานี,โรคเยื่อจมูกอักเสบจากภูมิแพ้,40-44,ชาย,180
อุทัยธานี,โรคเยื่อจมูกอักเสบจากภูมิแพ้,40-44,หญิง,442
อุทัยธานี,โรคเยื่อจมูกอักเสบจากภูมิแพ้,45-49,ชาย,180
อุทัยธานี,โรคเยื่อจมูกอักเสบจากภูมิแพ้,45-49,หญิง,456
อุทัยธานี,โรคเยื่อจมูกอักเสบจากภูมิแพ้,5-9,ชาย,534
อุทัยธานี,โรคเยื่อจมูกอักเสบจากภูมิแพ้,5-9,หญิง,420
อุทัยธานี,โรคเยื่อจมูกอักเสบจากภูมิแพ้,50-54,ชาย,157
อุทัยธานี,โรคเยื่อจมูกอักเสบจากภูมิแพ้,50-54,หญิง,517
อุทัยธานี,โรคเยื่อจมูกอักเสบจากภูมิแพ้,55-59,ชาย,248
อุทัยธานี,โรคเยื่อจมูกอักเสบจากภูมิแพ้,55-59,หญิง,497
อุทัยธานี,โรคเยื่อจมูกอักเสบจากภูมิแพ้,60-64,ชาย,291
อุทัยธานี,โรคเยื่อจมูกอักเสบจากภูมิแพ้,60-64,หญิง,459
อุทัยธานี,โรคเยื่อจมูกอักเสบจากภูมิแพ้,65-69,ชาย,323
อุทัยธานี,โรคเยื่อจมูกอักเสบจากภูมิแพ้,65-69,หญิง,438
อุทัยธานี,โรคเยื่อจมูกอักเสบจากภูมิแพ้,70-74,ชาย,201
อุทัยธานี,โรคเยื่อจมูกอักเสบจากภูมิแพ้,70-74,หญิง,317
อุทัยธานี,โรคเยื่อจมูกอักเสบจากภูมิแพ้,75-79,ชาย,211
อุทัยธานี,โรคเยื่อจมูกอักเสบจากภูมิแพ้,75-79,หญิง,142
อุทัยธานี,โรคเยื่อจมูกอักเสบจากภูมิแพ้,80+,ชาย,138
อุทัยธานี,โรคเยื่อจมูกอักเสบจากภูมิแพ้,80+,หญิง,148
อุทัยธานี,โรคเยื่อจมูกอักเสบจากภูมิแพ้,ไม่ทราบ,ไม่ระบุ,6
อุทัยธานี,โรคเยื่อบุตาอักเสบ,0-4,ชาย,471
อุทัยธานี,โรคเยื่อบุตาอักเสบ,0-4,หญิง,399
อุทัยธานี,โรคเยื่อบุตาอักเสบ,10-14,ชาย,532
อุทัยธานี,โรคเยื่อบุตาอักเสบ,10-14,หญิง,423
อุทัยธานี,โรคเยื่อบุตาอักเสบ,15-19,ชาย,466
อุทัยธานี,โรคเยื่อบุตาอักเสบ,15-19,หญิง,574
อุทัยธานี,โรคเยื่อบุตาอักเสบ,20-24,ชาย,289
อุทัยธานี,โรคเยื่อบุตาอักเสบ,20-24,หญิง,334
อุทัยธานี,โรคเยื่อบุตาอักเสบ,25-29,ชาย,413
อุทัยธานี,โรคเยื่อบุตาอักเสบ,25-29,หญิง,546
อุทัยธานี,โรคเยื่อบุตาอักเสบ,30-34,ชาย,457
อุทัยธานี,โรคเยื่อบุตาอักเสบ,30-34,หญิง,508
อุทัยธานี,โรคเยื่อบุตาอักเสบ,35-39,ชาย,410
อุทัยธานี,โรคเยื่อบุตาอักเสบ,35-39,หญิง,570
อุทัยธานี,โรคเยื่อบุตาอักเสบ,40-44,ชาย,491
อุทัยธานี,โรคเยื่อบุตาอักเสบ,40-44,หญิง,630
อุทัยธานี,โรคเยื่อบุตาอักเสบ,45-49,ชาย,594
อุทัยธานี,โรคเยื่อบุตาอักเสบ,45-49,หญิง,844
อุทัยธานี,โรคเยื่อบุตาอักเสบ,5-9,ชาย,553
อุทัยธานี,โรคเยื่อบุตาอักเสบ,5-9,หญิง,383
อุทัยธานี,โรคเยื่อบุตาอักเสบ,50-54,ชาย,646
อุทัยธานี,โรคเยื่อบุตาอักเสบ,50-54,หญิง,1019
อุทัยธานี,โรคเยื่อบุตาอักเสบ,55-59,ชาย,673
อุทัยธานี,โรคเยื่อบุตาอักเสบ,55-59,หญิง,1067
อุทัยธานี,โรคเยื่อบุตาอักเสบ,60-64,ชาย,624
อุทัยธานี,โรคเยื่อบุตาอักเสบ,60-64,หญิง,1029
อุทัยธานี,โรคเยื่อบุตาอักเสบ,65-69,ชาย,628
อุทัยธานี,โรคเยื่อบุตาอักเสบ,65-69,หญิง,838
อุทัยธานี,โรคเยื่อบุตาอักเสบ,70-74,ชาย,569
อุทัยธานี,โรคเยื่อบุตาอักเสบ,70-74,หญิง,662
อุทัยธานี,โรคเยื่อบุตาอักเสบ,75-79,ชาย,365
อุทัยธานี,โรคเยื่อบุตาอักเสบ,75-79,หญิง,421
อุทัยธานี,โรคเยื่อบุตาอักเสบ,80+,ชาย,395
อุทัยธานี,โรคเยื่อบุตาอักเสบ,80+,หญิง,499
อุทัยธานี,โรคเยื่อบุตาอักเสบ,ไม่ทราบ,หญิง,1
อุทัยธานี,โรคเยื่อบุตาอักเสบ,ไม่ทราบ,ไม่ระบุ,178
อุบลราชธานี,โรคติดเชื้อทางเดินหายใจส่วนบนเฉียบพลัน,0-4,ชาย,164755
อุบลราชธานี,โรคติดเชื้อทางเดินหายใจส่วนบนเฉียบพลัน,0-4,หญิง,147575
อุบลราชธานี,โรคติดเชื้อทางเดินหายใจส่วนบนเฉียบพลัน,0-4,ไม่ระบุ,4
อุบลราชธานี,โรคติดเชื้อทางเดินหายใจส่วนบนเฉียบพลัน,10-14,ชาย,62081
อุบลราชธานี,โรคติดเชื้อทางเดินหายใจส่วนบนเฉียบพลัน,10-14,หญิง,56651
อุบลราชธานี,โรคติดเชื้อทางเดินหายใจส่วนบนเฉียบพลัน,15-19,ชาย,25733
อุบลราชธานี,โรคติดเชื้อทางเดินหายใจส่วนบนเฉียบพลัน,15-19,หญิง,35816
อุบลราชธานี,โรคติดเชื้อทางเดินหายใจส่วนบนเฉียบพลัน,20-24,ชาย,20066
อุบลราชธานี,โรคติดเชื้อทางเดินหายใจส่วนบนเฉียบพลัน,20-24,หญิง,30049
อุบลราชธานี,โรคติดเชื้อทางเดินหายใจส่วนบนเฉียบพลัน,25-29,ชาย,19126
อุบลราชธานี,โรคติดเชื้อทางเดินหายใจส่วนบนเฉียบพลัน,25-29,หญิง,35553
อุบลราชธานี,โรคติดเชื้อทางเดินหายใจส่วนบนเฉียบพลัน,30-34,ชาย,17753
อุบลราชธานี,โรคติดเชื้อทางเดินหายใจส่วนบนเฉียบพลัน,30-34,หญิง,37435
อุบลราชธานี,โรคติดเชื้อทางเดินหายใจส่วนบนเฉียบพลัน,35-39,ชาย,16751
อุบลราชธานี,โรคติดเชื้อทางเดินหายใจส่วนบนเฉียบพลัน,35-39,หญิง,36040
อุบลราชธานี,โรคติดเชื้อทางเดินหายใจส่วนบนเฉียบพลัน,40-44,ชาย,18016
อุบลราชธานี,โรคติดเชื้อทางเดินหายใจส่วนบนเฉียบพลัน,40-44,หญิง,38990
อุบลราชธานี,โรคติดเชื้อทางเดินหายใจส่วนบนเฉียบพลัน,45-49,ชาย,19213
อุบลราชธานี,โรคติดเชื้อทางเดินหายใจส่วนบนเฉียบพลัน,45-49,หญิง,45839
อุบลราชธานี,โรคติดเชื้อทางเดินหายใจส่วนบนเฉียบพลัน,45-49,ไม่ระบุ,1
อุบลราชธานี,โรคติดเชื้อทางเดินหายใจส่วนบนเฉียบพลัน,5-9,ชาย,121484
อุบลราชธานี,โรคติดเชื้อทางเดินหายใจส่วนบนเฉียบพลัน,5-9,หญิง,114065
อุบลราชธานี,โรคติดเชื้อทางเดินหายใจส่วนบนเฉียบพลัน,5-9,ไม่ระบุ,2
อุบลราชธานี,โรคติดเชื้อทางเดินหายใจส่วนบนเฉียบพลัน,50-54,ชาย,21726
อุบลราชธานี,โรคติดเชื้อทางเดินหายใจส่วนบนเฉียบพลัน,50-54,หญิง,52050
อุบลราชธานี,โรคติดเชื้อทางเดินหายใจส่วนบนเฉียบพลัน,50-54,ไม่ระบุ,2
อุบลราชธานี,โรคติดเชื้อทางเดินหายใจส่วนบนเฉียบพลัน,55-59,ชาย,21715
อุบลราชธานี,โรคติดเชื้อทางเดินหายใจส่วนบนเฉียบพลัน,55-59,หญิง,48894
อุบลราชธานี,โรคติดเชื้อทางเดินหายใจส่วนบนเฉียบพลัน,60-64,ชาย,20035
อุบลราชธานี,โรคติดเชื้อทางเดินหายใจส่วนบนเฉียบพลัน,60-64,หญิง,37112
อุบลราชธานี,โรคติดเชื้อทางเดินหายใจส่วนบนเฉียบพลัน,65-69,ชาย,17846
อุบลราชธานี,โรคติดเชื้อทางเดินหายใจส่วนบนเฉียบพลัน,65-69,หญิง,27395
อุบลราชธานี,โรคติดเชื้อทางเดินหายใจส่วนบนเฉียบพลัน,70-74,ชาย,14934
อุบลราชธานี,โรคติดเชื้อทางเดินหายใจส่วนบนเฉียบพลัน,70-74,หญิง,19635
อุบลราชธานี,โรคติดเชื้อทางเดินหายใจส่วนบนเฉียบพลัน,75-79,ชาย,9895
อุบลราชธานี,โรคติดเชื้อทางเดินหายใจส่วนบนเฉียบพลัน,75-79,หญิง,11538
อุบลราชธานี,โรคติดเชื้อทางเดินหายใจส่วนบนเฉียบพลัน,80+,ชาย,9082
อุบลราชธานี,โรคติดเชื้อทางเดินหายใจส่วนบนเฉียบพลัน,80+,หญิง,11984
อุบลราชธานี,โรคติดเชื้อทางเดินหายใจส่วนบนเฉียบพลัน,ไม่ทราบ,ชาย,927
อุบลราชธานี,โรคติดเชื้อทางเดินหายใจส่วนบนเฉียบพลัน,ไม่ทราบ,หญิง,894
อุบลราชธานี,โรคติดเชื้อทางเดินหายใจส่วนบนเฉียบพลัน,ไม่ทราบ,ไม่ระบุ,8691
อุบลราชธานี,โรคปอดอุดกั้นเรื้อรัง,0-4,ชาย,76
อุบลราชธานี,โรคปอดอุดกั้นเรื้อรัง,0-4,หญิง,34
อุบลราชธานี,โรคปอดอุดกั้นเรื้อรัง,10-14,ชาย,10
อุบลราชธานี,โรคปอดอุดกั้นเรื้อรัง,10-14,หญิง,8
อุบลราชธานี,โรคปอดอุดกั้นเรื้อรัง,15-19,ชาย,2
อุบลราชธานี,โรคปอดอุดกั้นเรื้อรัง,15-19,หญิง,21
อุบลราชธานี,โรคปอดอุดกั้นเรื้อรัง,20-24,ชาย,46
อุบลราชธานี,โรคปอดอุดกั้นเรื้อรัง,20-24,หญิง,32
อุบลราชธานี,โรคปอดอุดกั้นเรื้อรัง,25-29,ชาย,51
อุบลราชธานี,โรคปอดอุดกั้นเรื้อรัง,25-29,หญิง,27
อุบลราชธานี,โรคปอดอุดกั้นเรื้อรัง,30-34,ชาย,140
อุบลราชธานี,โรคปอดอุดกั้นเรื้อรัง,30-34,หญิง,36
อุบลราชธานี,โรคปอดอุดกั้นเรื้อรัง,35-39,ชาย,300
อุบลราชธานี,โรคปอดอุดกั้นเรื้อรัง,35-39,หญิง,61
อุบลราชธานี,โรคปอดอุดกั้นเรื้อรัง,40-44,ชาย,815
อุบลราชธานี,โรคปอดอุดกั้นเรื้อรัง,40-44,หญิง,198
อุบลราชธานี,โรคปอดอุดกั้นเรื้อรัง,45-49,ชาย,1635
อุบลราชธานี,โรคปอดอุดกั้นเรื้อรัง,45-49,หญิง,309
อุบลราชธานี,โรคปอดอุดกั้นเรื้อรัง,5-9,ชาย,23
อุบลราชธานี,โรคปอดอุดกั้นเรื้อรัง,5-9,หญิง,26
อุบลราชธานี,โรคปอดอุดกั้นเรื้อรัง,50-54,ชาย,3475
อุบลราชธานี,โรคปอดอุดกั้นเรื้อรัง,50-54,หญิง,573
อุบลราชธานี,โรคปอดอุดกั้นเรื้อรัง,55-59,ชาย,5664
อุบลราชธานี,โรคปอดอุดกั้นเรื้อรัง,55-59,หญิง,907
อุบลราชธานี,โรคปอดอุดกั้นเรื้อรัง,60-64,ชาย,8900
อุบลราชธานี,โรคปอดอุดกั้นเรื้อรัง,60-64,หญิง,1126
อุบลราชธานี,โรคปอดอุดกั้นเรื้อรัง,65-69,ชาย,11250
อุบลราชธานี,โรคปอดอุดกั้นเรื้อรัง,65-69,หญิง,1568
อุบลราชธานี,โรคปอดอุดกั้นเรื้อรัง,70-74,ชาย,13006
อุบลราชธานี,โรคปอดอุดกั้นเรื้อรัง,70-74,หญิง,2272
อุบลราชธานี,โรคปอดอุดกั้นเรื้อรัง,75-79,ชาย,11476
อุบลราชธานี,โรคปอดอุดกั้นเรื้อรัง,75-79,หญิง,1880
อุบลราชธานี,โรคปอดอุดกั้นเรื้อรัง,80+,ชาย,14917
อุบลราชธานี,โรคปอดอุดกั้นเรื้อรัง,80+,หญิง,3315
อุบลราชธานี,โรคปอดอุดกั้นเรื้อรัง,80+,ไม่ระบุ,4
อุบลราชธานี,โรคปอดอุดกั้นเรื้อรัง,ไม่ทราบ,ชาย,51
อุบลราชธานี,โรคปอดอุดกั้นเรื้อรัง,ไม่ทราบ,หญิง,29
อุบลราชธานี,โรคปอดอุดกั้นเรื้อรัง,ไม่ทราบ,ไม่ระบุ,3276
อุบลราชธานี,โรคผิวหนังอักเสบ,0-4,ชาย,3462
อุบลราชธานี,โรคผิวหนังอักเสบ,0-4,หญิง,3174
อุบลราชธานี,โรคผิวหนังอักเสบ,10-14,ชาย,1872
อุบลราชธานี,โรคผิวหนังอักเสบ,10-14,หญิง,1723
อุบลราชธานี,โรคผิวหนังอักเสบ,15-19,ชาย,1068
อุบลราชธานี,โรคผิวหนังอักเสบ,15-19,หญิง,1752
อุบลราชธานี,โรคผิวหนังอักเสบ,20-24,ชาย,1005
อุบลราชธานี,โรคผิวหนังอักเสบ,20-24,หญิง,1486
อุบลราชธานี,โรคผิวหนังอักเสบ,25-29,ชาย,1015
อุบลราชธานี,โรคผิวหนังอักเสบ,25-29,หญิง,1818
อุบลราชธานี,โรคผิวหนังอักเสบ,30-34,ชาย,1135
อุบลราชธานี,โรคผิวหนังอักเสบ,30-34,หญิง,2009
อุบลราชธานี,โรคผิวหนังอักเสบ,35-39,ชาย,1318
อุบลราชธานี,โรคผิวหนังอักเสบ,35-39,หญิง,2193
อุบลราชธานี,โรคผิวหนังอักเสบ,40-44,ชาย,1618
อุบลราชธานี,โรคผิวหนังอักเสบ,40-44,หญิง,2782
อุบลราชธานี,โรคผิวหนังอักเสบ,45-49,ชาย,2006
อุบลราชธานี,โรคผิวหนังอักเสบ,45-49,หญิง,3623
อุบลราชธานี,โรคผิวหนังอักเสบ,5-9,ชาย,2722
อุบลราชธานี,โรคผิวหนังอักเสบ,5-9,หญิง,2217
อุบลราชธานี,โรคผิวหนังอักเสบ,50-54,ชาย,2573
อุบลราชธานี,โรคผิวหนังอักเสบ,50-54,หญิง,4237
อุบลราชธานี,โรคผิวหนังอักเสบ,55-59,ชาย,2879
อุบลราชธานี,โรคผิวหนังอักเสบ,55-59,หญิง,4255
อุบลราชธานี,โรคผิวหนังอักเสบ,60-64,ชาย,3057
อุบลราชธานี,โรคผิวหนังอักเสบ,60-64,หญิง,3445
อุบลราชธานี,โรคผิวหนังอักเสบ,65-69,ชาย,2830
อุบลราชธานี,โรคผิวหนังอักเสบ,65-69,หญิง,2815
อุบลราชธานี,โรคผิวหนังอักเสบ,70-74,ชาย,2317
อุบลราชธานี,โรคผิวหนังอักเสบ,70-74,หญิง,2109
อุบลราชธานี,โรคผิวหนังอักเสบ,75-79,ชาย,1729
อุบลราชธานี,โรคผิวหนังอักเสบ,75-79,หญิง,1255
อุบลราชธานี,โรคผิวหนังอักเสบ,80+,ชาย,1586
อุบลราชธานี,โรคผิวหนังอักเสบ,80+,หญิง,1514
อุบลราชธานี,โรคผิวหนังอักเสบ,ไม่ทราบ,ชาย,83
อุบลราชธานี,โรคผิวหนังอักเสบ,ไม่ทราบ,หญิง,65
อุบลราชธานี,โรคผิวหนังอักเสบ,ไม่ทราบ,ไม่ระบุ,2236
อุบลราชธานี,โรคลมพิษ,0-4,ชาย,2768
อุบลราชธานี,โรคลมพิษ,0-4,หญิง,2500
อุบลราชธานี,โรคลมพิษ,10-14,ชาย,1818
อุบลราชธานี,โรคลมพิษ,10-14,หญิง,1791
อุบลราชธานี,โรคลมพิษ,15-19,ชาย,1160
อุบลราชธานี,โรคลมพิษ,15-19,หญิง,2093
อุบลราชธานี,โรคลมพิษ,20-24,ชาย,809
อุบลราชธานี,โรคลมพิษ,20-24,หญิง,1802
อุบลราชธานี,โรคลมพิษ,25-29,ชาย,814
อุบลราชธานี,โรคลมพิษ,25-29,หญิง,1983
อุบลราชธานี,โรคลมพิษ,30-34,ชาย,787
อุบลราชธานี,โรคลมพิษ,30-34,หญิง,2129
อุบลราชธานี,โรคลมพิษ,35-39,ชาย,829
อุบลราชธานี,โรคลมพิษ,35-39,หญิง,2207
อุบลราชธานี,โรคลมพิษ,40-44,ชาย,903
อุบลราชธานี,โรคลมพิษ,40-44,หญิง,2599
อุบลราชธานี,โรคลมพิษ,45-49,ชาย,981
อุบลราชธานี,โรคลมพิษ,45-49,หญิง,3174
อุบลราชธานี,โรคลมพิษ,5-9,ชาย,2240
อุบลราชธานี,โรคลมพิษ,5-9,หญิง,1951
อุบลราชธานี,โรคลมพิษ,50-54,ชาย,1118
อุบลราชธานี,โรคลมพิษ,50-54,หญิง,3159
อุบลราชธานี,โรคลมพิษ,55-59,ชาย,1121
อุบลราชธานี,โรคลมพิษ,55-59,หญิง,2588
อุบลราชธานี,โรคลมพิษ,60-64,ชาย,1085
อุบลราชธานี,โรคลมพิษ,60-64,หญิง,1984
อุบลราชธานี,โรคลมพิษ,65-69,ชาย,934
อุบลราชธานี,โรคลมพิษ,65-69,หญิง,1488
อุบลราชธานี,โรคลมพิษ,70-74,ชาย,817
อุบลราชธานี,โรคลมพิษ,70-74,หญิง,1015
อุบลราชธานี,โรคลมพิษ,75-79,ชาย,517
อุบลราชธานี,โรคลมพิษ,75-79,หญิง,634
อุบลราชธานี,โรคลมพิษ,80+,ชาย,521
อุบลราชธานี,โรคลมพิษ,80+,หญิง,653
อุบลราชธานี,โรคลมพิษ,ไม่ทราบ,ชาย,41
อุบลราชธานี,โรคลมพิษ,ไม่ทราบ,หญิง,34
อุบลราชธานี,โรคลมพิษ,ไม่ทราบ,ไม่ระบุ,812
อุบลราชธานี,โรคหอบหืด,0-4,ชาย,6591
อุบลราชธานี,โรคหอบหืด,0-4,หญิง,4036
อุบลราชธานี,โรคหอบหืด,10-14,ชาย,4498
อุบลราชธานี,โรคหอบหืด,10-14,หญิง,2636
อุบลราชธานี,โรคหอบหืด,15-19,ชาย,1423
อุบลราชธานี,โรคหอบหืด,15-19,หญิง,1312
อุบลราชธานี,โรคหอบหืด,20-24,ชาย,1131
อุบลราชธานี,โรคหอบหืด,20-24,หญิง,1139
อุบลราชธานี,โรคหอบหืด,25-29,ชาย,781
อุบลราชธานี,โรคหอบหืด,25-29,หญิง,1580
อุบลราชธานี,โรคหอบหืด,30-34,ชาย,1037
อุบลราชธานี,โรคหอบหืด,30-34,หญิง,2279
อุบลราชธานี,โรคหอบหืด,35-39,ชาย,1338
อุบลราชธานี,โรคหอบหืด,35-39,หญิง,3252
อุบลราชธานี,โรคหอบหืด,40-44,ชาย,1899
อุบลราชธานี,โรคหอบหืด,40-44,หญิง,4280
อุบลราชธานี,โรคหอบหืด,45-49,ชาย,2444
อุบลราชธานี,โรคหอบหืด,45-49,หญิง,6753
อุบลราชธานี,โรคหอบหืด,5-9,ชาย,10835
อุบลราชธานี,โรคหอบหืด,5-9,หญิง,6156
อุบลราชธานี,โรคหอบหืด,50-54,ชาย,3052
อุบลราชธานี,โรคหอบหืด,50-54,หญิง,8243
อุบลราชธานี,โรคหอบหืด,55-59,ชาย,3542
อุบลราชธานี,โรคหอบหืด,55-59,หญิง,8874
อุบลราชธานี,โรคหอบหืด,60-64,ชาย,3211
อุบลราชธานี,โรคหอบหืด,60-64,หญิง,8225
อุบลราชธานี,โรคหอบหืด,65-69,ชาย,2624
อุบลราชธานี,โรคหอบหืด,65-69,หญิง,7567
อุบลราชธานี,โรคหอบหืด,70-74,ชาย,2024
อุบลราชธานี,โรคหอบหืด,70-74,หญิง,5980
อุบลราชธานี,โรคหอบหืด,75-79,ชาย,1108
อุบลราชธานี,โรคหอบหืด,75-79,หญิง,3821
อุบลราชธานี,โรคหอบหืด,80+,ชาย,1307
อุบลราชธานี,โรคหอบหืด,80+,หญิง,3792
อุบลราชธานี,โรคหอบหืด,ไม่ทราบ,ชาย,113
อุบลราชธานี,โรคหอบหืด,ไม่ทราบ,หญิง,69
อุบลราชธานี,โรคหอบหืด,ไม่ทราบ,ไม่ระบุ,2834
อุบลราชธานี,โรคเยื่อจมูกอักเสบจากภูมิแพ้,0-4,ชาย,3968
อุบลราชธานี,โรคเยื่อจมูกอักเสบจากภูมิแพ้,0-4,หญิง,3361
อุบลราชธานี,โรคเยื่อจมูกอักเสบจากภูมิแพ้,10-14,ชาย,3159
อุบลราชธานี,โรคเยื่อจมูกอักเสบจากภูมิแพ้,10-14,หญิง,1992
อุบลราชธานี,โรคเยื่อจมูกอักเสบจากภูมิแพ้,15-19,ชาย,1012
อุบลราชธานี,โรคเยื่อจมูกอักเสบจากภูมิแพ้,15-19,หญิง,1461
อุบลราชธานี,โรคเยื่อจมูกอักเสบจากภูมิแพ้,20-24,ชาย,794
อุบลราชธานี,โรคเยื่อจมูกอักเสบจากภูมิแพ้,20-24,หญิง,1485
อุบลราชธานี,โรคเยื่อจมูกอักเสบจากภูมิแพ้,25-29,ชาย,1045
อุบลราชธานี,โรคเยื่อจมูกอักเสบจากภูมิแพ้,25-29,หญิง,2188
อุบลราชธานี,โรคเยื่อจมูกอักเสบจากภูมิแพ้,30-34,ชาย,1018
อุบลราชธานี,โรคเยื่อจมูกอักเสบจากภูมิแพ้,30-34,หญิง,2696
อุบลราชธานี,โรคเยื่อจมูกอักเสบจากภูมิแพ้,35-39,ชาย,1028
อุบลราชธานี,โรคเยื่อจมูกอักเสบจากภูมิแพ้,35-39,หญิง,2667
อุบลราชธานี,โรคเยื่อจมูกอักเสบจากภูมิแพ้,40-44,ชาย,1205
อุบลราชธานี,โรคเยื่อจมูกอักเสบจากภูมิแพ้,40-44,หญิง,3131
อุบลราชธานี,โรคเยื่อจมูกอักเสบจากภูมิแพ้,45-49,ชาย,1281
อุบลราชธานี,โรคเยื่อจมูกอักเสบจากภูมิแพ้,45-49,หญิง,3372
อุบลราชธานี,โรคเยื่อจมูกอักเสบจากภูมิแพ้,5-9,ชาย,5941
อุบลราชธานี,โรคเยื่อจมูกอักเสบจากภูมิแพ้,5-9,หญิง,4190
อุบลราชธานี,โรคเยื่อจมูกอักเสบจากภูมิแพ้,50-54,ชาย,1318
อุบลราชธานี,โรคเยื่อจมูกอักเสบจากภูมิแพ้,50-54,หญิง,3480
อุบลราชธานี,โรคเยื่อจมูกอักเสบจากภูมิแพ้,55-59,ชาย,1370
อุบลราชธานี,โรคเยื่อจมูกอักเสบจากภูมิแพ้,55-59,หญิง,3335
อุบลราชธานี,โรคเยื่อจมูกอักเสบจากภูมิแพ้,60-64,ชาย,1503
อุบลราชธานี,โรคเยื่อจมูกอักเสบจากภูมิแพ้,60-64,หญิง,2681
อุบลราชธานี,โรคเยื่อจมูกอักเสบจากภูมิแพ้,65-69,ชาย,1322
อุบลราชธานี,โรคเยื่อจมูกอักเสบจากภูมิแพ้,65-69,หญิง,1832
อุบลราชธานี,โรคเยื่อจมูกอักเสบจากภูมิแพ้,70-74,ชาย,943
อุบลราชธานี,โรคเยื่อจมูกอักเสบจากภูมิแพ้,70-74,หญิง,1229
อุบลราชธานี,โรคเยื่อจมูกอักเสบจากภูมิแพ้,75-79,ชาย,620
อุบลราชธานี,โรคเยื่อจมูกอักเสบจากภูมิแพ้,75-79,หญิง,645
อุบลราชธานี,โรคเยื่อจมูกอักเสบจากภูมิแพ้,80+,ชาย,467
อุบลราชธานี,โรคเยื่อจมูกอักเสบจากภูมิแพ้,80+,หญิง,444
อุบลราชธานี,โรคเยื่อจมูกอักเสบจากภูมิแพ้,ไม่ทราบ,ชาย,91
อุบลราชธานี,โรคเยื่อจมูกอักเสบจากภูมิแพ้,ไม่ทราบ,หญิง,72
อุบลราชธานี,โรคเยื่อจมูกอักเสบจากภูมิแพ้,ไม่ทราบ,ไม่ระบุ,435
อุบลราชธานี,โรคเยื่อบุตาอักเสบ,0-4,ชาย,3803
อุบลราชธานี,โรคเยื่อบุตาอักเสบ,0-4,หญิง,3106
อุบลราชธานี,โรคเยื่อบุตาอักเสบ,10-14,ชาย,3301
อุบลราชธานี,โรคเยื่อบุตาอักเสบ,10-14,หญิง,3113
อุบลราชธานี,โรคเยื่อบุตาอักเสบ,15-19,ชาย,2639
อุบลราชธานี,โรคเยื่อบุตาอักเสบ,15-19,หญิง,3780
อุบลราชธานี,โรคเยื่อบุตาอักเสบ,20-24,ชาย,2297
อุบลราชธานี,โรคเยื่อบุตาอักเสบ,20-24,หญิง,2438
อุบลราชธานี,โรคเยื่อบุตาอักเสบ,25-29,ชาย,2594
อุบลราชธานี,โรคเยื่อบุตาอักเสบ,25-29,หญิง,3084
อุบลราชธานี,โรคเยื่อบุตาอักเสบ,30-34,ชาย,2953
อุบลราชธานี,โรคเยื่อบุตาอักเสบ,30-34,หญิง,3669
อุบลราชธานี,โรคเยื่อบุตาอักเสบ,35-39,ชาย,3289
อุบลราชธานี,โรคเยื่อบุตาอักเสบ,35-39,หญิง,3964
อุบลราชธานี,โรคเยื่อบุตาอักเสบ,40-44,ชาย,3898
อุบลราชธานี,โรคเยื่อบุตาอักเสบ,40-44,หญิง,5112
อุบลราชธานี,โรคเยื่อบุตาอักเสบ,45-49,ชาย,4679
อุบลราชธานี,โรคเยื่อบุตาอักเสบ,45-49,หญิง,6630
อุบลราชธานี,โรคเยื่อบุตาอักเสบ,5-9,ชาย,4108
อุบลราชธานี,โรคเยื่อบุตาอักเสบ,5-9,หญิง,2902
อุบลราชธานี,โรคเยื่อบุตาอักเสบ,50-54,ชาย,5365
อุบลราชธานี,โรคเยื่อบุตาอักเสบ,50-54,หญิง,8987
อุบลราชธานี,โรคเยื่อบุตาอักเสบ,55-59,ชาย,5473
อุบลราชธานี,โรคเยื่อบุตาอักเสบ,55-59,หญิง,9298
อุบลราชธานี,โรคเยื่อบุตาอักเสบ,60-64,ชาย,4845
อุบลราชธานี,โรคเยื่อบุตาอักเสบ,60-64,หญิง,7605
อุบลราชธานี,โรคเยื่อบุตาอักเสบ,65-69,ชาย,4250
อุบลราชธานี,โรคเยื่อบุตาอักเสบ,65-69,หญิง,6132
อุบลราชธานี,โรคเยื่อบุตาอักเสบ,70-74,ชาย,3487
อุบลราชธานี,โรคเยื่อบุตาอักเสบ,70-74,หญิง,4774
อุบลราชธานี,โรคเยื่อบุตาอักเสบ,75-79,ชาย,2441
อุบลราชธานี,โรคเยื่อบุตาอักเสบ,75-79,หญิง,3136
อุบลราชธานี,โรคเยื่อบุตาอักเสบ,80+,ชาย,2471
อุบลราชธานี,โรคเยื่อบุตาอักเสบ,80+,หญิง,4196
อุบลราชธานี,โรคเยื่อบุตาอักเสบ,ไม่ทราบ,ชาย,47
อุบลราชธานี,โรคเยื่อบุตาอักเสบ,ไม่ทราบ,หญิง,26
อุบลราชธานี,โรคเยื่อบุตาอักเสบ,ไม่ทราบ,ไม่ระบุ,2004
อ่างทอง,โรคติดเชื้อทางเดินหายใจส่วนบนเฉียบพลัน,0-4,ชาย,14682
อ่างทอง,โรคติดเชื้อทางเดินหายใจส่วนบนเฉียบพลัน,0-4,หญิง,13158
อ่างทอง,โรคติดเชื้อทางเดินหายใจส่วนบนเฉียบพลัน,0-4,ไม่ระบุ,4
อ่างทอง,โรคติดเชื้อทางเดินหายใจส่วนบนเฉียบพลัน,10-14,ชาย,8069
อ่างทอง,โรคติดเชื้อทางเดินหายใจส่วนบนเฉียบพลัน,10-14,หญิง,8014
อ่างทอง,โรคติดเชื้อทางเดินหายใจส่วนบนเฉียบพลัน,15-19,ชาย,4278
อ่างทอง,โรคติดเชื้อทางเดินหายใจส่วนบนเฉียบพลัน,15-19,หญิง,5661
อ่างทอง,โรคติดเชื้อทางเดินหายใจส่วนบนเฉียบพลัน,20-24,ชาย,3989
อ่างทอง,โรคติดเชื้อทางเดินหายใจส่วนบนเฉียบพลัน,20-24,หญิง,5952
อ่างทอง,โรคติดเชื้อทางเดินหายใจส่วนบนเฉียบพลัน,25-29,ชาย,4279
อ่างทอง,โรคติดเชื้อทางเดินหายใจส่วนบนเฉียบพลัน,25-29,หญิง,7035
อ่างทอง,โรคติดเชื้อทางเดินหายใจส่วนบนเฉียบพลัน,30-34,ชาย,3740
อ่างทอง,โรคติดเชื้อทางเดินหายใจส่วนบนเฉียบพลัน,30-34,หญิง,6406
อ่างทอง,โรคติดเชื้อทางเดินหายใจส่วนบนเฉียบพลัน,35-39,ชาย,3006
อ่างทอง,โรคติดเชื้อทางเดินหายใจส่วนบนเฉียบพลัน,35-39,หญิง,5561
อ่างทอง,โรคติดเชื้อทางเดินหายใจส่วนบนเฉียบพลัน,35-39,ไม่ระบุ,3
อ่างทอง,โรคติดเชื้อทางเดินหายใจส่วนบนเฉียบพลัน,40-44,ชาย,3021
อ่างทอง,โรคติดเชื้อทางเดินหายใจส่วนบนเฉียบพลัน,40-44,หญิง,5645
อ่างทอง,โรคติดเชื้อทางเดินหายใจส่วนบนเฉียบพลัน,45-49,ชาย,2956
อ่างทอง,โรคติดเชื้อทางเดินหายใจส่วนบนเฉียบพลัน,45-49,หญิง,5797
อ่างทอง,โรคติดเชื้อทางเดินหายใจส่วนบนเฉียบพลัน,5-9,ชาย,13200
อ่างทอง,โรคติดเชื้อทางเดินหายใจส่วนบนเฉียบพลัน,5-9,หญิง,12049
อ่างทอง,โรคติดเชื้อทางเดินหายใจส่วนบนเฉียบพลัน,50-54,ชาย,2940
อ่างทอง,โรคติดเชื้อทางเดินหายใจส่วนบนเฉียบพลัน,50-54,หญิง,6211
อ่างทอง,โรคติดเชื้อทางเดินหายใจส่วนบนเฉียบพลัน,55-59,ชาย,3264
อ่างทอง,โรคติดเชื้อทางเดินหายใจส่วนบนเฉียบพลัน,55-59,หญิง,6898
อ่างทอง,โรคติดเชื้อทางเดินหายใจส่วนบนเฉียบพลัน,60-64,ชาย,3604
อ่างทอง,โรคติดเชื้อทางเดินหายใจส่วนบนเฉียบพลัน,60-64,หญิง,7292
อ่างทอง,โรคติดเชื้อทางเดินหายใจส่วนบนเฉียบพลัน,65-69,ชาย,3518
อ่างทอง,โรคติดเชื้อทางเดินหายใจส่วนบนเฉียบพลัน,65-69,หญิง,6155
อ่างทอง,โรคติดเชื้อทางเดินหายใจส่วนบนเฉียบพลัน,70-74,ชาย,3254
อ่างทอง,โรคติดเชื้อทางเดินหายใจส่วนบนเฉียบพลัน,70-74,หญิง,4745
อ่างทอง,โรคติดเชื้อทางเดินหายใจส่วนบนเฉียบพลัน,75-79,ชาย,2071
อ่างทอง,โรคติดเชื้อทางเดินหายใจส่วนบนเฉียบพลัน,75-79,หญิง,2824
อ่างทอง,โรคติดเชื้อทางเดินหายใจส่วนบนเฉียบพลัน,80+,ชาย,2128
อ่างทอง,โรคติดเชื้อทางเดินหายใจส่วนบนเฉียบพลัน,80+,หญิง,3223
อ่างทอง,โรคติดเชื้อทางเดินหายใจส่วนบนเฉียบพลัน,ไม่ทราบ,ชาย,3
อ่างทอง,โรคติดเชื้อทางเดินหายใจส่วนบนเฉียบพลัน,ไม่ทราบ,หญิง,4
อ่างทอง,โรคติดเชื้อทางเดินหายใจส่วนบนเฉียบพลัน,ไม่ทราบ,ไม่ระบุ,1432
อ่างทอง,โรคปอดอุดกั้นเรื้อรัง,0-4,ชาย,7
อ่างทอง,โรคปอดอุดกั้นเรื้อรัง,0-4,หญิง,6
อ่างทอง,โรคปอดอุดกั้นเรื้อรัง,10-14,ชาย,3
อ่างทอง,โรคปอดอุดกั้นเรื้อรัง,10-14,หญิง,2
อ่างทอง,โรคปอดอุดกั้นเรื้อรัง,20-24,ชาย,3
อ่างทอง,โรคปอดอุดกั้นเรื้อรัง,25-29,ชาย,26
อ่างทอง,โรคปอดอุดกั้นเรื้อรัง,25-29,หญิง,8
อ่างทอง,โรคปอดอุดกั้นเรื้อรัง,30-34,ชาย,27
อ่างทอง,โรคปอดอุดกั้นเรื้อรัง,30-34,หญิง,1
อ่างทอง,โรคปอดอุดกั้นเรื้อรัง,35-39,ชาย,62
อ่างทอง,โรคปอดอุดกั้นเรื้อรัง,35-39,หญิง,3
อ่างทอง,โรคปอดอุดกั้นเรื้อรัง,40-44,ชาย,116
อ่างทอง,โรคปอดอุดกั้นเรื้อรัง,40-44,หญิง,14
อ่างทอง,โรคปอดอุดกั้นเรื้อรัง,45-49,ชาย,288
อ่างทอง,โรคปอดอุดกั้นเรื้อรัง,45-49,หญิง,34
อ่างทอง,โรคปอดอุดกั้นเรื้อรัง,5-9,ชาย,4
อ่างทอง,โรคปอดอุดกั้นเรื้อรัง,5-9,หญิง,5
อ่างทอง,โรคปอดอุดกั้นเรื้อรัง,50-54,ชาย,416
อ่างทอง,โรคปอดอุดกั้นเรื้อรัง,50-54,หญิง,67
อ่างทอง,โรคปอดอุดกั้นเรื้อรัง,55-59,ชาย,754
อ่างทอง,โรคปอดอุดกั้นเรื้อรัง,55-59,หญิง,73
อ่างทอง,โรคปอดอุดกั้นเรื้อรัง,60-64,ชาย,1313
อ่างทอง,โรคปอดอุดกั้นเรื้อรัง,60-64,หญิง,179
อ่างทอง,โรคปอดอุดกั้นเรื้อรัง,65-69,ชาย,1486
อ่างทอง,โรคปอดอุดกั้นเรื้อรัง,65-69,หญิง,215
อ่างทอง,โรคปอดอุดกั้นเรื้อรัง,70-74,ชาย,1650
อ่างทอง,โรคปอดอุดกั้นเรื้อรัง,70-74,หญิง,237
อ่างทอง,โรคปอดอุดกั้นเรื้อรัง,75-79,ชาย,1565
อ่างทอง,โรคปอดอุดกั้นเรื้อรัง,75-79,หญิง,202
อ่างทอง,โรคปอดอุดกั้นเรื้อรัง,80+,ชาย,2140
อ่างทอง,โรคปอดอุดกั้นเรื้อรัง,80+,หญิง,440
อ่างทอง,โรคปอดอุดกั้นเรื้อรัง,ไม่ทราบ,ไม่ระบุ,169
อ่างทอง,โรคผิวหนังอักเสบ,0-4,ชาย,272
อ่างทอง,โรคผิวหนังอักเสบ,0-4,หญิง,240
อ่างทอง,โรคผิวหนังอักเสบ,0-4,ไม่ระบุ,1
อ่างทอง,โรคผิวหนังอักเสบ,10-14,ชาย,200
อ่างทอง,โรคผิวหนังอักเสบ,10-14,หญิง,236
อ่างทอง,โรคผิวหนังอักเสบ,15-19,ชาย,145
อ่างทอง,โรคผิวหนังอักเสบ,15-19,หญิง,213
อ่างทอง,โรคผิวหนังอักเสบ,20-24,ชาย,137
อ่างทอง,โรคผิวหนังอักเสบ,20-24,หญิง,223
อ่างทอง,โรคผิวหนังอักเสบ,25-29,ชาย,130
อ่างทอง,โรคผิวหนังอักเสบ,25-29,หญิง,236
อ่างทอง,โรคผิวหนังอักเสบ,30-34,ชาย,115
อ่างทอง,โรคผิวหนังอักเสบ,30-34,หญิง,235
อ่างทอง,โรคผิวหนังอักเสบ,35-39,ชาย,138
อ่างทอง,โรคผิวหนังอักเสบ,35-39,หญิง,244
อ่างทอง,โรคผิวหนังอักเสบ,40-44,ชาย,141
อ่างทอง,โรคผิวหนังอักเสบ,40-44,หญิง,295
อ่างทอง,โรคผิวหนังอักเสบ,45-49,ชาย,154
อ่างทอง,โรคผิวหนังอักเสบ,45-49,หญิง,367
อ่างทอง,โรคผิวหนังอักเสบ,5-9,ชาย,223
อ่างทอง,โรคผิวหนังอักเสบ,5-9,หญิง,208
อ่างทอง,โรคผิวหนังอักเสบ,50-54,ชาย,211
อ่างทอง,โรคผิวหนังอักเสบ,50-54,หญิง,386
อ่างทอง,โรคผิวหนังอักเสบ,55-59,ชาย,223
อ่างทอง,โรคผิวหนังอักเสบ,55-59,หญิง,465
อ่างทอง,โรคผิวหนังอักเสบ,60-64,ชาย,256
อ่างทอง,โรคผิวหนังอักเสบ,60-64,หญิง,454
อ่างทอง,โรคผิวหนังอักเสบ,65-69,ชาย,254
อ่างทอง,โรคผิวหนังอักเสบ,65-69,หญิง,403
อ่างทอง,โรคผิวหนังอักเสบ,70-74,ชาย,221
อ่างทอง,โรคผิวหนังอักเสบ,70-74,หญิง,316
อ่างทอง,โรคผิวหนังอักเสบ,75-79,ชาย,122
อ่างทอง,โรคผิวหนังอักเสบ,75-79,หญิง,241
อ่างทอง,โรคผิวหนังอักเสบ,80+,ชาย,204
อ่างทอง,โรคผิวหนังอักเสบ,80+,หญิง,282
อ่างทอง,โรคผิวหนังอักเสบ,ไม่ทราบ,ไม่ระบุ,121
อ่างทอง,โรคลมพิษ,0-4,ชาย,253
อ่างทอง,โรคลมพิษ,0-4,หญิง,251
อ่างทอง,โรคลมพิษ,10-14,ชาย,255
อ่างทอง,โรคลมพิษ,10-14,หญิง,264
อ่างทอง,โรคลมพิษ,15-19,ชาย,146
อ่างทอง,โรคลมพิษ,15-19,หญิง,310
อ่างทอง,โรคลมพิษ,20-24,ชาย,144
อ่างทอง,โรคลมพิษ,20-24,หญิง,230
อ่างทอง,โรคลมพิษ,25-29,ชาย,126
อ่างทอง,โรคลมพิษ,25-29,หญิง,279
อ่างทอง,โรคลมพิษ,30-34,ชาย,113
อ่างทอง,โรคลมพิษ,30-34,หญิง,271
อ่างทอง,โรคลมพิษ,35-39,ชาย,84
อ่างทอง,โรคลมพิษ,35-39,หญิง,243
อ่างทอง,โรคลมพิษ,40-44,ชาย,91
อ่างทอง,โรคลมพิษ,40-44,หญิง,328
อ่างทอง,โรคลมพิษ,45-49,ชาย,109
อ่างทอง,โรคลมพิษ,45-49,หญิง,318
อ่างทอง,โรคลมพิษ,5-9,ชาย,276
อ่างทอง,โรคลมพิษ,5-9,หญิง,251
อ่างทอง,โรคลมพิษ,50-54,ชาย,124
อ่างทอง,โรคลมพิษ,50-54,หญิง,303
อ่างทอง,โรคลมพิษ,55-59,ชาย,142
อ่างทอง,โรคลมพิษ,55-59,หญิง,289
อ่างทอง,โรคลมพิษ,60-64,ชาย,190
อ่างทอง,โรคลมพิษ,60-64,หญิง,351
อ่างทอง,โรคลมพิษ,65-69,ชาย,152
อ่างทอง,โรคลมพิษ,65-69,หญิง,255
อ่างทอง,โรคลมพิษ,70-74,ชาย,111
อ่างทอง,โรคลมพิษ,70-74,หญิง,251
อ่างทอง,โรคลมพิษ,75-79,ชาย,64
อ่างทอง,โรคลมพิษ,75-79,หญิง,164
อ่างทอง,โรคลมพิษ,80+,ชาย,93
อ่างทอง,โรคลมพิษ,80+,หญิง,181
อ่างทอง,โรคลมพิษ,ไม่ทราบ,หญิง,1
อ่างทอง,โรคลมพิษ,ไม่ทราบ,ไม่ระบุ,65
อ่างทอง,โรคหอบหืด,0-4,ชาย,384
อ่างทอง,โรคหอบหืด,0-4,หญิง,308
อ่างทอง,โรคหอบหืด,10-14,ชาย,805
อ่างทอง,โรคหอบหืด,10-14,หญิง,373
อ่างทอง,โรคหอบหืด,15-19,ชาย,255
อ่างทอง,โรคหอบหืด,15-19,หญิง,168
อ่างทอง,โรคหอบหืด,20-24,ชาย,144
อ่างทอง,โรคหอบหืด,20-24,หญิง,225
อ่างทอง,โรคหอบหืด,25-29,ชาย,197
อ่างทอง,โรคหอบหืด,25-29,หญิง,281
อ่างทอง,โรคหอบหืด,30-34,ชาย,306
อ่างทอง,โรคหอบหืด,30-34,หญิง,464
อ่างทอง,โรคหอบหืด,35-39,ชาย,298
อ่างทอง,โรคหอบหืด,35-39,หญิง,675
อ่างทอง,โรคหอบหืด,40-44,ชาย,450
อ่างทอง,โรคหอบหืด,40-44,หญิง,649
อ่างทอง,โรคหอบหืด,45-49,ชาย,775
อ่างทอง,โรคหอบหืด,45-49,หญิง,1090
อ่างทอง,โรคหอบหืด,5-9,ชาย,1046
อ่างทอง,โรคหอบหืด,5-9,หญิง,635
อ่างทอง,โรคหอบหืด,50-54,ชาย,550
อ่างทอง,โรคหอบหืด,50-54,หญิง,1167
อ่างทอง,โรคหอบหืด,55-59,ชาย,705
อ่างทอง,โรคหอบหืด,55-59,หญิง,1601
อ่างทอง,โรคหอบหืด,60-64,ชาย,553
อ่างทอง,โรคหอบหืด,60-64,หญิง,1467
อ่างทอง,โรคหอบหืด,65-69,ชาย,334
อ่างทอง,โรคหอบหืด,65-69,หญิง,1410
อ่างทอง,โรคหอบหืด,70-74,ชาย,286
อ่างทอง,โรคหอบหืด,70-74,หญิง,999
อ่างทอง,โรคหอบหืด,75-79,ชาย,209
อ่างทอง,โรคหอบหืด,75-79,หญิง,477
อ่างทอง,โรคหอบหืด,80+,ชาย,273
อ่างทอง,โรคหอบหืด,80+,หญิง,616
อ่างทอง,โรคหอบหืด,ไม่ทราบ,ไม่ระบุ,194
อ่างทอง,โรคเยื่อจมูกอักเสบจากภูมิแพ้,0-4,ชาย,430
อ่างทอง,โรคเยื่อจมูกอักเสบจากภูมิแพ้,0-4,หญิง,295
อ่างทอง,โรคเยื่อจมูกอักเสบจากภูมิแพ้,10-14,ชาย,761
อ่างทอง,โรคเยื่อจมูกอักเสบจากภูมิแพ้,10-14,หญิง,503
อ่างทอง,โรคเยื่อจมูกอักเสบจากภูมิแพ้,15-19,ชาย,183
อ่างทอง,โรคเยื่อจมูกอักเสบจากภูมิแพ้,15-19,หญิง,194
อ่างทอง,โรคเยื่อจมูกอักเสบจากภูมิแพ้,20-24,ชาย,108
อ่างทอง,โรคเยื่อจมูกอักเสบจากภูมิแพ้,20-24,หญิง,192
อ่างทอง,โรคเยื่อจมูกอักเสบจากภูมิแพ้,25-29,ชาย,111
อ่างทอง,โรคเยื่อจมูกอักเสบจากภูมิแพ้,25-29,หญิง,351
อ่างทอง,โรคเยื่อจมูกอักเสบจากภูมิแพ้,30-34,ชาย,120
อ่างทอง,โรคเยื่อจมูกอักเสบจากภูมิแพ้,30-34,หญิง,363
อ่างทอง,โรคเยื่อจมูกอักเสบจากภูมิแพ้,35-39,ชาย,128
อ่างทอง,โรคเยื่อจมูกอักเสบจากภูมิแพ้,35-39,หญิง,404
อ่างทอง,โรคเยื่อจมูกอักเสบจากภูมิแพ้,40-44,ชาย,127
อ่างทอง,โรคเยื่อจมูกอักเสบจากภูมิแพ้,40-44,หญิง,332
อ่างทอง,โรคเยื่อจมูกอักเสบจากภูมิแพ้,45-49,ชาย,135
อ่างทอง,โรคเยื่อจมูกอักเสบจากภูมิแพ้,45-49,หญิง,337
อ่างทอง,โรคเยื่อจมูกอักเสบจากภูมิแพ้,5-9,ชาย,1258
อ่างทอง,โรคเยื่อจมูกอักเสบจากภูมิแพ้,5-9,หญิง,750
อ่างทอง,โรคเยื่อจมูกอักเสบจากภูมิแพ้,50-54,ชาย,136
อ่างทอง,โรคเยื่อจมูกอักเสบจากภูมิแพ้,50-54,หญิง,328
อ่างทอง,โรคเยื่อจมูกอักเสบจากภูมิแพ้,55-59,ชาย,200
อ่างทอง,โรคเยื่อจมูกอักเสบจากภูมิแพ้,55-59,หญิง,361
อ่างทอง,โรคเยื่อจมูกอักเสบจากภูมิแพ้,60-64,ชาย,262
อ่างทอง,โรคเยื่อจมูกอักเสบจากภูมิแพ้,60-64,หญิง,329
อ่างทอง,โรคเยื่อจมูกอักเสบจากภูมิแพ้,65-69,ชาย,176
อ่างทอง,โรคเยื่อจมูกอักเสบจากภูมิแพ้,65-69,หญิง,236
อ่างทอง,โรคเยื่อจมูกอักเสบจากภูมิแพ้,70-74,ชาย,140
อ่างทอง,โรคเยื่อจมูกอักเสบจากภูมิแพ้,70-74,หญิง,144
อ่างทอง,โรคเยื่อจมูกอักเสบจากภูมิแพ้,75-79,ชาย,140
อ่างทอง,โรคเยื่อจมูกอักเสบจากภูมิแพ้,75-79,หญิง,96
อ่างทอง,โรคเยื่อจมูกอักเสบจากภูมิแพ้,80+,ชาย,72
อ่างทอง,โรคเยื่อจมูกอักเสบจากภูมิแพ้,80+,หญิง,133
อ่างทอง,โรคเยื่อจมูกอักเสบจากภูมิแพ้,ไม่ทราบ,ไม่ระบุ,130
อ่างทอง,โรคเยื่อบุตาอักเสบ,0-4,ชาย,305
อ่างทอง,โรคเยื่อบุตาอักเสบ,0-4,หญิง,264
อ่างทอง,โรคเยื่อบุตาอักเสบ,10-14,ชาย,356
อ่างทอง,โรคเยื่อบุตาอักเสบ,10-14,หญิง,356
อ่างทอง,โรคเยื่อบุตาอักเสบ,15-19,ชาย,324
อ่างทอง,โรคเยื่อบุตาอักเสบ,15-19,หญิง,408
อ่างทอง,โรคเยื่อบุตาอักเสบ,20-24,ชาย,352
อ่างทอง,โรคเยื่อบุตาอักเสบ,20-24,หญิง,401
อ่างทอง,โรคเยื่อบุตาอักเสบ,25-29,ชาย,393
อ่างทอง,โรคเยื่อบุตาอักเสบ,25-29,หญิง,489
อ่างทอง,โรคเยื่อบุตาอักเสบ,30-34,ชาย,384
อ่างทอง,โรคเยื่อบุตาอักเสบ,30-34,หญิง,462
อ่างทอง,โรคเยื่อบุตาอักเสบ,35-39,ชาย,340
อ่างทอง,โรคเยื่อบุตาอักเสบ,35-39,หญิง,429
อ่างทอง,โรคเยื่อบุตาอักเสบ,40-44,ชาย,403
อ่างทอง,โรคเยื่อบุตาอักเสบ,40-44,หญิง,516
อ่างทอง,โรคเยื่อบุตาอักเสบ,45-49,ชาย,417
อ่างทอง,โรคเยื่อบุตาอักเสบ,45-49,หญิง,559
อ่างทอง,โรคเยื่อบุตาอักเสบ,5-9,ชาย,453
อ่างทอง,โรคเยื่อบุตาอักเสบ,5-9,หญิง,331
อ่างทอง,โรคเยื่อบุตาอักเสบ,50-54,ชาย,467
อ่างทอง,โรคเยื่อบุตาอักเสบ,50-54,หญิง,854
อ่างทอง,โรคเยื่อบุตาอักเสบ,55-59,ชาย,533
อ่างทอง,โรคเยื่อบุตาอักเสบ,55-59,หญิง,969
อ่างทอง,โรคเยื่อบุตาอักเสบ,60-64,ชาย,596
อ่างทอง,โรคเยื่อบุตาอักเสบ,60-64,หญิง,1124
อ่างทอง,โรคเยื่อบุตาอักเสบ,65-69,ชาย,626
อ่างทอง,โรคเยื่อบุตาอักเสบ,65-69,หญิง,1082
อ่างทอง,โรคเยื่อบุตาอักเสบ,70-74,ชาย,524
อ่างทอง,โรคเยื่อบุตาอักเสบ,70-74,หญิง,931
อ่างทอง,โรคเยื่อบุตาอักเสบ,75-79,ชาย,416
อ่างทอง,โรคเยื่อบุตาอักเสบ,75-79,หญิง,522
อ่างทอง,โรคเยื่อบุตาอักเสบ,80+,ชาย,481
อ่างทอง,โรคเยื่อบุตาอักเสบ,80+,หญิง,606
อ่างทอง,โรคเยื่อบุตาอักเสบ,ไม่ทราบ,หญิง,1
อ่างทอง,โรคเยื่อบุตาอักเสบ,ไม่ทราบ,ไม่ระบุ,184
เชียงราย,โรคติดเชื้อทางเดินหายใจส่วนบนเฉียบพลัน,0-4,ชาย,146997
เชียงราย,โรคติดเชื้อทางเดินหายใจส่วนบนเฉียบพลัน,0-4,หญิง,132087
เชียงราย,โรคติดเชื้อทางเดินหายใจส่วนบนเฉียบพลัน,10-14,ชาย,48327
เชียงราย,โรคติดเชื้อทางเดินหายใจส่วนบนเฉียบพลัน,10-14,หญิง,41164
เชียงราย,โรคติดเชื้อทางเดินหายใจส่วนบนเฉียบพลัน,10-14,ไม่ระบุ,3
เชียงราย,โรคติดเชื้อทางเดินหายใจส่วนบนเฉียบพลัน,15-19,ชาย,21710
เชียงราย,โรคติดเชื้อทางเดินหายใจส่วนบนเฉียบพลัน,15-19,หญิง,25750
เชียงราย,โรคติดเชื้อทางเดินหายใจส่วนบนเฉียบพลัน,20-24,ชาย,15303
เชียงราย,โรคติดเชื้อทางเดินหายใจส่วนบนเฉียบพลัน,20-24,หญิง,22661
เชียงราย,โรคติดเชื้อทางเดินหายใจส่วนบนเฉียบพลัน,25-29,ชาย,16534
เชียงราย,โรคติดเชื้อทางเดินหายใจส่วนบนเฉียบพลัน,25-29,หญิง,26652
เชียงราย,โรคติดเชื้อทางเดินหายใจส่วนบนเฉียบพลัน,30-34,ชาย,16523
เชียงราย,โรคติดเชื้อทางเดินหายใจส่วนบนเฉียบพลัน,30-34,หญิง,27542
เชียงราย,โรคติดเชื้อทางเดินหายใจส่วนบนเฉียบพลัน,35-39,ชาย,15579
เชียงราย,โรคติดเชื้อทางเดินหายใจส่วนบนเฉียบพลัน,35-39,หญิง,25884
เชียงราย,โรคติดเชื้อทางเดินหายใจส่วนบนเฉียบพลัน,40-44,ชาย,16543
เชียงราย,โรคติดเชื้อทางเดินหายใจส่วนบนเฉียบพลัน,40-44,หญิง,26789
เชียงราย,โรคติดเชื้อทางเดินหายใจส่วนบนเฉียบพลัน,40-44,ไม่ระบุ,1
เชียงราย,โรคติดเชื้อทางเดินหายใจส่วนบนเฉียบพลัน,45-49,ชาย,15079
เชียงราย,โรคติดเชื้อทางเดินหายใจส่วนบนเฉียบพลัน,45-49,หญิง,25980
เชียงราย,โรคติดเชื้อทางเดินหายใจส่วนบนเฉียบพลัน,5-9,ชาย,94092
เชียงราย,โรคติดเชื้อทางเดินหายใจส่วนบนเฉียบพลัน,5-9,หญิง,85608
เชียงราย,โรคติดเชื้อทางเดินหายใจส่วนบนเฉียบพลัน,50-54,ชาย,14623
เชียงราย,โรคติดเชื้อทางเดินหายใจส่วนบนเฉียบพลัน,50-54,หญิง,28588
เชียงราย,โรคติดเชื้อทางเดินหายใจส่วนบนเฉียบพลัน,55-59,ชาย,16386
เชียงราย,โรคติดเชื้อทางเดินหายใจส่วนบนเฉียบพลัน,55-59,หญิง,33007
เชียงราย,โรคติดเชื้อทางเดินหายใจส่วนบนเฉียบพลัน,60-64,ชาย,18460
เชียงราย,โรคติดเชื้อทางเดินหายใจส่วนบนเฉียบพลัน,60-64,หญิง,32664
เชียงราย,โรคติดเชื้อทางเดินหายใจส่วนบนเฉียบพลัน,60-64,ไม่ระบุ,1
เชียงราย,โรคติดเชื้อทางเดินหายใจส่วนบนเฉียบพลัน,65-69,ชาย,18393
เชียงราย,โรคติดเชื้อทางเดินหายใจส่วนบนเฉียบพลัน,65-69,หญิง,26848
เชียงราย,โรคติดเชื้อทางเดินหายใจส่วนบนเฉียบพลัน,70-74,ชาย,13925
เชียงราย,โรคติดเชื้อทางเดินหายใจส่วนบนเฉียบพลัน,70-74,หญิง,16988
เชียงราย,โรคติดเชื้อทางเดินหายใจส่วนบนเฉียบพลัน,75-79,ชาย,7473
เชียงราย,โรคติดเชื้อทางเดินหายใจส่วนบนเฉียบพลัน,75-79,หญิง,7851
เชียงราย,โรคติดเชื้อทางเดินหายใจส่วนบนเฉียบพลัน,80+,ชาย,6680
เชียงราย,โรคติดเชื้อทางเดินหายใจส่วนบนเฉียบพลัน,80+,หญิง,7276
เชียงราย,โรคติดเชื้อทางเดินหายใจส่วนบนเฉียบพลัน,ไม่ทราบ,ชาย,87
เชียงราย,โรคติดเชื้อทางเดินหายใจส่วนบนเฉียบพลัน,ไม่ทราบ,หญิง,72
เชียงราย,โรคติดเชื้อทางเดินหายใจส่วนบนเฉียบพลัน,ไม่ทราบ,ไม่ระบุ,10844
เชียงราย,โรคปอดอุดกั้นเรื้อรัง,0-4,ชาย,93
เชียงราย,โรคปอดอุดกั้นเรื้อรัง,0-4,หญิง,61
เชียงราย,โรคปอดอุดกั้นเรื้อรัง,10-14,ชาย,42
เชียงราย,โรคปอดอุดกั้นเรื้อรัง,10-14,หญิง,51
เชียงราย,โรคปอดอุดกั้นเรื้อรัง,15-19,ชาย,36
เชียงราย,โรคปอดอุดกั้นเรื้อรัง,15-19,หญิง,81
เชียงราย,โรคปอดอุดกั้นเรื้อรัง,20-24,ชาย,38
เชียงราย,โรคปอดอุดกั้นเรื้อรัง,20-24,หญิง,96
เชียงราย,โรคปอดอุดกั้นเรื้อรัง,25-29,ชาย,102
เชียงราย,โรคปอดอุดกั้นเรื้อรัง,25-29,หญิง,75
เชียงราย,โรคปอดอุดกั้นเรื้อรัง,30-34,ชาย,143
เชียงราย,โรคปอดอุดกั้นเรื้อรัง,30-34,หญิง,111
เชียงราย,โรคปอดอุดกั้นเรื้อรัง,35-39,ชาย,180
เชียงราย,โรคปอดอุดกั้นเรื้อรัง,35-39,หญิง,197
เชียงราย,โรคปอดอุดกั้นเรื้อรัง,40-44,ชาย,400
เชียงราย,โรคปอดอุดกั้นเรื้อรัง,40-44,หญิง,268
เชียงราย,โรคปอดอุดกั้นเรื้อรัง,45-49,ชาย,871
เชียงราย,โรคปอดอุดกั้นเรื้อรัง,45-49,หญิง,412
เชียงราย,โรคปอดอุดกั้นเรื้อรัง,5-9,ชาย,63
เชียงราย,โรคปอดอุดกั้นเรื้อรัง,5-9,หญิง,29
เชียงราย,โรคปอดอุดกั้นเรื้อรัง,50-54,ชาย,1755
เชียงราย,โรคปอดอุดกั้นเรื้อรัง,50-54,หญิง,957
เชียงราย,โรคปอดอุดกั้นเรื้อรัง,55-59,ชาย,3956
เชียงราย,โรคปอดอุดกั้นเรื้อรัง,55-59,หญิง,2158
เชียงราย,โรคปอดอุดกั้นเรื้อรัง,60-64,ชาย,7291
เชียงราย,โรคปอดอุดกั้นเรื้อรัง,60-64,หญิง,4290
เชียงราย,โรคปอดอุดกั้นเรื้อรัง,65-69,ชาย,10543
เชียงราย,โรคปอดอุดกั้นเรื้อรัง,65-69,หญิง,6528
เชียงราย,โรคปอดอุดกั้นเรื้อรัง,70-74,ชาย,11653
เชียงราย,โรคปอดอุดกั้นเรื้อรัง,70-74,หญิง,7685
เชียงราย,โรคปอดอุดกั้นเรื้อรัง,75-79,ชาย,8674
เชียงราย,โรคปอดอุดกั้นเรื้อรัง,75-79,หญิง,6248
เชียงราย,โรคปอดอุดกั้นเรื้อรัง,80+,ชาย,10982
เชียงราย,โรคปอดอุดกั้นเรื้อรัง,80+,หญิง,9679
เชียงราย,โรคปอดอุดกั้นเรื้อรัง,ไม่ทราบ,ชาย,16
เชียงราย,โรคปอดอุดกั้นเรื้อรัง,ไม่ทราบ,หญิง,7
เชียงราย,โรคปอดอุดกั้นเรื้อรัง,ไม่ทราบ,ไม่ระบุ,435
เชียงราย,โรคผิวหนังอักเสบ,0-4,ชาย,3495
เชียงราย,โรคผิวหนังอักเสบ,0-4,หญิง,3301
เชียงราย,โรคผิวหนังอักเสบ,10-14,ชาย,1532
เชียงราย,โรคผิวหนังอักเสบ,10-14,หญิง,1390
เชียงราย,โรคผิวหนังอักเสบ,15-19,ชาย,911
เชียงราย,โรคผิวหนังอักเสบ,15-19,หญิง,1355
เชียงราย,โรคผิวหนังอักเสบ,20-24,ชาย,686
เชียงราย,โรคผิวหนังอักเสบ,20-24,หญิง,1171
เชียงราย,โรคผิวหนังอักเสบ,25-29,ชาย,669
เชียงราย,โรคผิวหนังอักเสบ,25-29,หญิง,1289
เชียงราย,โรคผิวหนังอักเสบ,30-34,ชาย,675
เชียงราย,โรคผิวหนังอักเสบ,30-34,หญิง,1350
เชียงราย,โรคผิวหนังอักเสบ,35-39,ชาย,744
เชียงราย,โรคผิวหนังอักเสบ,35-39,หญิง,1343
เชียงราย,โรคผิวหนังอักเสบ,40-44,ชาย,837
เชียงราย,โรคผิวหนังอักเสบ,40-44,หญิง,1603
เชียงราย,โรคผิวหนังอักเสบ,45-49,ชาย,1003
เชียงราย,โรคผิวหนังอักเสบ,45-49,หญิง,1782
เชียงราย,โรคผิวหนังอักเสบ,5-9,ชาย,2360
เชียงราย,โรคผิวหนังอักเสบ,5-9,หญิง,1977
เชียงราย,โรคผิวหนังอักเสบ,50-54,ชาย,1207
เชียงราย,โรคผิวหนังอักเสบ,50-54,หญิง,1890
เชียงราย,โรคผิวหนังอักเสบ,55-59,ชาย,1393
เชียงราย,โรคผิวหนังอักเสบ,55-59,หญิง,2361
เชียงราย,โรคผิวหนังอักเสบ,60-64,ชาย,1998
เชียงราย,โรคผิวหนังอักเสบ,60-64,หญิง,2343
เชียงราย,โรคผิวหนังอักเสบ,65-69,ชาย,2111
เชียงราย,โรคผิวหนังอักเสบ,65-69,หญิง,2171
เชียงราย,โรคผิวหนังอักเสบ,70-74,ชาย,1872
เชียงราย,โรคผิวหนังอักเสบ,70-74,หญิง,1665
เชียงราย,โรคผิวหนังอักเสบ,75-79,ชาย,1085
เชียงราย,โรคผิวหนังอักเสบ,75-79,หญิง,798
เชียงราย,โรคผิวหนังอักเสบ,80+,ชาย,1003
เชียงราย,โรคผิวหนังอักเสบ,80+,หญิง,1036
เชียงราย,โรคผิวหนังอักเสบ,ไม่ทราบ,ชาย,3
เชียงราย,โรคผิวหนังอักเสบ,ไม่ทราบ,หญิง,6
เชียงราย,โรคผิวหนังอักเสบ,ไม่ทราบ,ไม่ระบุ,562
เชียงราย,โรคลมพิษ,0-4,ชาย,3286
เชียงราย,โรคลมพิษ,0-4,หญิง,2743
เชียงราย,โรคลมพิษ,10-14,ชาย,1822
เชียงราย,โรคลมพิษ,10-14,หญิง,1783
เชียงราย,โรคลมพิษ,15-19,ชาย,1254
เชียงราย,โรคลมพิษ,15-19,หญิง,1906
เชียงราย,โรคลมพิษ,20-24,ชาย,861
เชียงราย,โรคลมพิษ,20-24,หญิง,1648
เชียงราย,โรคลมพิษ,25-29,ชาย,788
เชียงราย,โรคลมพิษ,25-29,หญิง,1795
เชียงราย,โรคลมพิษ,30-34,ชาย,810
เชียงราย,โรคลมพิษ,30-34,หญิง,1795
เชียงราย,โรคลมพิษ,35-39,ชาย,701
เชียงราย,โรคลมพิษ,35-39,หญิง,1673
เชียงราย,โรคลมพิษ,40-44,ชาย,814
เชียงราย,โรคลมพิษ,40-44,หญิง,1952
เชียงราย,โรคลมพิษ,45-49,ชาย,858
เชียงราย,โรคลมพิษ,45-49,หญิง,1946
เชียงราย,โรคลมพิษ,5-9,ชาย,2669
เชียงราย,โรคลมพิษ,5-9,หญิง,2166
เชียงราย,โรคลมพิษ,50-54,ชาย,714
เชียงราย,โรคลมพิษ,50-54,หญิง,2189
เชียงราย,โรคลมพิษ,55-59,ชาย,927
เชียงราย,โรคลมพิษ,55-59,หญิง,2130
เชียงราย,โรคลมพิษ,60-64,ชาย,980
เชียงราย,โรคลมพิษ,60-64,หญิง,1999
เชียงราย,โรคลมพิษ,65-69,ชาย,1044
เชียงราย,โรคลมพิษ,65-69,หญิง,1670
เชียงราย,โรคลมพิษ,70-74,ชาย,857
เชียงราย,โรคลมพิษ,70-74,หญิง,1033
เชียงราย,โรคลมพิษ,75-79,ชาย,508
เชียงราย,โรคลมพิษ,75-79,หญิง,477
เชียงราย,โรคลมพิษ,80+,ชาย,420
เชียงราย,โรคลมพิษ,80+,หญิง,423
เชียงราย,โรคลมพิษ,ไม่ทราบ,ชาย,3
เชียงราย,โรคลมพิษ,ไม่ทราบ,หญิง,1
เชียงราย,โรคลมพิษ,ไม่ทราบ,ไม่ระบุ,410
เชียงราย,โรคหอบหืด,0-4,ชาย,3111
เชียงราย,โรคหอบหืด,0-4,หญิง,1790
เชียงราย,โรคหอบหืด,10-14,ชาย,3525
เชียงราย,โรคหอบหืด,10-14,หญิง,1949
เชียงราย,โรคหอบหืด,15-19,ชาย,966
เชียงราย,โรคหอบหืด,15-19,หญิง,828
เชียงราย,โรคหอบหืด,20-24,ชาย,492
เชียงราย,โรคหอบหืด,20-24,หญิง,506
เชียงราย,โรคหอบหืด,25-29,ชาย,565
เชียงราย,โรคหอบหืด,25-29,หญิง,946
เชียงราย,โรคหอบหืด,30-34,ชาย,591
เชียงราย,โรคหอบหืด,30-34,หญิง,1085
เชียงราย,โรคหอบหืด,35-39,ชาย,838
เชียงราย,โรคหอบหืด,35-39,หญิง,1774
เชียงราย,โรคหอบหืด,40-44,ชาย,1108
เชียงราย,โรคหอบหืด,40-44,หญิง,2456
เชียงราย,โรคหอบหืด,45-49,ชาย,1325
เชียงราย,โรคหอบหืด,45-49,หญิง,2818
เชียงราย,โรคหอบหืด,5-9,ชาย,6069
เชียงราย,โรคหอบหืด,5-9,หญิง,3670
เชียงราย,โรคหอบหืด,50-54,ชาย,1603
เชียงราย,โรคหอบหืด,50-54,หญิง,3813
เชียงราย,โรคหอบหืด,55-59,ชาย,2170
เชียงราย,โรคหอบหืด,55-59,หญิง,4741
เชียงราย,โรคหอบหืด,60-64,ชาย,2515
เชียงราย,โรคหอบหืด,60-64,หญิง,5222
เชียงราย,โรคหอบหืด,65-69,ชาย,2008
เชียงราย,โรคหอบหืด,65-69,หญิง,4851
เชียงราย,โรคหอบหืด,70-74,ชาย,1434
เชียงราย,โรคหอบหืด,70-74,หญิง,2773
เชียงราย,โรคหอบหืด,75-79,ชาย,741
เชียงราย,โรคหอบหืด,75-79,หญิง,1367
เชียงราย,โรคหอบหืด,80+,ชาย,646
เชียงราย,โรคหอบหืด,80+,หญิง,907
เชียงราย,โรคหอบหืด,ไม่ทราบ,ชาย,2
เชียงราย,โรคหอบหืด,ไม่ทราบ,หญิง,7
เชียงราย,โรคหอบหืด,ไม่ทราบ,ไม่ระบุ,321
เชียงราย,โรคเยื่อจมูกอักเสบจากภูมิแพ้,0-4,ชาย,3221
เชียงราย,โรคเยื่อจมูกอักเสบจากภูมิแพ้,0-4,หญิง,2576
เชียงราย,โรคเยื่อจมูกอักเสบจากภูมิแพ้,10-14,ชาย,5558
เชียงราย,โรคเยื่อจมูกอักเสบจากภูมิแพ้,10-14,หญิง,3245
เชียงราย,โรคเยื่อจมูกอักเสบจากภูมิแพ้,15-19,ชาย,1811
เชียงราย,โรคเยื่อจมูกอักเสบจากภูมิแพ้,15-19,หญิง,2029
เชียงราย,โรคเยื่อจมูกอักเสบจากภูมิแพ้,20-24,ชาย,676
เชียงราย,โรคเยื่อจมูกอักเสบจากภูมิแพ้,20-24,หญิง,959
เชียงราย,โรคเยื่อจมูกอักเสบจากภูมิแพ้,25-29,ชาย,494
เชียงราย,โรคเยื่อจมูกอักเสบจากภูมิแพ้,25-29,หญิง,1248
เชียงราย,โรคเยื่อจมูกอักเสบจากภูมิแพ้,30-34,ชาย,638
เชียงราย,โรคเยื่อจมูกอักเสบจากภูมิแพ้,30-34,หญิง,1568
เชียงราย,โรคเยื่อจมูกอักเสบจากภูมิแพ้,35-39,ชาย,576
เชียงราย,โรคเยื่อจมูกอักเสบจากภูมิแพ้,35-39,หญิง,1412
เชียงราย,โรคเยื่อจมูกอักเสบจากภูมิแพ้,40-44,ชาย,607
เชียงราย,โรคเยื่อจมูกอักเสบจากภูมิแพ้,40-44,หญิง,1572
เชียงราย,โรคเยื่อจมูกอักเสบจากภูมิแพ้,45-49,ชาย,586
เชียงราย,โรคเยื่อจมูกอักเสบจากภูมิแพ้,45-49,หญิง,1329
เชียงราย,โรคเยื่อจมูกอักเสบจากภูมิแพ้,5-9,ชาย,7505
เชียงราย,โรคเยื่อจมูกอักเสบจากภูมิแพ้,5-9,หญิง,5182
เชียงราย,โรคเยื่อจมูกอักเสบจากภูมิแพ้,50-54,ชาย,467
เชียงราย,โรคเยื่อจมูกอักเสบจากภูมิแพ้,50-54,หญิง,1256
เชียงราย,โรคเยื่อจมูกอักเสบจากภูมิแพ้,55-59,ชาย,507
เชียงราย,โรคเยื่อจมูกอักเสบจากภูมิแพ้,55-59,หญิง,1297
เชียงราย,โรคเยื่อจมูกอักเสบจากภูมิแพ้,60-64,ชาย,544
เชียงราย,โรคเยื่อจมูกอักเสบจากภูมิแพ้,60-64,หญิง,1001
เชียงราย,โรคเยื่อจมูกอักเสบจากภูมิแพ้,65-69,ชาย,549
เชียงราย,โรคเยื่อจมูกอักเสบจากภูมิแพ้,65-69,หญิง,804
เชียงราย,โรคเยื่อจมูกอักเสบจากภูมิแพ้,70-74,ชาย,443
เชียงราย,โรคเยื่อจมูกอักเสบจากภูมิแพ้,70-74,หญิง,451
เชียงราย,โรคเยื่อจมูกอักเสบจากภูมิแพ้,75-79,ชาย,272
เชียงราย,โรคเยื่อจมูกอักเสบจากภูมิแพ้,75-79,หญิง,169
เชียงราย,โรคเยื่อจมูกอักเสบจากภูมิแพ้,80+,ชาย,185
เชียงราย,โรคเยื่อจมูกอักเสบจากภูมิแพ้,80+,หญิง,116
เชียงราย,โรคเยื่อจมูกอักเสบจากภูมิแพ้,ไม่ทราบ,ชาย,8
เชียงราย,โรคเยื่อจมูกอักเสบจากภูมิแพ้,ไม่ทราบ,หญิง,4
เชียงราย,โรคเยื่อจมูกอักเสบจากภูมิแพ้,ไม่ทราบ,ไม่ระบุ,493
เชียงราย,โรคเยื่อบุตาอักเสบ,0-4,ชาย,2733
เชียงราย,โรคเยื่อบุตาอักเสบ,0-4,หญิง,2257
เชียงราย,โรคเยื่อบุตาอักเสบ,10-14,ชาย,1862
เชียงราย,โรคเยื่อบุตาอักเสบ,10-14,หญิง,1549
เชียงราย,โรคเยื่อบุตาอักเสบ,15-19,ชาย,1495
เชียงราย,โรคเยื่อบุตาอักเสบ,15-19,หญิง,1811
เชียงราย,โรคเยื่อบุตาอักเสบ,20-24,ชาย,1269
เชียงราย,โรคเยื่อบุตาอักเสบ,20-24,หญิง,1487
เชียงราย,โรคเยื่อบุตาอักเสบ,25-29,ชาย,1433
เชียงราย,โรคเยื่อบุตาอักเสบ,25-29,หญิง,1744
เชียงราย,โรคเยื่อบุตาอักเสบ,30-34,ชาย,1649
เชียงราย,โรคเยื่อบุตาอักเสบ,30-34,หญิง,2010
เชียงราย,โรคเยื่อบุตาอักเสบ,35-39,ชาย,1799
เชียงราย,โรคเยื่อบุตาอักเสบ,35-39,หญิง,2100
เชียงราย,โรคเยื่อบุตาอักเสบ,40-44,ชาย,2164
เชียงราย,โรคเยื่อบุตาอักเสบ,40-44,หญิง,2413
เชียงราย,โรคเยื่อบุตาอักเสบ,45-49,ชาย,2289
เชียงราย,โรคเยื่อบุตาอักเสบ,45-49,หญิง,2700
เชียงราย,โรคเยื่อบุตาอักเสบ,5-9,ชาย,2306
เชียงราย,โรคเยื่อบุตาอักเสบ,5-9,หญิง,1584
เชียงราย,โรคเยื่อบุตาอักเสบ,50-54,ชาย,2521
เชียงราย,โรคเยื่อบุตาอักเสบ,50-54,หญิง,3521
เชียงราย,โรคเยื่อบุตาอักเสบ,55-59,ชาย,3071
เชียงราย,โรคเยื่อบุตาอักเสบ,55-59,หญิง,4552
เชียงราย,โรคเยื่อบุตาอักเสบ,60-64,ชาย,3453
เชียงราย,โรคเยื่อบุตาอักเสบ,60-64,หญิง,4926
เชียงราย,โรคเยื่อบุตาอักเสบ,65-69,ชาย,3254
เชียงราย,โรคเยื่อบุตาอักเสบ,65-69,หญิง,4432
เชียงราย,โรคเยื่อบุตาอักเสบ,70-74,ชาย,2440
เชียงราย,โรคเยื่อบุตาอักเสบ,70-74,หญิง,2866
เชียงราย,โรคเยื่อบุตาอักเสบ,75-79,ชาย,1232
เชียงราย,โรคเยื่อบุตาอักเสบ,75-79,หญิง,1371
เชียงราย,โรคเยื่อบุตาอักเสบ,80+,ชาย,1177
เชียงราย,โรคเยื่อบุตาอักเสบ,80+,หญิง,1350
เชียงราย,โรคเยื่อบุตาอักเสบ,ไม่ทราบ,ชาย,6
เชียงราย,โรคเยื่อบุตาอักเสบ,ไม่ทราบ,หญิง,6
เชียงราย,โรคเยื่อบุตาอักเสบ,ไม่ทราบ,ไม่ระบุ,618
เชียงใหม่,โรคติดเชื้อทางเดินหายใจส่วนบนเฉียบพลัน,0-4,ชาย,165231
เชียงใหม่,โรคติดเชื้อทางเดินหายใจส่วนบนเฉียบพลัน,0-4,หญิง,148375
เชียงใหม่,โรคติดเชื้อทางเดินหายใจส่วนบนเฉียบพลัน,10-14,ชาย,52502
เชียงใหม่,โรคติดเชื้อทางเดินหายใจส่วนบนเฉียบพลัน,10-14,หญิง,45546
เชียงใหม่,โรคติดเชื้อทางเดินหายใจส่วนบนเฉียบพลัน,15-19,ชาย,30082
เชียงใหม่,โรคติดเชื้อทางเดินหายใจส่วนบนเฉียบพลัน,15-19,หญิง,36015
เชียงใหม่,โรคติดเชื้อทางเดินหายใจส่วนบนเฉียบพลัน,20-24,ชาย,29901
เชียงใหม่,โรคติดเชื้อทางเดินหายใจส่วนบนเฉียบพลัน,20-24,หญิง,40737
เชียงใหม่,โรคติดเชื้อทางเดินหายใจส่วนบนเฉียบพลัน,25-29,ชาย,27936
เชียงใหม่,โรคติดเชื้อทางเดินหายใจส่วนบนเฉียบพลัน,25-29,หญิง,42098
เชียงใหม่,โรคติดเชื้อทางเดินหายใจส่วนบนเฉียบพลัน,30-34,ชาย,25920
เชียงใหม่,โรคติดเชื้อทางเดินหายใจส่วนบนเฉียบพลัน,30-34,หญิง,40579
เชียงใหม่,โรคติดเชื้อทางเดินหายใจส่วนบนเฉียบพลัน,35-39,ชาย,22911
เชียงใหม่,โรคติดเชื้อทางเดินหายใจส่วนบนเฉียบพลัน,35-39,หญิง,35081
เชียงใหม่,โรคติดเชื้อทางเดินหายใจส่วนบนเฉียบพลัน,35-39,ไม่ระบุ,1
เชียงใหม่,โรคติดเชื้อทางเดินหายใจส่วนบนเฉียบพลัน,40-44,ชาย,21021
เชียงใหม่,โรคติดเชื้อทางเดินหายใจส่วนบนเฉียบพลัน,40-44,หญิง,33416
เชียงใหม่,โรคติดเชื้อทางเดินหายใจส่วนบนเฉียบพลัน,45-49,ชาย,17883
เชียงใหม่,โรคติดเชื้อทางเดินหายใจส่วนบนเฉียบพลัน,45-49,หญิง,29285
เชียงใหม่,โรคติดเชื้อทางเดินหายใจส่วนบนเฉียบพลัน,5-9,ชาย,100912
เชียงใหม่,โรคติดเชื้อทางเดินหายใจส่วนบนเฉียบพลัน,5-9,หญิง,93019
เชียงใหม่,โรคติดเชื้อทางเดินหายใจส่วนบนเฉียบพลัน,50-54,ชาย,16516
เชียงใหม่,โรคติดเชื้อทางเดินหายใจส่วนบนเฉียบพลัน,50-54,หญิง,29212
เชียงใหม่,โรคติดเชื้อทางเดินหายใจส่วนบนเฉียบพลัน,50-54,ไม่ระบุ,1
เชียงใหม่,โรคติดเชื้อทางเดินหายใจส่วนบนเฉียบพลัน,55-59,ชาย,17766
เชียงใหม่,โรคติดเชื้อทางเดินหายใจส่วนบนเฉียบพลัน,55-59,หญิง,33137
เชียงใหม่,โรคติดเชื้อทางเดินหายใจส่วนบนเฉียบพลัน,55-59,ไม่ระบุ,1
เชียงใหม่,โรคติดเชื้อทางเดินหายใจส่วนบนเฉียบพลัน,60-64,ชาย,20496
เชียงใหม่,โรคติดเชื้อทางเดินหายใจส่วนบนเฉียบพลัน,60-64,หญิง,33338
เชียงใหม่,โรคติดเชื้อทางเดินหายใจส่วนบนเฉียบพลัน,65-69,ชาย,19515
เชียงใหม่,โรคติดเชื้อทางเดินหายใจส่วนบนเฉียบพลัน,65-69,หญิง,28621
เชียงใหม่,โรคติดเชื้อทางเดินหายใจส่วนบนเฉียบพลัน,65-69,ไม่ระบุ,1
เชียงใหม่,โรคติดเชื้อทางเดินหายใจส่วนบนเฉียบพลัน,70-74,ชาย,14180
เชียงใหม่,โรคติดเชื้อทางเดินหายใจส่วนบนเฉียบพลัน,70-74,หญิง,17797
เชียงใหม่,โรคติดเชื้อทางเดินหายใจส่วนบนเฉียบพลัน,75-79,ชาย,8007
เชียงใหม่,โรคติดเชื้อทางเดินหายใจส่วนบนเฉียบพลัน,75-79,หญิง,8306
เชียงใหม่,โรคติดเชื้อทางเดินหายใจส่วนบนเฉียบพลัน,80+,ชาย,7565
เชียงใหม่,โรคติดเชื้อทางเดินหายใจส่วนบนเฉียบพลัน,80+,หญิง,8354
เชียงใหม่,โรคติดเชื้อทางเดินหายใจส่วนบนเฉียบพลัน,ไม่ทราบ,ชาย,113
เชียงใหม่,โรคติดเชื้อทางเดินหายใจส่วนบนเฉียบพลัน,ไม่ทราบ,หญิง,101
เชียงใหม่,โรคติดเชื้อทางเดินหายใจส่วนบนเฉียบพลัน,ไม่ทราบ,ไม่ระบุ,7964
เชียงใหม่,โรคปอดอุดกั้นเรื้อรัง,0-4,ชาย,261
เชียงใหม่,โรคปอดอุดกั้นเรื้อรัง,0-4,หญิง,158
เชียงใหม่,โรคปอดอุดกั้นเรื้อรัง,10-14,ชาย,18
เชียงใหม่,โรคปอดอุดกั้นเรื้อรัง,10-14,หญิง,6
เชียงใหม่,โรคปอดอุดกั้นเรื้อรัง,15-19,ชาย,126
เชียงใหม่,โรคปอดอุดกั้นเรื้อรัง,15-19,หญิง,198
เชียงใหม่,โรคปอดอุดกั้นเรื้อรัง,20-24,ชาย,143
เชียงใหม่,โรคปอดอุดกั้นเรื้อรัง,20-24,หญิง,281
เชียงใหม่,โรคปอดอุดกั้นเรื้อรัง,25-29,ชาย,50
เชียงใหม่,โรคปอดอุดกั้นเรื้อรัง,25-29,หญิง,62
เชียงใหม่,โรคปอดอุดกั้นเรื้อรัง,30-34,ชาย,104
เชียงใหม่,โรคปอดอุดกั้นเรื้อรัง,30-34,หญิง,102
เชียงใหม่,โรคปอดอุดกั้นเรื้อรัง,35-39,ชาย,215
เชียงใหม่,โรคปอดอุดกั้นเรื้อรัง,35-39,หญิง,182
เชียงใหม่,โรคปอดอุดกั้นเรื้อรัง,40-44,ชาย,741
เชียงใหม่,โรคปอดอุดกั้นเรื้อรัง,40-44,หญิง,542
เชียงใหม่,โรคปอดอุดกั้นเรื้อรัง,45-49,ชาย,1790
เชียงใหม่,โรคปอดอุดกั้นเรื้อรัง,45-49,หญิง,807
เชียงใหม่,โรคปอดอุดกั้นเรื้อรัง,5-9,ชาย,96
เชียงใหม่,โรคปอดอุดกั้นเรื้อรัง,5-9,หญิง,76
เชียงใหม่,โรคปอดอุดกั้นเรื้อรัง,50-54,ชาย,3970
เชียงใหม่,โรคปอดอุดกั้นเรื้อรัง,50-54,หญิง,2270
เชียงใหม่,โรคปอดอุดกั้นเรื้อรัง,55-59,ชาย,7463
เชียงใหม่,โรคปอดอุดกั้นเรื้อรัง,55-59,หญิง,4249
เชียงใหม่,โรคปอดอุดกั้นเรื้อรัง,60-64,ชาย,13964
เชียงใหม่,โรคปอดอุดกั้นเรื้อรัง,60-64,หญิง,7418
เชียงใหม่,โรคปอดอุดกั้นเรื้อรัง,65-69,ชาย,20717
เชียงใหม่,โรคปอดอุดกั้นเรื้อรัง,65-69,หญิง,11508
เชียงใหม่,โรคปอดอุดกั้นเรื้อรัง,70-74,ชาย,19785
เชียงใหม่,โรคปอดอุดกั้นเรื้อรัง,70-74,หญิง,13403
เชียงใหม่,โรคปอดอุดกั้นเรื้อรัง,75-79,ชาย,14169
เชียงใหม่,โรคปอดอุดกั้นเรื้อรัง,75-79,หญิง,10189
เชียงใหม่,โรคปอดอุดกั้นเรื้อรัง,80+,ชาย,19653
เชียงใหม่,โรคปอดอุดกั้นเรื้อรัง,80+,หญิง,16002
เชียงใหม่,โรคปอดอุดกั้นเรื้อรัง,ไม่ทราบ,ชาย,8
เชียงใหม่,โรคปอดอุดกั้นเรื้อรัง,ไม่ทราบ,ไม่ระบุ,1358
เชียงใหม่,โรคผิวหนังอักเสบ,0-4,ชาย,4253
เชียงใหม่,โรคผิวหนังอักเสบ,0-4,หญิง,3851
เชียงใหม่,โรคผิวหนังอักเสบ,10-14,ชาย,2181
เชียงใหม่,โรคผิวหนังอักเสบ,10-14,หญิง,1690
เชียงใหม่,โรคผิวหนังอักเสบ,15-19,ชาย,1425
เชียงใหม่,โรคผิวหนังอักเสบ,15-19,หญิง,2100
เชียงใหม่,โรคผิวหนังอักเสบ,20-24,ชาย,1484
เชียงใหม่,โรคผิวหนังอักเสบ,20-24,หญิง,2529
เชียงใหม่,โรคผิวหนังอักเสบ,25-29,ชาย,1262
เชียงใหม่,โรคผิวหนังอักเสบ,25-29,หญิง,2238
เชียงใหม่,โรคผิวหนังอักเสบ,30-34,ชาย,1374
เชียงใหม่,โรคผิวหนังอักเสบ,30-34,หญิง,2392
เชียงใหม่,โรคผิวหนังอักเสบ,35-39,ชาย,1409
เชียงใหม่,โรคผิวหนังอักเสบ,35-39,หญิง,2355
เชียงใหม่,โรคผิวหนังอักเสบ,40-44,ชาย,1385
เชียงใหม่,โรคผิวหนังอักเสบ,40-44,หญิง,2537
เชียงใหม่,โรคผิวหนังอักเสบ,45-49,ชาย,1339
เชียงใหม่,โรคผิวหนังอักเสบ,45-49,หญิง,2581
เชียงใหม่,โรคผิวหนังอักเสบ,5-9,ชาย,2782
เชียงใหม่,โรคผิวหนังอักเสบ,5-9,หญิง,2450
เชียงใหม่,โรคผิวหนังอักเสบ,50-54,ชาย,1641
เชียงใหม่,โรคผิวหนังอักเสบ,50-54,หญิง,2688
เชียงใหม่,โรคผิวหนังอักเสบ,55-59,ชาย,2041
เชียงใหม่,โรคผิวหนังอักเสบ,55-59,หญิง,3006
เชียงใหม่,โรคผิวหนังอักเสบ,60-64,ชาย,2652
เชียงใหม่,โรคผิวหนังอักเสบ,60-64,หญิง,3387
เชียงใหม่,โรคผิวหนังอักเสบ,65-69,ชาย,2994
เชียงใหม่,โรคผิวหนังอักเสบ,65-69,หญิง,3287
เชียงใหม่,โรคผิวหนังอักเสบ,70-74,ชาย,2586
เชียงใหม่,โรคผิวหนังอักเสบ,70-74,หญิง,2387
เชียงใหม่,โรคผิวหนังอักเสบ,75-79,ชาย,1703
เชียงใหม่,โรคผิวหนังอักเสบ,75-79,หญิง,1370
เชียงใหม่,โรคผิวหนังอักเสบ,80+,ชาย,1755
เชียงใหม่,โรคผิวหนังอักเสบ,80+,หญิง,1531
เชียงใหม่,โรคผิวหนังอักเสบ,ไม่ทราบ,ชาย,20
เชียงใหม่,โรคผิวหนังอักเสบ,ไม่ทราบ,หญิง,3
เชียงใหม่,โรคผิวหนังอักเสบ,ไม่ทราบ,ไม่ระบุ,541
เชียงใหม่,โรคลมพิษ,0-4,ชาย,3086
เชียงใหม่,โรคลมพิษ,0-4,หญิง,2600
เชียงใหม่,โรคลมพิษ,10-14,ชาย,1925
เชียงใหม่,โรคลมพิษ,10-14,หญิง,1896
เชียงใหม่,โรคลมพิษ,15-19,ชาย,1621
เชียงใหม่,โรคลมพิษ,15-19,หญิง,2416
เชียงใหม่,โรคลมพิษ,20-24,ชาย,1530
เชียงใหม่,โรคลมพิษ,20-24,หญิง,2992
เชียงใหม่,โรคลมพิษ,25-29,ชาย,1264
เชียงใหม่,โรคลมพิษ,25-29,หญิง,2632
เชียงใหม่,โรคลมพิษ,30-34,ชาย,1093
เชียงใหม่,โรคลมพิษ,30-34,หญิง,2416
เชียงใหม่,โรคลมพิษ,35-39,ชาย,1043
เชียงใหม่,โรคลมพิษ,35-39,หญิง,2229
เชียงใหม่,โรคลมพิษ,40-44,ชาย,997
เชียงใหม่,โรคลมพิษ,40-44,หญิง,2236
เชียงใหม่,โรคลมพิษ,45-49,ชาย,847
เชียงใหม่,โรคลมพิษ,45-49,หญิง,2092
เชียงใหม่,โรคลมพิษ,5-9,ชาย,2431
เชียงใหม่,โรคลมพิษ,5-9,หญิง,2102
เชียงใหม่,โรคลมพิษ,50-54,ชาย,791
เชียงใหม่,โรคลมพิษ,50-54,หญิง,1848
เชียงใหม่,โรคลมพิษ,55-59,ชาย,989
เชียงใหม่,โรคลมพิษ,55-59,หญิง,2058
เชียงใหม่,โรคลมพิษ,60-64,ชาย,1216
เชียงใหม่,โรคลมพิษ,60-64,หญิง,2050
เชียงใหม่,โรคลมพิษ,65-69,ชาย,1224
เชียงใหม่,โรคลมพิษ,65-69,หญิง,1787
เชียงใหม่,โรคลมพิษ,70-74,ชาย,939
เชียงใหม่,โรคลมพิษ,70-74,หญิง,1111
เชียงใหม่,โรคลมพิษ,75-79,ชาย,425
เชียงใหม่,โรคลมพิษ,75-79,หญิง,522
เชียงใหม่,โรคลมพิษ,80+,ชาย,459
เชียงใหม่,โรคลมพิษ,80+,หญิง,539
เชียงใหม่,โรคลมพิษ,ไม่ทราบ,ชาย,4
เชียงใหม่,โรคลมพิษ,ไม่ทราบ,หญิง,3
เชียงใหม่,โรคลมพิษ,ไม่ทราบ,ไม่ระบุ,644
เชียงใหม่,โรคหอบหืด,0-4,ชาย,5096
เชียงใหม่,โรคหอบหืด,0-4,หญิง,3208
เชียงใหม่,โรคหอบหืด,10-14,ชาย,4837
เชียงใหม่,โรคหอบหืด,10-14,หญิง,2291
เชียงใหม่,โรคหอบหืด,15-19,ชาย,1448
เชียงใหม่,โรคหอบหืด,15-19,หญิง,1091
เชียงใหม่,โรคหอบหืด,20-24,ชาย,1188
เชียงใหม่,โรคหอบหืด,20-24,หญิง,1339
เชียงใหม่,โรคหอบหืด,25-29,ชาย,1166
เชียงใหม่,โรคหอบหืด,25-29,หญิง,2029
เชียงใหม่,โรคหอบหืด,30-34,ชาย,1497
เชียงใหม่,โรคหอบหืด,30-34,หญิง,2612
เชียงใหม่,โรคหอบหืด,35-39,ชาย,1896
เชียงใหม่,โรคหอบหืด,35-39,หญิง,3622
เชียงใหม่,โรคหอบหืด,40-44,ชาย,2412
เชียงใหม่,โรคหอบหืด,40-44,หญิง,5393
เชียงใหม่,โรคหอบหืด,45-49,ชาย,3034
เชียงใหม่,โรคหอบหืด,45-49,หญิง,6387
เชียงใหม่,โรคหอบหืด,5-9,ชาย,8714
เชียงใหม่,โรคหอบหืด,5-9,หญิง,5635
เชียงใหม่,โรคหอบหืด,50-54,ชาย,3456
เชียงใหม่,โรคหอบหืด,50-54,หญิง,7102
เชียงใหม่,โรคหอบหืด,55-59,ชาย,4465
เชียงใหม่,โรคหอบหืด,55-59,หญิง,10094
เชียงใหม่,โรคหอบหืด,60-64,ชาย,5730
เชียงใหม่,โรคหอบหืด,60-64,หญิง,12368
เชียงใหม่,โรคหอบหืด,65-69,ชาย,5849
เชียงใหม่,โรคหอบหืด,65-69,หญิง,11036
เชียงใหม่,โรคหอบหืด,70-74,ชาย,3783
เชียงใหม่,โรคหอบหืด,70-74,หญิง,7589
เชียงใหม่,โรคหอบหืด,75-79,ชาย,2045
เชียงใหม่,โรคหอบหืด,75-79,หญิง,3325
เชียงใหม่,โรคหอบหืด,80+,ชาย,1837
เชียงใหม่,โรคหอบหืด,80+,หญิง,3082
เชียงใหม่,โรคหอบหืด,ไม่ทราบ,ชาย,37
เชียงใหม่,โรคหอบหืด,ไม่ทราบ,ไม่ระบุ,962
เชียงใหม่,โรคเยื่อจมูกอักเสบจากภูมิแพ้,0-4,ชาย,3672
เชียงใหม่,โรคเยื่อจมูกอักเสบจากภูมิแพ้,0-4,หญิง,2801
เชียงใหม่,โรคเยื่อจมูกอักเสบจากภูมิแพ้,10-14,ชาย,5731
เชียงใหม่,โรคเยื่อจมูกอักเสบจากภูมิแพ้,10-14,หญิง,3561
เชียงใหม่,โรคเยื่อจมูกอักเสบจากภูมิแพ้,15-19,ชาย,2353
เชียงใหม่,โรคเยื่อจมูกอักเสบจากภูมิแพ้,15-19,หญิง,2631
เชียงใหม่,โรคเยื่อจมูกอักเสบจากภูมิแพ้,20-24,ชาย,2123
เชียงใหม่,โรคเยื่อจมูกอักเสบจากภูมิแพ้,20-24,หญิง,3346
เชียงใหม่,โรคเยื่อจมูกอักเสบจากภูมิแพ้,25-29,ชาย,2486
เชียงใหม่,โรคเยื่อจมูกอักเสบจากภูมิแพ้,25-29,หญิง,4704
เชียงใหม่,โรคเยื่อจมูกอักเสบจากภูมิแพ้,30-34,ชาย,2773
เชียงใหม่,โรคเยื่อจมูกอักเสบจากภูมิแพ้,30-34,หญิง,5627
เชียงใหม่,โรคเยื่อจมูกอักเสบจากภูมิแพ้,35-39,ชาย,2556
เชียงใหม่,โรคเยื่อจมูกอักเสบจากภูมิแพ้,35-39,หญิง,5843
เชียงใหม่,โรคเยื่อจมูกอักเสบจากภูมิแพ้,40-44,ชาย,2309
เชียงใหม่,โรคเยื่อจมูกอักเสบจากภูมิแพ้,40-44,หญิง,5878
เชียงใหม่,โรคเยื่อจมูกอักเสบจากภูมิแพ้,45-49,ชาย,2052
เชียงใหม่,โรคเยื่อจมูกอักเสบจากภูมิแพ้,45-49,หญิง,5390
เชียงใหม่,โรคเยื่อจมูกอักเสบจากภูมิแพ้,5-9,ชาย,8144
เชียงใหม่,โรคเยื่อจมูกอักเสบจากภูมิแพ้,5-9,หญิง,5346
เชียงใหม่,โรคเยื่อจมูกอักเสบจากภูมิแพ้,50-54,ชาย,2129
เชียงใหม่,โรคเยื่อจมูกอักเสบจากภูมิแพ้,50-54,หญิง,4705
เชียงใหม่,โรคเยื่อจมูกอักเสบจากภูมิแพ้,50-54,ไม่ระบุ,2
เชียงใหม่,โรคเยื่อจมูกอักเสบจากภูมิแพ้,55-59,ชาย,2589
เชียงใหม่,โรคเยื่อจมูกอักเสบจากภูมิแพ้,55-59,หญิง,5361
เชียงใหม่,โรคเยื่อจมูกอักเสบจากภูมิแพ้,60-64,ชาย,3457
เชียงใหม่,โรคเยื่อจมูกอักเสบจากภูมิแพ้,60-64,หญิง,5517
เชียงใหม่,โรคเยื่อจมูกอักเสบจากภูมิแพ้,65-69,ชาย,3692
เชียงใหม่,โรคเยื่อจมูกอักเสบจากภูมิแพ้,65-69,หญิง,4975
เชียงใหม่,โรคเยื่อจมูกอักเสบจากภูมิแพ้,65-69,ไม่ระบุ,1
เชียงใหม่,โรคเยื่อจมูกอักเสบจากภูมิแพ้,70-74,ชาย,2966
เชียงใหม่,โรคเยื่อจมูกอักเสบจากภูมิแพ้,70-74,หญิง,3306
เชียงใหม่,โรคเยื่อจมูกอักเสบจากภูมิแพ้,75-79,ชาย,1692
เชียงใหม่,โรคเยื่อจมูกอักเสบจากภูมิแพ้,75-79,หญิง,1740
เชียงใหม่,โรคเยื่อจมูกอักเสบจากภูมิแพ้,80+,ชาย,1232
เชียงใหม่,โรคเยื่อจมูกอักเสบจากภูมิแพ้,80+,หญิง,1294
เชียงใหม่,โรคเยื่อจมูกอักเสบจากภูมิแพ้,80+,ไม่ระบุ,5
เชียงใหม่,โรคเยื่อจมูกอักเสบจากภูมิแพ้,ไม่ทราบ,ชาย,22
เชียงใหม่,โรคเยื่อจมูกอักเสบจากภูมิแพ้,ไม่ทราบ,หญิง,8
เชียงใหม่,โรคเยื่อจมูกอักเสบจากภูมิแพ้,ไม่ทราบ,ไม่ระบุ,953
เชียงใหม่,โรคเยื่อบุตาอักเสบ,0-4,ชาย,3563
เชียงใหม่,โรคเยื่อบุตาอักเสบ,0-4,หญิง,2890
เชียงใหม่,โรคเยื่อบุตาอักเสบ,10-14,ชาย,2577
เชียงใหม่,โรคเยื่อบุตาอักเสบ,10-14,หญิง,1857
เชียงใหม่,โรคเยื่อบุตาอักเสบ,15-19,ชาย,2142
เชียงใหม่,โรคเยื่อบุตาอักเสบ,15-19,หญิง,2438
เชียงใหม่,โรคเยื่อบุตาอักเสบ,20-24,ชาย,2481
เชียงใหม่,โรคเยื่อบุตาอักเสบ,20-24,หญิง,2860
เชียงใหม่,โรคเยื่อบุตาอักเสบ,25-29,ชาย,2548
เชียงใหม่,โรคเยื่อบุตาอักเสบ,25-29,หญิง,2872
เชียงใหม่,โรคเยื่อบุตาอักเสบ,30-34,ชาย,2656
เชียงใหม่,โรคเยื่อบุตาอักเสบ,30-34,หญิง,3179
เชียงใหม่,โรคเยื่อบุตาอักเสบ,35-39,ชาย,2734
เชียงใหม่,โรคเยื่อบุตาอักเสบ,35-39,หญิง,3043
เชียงใหม่,โรคเยื่อบุตาอักเสบ,40-44,ชาย,2882
เชียงใหม่,โรคเยื่อบุตาอักเสบ,40-44,หญิง,3318
เชียงใหม่,โรคเยื่อบุตาอักเสบ,45-49,ชาย,2686
เชียงใหม่,โรคเยื่อบุตาอักเสบ,45-49,หญิง,3408
เชียงใหม่,โรคเยื่อบุตาอักเสบ,45-49,ไม่ระบุ,3
เชียงใหม่,โรคเยื่อบุตาอักเสบ,5-9,ชาย,3010
เชียงใหม่,โรคเยื่อบุตาอักเสบ,5-9,หญิง,2102
เชียงใหม่,โรคเยื่อบุตาอักเสบ,50-54,ชาย,2606
เชียงใหม่,โรคเยื่อบุตาอักเสบ,50-54,หญิง,3947
เชียงใหม่,โรคเยื่อบุตาอักเสบ,55-59,ชาย,3087
เชียงใหม่,โรคเยื่อบุตาอักเสบ,55-59,หญิง,5173
เชียงใหม่,โรคเยื่อบุตาอักเสบ,60-64,ชาย,3518
เชียงใหม่,โรคเยื่อบุตาอักเสบ,60-64,หญิง,6016
เชียงใหม่,โรคเยื่อบุตาอักเสบ,65-69,ชาย,3337
เชียงใหม่,โรคเยื่อบุตาอักเสบ,65-69,หญิง,5585
เชียงใหม่,โรคเยื่อบุตาอักเสบ,70-74,ชาย,2455
เชียงใหม่,โรคเยื่อบุตาอักเสบ,70-74,หญิง,3535
เชียงใหม่,โรคเยื่อบุตาอักเสบ,75-79,ชาย,1276
เชียงใหม่,โรคเยื่อบุตาอักเสบ,75-79,หญิง,1700
เชียงใหม่,โรคเยื่อบุตาอักเสบ,80+,ชาย,1232
เชียงใหม่,โรคเยื่อบุตาอักเสบ,80+,หญิง,1723
เชียงใหม่,โรคเยื่อบุตาอักเสบ,ไม่ทราบ,ชาย,30
เชียงใหม่,โรคเยื่อบุตาอักเสบ,ไม่ทราบ,หญิง,9
เชียงใหม่,โรคเยื่อบุตาอักเสบ,ไม่ทราบ,ไม่ระบุ,707
เพชรบุรี,โรคติดเชื้อทางเดินหายใจส่วนบนเฉียบพลัน,0-4,ชาย,29816
เพชรบุรี,โรคติดเชื้อทางเดินหายใจส่วนบนเฉียบพลัน,0-4,หญิง,27379
เพชรบุรี,โรคติดเชื้อทางเดินหายใจส่วนบนเฉียบพลัน,0-4,ไม่ระบุ,2
เพชรบุรี,โรคติดเชื้อทางเดินหายใจส่วนบนเฉียบพลัน,10-14,ชาย,14182
เพชรบุรี,โรคติดเชื้อทางเดินหายใจส่วนบนเฉียบพลัน,10-14,หญิง,13003
เพชรบุรี,โรคติดเชื้อทางเดินหายใจส่วนบนเฉียบพลัน,15-19,ชาย,7441
เพชรบุรี,โรคติดเชื้อทางเดินหายใจส่วนบนเฉียบพลัน,15-19,หญิง,9868
เพชรบุรี,โรคติดเชื้อทางเดินหายใจส่วนบนเฉียบพลัน,15-19,ไม่ระบุ,1
เพชรบุรี,โรคติดเชื้อทางเดินหายใจส่วนบนเฉียบพลัน,20-24,ชาย,7049
เพชรบุรี,โรคติดเชื้อทางเดินหายใจส่วนบนเฉียบพลัน,20-24,หญิง,10788
เพชรบุรี,โรคติดเชื้อทางเดินหายใจส่วนบนเฉียบพลัน,25-29,ชาย,7537
เพชรบุรี,โรคติดเชื้อทางเดินหายใจส่วนบนเฉียบพลัน,25-29,หญิง,12873
เพชรบุรี,โรคติดเชื้อทางเดินหายใจส่วนบนเฉียบพลัน,30-34,ชาย,6541
เพชรบุรี,โรคติดเชื้อทางเดินหายใจส่วนบนเฉียบพลัน,30-34,หญิง,11842
เพชรบุรี,โรคติดเชื้อทางเดินหายใจส่วนบนเฉียบพลัน,35-39,ชาย,5601
เพชรบุรี,โรคติดเชื้อทางเดินหายใจส่วนบนเฉียบพลัน,35-39,หญิง,11009
เพชรบุรี,โรคติดเชื้อทางเดินหายใจส่วนบนเฉียบพลัน,40-44,ชาย,5618
เพชรบุรี,โรคติดเชื้อทางเดินหายใจส่วนบนเฉียบพลัน,40-44,หญิง,11329
เพชรบุรี,โรคติดเชื้อทางเดินหายใจส่วนบนเฉียบพลัน,45-49,ชาย,5925
เพชรบุรี,โรคติดเชื้อทางเดินหายใจส่วนบนเฉียบพลัน,45-49,หญิง,11127
เพชรบุรี,โรคติดเชื้อทางเดินหายใจส่วนบนเฉียบพลัน,5-9,ชาย,24510
เพชรบุรี,โรคติดเชื้อทางเดินหายใจส่วนบนเฉียบพลัน,5-9,หญิง,22718
เพชรบุรี,โรคติดเชื้อทางเดินหายใจส่วนบนเฉียบพลัน,50-54,ชาย,5364
เพชรบุรี,โรคติดเชื้อทางเดินหายใจส่วนบนเฉียบพลัน,50-54,หญิง,10878
เพชรบุรี,โรคติดเชื้อทางเดินหายใจส่วนบนเฉียบพลัน,55-59,ชาย,5220
เพชรบุรี,โรคติดเชื้อทางเดินหายใจส่วนบนเฉียบพลัน,55-59,หญิง,11610
เพชรบุรี,โรคติดเชื้อทางเดินหายใจส่วนบนเฉียบพลัน,60-64,ชาย,5171
เพชรบุรี,โรคติดเชื้อทางเดินหายใจส่วนบนเฉียบพลัน,60-64,หญิง,9948
เพชรบุรี,โรคติดเชื้อทางเดินหายใจส่วนบนเฉียบพลัน,65-69,ชาย,4768
เพชรบุรี,โรคติดเชื้อทางเดินหายใจส่วนบนเฉียบพลัน,65-69,หญิง,7939
เพชรบุรี,โรคติดเชื้อทางเดินหายใจส่วนบนเฉียบพลัน,70-74,ชาย,4049
เพชรบุรี,โรคติดเชื้อทางเดินหายใจส่วนบนเฉียบพลัน,70-74,หญิง,5864
เพชรบุรี,โรคติดเชื้อทางเดินหายใจส่วนบนเฉียบพลัน,75-79,ชาย,2717
เพชรบุรี,โรคติดเชื้อทางเดินหายใจส่วนบนเฉียบพลัน,75-79,หญิง,3577
เพชรบุรี,โรคติดเชื้อทางเดินหายใจส่วนบนเฉียบพลัน,80+,ชาย,2750
เพชรบุรี,โรคติดเชื้อทางเดินหายใจส่วนบนเฉียบพลัน,80+,หญิง,4042
เพชรบุรี,โรคติดเชื้อทางเดินหายใจส่วนบนเฉียบพลัน,ไม่ทราบ,ชาย,22
เพชรบุรี,โรคติดเชื้อทางเดินหายใจส่วนบนเฉียบพลัน,ไม่ทราบ,หญิง,16
เพชรบุรี,โรคติดเชื้อทางเดินหายใจส่วนบนเฉียบพลัน,ไม่ทราบ,ไม่ระบุ,27833
เพชรบุรี,โรคปอดอุดกั้นเรื้อรัง,0-4,ชาย,25
เพชรบุรี,โรคปอดอุดกั้นเรื้อรัง,0-4,หญิง,4
เพชรบุรี,โรคปอดอุดกั้นเรื้อรัง,10-14,ชาย,4
เพชรบุรี,โรคปอดอุดกั้นเรื้อรัง,10-14,หญิง,2
เพชรบุรี,โรคปอดอุดกั้นเรื้อรัง,15-19,ชาย,1
เพชรบุรี,โรคปอดอุดกั้นเรื้อรัง,15-19,หญิง,2
เพชรบุรี,โรคปอดอุดกั้นเรื้อรัง,20-24,ชาย,15
เพชรบุรี,โรคปอดอุดกั้นเรื้อรัง,20-24,หญิง,5
เพชรบุรี,โรคปอดอุดกั้นเรื้อรัง,25-29,ชาย,14
เพชรบุรี,โรคปอดอุดกั้นเรื้อรัง,25-29,หญิง,6
เพชรบุรี,โรคปอดอุดกั้นเรื้อรัง,30-34,ชาย,37
เพชรบุรี,โรคปอดอุดกั้นเรื้อรัง,30-34,หญิง,11
เพชรบุรี,โรคปอดอุดกั้นเรื้อรัง,35-39,ชาย,112
เพชรบุรี,โรคปอดอุดกั้นเรื้อรัง,35-39,หญิง,20
เพชรบุรี,โรคปอดอุดกั้นเรื้อรัง,40-44,ชาย,211
เพชรบุรี,โรคปอดอุดกั้นเรื้อรัง,40-44,หญิง,81
เพชรบุรี,โรคปอดอุดกั้นเรื้อรัง,45-49,ชาย,469
เพชรบุรี,โรคปอดอุดกั้นเรื้อรัง,45-49,หญิง,175
เพชรบุรี,โรคปอดอุดกั้นเรื้อรัง,5-9,ชาย,5
เพชรบุรี,โรคปอดอุดกั้นเรื้อรัง,5-9,หญิง,3
เพชรบุรี,โรคปอดอุดกั้นเรื้อรัง,50-54,ชาย,902
เพชรบุรี,โรคปอดอุดกั้นเรื้อรัง,50-54,หญิง,213
เพชรบุรี,โรคปอดอุดกั้นเรื้อรัง,55-59,ชาย,1528
เพชรบุรี,โรคปอดอุดกั้นเรื้อรัง,55-59,หญิง,235
เพชรบุรี,โรคปอดอุดกั้นเรื้อรัง,60-64,ชาย,2462
เพชรบุรี,โรคปอดอุดกั้นเรื้อรัง,60-64,หญิง,497
เพชรบุรี,โรคปอดอุดกั้นเรื้อรัง,65-69,ชาย,3216
เพชรบุรี,โรคปอดอุดกั้นเรื้อรัง,65-69,หญิง,720
เพชรบุรี,โรคปอดอุดกั้นเรื้อรัง,70-74,ชาย,3506
เพชรบุรี,โรคปอดอุดกั้นเรื้อรัง,70-74,หญิง,993
เพชรบุรี,โรคปอดอุดกั้นเรื้อรัง,75-79,ชาย,2717
เพชรบุรี,โรคปอดอุดกั้นเรื้อรัง,75-79,หญิง,633
เพชรบุรี,โรคปอดอุดกั้นเรื้อรัง,80+,ชาย,3865
เพชรบุรี,โรคปอดอุดกั้นเรื้อรัง,80+,หญิง,1205
เพชรบุรี,โรคปอดอุดกั้นเรื้อรัง,ไม่ทราบ,ไม่ระบุ,770
เพชรบุรี,โรคผิวหนังอักเสบ,0-4,ชาย,608
เพชรบุรี,โรคผิวหนังอักเสบ,0-4,หญิง,642
เพชรบุรี,โรคผิวหนังอักเสบ,10-14,ชาย,396
เพชรบุรี,โรคผิวหนังอักเสบ,10-14,หญิง,355
เพชรบุรี,โรคผิวหนังอักเสบ,15-19,ชาย,248
เพชรบุรี,โรคผิวหนังอักเสบ,15-19,หญิง,450
เพชรบุรี,โรคผิวหนังอักเสบ,20-24,ชาย,259
เพชรบุรี,โรคผิวหนังอักเสบ,20-24,หญิง,445
เพชรบุรี,โรคผิวหนังอักเสบ,25-29,ชาย,353
เพชรบุรี,โรคผิวหนังอักเสบ,25-29,หญิง,630
เพชรบุรี,โรคผิวหนังอักเสบ,30-34,ชาย,354
เพชรบุรี,โรคผิวหนังอักเสบ,30-34,หญิง,656
เพชรบุรี,โรคผิวหนังอักเสบ,35-39,ชาย,299
เพชรบุรี,โรคผิวหนังอักเสบ,35-39,หญิง,684
เพชรบุรี,โรคผิวหนังอักเสบ,40-44,ชาย,342
เพชรบุรี,โรคผิวหนังอักเสบ,40-44,หญิง,835
เพชรบุรี,โรคผิวหนังอักเสบ,45-49,ชาย,433
เพชรบุรี,โรคผิวหนังอักเสบ,45-49,หญิง,1056
เพชรบุรี,โรคผิวหนังอักเสบ,5-9,ชาย,488
เพชรบุรี,โรคผิวหนังอักเสบ,5-9,หญิง,480
เพชรบุรี,โรคผิวหนังอักเสบ,50-54,ชาย,499
เพชรบุรี,โรคผิวหนังอักเสบ,50-54,หญิง,1056
เพชรบุรี,โรคผิวหนังอักเสบ,55-59,ชาย,552
เพชรบุรี,โรคผิวหนังอักเสบ,55-59,หญิง,1077
เพชรบุรี,โรคผิวหนังอักเสบ,60-64,ชาย,618
เพชรบุรี,โรคผิวหนังอักเสบ,60-64,หญิง,925
เพชรบุรี,โรคผิวหนังอักเสบ,65-69,ชาย,538
เพชรบุรี,โรคผิวหนังอักเสบ,65-69,หญิง,860
เพชรบุรี,โรคผิวหนังอักเสบ,70-74,ชาย,493
เพชรบุรี,โรคผิวหนังอักเสบ,70-74,หญิง,652
เพชรบุรี,โรคผิวหนังอักเสบ,75-79,ชาย,314
เพชรบุรี,โรคผิวหนังอักเสบ,75-79,หญิง,425
เพชรบุรี,โรคผิวหนังอักเสบ,80+,ชาย,596
เพชรบุรี,โรคผิวหนังอักเสบ,80+,หญิง,548
เพชรบุรี,โรคผิวหนังอักเสบ,ไม่ทราบ,หญิง,1
เพชรบุรี,โรคผิวหนังอักเสบ,ไม่ทราบ,ไม่ระบุ,1691
เพชรบุรี,โรคลมพิษ,0-4,ชาย,576
เพชรบุรี,โรคลมพิษ,0-4,หญิง,518
เพชรบุรี,โรคลมพิษ,10-14,ชาย,490
เพชรบุรี,โรคลมพิษ,10-14,หญิง,474
เพชรบุรี,โรคลมพิษ,15-19,ชาย,421
เพชรบุรี,โรคลมพิษ,15-19,หญิง,730
เพชรบุรี,โรคลมพิษ,20-24,ชาย,325
เพชรบุรี,โรคลมพิษ,20-24,หญิง,764
เพชรบุรี,โรคลมพิษ,25-29,ชาย,354
เพชรบุรี,โรคลมพิษ,25-29,หญิง,780
เพชรบุรี,โรคลมพิษ,30-34,ชาย,255
เพชรบุรี,โรคลมพิษ,30-34,หญิง,735
เพชรบุรี,โรคลมพิษ,35-39,ชาย,244
เพชรบุรี,โรคลมพิษ,35-39,หญิง,705
เพชรบุรี,โรคลมพิษ,40-44,ชาย,194
เพชรบุรี,โรคลมพิษ,40-44,หญิง,650
เพชรบุรี,โรคลมพิษ,45-49,ชาย,172
เพชรบุรี,โรคลมพิษ,45-49,หญิง,578
เพชรบุรี,โรคลมพิษ,5-9,ชาย,548
เพชรบุรี,โรคลมพิษ,5-9,หญิง,449
เพชรบุรี,โรคลมพิษ,50-54,ชาย,183
เพชรบุรี,โรคลมพิษ,50-54,หญิง,530
เพชรบุรี,โรคลมพิษ,55-59,ชาย,210
เพชรบุรี,โรคลมพิษ,55-59,หญิง,403
เพชรบุรี,โรคลมพิษ,60-64,ชาย,165
เพชรบุรี,โรคลมพิษ,60-64,หญิง,363
เพชรบุรี,โรคลมพิษ,65-69,ชาย,127
เพชรบุรี,โรคลมพิษ,65-69,หญิง,246
เพชรบุรี,โรคลมพิษ,70-74,ชาย,115
เพชรบุรี,โรคลมพิษ,70-74,หญิง,177
เพชรบุรี,โรคลมพิษ,75-79,ชาย,65
เพชรบุรี,โรคลมพิษ,75-79,หญิง,67
เพชรบุรี,โรคลมพิษ,80+,ชาย,57
เพชรบุรี,โรคลมพิษ,80+,หญิง,118
เพชรบุรี,โรคลมพิษ,ไม่ทราบ,ไม่ระบุ,787
เพชรบุรี,โรคหอบหืด,0-4,ชาย,1017
เพชรบุรี,โรคหอบหืด,0-4,หญิง,595
เพชรบุรี,โรคหอบหืด,10-14,ชาย,1120
เพชรบุรี,โรคหอบหืด,10-14,หญิง,472
เพชรบุรี,โรคหอบหืด,15-19,ชาย,356
เพชรบุรี,โรคหอบหืด,15-19,หญิง,233
เพชรบุรี,โรคหอบหืด,20-24,ชาย,361
เพชรบุรี,โรคหอบหืด,20-24,หญิง,261
เพชรบุรี,โรคหอบหืด,25-29,ชาย,339
เพชรบุรี,โรคหอบหืด,25-29,หญิง,495
เพชรบุรี,โรคหอบหืด,30-34,ชาย,359
เพชรบุรี,โรคหอบหืด,30-34,หญิง,703
เพชรบุรี,โรคหอบหืด,35-39,ชาย,512
เพชรบุรี,โรคหอบหืด,35-39,หญิง,850
เพชรบุรี,โรคหอบหืด,40-44,ชาย,703
เพชรบุรี,โรคหอบหืด,40-44,หญิง,1136
เพชรบุรี,โรคหอบหืด,45-49,ชาย,830
เพชรบุรี,โรคหอบหืด,45-49,หญิง,1543
เพชรบุรี,โรคหอบหืด,5-9,ชาย,1879
เพชรบุรี,โรคหอบหืด,5-9,หญิง,931
เพชรบุรี,โรคหอบหืด,50-54,ชาย,968
เพชรบุรี,โรคหอบหืด,50-54,หญิง,1784
เพชรบุรี,โรคหอบหืด,55-59,ชาย,878
เพชรบุรี,โรคหอบหืด,55-59,หญิง,2224
เพชรบุรี,โรคหอบหืด,60-64,ชาย,933
เพชรบุรี,โรคหอบหืด,60-64,หญิง,1923
เพชรบุรี,โรคหอบหืด,65-69,ชาย,857
เพชรบุรี,โรคหอบหืด,65-69,หญิง,1910
เพชรบุรี,โรคหอบหืด,70-74,ชาย,464
เพชรบุรี,โรคหอบหืด,70-74,หญิง,1663
เพชรบุรี,โรคหอบหืด,75-79,ชาย,242
เพชรบุรี,โรคหอบหืด,75-79,หญิง,892
เพชรบุรี,โรคหอบหืด,80+,ชาย,401
เพชรบุรี,โรคหอบหืด,80+,หญิง,1033
เพชรบุรี,โรคหอบหืด,ไม่ทราบ,ไม่ระบุ,2136
เพชรบุรี,โรคเยื่อจมูกอักเสบจากภูมิแพ้,0-4,ชาย,579
เพชรบุรี,โรคเยื่อจมูกอักเสบจากภูมิแพ้,0-4,หญิง,489
เพชรบุรี,โรคเยื่อจมูกอักเสบจากภูมิแพ้,10-14,ชาย,708
เพชรบุรี,โรคเยื่อจมูกอักเสบจากภูมิแพ้,10-14,หญิง,489
เพชรบุรี,โรคเยื่อจมูกอักเสบจากภูมิแพ้,15-19,ชาย,295
เพชรบุรี,โรคเยื่อจมูกอักเสบจากภูมิแพ้,15-19,หญิง,313
เพชรบุรี,โรคเยื่อจมูกอักเสบจากภูมิแพ้,20-24,ชาย,216
เพชรบุรี,โรคเยื่อจมูกอักเสบจากภูมิแพ้,20-24,หญิง,416
เพชรบุรี,โรคเยื่อจมูกอักเสบจากภูมิแพ้,25-29,ชาย,309
เพชรบุรี,โรคเยื่อจมูกอักเสบจากภูมิแพ้,25-29,หญิง,668
เพชรบุรี,โรคเยื่อจมูกอักเสบจากภูมิแพ้,30-34,ชาย,353
เพชรบุรี,โรคเยื่อจมูกอักเสบจากภูมิแพ้,30-34,หญิง,654
เพชรบุรี,โรคเยื่อจมูกอักเสบจากภูมิแพ้,35-39,ชาย,282
เพชรบุรี,โรคเยื่อจมูกอักเสบจากภูมิแพ้,35-39,หญิง,726
เพชรบุรี,โรคเยื่อจมูกอักเสบจากภูมิแพ้,40-44,ชาย,363
เพชรบุรี,โรคเยื่อจมูกอักเสบจากภูมิแพ้,40-44,หญิง,883
เพชรบุรี,โรคเยื่อจมูกอักเสบจากภูมิแพ้,45-49,ชาย,546
เพชรบุรี,โรคเยื่อจมูกอักเสบจากภูมิแพ้,45-49,หญิง,1049
เพชรบุรี,โรคเยื่อจมูกอักเสบจากภูมิแพ้,5-9,ชาย,1009
เพชรบุรี,โรคเยื่อจมูกอักเสบจากภูมิแพ้,5-9,หญิง,792
เพชรบุรี,โรคเยื่อจมูกอักเสบจากภูมิแพ้,50-54,ชาย,455
เพชรบุรี,โรคเยื่อจมูกอักเสบจากภูมิแพ้,50-54,หญิง,1067
เพชรบุรี,โรคเยื่อจมูกอักเสบจากภูมิแพ้,55-59,ชาย,582
เพชรบุรี,โรคเยื่อจมูกอักเสบจากภูมิแพ้,55-59,หญิง,1085
เพชรบุรี,โรคเยื่อจมูกอักเสบจากภูมิแพ้,60-64,ชาย,444
เพชรบุรี,โรคเยื่อจมูกอักเสบจากภูมิแพ้,60-64,หญิง,938
เพชรบุรี,โรคเยื่อจมูกอักเสบจากภูมิแพ้,65-69,ชาย,486
เพชรบุรี,โรคเยื่อจมูกอักเสบจากภูมิแพ้,65-69,หญิง,665
เพชรบุรี,โรคเยื่อจมูกอักเสบจากภูมิแพ้,70-74,ชาย,356
เพชรบุรี,โรคเยื่อจมูกอักเสบจากภูมิแพ้,70-74,หญิง,547
เพชรบุรี,โรคเยื่อจมูกอักเสบจากภูมิแพ้,75-79,ชาย,231
เพชรบุรี,โรคเยื่อจมูกอักเสบจากภูมิแพ้,75-79,หญิง,256
เพชรบุรี,โรคเยื่อจมูกอักเสบจากภูมิแพ้,80+,ชาย,276
เพชรบุรี,โรคเยื่อจมูกอักเสบจากภูมิแพ้,80+,หญิง,258
เพชรบุรี,โรคเยื่อจมูกอักเสบจากภูมิแพ้,ไม่ทราบ,ชาย,1
เพชรบุรี,โรคเยื่อจมูกอักเสบจากภูมิแพ้,ไม่ทราบ,ไม่ระบุ,1441
เพชรบุรี,โรคเยื่อบุตาอักเสบ,0-4,ชาย,537
เพชรบุรี,โรคเยื่อบุตาอักเสบ,0-4,หญิง,520
เพชรบุรี,โรคเยื่อบุตาอักเสบ,10-14,ชาย,523
เพชรบุรี,โรคเยื่อบุตาอักเสบ,10-14,หญิง,466
เพชรบุรี,โรคเยื่อบุตาอักเสบ,15-19,ชาย,489
เพชรบุรี,โรคเยื่อบุตาอักเสบ,15-19,หญิง,610
เพชรบุรี,โรคเยื่อบุตาอักเสบ,20-24,ชาย,567
เพชรบุรี,โรคเยื่อบุตาอักเสบ,20-24,หญิง,708
เพชรบุรี,โรคเยื่อบุตาอักเสบ,25-29,ชาย,711
เพชรบุรี,โรคเยื่อบุตาอักเสบ,25-29,หญิง,898
เพชรบุรี,โรคเยื่อบุตาอักเสบ,30-34,ชาย,740
เพชรบุรี,โรคเยื่อบุตาอักเสบ,30-34,หญิง,964
เพชรบุรี,โรคเยื่อบุตาอักเสบ,35-39,ชาย,730
เพชรบุรี,โรคเยื่อบุตาอักเสบ,35-39,หญิง,919
เพชรบุรี,โรคเยื่อบุตาอักเสบ,40-44,ชาย,814
เพชรบุรี,โรคเยื่อบุตาอักเสบ,40-44,หญิง,942
เพชรบุรี,โรคเยื่อบุตาอักเสบ,45-49,ชาย,866
เพชรบุรี,โรคเยื่อบุตาอักเสบ,45-49,หญิง,1127
เพชรบุรี,โรคเยื่อบุตาอักเสบ,5-9,ชาย,617
เพชรบุรี,โรคเยื่อบุตาอักเสบ,5-9,หญิง,465
เพชรบุรี,โรคเยื่อบุตาอักเสบ,50-54,ชาย,841
เพชรบุรี,โรคเยื่อบุตาอักเสบ,50-54,หญิง,1237
เพชรบุรี,โรคเยื่อบุตาอักเสบ,55-59,ชาย,786
เพชรบุรี,โรคเยื่อบุตาอักเสบ,55-59,หญิง,1575
เพชรบุรี,โรคเยื่อบุตาอักเสบ,60-64,ชาย,816
เพชรบุรี,โรคเยื่อบุตาอักเสบ,60-64,หญิง,1421
เพชรบุรี,โรคเยื่อบุตาอักเสบ,65-69,ชาย,775
เพชรบุรี,โรคเยื่อบุตาอักเสบ,65-69,หญิง,1220
เพชรบุรี,โรคเยื่อบุตาอักเสบ,70-74,ชาย,673
เพชรบุรี,โรคเยื่อบุตาอักเสบ,70-74,หญิง,908
เพชรบุรี,โรคเยื่อบุตาอักเสบ,75-79,ชาย,471
เพชรบุรี,โรคเยื่อบุตาอักเสบ,75-79,หญิง,597
เพชรบุรี,โรคเยื่อบุตาอักเสบ,80+,ชาย,561
เพชรบุรี,โรคเยื่อบุตาอักเสบ,80+,หญิง,890
เพชรบุรี,โรคเยื่อบุตาอักเสบ,ไม่ทราบ,ชาย,1
เพชรบุรี,โรคเยื่อบุตาอักเสบ,ไม่ทราบ,หญิง,2
เพชรบุรี,โรคเยื่อบุตาอักเสบ,ไม่ทราบ,ไม่ระบุ,2559
เพชรบูรณ์,โรคติดเชื้อทางเดินหายใจส่วนบนเฉียบพลัน,0-4,ชาย,61788
เพชรบูรณ์,โรคติดเชื้อทางเดินหายใจส่วนบนเฉียบพลัน,0-4,หญิง,55827
เพชรบูรณ์,โรคติดเชื้อทางเดินหายใจส่วนบนเฉียบพลัน,10-14,ชาย,27020
เพชรบูรณ์,โรคติดเชื้อทางเดินหายใจส่วนบนเฉียบพลัน,10-14,หญิง,24491
เพชรบูรณ์,โรคติดเชื้อทางเดินหายใจส่วนบนเฉียบพลัน,15-19,ชาย,11731
เพชรบูรณ์,โรคติดเชื้อทางเดินหายใจส่วนบนเฉียบพลัน,15-19,หญิง,15126
เพชรบูรณ์,โรคติดเชื้อทางเดินหายใจส่วนบนเฉียบพลัน,20-24,ชาย,11837
เพชรบูรณ์,โรคติดเชื้อทางเดินหายใจส่วนบนเฉียบพลัน,20-24,หญิง,12830
เพชรบูรณ์,โรคติดเชื้อทางเดินหายใจส่วนบนเฉียบพลัน,25-29,ชาย,10247
เพชรบูรณ์,โรคติดเชื้อทางเดินหายใจส่วนบนเฉียบพลัน,25-29,หญิง,16570
เพชรบูรณ์,โรคติดเชื้อทางเดินหายใจส่วนบนเฉียบพลัน,30-34,ชาย,9334
เพชรบูรณ์,โรคติดเชื้อทางเดินหายใจส่วนบนเฉียบพลัน,30-34,หญิง,16580
เพชรบูรณ์,โรคติดเชื้อทางเดินหายใจส่วนบนเฉียบพลัน,30-34,ไม่ระบุ,3
เพชรบูรณ์,โรคติดเชื้อทางเดินหายใจส่วนบนเฉียบพลัน,35-39,ชาย,8140
เพชรบูรณ์,โรคติดเชื้อทางเดินหายใจส่วนบนเฉียบพลัน,35-39,หญิง,15259
เพชรบูรณ์,โรคติดเชื้อทางเดินหายใจส่วนบนเฉียบพลัน,40-44,ชาย,8922
เพชรบูรณ์,โรคติดเชื้อทางเดินหายใจส่วนบนเฉียบพลัน,40-44,หญิง,16596
เพชรบูรณ์,โรคติดเชื้อทางเดินหายใจส่วนบนเฉียบพลัน,45-49,ชาย,8857
เพชรบูรณ์,โรคติดเชื้อทางเดินหายใจส่วนบนเฉียบพลัน,45-49,หญิง,18886
เพชรบูรณ์,โรคติดเชื้อทางเดินหายใจส่วนบนเฉียบพลัน,5-9,ชาย,47565
เพชรบูรณ์,โรคติดเชื้อทางเดินหายใจส่วนบนเฉียบพลัน,5-9,หญิง,43487
เพชรบูรณ์,โรคติดเชื้อทางเดินหายใจส่วนบนเฉียบพลัน,50-54,ชาย,8552
เพชรบูรณ์,โรคติดเชื้อทางเดินหายใจส่วนบนเฉียบพลัน,50-54,หญิง,21225
เพชรบูรณ์,โรคติดเชื้อทางเดินหายใจส่วนบนเฉียบพลัน,55-59,ชาย,9414
เพชรบูรณ์,โรคติดเชื้อทางเดินหายใจส่วนบนเฉียบพลัน,55-59,หญิง,21282
เพชรบูรณ์,โรคติดเชื้อทางเดินหายใจส่วนบนเฉียบพลัน,60-64,ชาย,10000
เพชรบูรณ์,โรคติดเชื้อทางเดินหายใจส่วนบนเฉียบพลัน,60-64,หญิง,18845
เพชรบูรณ์,โรคติดเชื้อทางเดินหายใจส่วนบนเฉียบพลัน,65-69,ชาย,9357
เพชรบูรณ์,โรคติดเชื้อทางเดินหายใจส่วนบนเฉียบพลัน,65-69,หญิง,14713
เพชรบูรณ์,โรคติดเชื้อทางเดินหายใจส่วนบนเฉียบพลัน,70-74,ชาย,7525
เพชรบูรณ์,โรคติดเชื้อทางเดินหายใจส่วนบนเฉียบพลัน,70-74,หญิง,9559
เพชรบูรณ์,โรคติดเชื้อทางเดินหายใจส่วนบนเฉียบพลัน,75-79,ชาย,4783
เพชรบูรณ์,โรคติดเชื้อทางเดินหายใจส่วนบนเฉียบพลัน,75-79,หญิง,5132
เพชรบูรณ์,โรคติดเชื้อทางเดินหายใจส่วนบนเฉียบพลัน,80+,ชาย,4003
เพชรบูรณ์,โรคติดเชื้อทางเดินหายใจส่วนบนเฉียบพลัน,80+,หญิง,5439
เพชรบูรณ์,โรคติดเชื้อทางเดินหายใจส่วนบนเฉียบพลัน,ไม่ทราบ,ชาย,26
เพชรบูรณ์,โรคติดเชื้อทางเดินหายใจส่วนบนเฉียบพลัน,ไม่ทราบ,หญิง,42
เพชรบูรณ์,โรคติดเชื้อทางเดินหายใจส่วนบนเฉียบพลัน,ไม่ทราบ,ไม่ระบุ,2882
เพชรบูรณ์,โรคปอดอุดกั้นเรื้อรัง,0-4,ชาย,23
เพชรบูรณ์,โรคปอดอุดกั้นเรื้อรัง,0-4,หญิง,9
เพชรบูรณ์,โรคปอดอุดกั้นเรื้อรัง,10-14,ชาย,6
เพชรบูรณ์,โรคปอดอุดกั้นเรื้อรัง,10-14,หญิง,3
เพชรบูรณ์,โรคปอดอุดกั้นเรื้อรัง,15-19,ชาย,6
เพชรบูรณ์,โรคปอดอุดกั้นเรื้อรัง,15-19,หญิง,7
เพชรบูรณ์,โรคปอดอุดกั้นเรื้อรัง,20-24,ชาย,7
เพชรบูรณ์,โรคปอดอุดกั้นเรื้อรัง,20-24,หญิง,5
เพชรบูรณ์,โรคปอดอุดกั้นเรื้อรัง,25-29,ชาย,18
เพชรบูรณ์,โรคปอดอุดกั้นเรื้อรัง,25-29,หญิง,9
เพชรบูรณ์,โรคปอดอุดกั้นเรื้อรัง,30-34,ชาย,86
เพชรบูรณ์,โรคปอดอุดกั้นเรื้อรัง,30-34,หญิง,24
เพชรบูรณ์,โรคปอดอุดกั้นเรื้อรัง,35-39,ชาย,162
เพชรบูรณ์,โรคปอดอุดกั้นเรื้อรัง,35-39,หญิง,59
เพชรบูรณ์,โรคปอดอุดกั้นเรื้อรัง,40-44,ชาย,315
เพชรบูรณ์,โรคปอดอุดกั้นเรื้อรัง,40-44,หญิง,72
เพชรบูรณ์,โรคปอดอุดกั้นเรื้อรัง,45-49,ชาย,808
เพชรบูรณ์,โรคปอดอุดกั้นเรื้อรัง,45-49,หญิง,201
เพชรบูรณ์,โรคปอดอุดกั้นเรื้อรัง,5-9,ชาย,10
เพชรบูรณ์,โรคปอดอุดกั้นเรื้อรัง,5-9,หญิง,5
เพชรบูรณ์,โรคปอดอุดกั้นเรื้อรัง,50-54,ชาย,1407
เพชรบูรณ์,โรคปอดอุดกั้นเรื้อรัง,50-54,หญิง,262
เพชรบูรณ์,โรคปอดอุดกั้นเรื้อรัง,55-59,ชาย,2571
เพชรบูรณ์,โรคปอดอุดกั้นเรื้อรัง,55-59,หญิง,584
เพชรบูรณ์,โรคปอดอุดกั้นเรื้อรัง,60-64,ชาย,4161
เพชรบูรณ์,โรคปอดอุดกั้นเรื้อรัง,60-64,หญิง,1012
เพชรบูรณ์,โรคปอดอุดกั้นเรื้อรัง,65-69,ชาย,5937
เพชรบูรณ์,โรคปอดอุดกั้นเรื้อรัง,65-69,หญิง,1418
เพชรบูรณ์,โรคปอดอุดกั้นเรื้อรัง,70-74,ชาย,6521
เพชรบูรณ์,โรคปอดอุดกั้นเรื้อรัง,70-74,หญิง,1768
เพชรบูรณ์,โรคปอดอุดกั้นเรื้อรัง,75-79,ชาย,5216
เพชรบูรณ์,โรคปอดอุดกั้นเรื้อรัง,75-79,หญิง,1449
เพชรบูรณ์,โรคปอดอุดกั้นเรื้อรัง,80+,ชาย,7420
เพชรบูรณ์,โรคปอดอุดกั้นเรื้อรัง,80+,หญิง,1981
เพชรบูรณ์,โรคปอดอุดกั้นเรื้อรัง,ไม่ทราบ,ชาย,1
เพชรบูรณ์,โรคปอดอุดกั้นเรื้อรัง,ไม่ทราบ,หญิง,1
เพชรบูรณ์,โรคปอดอุดกั้นเรื้อรัง,ไม่ทราบ,ไม่ระบุ,55
เพชรบูรณ์,โรคผิวหนังอักเสบ,0-4,ชาย,942
เพชรบูรณ์,โรคผิวหนังอักเสบ,0-4,หญิง,822
เพชรบูรณ์,โรคผิวหนังอักเสบ,10-14,ชาย,533
เพชรบูรณ์,โรคผิวหนังอักเสบ,10-14,หญิง,544
เพชรบูรณ์,โรคผิวหนังอักเสบ,15-19,ชาย,384
เพชรบูรณ์,โรคผิวหนังอักเสบ,15-19,หญิง,476
เพชรบูรณ์,โรคผิวหนังอักเสบ,20-24,ชาย,492
เพชรบูรณ์,โรคผิวหนังอักเสบ,20-24,หญิง,445
เพชรบูรณ์,โรคผิวหนังอักเสบ,25-29,ชาย,465
เพชรบูรณ์,โรคผิวหนังอักเสบ,25-29,หญิง,699
เพชรบูรณ์,โรคผิวหนังอักเสบ,25-29,ไม่ระบุ,1
เพชรบูรณ์,โรคผิวหนังอักเสบ,30-34,ชาย,452
เพชรบูรณ์,โรคผิวหนังอักเสบ,30-34,หญิง,647
เพชรบูรณ์,โรคผิวหนังอักเสบ,35-39,ชาย,413
เพชรบูรณ์,โรคผิวหนังอักเสบ,35-39,หญิง,668
เพชรบูรณ์,โรคผิวหนังอักเสบ,40-44,ชาย,593
เพชรบูรณ์,โรคผิวหนังอักเสบ,40-44,หญิง,817
เพชรบูรณ์,โรคผิวหนังอักเสบ,45-49,ชาย,649
เพชรบูรณ์,โรคผิวหนังอักเสบ,45-49,หญิง,1107
เพชรบูรณ์,โรคผิวหนังอักเสบ,5-9,ชาย,773
เพชรบูรณ์,โรคผิวหนังอักเสบ,5-9,หญิง,679
เพชรบูรณ์,โรคผิวหนังอักเสบ,50-54,ชาย,705
เพชรบูรณ์,โรคผิวหนังอักเสบ,50-54,หญิง,1275
เพชรบูรณ์,โรคผิวหนังอักเสบ,55-59,ชาย,819
เพชรบูรณ์,โรคผิวหนังอักเสบ,55-59,หญิง,1236
เพชรบูรณ์,โรคผิวหนังอักเสบ,60-64,ชาย,948
เพชรบูรณ์,โรคผิวหนังอักเสบ,60-64,หญิง,1256
เพชรบูรณ์,โรคผิวหนังอักเสบ,65-69,ชาย,1066
เพชรบูรณ์,โรคผิวหนังอักเสบ,65-69,หญิง,956
เพชรบูรณ์,โรคผิวหนังอักเสบ,70-74,ชาย,772
เพชรบูรณ์,โรคผิวหนังอักเสบ,70-74,หญิง,728
เพชรบูรณ์,โรคผิวหนังอักเสบ,75-79,ชาย,607
เพชรบูรณ์,โรคผิวหนังอักเสบ,75-79,หญิง,422
เพชรบูรณ์,โรคผิวหนังอักเสบ,80+,ชาย,542
เพชรบูรณ์,โรคผิวหนังอักเสบ,80+,หญิง,460
เพชรบูรณ์,โรคผิวหนังอักเสบ,ไม่ทราบ,หญิง,1
เพชรบูรณ์,โรคผิวหนังอักเสบ,ไม่ทราบ,ไม่ระบุ,44
เพชรบูรณ์,โรคลมพิษ,0-4,ชาย,823
เพชรบูรณ์,โรคลมพิษ,0-4,หญิง,685
เพชรบูรณ์,โรคลมพิษ,10-14,ชาย,552
เพชรบูรณ์,โรคลมพิษ,10-14,หญิง,565
เพชรบูรณ์,โรคลมพิษ,15-19,ชาย,393
เพชรบูรณ์,โรคลมพิษ,15-19,หญิง,581
เพชรบูรณ์,โรคลมพิษ,20-24,ชาย,442
เพชรบูรณ์,โรคลมพิษ,20-24,หญิง,492
เพชรบูรณ์,โรคลมพิษ,25-29,ชาย,361
เพชรบูรณ์,โรคลมพิษ,25-29,หญิง,648
เพชรบูรณ์,โรคลมพิษ,30-34,ชาย,280
เพชรบูรณ์,โรคลมพิษ,30-34,หญิง,648
เพชรบูรณ์,โรคลมพิษ,35-39,ชาย,242
เพชรบูรณ์,โรคลมพิษ,35-39,หญิง,530
เพชรบูรณ์,โรคลมพิษ,40-44,ชาย,215
เพชรบูรณ์,โรคลมพิษ,40-44,หญิง,631
เพชรบูรณ์,โรคลมพิษ,45-49,ชาย,225
เพชรบูรณ์,โรคลมพิษ,45-49,หญิง,737
เพชรบูรณ์,โรคลมพิษ,5-9,ชาย,703
เพชรบูรณ์,โรคลมพิษ,5-9,หญิง,578
เพชรบูรณ์,โรคลมพิษ,50-54,ชาย,237
เพชรบูรณ์,โรคลมพิษ,50-54,หญิง,682
เพชรบูรณ์,โรคลมพิษ,55-59,ชาย,285
เพชรบูรณ์,โรคลมพิษ,55-59,หญิง,657
เพชรบูรณ์,โรคลมพิษ,60-64,ชาย,271
เพชรบูรณ์,โรคลมพิษ,60-64,หญิง,540
เพชรบูรณ์,โรคลมพิษ,65-69,ชาย,260
เพชรบูรณ์,โรคลมพิษ,65-69,หญิง,395
เพชรบูรณ์,โรคลมพิษ,70-74,ชาย,231
เพชรบูรณ์,โรคลมพิษ,70-74,หญิง,235
เพชรบูรณ์,โรคลมพิษ,75-79,ชาย,138
เพชรบูรณ์,โรคลมพิษ,75-79,หญิง,131
เพชรบูรณ์,โรคลมพิษ,80+,ชาย,117
เพชรบูรณ์,โรคลมพิษ,80+,หญิง,138
เพชรบูรณ์,โรคลมพิษ,ไม่ทราบ,ไม่ระบุ,20
เพชรบูรณ์,โรคหอบหืด,0-4,ชาย,1858
เพชรบูรณ์,โรคหอบหืด,0-4,หญิง,976
เพชรบูรณ์,โรคหอบหืด,10-14,ชาย,2461
เพชรบูรณ์,โรคหอบหืด,10-14,หญิง,1303
เพชรบูรณ์,โรคหอบหืด,15-19,ชาย,503
เพชรบูรณ์,โรคหอบหืด,15-19,หญิง,355
เพชรบูรณ์,โรคหอบหืด,20-24,ชาย,370
เพชรบูรณ์,โรคหอบหืด,20-24,หญิง,280
เพชรบูรณ์,โรคหอบหืด,25-29,ชาย,404
เพชรบูรณ์,โรคหอบหืด,25-29,หญิง,410
เพชรบูรณ์,โรคหอบหืด,30-34,ชาย,506
เพชรบูรณ์,โรคหอบหืด,30-34,หญิง,731
เพชรบูรณ์,โรคหอบหืด,35-39,ชาย,512
เพชรบูรณ์,โรคหอบหืด,35-39,หญิง,1041
เพชรบูรณ์,โรคหอบหืด,40-44,ชาย,861
เพชรบูรณ์,โรคหอบหืด,40-44,หญิง,1488
เพชรบูรณ์,โรคหอบหืด,45-49,ชาย,1220
เพชรบูรณ์,โรคหอบหืด,45-49,หญิง,2690
เพชรบูรณ์,โรคหอบหืด,5-9,ชาย,4798
เพชรบูรณ์,โรคหอบหืด,5-9,หญิง,2768
เพชรบูรณ์,โรคหอบหืด,50-54,ชาย,1276
เพชรบูรณ์,โรคหอบหืด,50-54,หญิง,3017
เพชรบูรณ์,โรคหอบหืด,55-59,ชาย,1618
เพชรบูรณ์,โรคหอบหืด,55-59,หญิง,3999
เพชรบูรณ์,โรคหอบหืด,60-64,ชาย,1702
เพชรบูรณ์,โรคหอบหืด,60-64,หญิง,4060
เพชรบูรณ์,โรคหอบหืด,65-69,ชาย,1217
เพชรบูรณ์,โรคหอบหืด,65-69,หญิง,3661
เพชรบูรณ์,โรคหอบหืด,70-74,ชาย,1016
เพชรบูรณ์,โรคหอบหืด,70-74,หญิง,2635
เพชรบูรณ์,โรคหอบหืด,75-79,ชาย,656
เพชรบูรณ์,โรคหอบหืด,75-79,หญิง,1545
เพชรบูรณ์,โรคหอบหืด,80+,ชาย,486
เพชรบูรณ์,โรคหอบหืด,80+,หญิง,1317
เพชรบูรณ์,โรคหอบหืด,ไม่ทราบ,ชาย,2
เพชรบูรณ์,โรคหอบหืด,ไม่ทราบ,ไม่ระบุ,58
เพชรบูรณ์,โรคเยื่อจมูกอักเสบจากภูมิแพ้,0-4,ชาย,1894
เพชรบูรณ์,โรคเยื่อจมูกอักเสบจากภูมิแพ้,0-4,หญิง,1313
เพชรบูรณ์,โรคเยื่อจมูกอักเสบจากภูมิแพ้,10-14,ชาย,2409
เพชรบูรณ์,โรคเยื่อจมูกอักเสบจากภูมิแพ้,10-14,หญิง,1363
เพชรบูรณ์,โรคเยื่อจมูกอักเสบจากภูมิแพ้,15-19,ชาย,445
เพชรบูรณ์,โรคเยื่อจมูกอักเสบจากภูมิแพ้,15-19,หญิง,505
เพชรบูรณ์,โรคเยื่อจมูกอักเสบจากภูมิแพ้,20-24,ชาย,351
เพชรบูรณ์,โรคเยื่อจมูกอักเสบจากภูมิแพ้,20-24,หญิง,434
เพชรบูรณ์,โรคเยื่อจมูกอักเสบจากภูมิแพ้,25-29,ชาย,477
เพชรบูรณ์,โรคเยื่อจมูกอักเสบจากภูมิแพ้,25-29,หญิง,751
เพชรบูรณ์,โรคเยื่อจมูกอักเสบจากภูมิแพ้,30-34,ชาย,478
เพชรบูรณ์,โรคเยื่อจมูกอักเสบจากภูมิแพ้,30-34,หญิง,962
เพชรบูรณ์,โรคเยื่อจมูกอักเสบจากภูมิแพ้,35-39,ชาย,375
เพชรบูรณ์,โรคเยื่อจมูกอักเสบจากภูมิแพ้,35-39,หญิง,907
เพชรบูรณ์,โรคเยื่อจมูกอักเสบจากภูมิแพ้,40-44,ชาย,414
เพชรบูรณ์,โรคเยื่อจมูกอักเสบจากภูมิแพ้,40-44,หญิง,953
เพชรบูรณ์,โรคเยื่อจมูกอักเสบจากภูมิแพ้,45-49,ชาย,503
เพชรบูรณ์,โรคเยื่อจมูกอักเสบจากภูมิแพ้,45-49,หญิง,1072
เพชรบูรณ์,โรคเยื่อจมูกอักเสบจากภูมิแพ้,5-9,ชาย,4074
เพชรบูรณ์,โรคเยื่อจมูกอักเสบจากภูมิแพ้,5-9,หญิง,2915
เพชรบูรณ์,โรคเยื่อจมูกอักเสบจากภูมิแพ้,50-54,ชาย,473
เพชรบูรณ์,โรคเยื่อจมูกอักเสบจากภูมิแพ้,50-54,หญิง,1199
เพชรบูรณ์,โรคเยื่อจมูกอักเสบจากภูมิแพ้,55-59,ชาย,495
เพชรบูรณ์,โรคเยื่อจมูกอักเสบจากภูมิแพ้,55-59,หญิง,1142
เพชรบูรณ์,โรคเยื่อจมูกอักเสบจากภูมิแพ้,60-64,ชาย,652
เพชรบูรณ์,โรคเยื่อจมูกอักเสบจากภูมิแพ้,60-64,หญิง,981
เพชรบูรณ์,โรคเยื่อจมูกอักเสบจากภูมิแพ้,65-69,ชาย,534
เพชรบูรณ์,โรคเยื่อจมูกอักเสบจากภูมิแพ้,65-69,หญิง,727
เพชรบูรณ์,โรคเยื่อจมูกอักเสบจากภูมิแพ้,70-74,ชาย,339
เพชรบูรณ์,โรคเยื่อจมูกอักเสบจากภูมิแพ้,70-74,หญิง,432
เพชรบูรณ์,โรคเยื่อจมูกอักเสบจากภูมิแพ้,75-79,ชาย,251
เพชรบูรณ์,โรคเยื่อจมูกอักเสบจากภูมิแพ้,75-79,หญิง,237
เพชรบูรณ์,โรคเยื่อจมูกอักเสบจากภูมิแพ้,80+,ชาย,165
เพชรบูรณ์,โรคเยื่อจมูกอักเสบจากภูมิแพ้,80+,หญิง,193
เพชรบูรณ์,โรคเยื่อจมูกอักเสบจากภูมิแพ้,ไม่ทราบ,ไม่ระบุ,24
เพชรบูรณ์,โรคเยื่อบุตาอักเสบ,0-4,ชาย,1247
เพชรบูรณ์,โรคเยื่อบุตาอักเสบ,0-4,หญิง,985
เพชรบูรณ์,โรคเยื่อบุตาอักเสบ,10-14,ชาย,1157
เพชรบูรณ์,โรคเยื่อบุตาอักเสบ,10-14,หญิง,959
เพชรบูรณ์,โรคเยื่อบุตาอักเสบ,15-19,ชาย,846
เพชรบูรณ์,โรคเยื่อบุตาอักเสบ,15-19,หญิง,999
เพชรบูรณ์,โรคเยื่อบุตาอักเสบ,20-24,ชาย,975
เพชรบูรณ์,โรคเยื่อบุตาอักเสบ,20-24,หญิง,717
เพชรบูรณ์,โรคเยื่อบุตาอักเสบ,25-29,ชาย,921
เพชรบูรณ์,โรคเยื่อบุตาอักเสบ,25-29,หญิง,1075
เพชรบูรณ์,โรคเยื่อบุตาอักเสบ,30-34,ชาย,974
เพชรบูรณ์,โรคเยื่อบุตาอักเสบ,30-34,หญิง,1095
เพชรบูรณ์,โรคเยื่อบุตาอักเสบ,35-39,ชาย,944
เพชรบูรณ์,โรคเยื่อบุตาอักเสบ,35-39,หญิง,1191
เพชรบูรณ์,โรคเยื่อบุตาอักเสบ,40-44,ชาย,1210
เพชรบูรณ์,โรคเยื่อบุตาอักเสบ,40-44,หญิง,1363
เพชรบูรณ์,โรคเยื่อบุตาอักเสบ,45-49,ชาย,1257
เพชรบูรณ์,โรคเยื่อบุตาอักเสบ,45-49,หญิง,1801
เพชรบูรณ์,โรคเยื่อบุตาอักเสบ,5-9,ชาย,1341
เพชรบูรณ์,โรคเยื่อบุตาอักเสบ,5-9,หญิง,898
เพชรบูรณ์,โรคเยื่อบุตาอักเสบ,50-54,ชาย,1406
เพชรบูรณ์,โรคเยื่อบุตาอักเสบ,50-54,หญิง,2303
เพชรบูรณ์,โรคเยื่อบุตาอักเสบ,55-59,ชาย,1540
เพชรบูรณ์,โรคเยื่อบุตาอักเสบ,55-59,หญิง,2761
เพชรบูรณ์,โรคเยื่อบุตาอักเสบ,60-64,ชาย,1528
เพชรบูรณ์,โรคเยื่อบุตาอักเสบ,60-64,หญิง,2541
เพชรบูรณ์,โรคเยื่อบุตาอักเสบ,65-69,ชาย,1459
เพชรบูรณ์,โรคเยื่อบุตาอักเสบ,65-69,หญิง,2109
เพชรบูรณ์,โรคเยื่อบุตาอักเสบ,70-74,ชาย,1118
เพชรบูรณ์,โรคเยื่อบุตาอักเสบ,70-74,หญิง,1459
เพชรบูรณ์,โรคเยื่อบุตาอักเสบ,75-79,ชาย,748
เพชรบูรณ์,โรคเยื่อบุตาอักเสบ,75-79,หญิง,763
เพชรบูรณ์,โรคเยื่อบุตาอักเสบ,80+,ชาย,647
เพชรบูรณ์,โรคเยื่อบุตาอักเสบ,80+,หญิง,821
เพชรบูรณ์,โรคเยื่อบุตาอักเสบ,ไม่ทราบ,ชาย,4
เพชรบูรณ์,โรคเยื่อบุตาอักเสบ,ไม่ทราบ,หญิง,4
เพชรบูรณ์,โรคเยื่อบุตาอักเสบ,ไม่ทราบ,ไม่ระบุ,77
เลย,โรคติดเชื้อทางเดินหายใจส่วนบนเฉียบพลัน,0-4,ชาย,61806
เลย,โรคติดเชื้อทางเดินหายใจส่วนบนเฉียบพลัน,0-4,หญิง,55113
เลย,โรคติดเชื้อทางเดินหายใจส่วนบนเฉียบพลัน,0-4,ไม่ระบุ,8
เลย,โรคติดเชื้อทางเดินหายใจส่วนบนเฉียบพลัน,10-14,ชาย,23961
เลย,โรคติดเชื้อทางเดินหายใจส่วนบนเฉียบพลัน,10-14,หญิง,21377
เลย,โรคติดเชื้อทางเดินหายใจส่วนบนเฉียบพลัน,15-19,ชาย,9236
เลย,โรคติดเชื้อทางเดินหายใจส่วนบนเฉียบพลัน,15-19,หญิง,13340
เลย,โรคติดเชื้อทางเดินหายใจส่วนบนเฉียบพลัน,20-24,ชาย,6243
เลย,โรคติดเชื้อทางเดินหายใจส่วนบนเฉียบพลัน,20-24,หญิง,10312
เลย,โรคติดเชื้อทางเดินหายใจส่วนบนเฉียบพลัน,25-29,ชาย,6805
เลย,โรคติดเชื้อทางเดินหายใจส่วนบนเฉียบพลัน,25-29,หญิง,12950
เลย,โรคติดเชื้อทางเดินหายใจส่วนบนเฉียบพลัน,30-34,ชาย,6725
เลย,โรคติดเชื้อทางเดินหายใจส่วนบนเฉียบพลัน,30-34,หญิง,14085
เลย,โรคติดเชื้อทางเดินหายใจส่วนบนเฉียบพลัน,35-39,ชาย,6546
เลย,โรคติดเชื้อทางเดินหายใจส่วนบนเฉียบพลัน,35-39,หญิง,14666
เลย,โรคติดเชื้อทางเดินหายใจส่วนบนเฉียบพลัน,40-44,ชาย,7018
เลย,โรคติดเชื้อทางเดินหายใจส่วนบนเฉียบพลัน,40-44,หญิง,15980
เลย,โรคติดเชื้อทางเดินหายใจส่วนบนเฉียบพลัน,45-49,ชาย,7757
เลย,โรคติดเชื้อทางเดินหายใจส่วนบนเฉียบพลัน,45-49,หญิง,18102
เลย,โรคติดเชื้อทางเดินหายใจส่วนบนเฉียบพลัน,5-9,ชาย,46655
เลย,โรคติดเชื้อทางเดินหายใจส่วนบนเฉียบพลัน,5-9,หญิง,43155
เลย,โรคติดเชื้อทางเดินหายใจส่วนบนเฉียบพลัน,5-9,ไม่ระบุ,6
เลย,โรคติดเชื้อทางเดินหายใจส่วนบนเฉียบพลัน,50-54,ชาย,8451
เลย,โรคติดเชื้อทางเดินหายใจส่วนบนเฉียบพลัน,50-54,หญิง,20245
เลย,โรคติดเชื้อทางเดินหายใจส่วนบนเฉียบพลัน,55-59,ชาย,9279
เลย,โรคติดเชื้อทางเดินหายใจส่วนบนเฉียบพลัน,55-59,หญิง,20564
เลย,โรคติดเชื้อทางเดินหายใจส่วนบนเฉียบพลัน,60-64,ชาย,8944
เลย,โรคติดเชื้อทางเดินหายใจส่วนบนเฉียบพลัน,60-64,หญิง,17265
เลย,โรคติดเชื้อทางเดินหายใจส่วนบนเฉียบพลัน,65-69,ชาย,8350
เลย,โรคติดเชื้อทางเดินหายใจส่วนบนเฉียบพลัน,65-69,หญิง,12831
เลย,โรคติดเชื้อทางเดินหายใจส่วนบนเฉียบพลัน,70-74,ชาย,6726
เลย,โรคติดเชื้อทางเดินหายใจส่วนบนเฉียบพลัน,70-74,หญิง,8761
เลย,โรคติดเชื้อทางเดินหายใจส่วนบนเฉียบพลัน,75-79,ชาย,4515
เลย,โรคติดเชื้อทางเดินหายใจส่วนบนเฉียบพลัน,75-79,หญิง,5505
เลย,โรคติดเชื้อทางเดินหายใจส่วนบนเฉียบพลัน,80+,ชาย,4535
เลย,โรคติดเชื้อทางเดินหายใจส่วนบนเฉียบพลัน,80+,หญิง,5410
เลย,โรคติดเชื้อทางเดินหายใจส่วนบนเฉียบพลัน,80+,ไม่ระบุ,1
เลย,โรคติดเชื้อทางเดินหายใจส่วนบนเฉียบพลัน,ไม่ทราบ,ชาย,8
เลย,โรคติดเชื้อทางเดินหายใจส่วนบนเฉียบพลัน,ไม่ทราบ,หญิง,6
เลย,โรคติดเชื้อทางเดินหายใจส่วนบนเฉียบพลัน,ไม่ทราบ,ไม่ระบุ,23855
เลย,โรคปอดอุดกั้นเรื้อรัง,0-4,ชาย,47
เลย,โรคปอดอุดกั้นเรื้อรัง,0-4,หญิง,25
เลย,โรคปอดอุดกั้นเรื้อรัง,10-14,ชาย,21
เลย,โรคปอดอุดกั้นเรื้อรัง,10-14,หญิง,15
เลย,โรคปอดอุดกั้นเรื้อรัง,15-19,ชาย,1
เลย,โรคปอดอุดกั้นเรื้อรัง,15-19,หญิง,8
เลย,โรคปอดอุดกั้นเรื้อรัง,20-24,ชาย,5
เลย,โรคปอดอุดกั้นเรื้อรัง,20-24,หญิง,7
เลย,โรคปอดอุดกั้นเรื้อรัง,25-29,ชาย,5
เลย,โรคปอดอุดกั้นเรื้อรัง,25-29,หญิง,1
เลย,โรคปอดอุดกั้นเรื้อรัง,30-34,ชาย,41
เลย,โรคปอดอุดกั้นเรื้อรัง,30-34,หญิง,5
เลย,โรคปอดอุดกั้นเรื้อรัง,35-39,ชาย,98
เลย,โรคปอดอุดกั้นเรื้อรัง,35-39,หญิง,16
เลย,โรคปอดอุดกั้นเรื้อรัง,40-44,ชาย,190
เลย,โรคปอดอุดกั้นเรื้อรัง,40-44,หญิง,33
เลย,โรคปอดอุดกั้นเรื้อรัง,45-49,ชาย,587
เลย,โรคปอดอุดกั้นเรื้อรัง,45-49,หญิง,88
เลย,โรคปอดอุดกั้นเรื้อรัง,5-9,ชาย,19
เลย,โรคปอดอุดกั้นเรื้อรัง,5-9,หญิง,9
เลย,โรคปอดอุดกั้นเรื้อรัง,50-54,ชาย,1263
เลย,โรคปอดอุดกั้นเรื้อรัง,50-54,หญิง,241
เลย,โรคปอดอุดกั้นเรื้อรัง,55-59,ชาย,2365
เลย,โรคปอดอุดกั้นเรื้อรัง,55-59,หญิง,542
เลย,โรคปอดอุดกั้นเรื้อรัง,60-64,ชาย,3697
เลย,โรคปอดอุดกั้นเรื้อรัง,60-64,หญิง,692
เลย,โรคปอดอุดกั้นเรื้อรัง,65-69,ชาย,5043
เลย,โรคปอดอุดกั้นเรื้อรัง,65-69,หญิง,766
เลย,โรคปอดอุดกั้นเรื้อรัง,70-74,ชาย,5851
เลย,โรคปอดอุดกั้นเรื้อรัง,70-74,หญิง,1244
เลย,โรคปอดอุดกั้นเรื้อรัง,75-79,ชาย,5202
เลย,โรคปอดอุดกั้นเรื้อรัง,75-79,หญิง,968
เลย,โรคปอดอุดกั้นเรื้อรัง,80+,ชาย,6490
เลย,โรคปอดอุดกั้นเรื้อรัง,80+,หญิง,1396
เลย,โรคปอดอุดกั้นเรื้อรัง,ไม่ทราบ,ไม่ระบุ,624
เลย,โรคผิวหนังอักเสบ,0-4,ชาย,833
เลย,โรคผิวหนังอักเสบ,0-4,หญิง,756
เลย,โรคผิวหนังอักเสบ,10-14,ชาย,449
เลย,โรคผิวหนังอักเสบ,10-14,หญิง,434
เลย,โรคผิวหนังอักเสบ,15-19,ชาย,251
เลย,โรคผิวหนังอักเสบ,15-19,หญิง,430
เลย,โรคผิวหนังอักเสบ,20-24,ชาย,237
เลย,โรคผิวหนังอักเสบ,20-24,หญิง,400
เลย,โรคผิวหนังอักเสบ,25-29,ชาย,214
เลย,โรคผิวหนังอักเสบ,25-29,หญิง,459
เลย,โรคผิวหนังอักเสบ,30-34,ชาย,248
เลย,โรคผิวหนังอักเสบ,30-34,หญิง,490
เลย,โรคผิวหนังอักเสบ,35-39,ชาย,237
เลย,โรคผิวหนังอักเสบ,35-39,หญิง,534
เลย,โรคผิวหนังอักเสบ,40-44,ชาย,320
เลย,โรคผิวหนังอักเสบ,40-44,หญิง,663
เลย,โรคผิวหนังอักเสบ,45-49,ชาย,425
เลย,โรคผิวหนังอักเสบ,45-49,หญิง,817
เลย,โรคผิวหนังอักเสบ,5-9,ชาย,650
เลย,โรคผิวหนังอักเสบ,5-9,หญิง,572
เลย,โรคผิวหนังอักเสบ,50-54,ชาย,509
เลย,โรคผิวหนังอักเสบ,50-54,หญิง,933
เลย,โรคผิวหนังอักเสบ,55-59,ชาย,630
เลย,โรคผิวหนังอักเสบ,55-59,หญิง,932
เลย,โรคผิวหนังอักเสบ,60-64,ชาย,677
เลย,โรคผิวหนังอักเสบ,60-64,หญิง,744
เลย,โรคผิวหนังอักเสบ,65-69,ชาย,691
เลย,โรคผิวหนังอักเสบ,65-69,หญิง,686
เลย,โรคผิวหนังอักเสบ,70-74,ชาย,550
เลย,โรคผิวหนังอักเสบ,70-74,หญิง,500
เลย,โรคผิวหนังอักเสบ,75-79,ชาย,450
เลย,โรคผิวหนังอักเสบ,75-79,หญิง,346
เลย,โรคผิวหนังอักเสบ,80+,ชาย,470
เลย,โรคผิวหนังอักเสบ,80+,หญิง,347
เลย,โรคผิวหนังอักเสบ,ไม่ทราบ,หญิง,1
เลย,โรคผิวหนังอักเสบ,ไม่ทราบ,ไม่ระบุ,729
เลย,โรคลมพิษ,0-4,ชาย,2061
เลย,โรคลมพิษ,0-4,หญิง,1862
เลย,โรคลมพิษ,10-14,ชาย,1168
เลย,โรคลมพิษ,10-14,หญิง,1147
เลย,โรคลมพิษ,15-19,ชาย,702
เลย,โรคลมพิษ,15-19,หญิง,1231
เลย,โรคลมพิษ,20-24,ชาย,590
เลย,โรคลมพิษ,20-24,หญิง,1095
เลย,โรคลมพิษ,25-29,ชาย,656
เลย,โรคลมพิษ,25-29,หญิง,1257
เลย,โรคลมพิษ,30-34,ชาย,775
เลย,โรคลมพิษ,30-34,หญิง,1492
เลย,โรคลมพิษ,35-39,ชาย,714
เลย,โรคลมพิษ,35-39,หญิง,1543
เลย,โรคลมพิษ,40-44,ชาย,739
เลย,โรคลมพิษ,40-44,หญิง,1776
เลย,โรคลมพิษ,45-49,ชาย,968
เลย,โรคลมพิษ,45-49,หญิง,2015
เลย,โรคลมพิษ,5-9,ชาย,1522
เลย,โรคลมพิษ,5-9,หญิง,1338
เลย,โรคลมพิษ,50-54,ชาย,1075
เลย,โรคลมพิษ,50-54,หญิง,2029
เลย,โรคลมพิษ,55-59,ชาย,1100
เลย,โรคลมพิษ,55-59,หญิง,1870
เลย,โรคลมพิษ,60-64,ชาย,933
เลย,โรคลมพิษ,60-64,หญิง,1554
เลย,โรคลมพิษ,65-69,ชาย,804
เลย,โรคลมพิษ,65-69,หญิง,1152
เลย,โรคลมพิษ,70-74,ชาย,607
เลย,โรคลมพิษ,70-74,หญิง,774
เลย,โรคลมพิษ,75-79,ชาย,431
เลย,โรคลมพิษ,75-79,หญิง,463
เลย,โรคลมพิษ,80+,ชาย,449
เลย,โรคลมพิษ,80+,หญิง,520
เลย,โรคลมพิษ,ไม่ทราบ,ชาย,1
เลย,โรคลมพิษ,ไม่ทราบ,ไม่ระบุ,1828
เลย,โรคหอบหืด,0-4,ชาย,2154
เลย,โรคหอบหืด,0-4,หญิง,1175
เลย,โรคหอบหืด,10-14,ชาย,2285
เลย,โรคหอบหืด,10-14,หญิง,1402
เลย,โรคหอบหืด,15-19,ชาย,570
เลย,โรคหอบหืด,15-19,หญิง,605
เลย,โรคหอบหืด,20-24,ชาย,464
เลย,โรคหอบหืด,20-24,หญิง,378
เลย,โรคหอบหืด,25-29,ชาย,312
เลย,โรคหอบหืด,25-29,หญิง,487
เลย,โรคหอบหืด,30-34,ชาย,341
เลย,โรคหอบหืด,30-34,หญิง,874
เลย,โรคหอบหืด,35-39,ชาย,524
เลย,โรคหอบหืด,35-39,หญิง,929
เลย,โรคหอบหืด,40-44,ชาย,755
เลย,โรคหอบหืด,40-44,หญิง,1352
เลย,โรคหอบหืด,45-49,ชาย,768
เลย,โรคหอบหืด,45-49,หญิง,2165
เลย,โรคหอบหืด,5-9,ชาย,4369
เลย,โรคหอบหืด,5-9,หญิง,2727
เลย,โรคหอบหืด,50-54,ชาย,1019
เลย,โรคหอบหืด,50-54,หญิง,2601
เลย,โรคหอบหืด,55-59,ชาย,1254
เลย,โรคหอบหืด,55-59,หญิง,3147
เลย,โรคหอบหืด,60-64,ชาย,1281
เลย,โรคหอบหืด,60-64,หญิง,3119
เลย,โรคหอบหืด,65-69,ชาย,1059
เลย,โรคหอบหืด,65-69,หญิง,2978
เลย,โรคหอบหืด,70-74,ชาย,935
เลย,โรคหอบหืด,70-74,หญิง,2097
เลย,โรคหอบหืด,75-79,ชาย,478
เลย,โรคหอบหืด,75-79,หญิง,1664
เลย,โรคหอบหืด,80+,ชาย,502
เลย,โรคหอบหืด,80+,หญิง,1481
เลย,โรคหอบหืด,ไม่ทราบ,ไม่ระบุ,1105
เลย,โรคเยื่อจมูกอักเสบจากภูมิแพ้,0-4,ชาย,675
เลย,โรคเยื่อจมูกอักเสบจากภูมิแพ้,0-4,หญิง,656
เลย,โรคเยื่อจมูกอักเสบจากภูมิแพ้,10-14,ชาย,714
เลย,โรคเยื่อจมูกอักเสบจากภูมิแพ้,10-14,หญิง,470
เลย,โรคเยื่อจมูกอักเสบจากภูมิแพ้,15-19,ชาย,262
เลย,โรคเยื่อจมูกอักเสบจากภูมิแพ้,15-19,หญิง,400
เลย,โรคเยื่อจมูกอักเสบจากภูมิแพ้,20-24,ชาย,183
เลย,โรคเยื่อจมูกอักเสบจากภูมิแพ้,20-24,หญิง,325
เลย,โรคเยื่อจมูกอักเสบจากภูมิแพ้,25-29,ชาย,244
เลย,โรคเยื่อจมูกอักเสบจากภูมิแพ้,25-29,หญิง,405
เลย,โรคเยื่อจมูกอักเสบจากภูมิแพ้,30-34,ชาย,220
เลย,โรคเยื่อจมูกอักเสบจากภูมิแพ้,30-34,หญิง,567
เลย,โรคเยื่อจมูกอักเสบจากภูมิแพ้,35-39,ชาย,235
เลย,โรคเยื่อจมูกอักเสบจากภูมิแพ้,35-39,หญิง,696
เลย,โรคเยื่อจมูกอักเสบจากภูมิแพ้,40-44,ชาย,345
เลย,โรคเยื่อจมูกอักเสบจากภูมิแพ้,40-44,หญิง,704
เลย,โรคเยื่อจมูกอักเสบจากภูมิแพ้,45-49,ชาย,263
เลย,โรคเยื่อจมูกอักเสบจากภูมิแพ้,45-49,หญิง,894
เลย,โรคเยื่อจมูกอักเสบจากภูมิแพ้,5-9,ชาย,1272
เลย,โรคเยื่อจมูกอักเสบจากภูมิแพ้,5-9,หญิง,809
เลย,โรคเยื่อจมูกอักเสบจากภูมิแพ้,50-54,ชาย,264
เลย,โรคเยื่อจมูกอักเสบจากภูมิแพ้,50-54,หญิง,754
เลย,โรคเยื่อจมูกอักเสบจากภูมิแพ้,55-59,ชาย,299
เลย,โรคเยื่อจมูกอักเสบจากภูมิแพ้,55-59,หญิง,747
เลย,โรคเยื่อจมูกอักเสบจากภูมิแพ้,60-64,ชาย,405
เลย,โรคเยื่อจมูกอักเสบจากภูมิแพ้,60-64,หญิง,555
เลย,โรคเยื่อจมูกอักเสบจากภูมิแพ้,65-69,ชาย,297
เลย,โรคเยื่อจมูกอักเสบจากภูมิแพ้,65-69,หญิง,395
เลย,โรคเยื่อจมูกอักเสบจากภูมิแพ้,70-74,ชาย,259
เลย,โรคเยื่อจมูกอักเสบจากภูมิแพ้,70-74,หญิง,293
เลย,โรคเยื่อจมูกอักเสบจากภูมิแพ้,75-79,ชาย,147
เลย,โรคเยื่อจมูกอักเสบจากภูมิแพ้,75-79,หญิง,157
เลย,โรคเยื่อจมูกอักเสบจากภูมิแพ้,80+,ชาย,132
เลย,โรคเยื่อจมูกอักเสบจากภูมิแพ้,80+,หญิง,133
เลย,โรคเยื่อจมูกอักเสบจากภูมิแพ้,ไม่ทราบ,ชาย,2
เลย,โรคเยื่อจมูกอักเสบจากภูมิแพ้,ไม่ทราบ,ไม่ระบุ,547
เลย,โรคเยื่อบุตาอักเสบ,0-4,ชาย,1321
เลย,โรคเยื่อบุตาอักเสบ,0-4,หญิง,1205
เลย,โรคเยื่อบุตาอักเสบ,10-14,ชาย,1026
เลย,โรคเยื่อบุตาอักเสบ,10-14,หญิง,903
เลย,โรคเยื่อบุตาอักเสบ,15-19,ชาย,726
เลย,โรคเยื่อบุตาอักเสบ,15-19,หญิง,946
เลย,โรคเยื่อบุตาอักเสบ,20-24,ชาย,639
เลย,โรคเยื่อบุตาอักเสบ,20-24,หญิง,687
เลย,โรคเยื่อบุตาอักเสบ,25-29,ชาย,802
เลย,โรคเยื่อบุตาอักเสบ,25-29,หญิง,918
เลย,โรคเยื่อบุตาอักเสบ,30-34,ชาย,825
เลย,โรคเยื่อบุตาอักเสบ,30-34,หญิง,1078
เลย,โรคเยื่อบุตาอักเสบ,35-39,ชาย,1018
เลย,โรคเยื่อบุตาอักเสบ,35-39,หญิง,1291
เลย,โรคเยื่อบุตาอักเสบ,40-44,ชาย,1178
เลย,โรคเยื่อบุตาอักเสบ,40-44,หญิง,1669
เลย,โรคเยื่อบุตาอักเสบ,45-49,ชาย,1492
เลย,โรคเยื่อบุตาอักเสบ,45-49,หญิง,2050
เลย,โรคเยื่อบุตาอักเสบ,5-9,ชาย,1204
เลย,โรคเยื่อบุตาอักเสบ,5-9,หญิง,915
เลย,โรคเยื่อบุตาอักเสบ,50-54,ชาย,1655
เลย,โรคเยื่อบุตาอักเสบ,50-54,หญิง,2920
เลย,โรคเยื่อบุตาอักเสบ,55-59,ชาย,1788
เลย,โรคเยื่อบุตาอักเสบ,55-59,หญิง,3323
เลย,โรคเยื่อบุตาอักเสบ,60-64,ชาย,1641
เลย,โรคเยื่อบุตาอักเสบ,60-64,หญิง,2889
เลย,โรคเยื่อบุตาอักเสบ,65-69,ชาย,1516
เลย,โรคเยื่อบุตาอักเสบ,65-69,หญิง,2398
เลย,โรคเยื่อบุตาอักเสบ,70-74,ชาย,1387
เลย,โรคเยื่อบุตาอักเสบ,70-74,หญิง,1794
เลย,โรคเยื่อบุตาอักเสบ,75-79,ชาย,945
เลย,โรคเยื่อบุตาอักเสบ,75-79,หญิง,1099
เลย,โรคเยื่อบุตาอักเสบ,80+,ชาย,898
เลย,โรคเยื่อบุตาอักเสบ,80+,หญิง,1278
เลย,โรคเยื่อบุตาอักเสบ,ไม่ทราบ,หญิง,1
เลย,โรคเยื่อบุตาอักเสบ,ไม่ทราบ,ไม่ระบุ,1458
แพร่,โรคติดเชื้อทางเดินหายใจส่วนบนเฉียบพลัน,0-4,ชาย,26609
แพร่,โรคติดเชื้อทางเดินหายใจส่วนบนเฉียบพลัน,0-4,หญิง,24801
แพร่,โรคติดเชื้อทางเดินหายใจส่วนบนเฉียบพลัน,10-14,ชาย,13692
แพร่,โรคติดเชื้อทางเดินหายใจส่วนบนเฉียบพลัน,10-14,หญิง,11635
แพร่,โรคติดเชื้อทางเดินหายใจส่วนบนเฉียบพลัน,15-19,ชาย,6421
แพร่,โรคติดเชื้อทางเดินหายใจส่วนบนเฉียบพลัน,15-19,หญิง,7179
แพร่,โรคติดเชื้อทางเดินหายใจส่วนบนเฉียบพลัน,20-24,ชาย,3310
แพร่,โรคติดเชื้อทางเดินหายใจส่วนบนเฉียบพลัน,20-24,หญิง,4939
แพร่,โรคติดเชื้อทางเดินหายใจส่วนบนเฉียบพลัน,25-29,ชาย,3771
แพร่,โรคติดเชื้อทางเดินหายใจส่วนบนเฉียบพลัน,25-29,หญิง,6692
แพร่,โรคติดเชื้อทางเดินหายใจส่วนบนเฉียบพลัน,25-29,ไม่ระบุ,1
แพร่,โรคติดเชื้อทางเดินหายใจส่วนบนเฉียบพลัน,30-34,ชาย,3807
แพร่,โรคติดเชื้อทางเดินหายใจส่วนบนเฉียบพลัน,30-34,หญิง,7034
แพร่,โรคติดเชื้อทางเดินหายใจส่วนบนเฉียบพลัน,35-39,ชาย,3701
แพร่,โรคติดเชื้อทางเดินหายใจส่วนบนเฉียบพลัน,35-39,หญิง,6997
แพร่,โรคติดเชื้อทางเดินหายใจส่วนบนเฉียบพลัน,40-44,ชาย,3802
แพร่,โรคติดเชื้อทางเดินหายใจส่วนบนเฉียบพลัน,40-44,หญิง,7551
แพร่,โรคติดเชื้อทางเดินหายใจส่วนบนเฉียบพลัน,45-49,ชาย,3932
แพร่,โรคติดเชื้อทางเดินหายใจส่วนบนเฉียบพลัน,45-49,หญิง,8583
แพร่,โรคติดเชื้อทางเดินหายใจส่วนบนเฉียบพลัน,5-9,ชาย,22042
แพร่,โรคติดเชื้อทางเดินหายใจส่วนบนเฉียบพลัน,5-9,หญิง,19746
แพร่,โรคติดเชื้อทางเดินหายใจส่วนบนเฉียบพลัน,50-54,ชาย,4406
แพร่,โรคติดเชื้อทางเดินหายใจส่วนบนเฉียบพลัน,50-54,หญิง,10705
แพร่,โรคติดเชื้อทางเดินหายใจส่วนบนเฉียบพลัน,55-59,ชาย,5573
แพร่,โรคติดเชื้อทางเดินหายใจส่วนบนเฉียบพลัน,55-59,หญิง,12658
แพร่,โรคติดเชื้อทางเดินหายใจส่วนบนเฉียบพลัน,60-64,ชาย,5939
แพร่,โรคติดเชื้อทางเดินหายใจส่วนบนเฉียบพลัน,60-64,หญิง,11715
แพร่,โรคติดเชื้อทางเดินหายใจส่วนบนเฉียบพลัน,65-69,ชาย,6105
แพร่,โรคติดเชื้อทางเดินหายใจส่วนบนเฉียบพลัน,65-69,หญิง,9303
แพร่,โรคติดเชื้อทางเดินหายใจส่วนบนเฉียบพลัน,70-74,ชาย,4656
แพร่,โรคติดเชื้อทางเดินหายใจส่วนบนเฉียบพลัน,70-74,หญิง,5854
แพร่,โรคติดเชื้อทางเดินหายใจส่วนบนเฉียบพลัน,75-79,ชาย,2781
แพร่,โรคติดเชื้อทางเดินหายใจส่วนบนเฉียบพลัน,75-79,หญิง,3411
แพร่,โรคติดเชื้อทางเดินหายใจส่วนบนเฉียบพลัน,80+,ชาย,2617
แพร่,โรคติดเชื้อทางเดินหายใจส่วนบนเฉียบพลัน,80+,หญิง,3401
แพร่,โรคติดเชื้อทางเดินหายใจส่วนบนเฉียบพลัน,ไม่ทราบ,ชาย,9
แพร่,โรคติดเชื้อทางเดินหายใจส่วนบนเฉียบพลัน,ไม่ทราบ,หญิง,13
แพร่,โรคติดเชื้อทางเดินหายใจส่วนบนเฉียบพลัน,ไม่ทราบ,ไม่ระบุ,2624
แพร่,โรคปอดอุดกั้นเรื้อรัง,0-4,ชาย,17
แพร่,โรคปอดอุดกั้นเรื้อรัง,0-4,หญิง,19
แพร่,โรคปอดอุดกั้นเรื้อรัง,10-14,ชาย,2
แพร่,โรคปอดอุดกั้นเรื้อรัง,15-19,ชาย,2
แพร่,โรคปอดอุดกั้นเรื้อรัง,20-24,ชาย,1
แพร่,โรคปอดอุดกั้นเรื้อรัง,20-24,หญิง,6
แพร่,โรคปอดอุดกั้นเรื้อรัง,25-29,ชาย,4
แพร่,โรคปอดอุดกั้นเรื้อรัง,25-29,หญิง,9
แพร่,โรคปอดอุดกั้นเรื้อรัง,30-34,ชาย,10
แพร่,โรคปอดอุดกั้นเรื้อรัง,30-34,หญิง,3
แพร่,โรคปอดอุดกั้นเรื้อรัง,35-39,ชาย,23
แพร่,โรคปอดอุดกั้นเรื้อรัง,35-39,หญิง,5
แพร่,โรคปอดอุดกั้นเรื้อรัง,40-44,ชาย,85
แพร่,โรคปอดอุดกั้นเรื้อรัง,40-44,หญิง,41
แพร่,โรคปอดอุดกั้นเรื้อรัง,45-49,ชาย,262
แพร่,โรคปอดอุดกั้นเรื้อรัง,45-49,หญิง,109
แพร่,โรคปอดอุดกั้นเรื้อรัง,5-9,ชาย,9
แพร่,โรคปอดอุดกั้นเรื้อรัง,5-9,หญิง,8
แพร่,โรคปอดอุดกั้นเรื้อรัง,50-54,ชาย,677
แพร่,โรคปอดอุดกั้นเรื้อรัง,50-54,หญิง,161
แพร่,โรคปอดอุดกั้นเรื้อรัง,55-59,ชาย,1606
แพร่,โรคปอดอุดกั้นเรื้อรัง,55-59,หญิง,359
แพร่,โรคปอดอุดกั้นเรื้อรัง,60-64,ชาย,2657
แพร่,โรคปอดอุดกั้นเรื้อรัง,60-64,หญิง,1056
แพร่,โรคปอดอุดกั้นเรื้อรัง,65-69,ชาย,4570
แพร่,โรคปอดอุดกั้นเรื้อรัง,65-69,หญิง,1751
แพร่,โรคปอดอุดกั้นเรื้อรัง,70-74,ชาย,4931
แพร่,โรคปอดอุดกั้นเรื้อรัง,70-74,หญิง,2037
แพร่,โรคปอดอุดกั้นเรื้อรัง,75-79,ชาย,3476
แพร่,โรคปอดอุดกั้นเรื้อรัง,75-79,หญิง,1573
แพร่,โรคปอดอุดกั้นเรื้อรัง,80+,ชาย,4412
แพร่,โรคปอดอุดกั้นเรื้อรัง,80+,หญิง,2217
แพร่,โรคปอดอุดกั้นเรื้อรัง,ไม่ทราบ,ไม่ระบุ,18
แพร่,โรคผิวหนังอักเสบ,0-4,ชาย,403
แพร่,โรคผิวหนังอักเสบ,0-4,หญิง,391
แพร่,โรคผิวหนังอักเสบ,10-14,ชาย,239
แพร่,โรคผิวหนังอักเสบ,10-14,หญิง,244
แพร่,โรคผิวหนังอักเสบ,15-19,ชาย,213
แพร่,โรคผิวหนังอักเสบ,15-19,หญิง,306
แพร่,โรคผิวหนังอักเสบ,20-24,ชาย,147
แพร่,โรคผิวหนังอักเสบ,20-24,หญิง,259
แพร่,โรคผิวหนังอักเสบ,25-29,ชาย,160
แพร่,โรคผิวหนังอักเสบ,25-29,หญิง,303
แพร่,โรคผิวหนังอักเสบ,30-34,ชาย,176
แพร่,โรคผิวหนังอักเสบ,30-34,หญิง,379
แพร่,โรคผิวหนังอักเสบ,35-39,ชาย,201
แพร่,โรคผิวหนังอักเสบ,35-39,หญิง,387
แพร่,โรคผิวหนังอักเสบ,40-44,ชาย,232
แพร่,โรคผิวหนังอักเสบ,40-44,หญิง,473
แพร่,โรคผิวหนังอักเสบ,45-49,ชาย,258
แพร่,โรคผิวหนังอักเสบ,45-49,หญิง,593
แพร่,โรคผิวหนังอักเสบ,5-9,ชาย,300
แพร่,โรคผิวหนังอักเสบ,5-9,หญิง,256
แพร่,โรคผิวหนังอักเสบ,50-54,ชาย,325
แพร่,โรคผิวหนังอักเสบ,50-54,หญิง,740
แพร่,โรคผิวหนังอักเสบ,55-59,ชาย,412
แพร่,โรคผิวหนังอักเสบ,55-59,หญิง,938
แพร่,โรคผิวหนังอักเสบ,60-64,ชาย,565
แพร่,โรคผิวหนังอักเสบ,60-64,หญิง,968
แพร่,โรคผิวหนังอักเสบ,65-69,ชาย,785
แพร่,โรคผิวหนังอักเสบ,65-69,หญิง,815
แพร่,โรคผิวหนังอักเสบ,70-74,ชาย,735
แพร่,โรคผิวหนังอักเสบ,70-74,หญิง,661
แพร่,โรคผิวหนังอักเสบ,75-79,ชาย,441
แพร่,โรคผิวหนังอักเสบ,75-79,หญิง,416
แพร่,โรคผิวหนังอักเสบ,80+,ชาย,548
แพร่,โรคผิวหนังอักเสบ,80+,หญิง,537
แพร่,โรคผิวหนังอักเสบ,ไม่ทราบ,ไม่ระบุ,46
แพร่,โรคลมพิษ,0-4,ชาย,557
แพร่,โรคลมพิษ,0-4,หญิง,523
แพร่,โรคลมพิษ,10-14,ชาย,449
แพร่,โรคลมพิษ,10-14,หญิง,412
แพร่,โรคลมพิษ,15-19,ชาย,333
แพร่,โรคลมพิษ,15-19,หญิง,437
แพร่,โรคลมพิษ,20-24,ชาย,191
แพร่,โรคลมพิษ,20-24,หญิง,326
แพร่,โรคลมพิษ,25-29,ชาย,215
แพร่,โรคลมพิษ,25-29,หญิง,437
แพร่,โรคลมพิษ,30-34,ชาย,221
แพร่,โรคลมพิษ,30-34,หญิง,480
แพร่,โรคลมพิษ,35-39,ชาย,226
แพร่,โรคลมพิษ,35-39,หญิง,543
แพร่,โรคลมพิษ,40-44,ชาย,246
แพร่,โรคลมพิษ,40-44,หญิง,554
แพร่,โรคลมพิษ,45-49,ชาย,233
แพร่,โรคลมพิษ,45-49,หญิง,774
แพร่,โรคลมพิษ,5-9,ชาย,533
แพร่,โรคลมพิษ,5-9,หญิง,435
แพร่,โรคลมพิษ,50-54,ชาย,346
แพร่,โรคลมพิษ,50-54,หญิง,930
แพร่,โรคลมพิษ,55-59,ชาย,452
แพร่,โรคลมพิษ,55-59,หญิง,1008
แพร่,โรคลมพิษ,60-64,ชาย,615
แพร่,โรคลมพิษ,60-64,หญิง,989
แพร่,โรคลมพิษ,65-69,ชาย,608
แพร่,โรคลมพิษ,65-69,หญิง,853
แพร่,โรคลมพิษ,70-74,ชาย,474
แพร่,โรคลมพิษ,70-74,หญิง,540
แพร่,โรคลมพิษ,75-79,ชาย,270
แพร่,โรคลมพิษ,75-79,หญิง,385
แพร่,โรคลมพิษ,80+,ชาย,271
แพร่,โรคลมพิษ,80+,หญิง,283
แพร่,โรคลมพิษ,ไม่ทราบ,หญิง,1
แพร่,โรคลมพิษ,ไม่ทราบ,ไม่ระบุ,82
แพร่,โรคหอบหืด,0-4,ชาย,307
แพร่,โรคหอบหืด,0-4,หญิง,149
แพร่,โรคหอบหืด,10-14,ชาย,567
แพร่,โรคหอบหืด,10-14,หญิง,246
แพร่,โรคหอบหืด,15-19,ชาย,280
แพร่,โรคหอบหืด,15-19,หญิง,101
แพร่,โรคหอบหืด,20-24,ชาย,100
แพร่,โรคหอบหืด,20-24,หญิง,112
แพร่,โรคหอบหืด,25-29,ชาย,118
แพร่,โรคหอบหืด,25-29,หญิง,203
แพร่,โรคหอบหืด,30-34,ชาย,169
แพร่,โรคหอบหืด,30-34,หญิง,368
แพร่,โรคหอบหืด,35-39,ชาย,179
แพร่,โรคหอบหืด,35-39,หญิง,547
แพร่,โรคหอบหืด,40-44,ชาย,405
แพร่,โรคหอบหืด,40-44,หญิง,733
แพร่,โรคหอบหืด,45-49,ชาย,387
แพร่,โรคหอบหืด,45-49,หญิง,1261
แพร่,โรคหอบหืด,5-9,ชาย,748
แพร่,โรคหอบหืด,5-9,หญิง,342
แพร่,โรคหอบหืด,50-54,ชาย,580
แพร่,โรคหอบหืด,50-54,หญิง,1950
แพร่,โรคหอบหืด,55-59,ชาย,938
แพร่,โรคหอบหืด,55-59,หญิง,2256
แพร่,โรคหอบหืด,60-64,ชาย,1311
แพร่,โรคหอบหืด,60-64,หญิง,2266
แพร่,โรคหอบหืด,65-69,ชาย,1019
แพร่,โรคหอบหืด,65-69,หญิง,2356
แพร่,โรคหอบหืด,70-74,ชาย,759
แพร่,โรคหอบหืด,70-74,หญิง,1534
แพร่,โรคหอบหืด,75-79,ชาย,676
แพร่,โรคหอบหืด,75-79,หญิง,945
แพร่,โรคหอบหืด,80+,ชาย,373
แพร่,โรคหอบหืด,80+,หญิง,844
แพร่,โรคหอบหืด,ไม่ทราบ,ไม่ระบุ,20
แพร่,โรคเยื่อจมูกอักเสบจากภูมิแพ้,0-4,ชาย,891
แพร่,โรคเยื่อจมูกอักเสบจากภูมิแพ้,0-4,หญิง,613
แพร่,โรคเยื่อจมูกอักเสบจากภูมิแพ้,10-14,ชาย,928
แพร่,โรคเยื่อจมูกอักเสบจากภูมิแพ้,10-14,หญิง,512
แพร่,โรคเยื่อจมูกอักเสบจากภูมิแพ้,15-19,ชาย,326
แพร่,โรคเยื่อจมูกอักเสบจากภูมิแพ้,15-19,หญิง,357
แพร่,โรคเยื่อจมูกอักเสบจากภูมิแพ้,20-24,ชาย,143
แพร่,โรคเยื่อจมูกอักเสบจากภูมิแพ้,20-24,หญิง,281
แพร่,โรคเยื่อจมูกอักเสบจากภูมิแพ้,25-29,ชาย,192
แพร่,โรคเยื่อจมูกอักเสบจากภูมิแพ้,25-29,หญิง,472
แพร่,โรคเยื่อจมูกอักเสบจากภูมิแพ้,30-34,ชาย,182
แพร่,โรคเยื่อจมูกอักเสบจากภูมิแพ้,30-34,หญิง,646
แพร่,โรคเยื่อจมูกอักเสบจากภูมิแพ้,35-39,ชาย,194
แพร่,โรคเยื่อจมูกอักเสบจากภูมิแพ้,35-39,หญิง,576
แพร่,โรคเยื่อจมูกอักเสบจากภูมิแพ้,40-44,ชาย,212
แพร่,โรคเยื่อจมูกอักเสบจากภูมิแพ้,40-44,หญิง,705
แพร่,โรคเยื่อจมูกอักเสบจากภูมิแพ้,45-49,ชาย,244
แพร่,โรคเยื่อจมูกอักเสบจากภูมิแพ้,45-49,หญิง,804
แพร่,โรคเยื่อจมูกอักเสบจากภูมิแพ้,5-9,ชาย,1393
แพร่,โรคเยื่อจมูกอักเสบจากภูมิแพ้,5-9,หญิง,822
แพร่,โรคเยื่อจมูกอักเสบจากภูมิแพ้,50-54,ชาย,369
แพร่,โรคเยื่อจมูกอักเสบจากภูมิแพ้,50-54,หญิง,886
แพร่,โรคเยื่อจมูกอักเสบจากภูมิแพ้,55-59,ชาย,407
แพร่,โรคเยื่อจมูกอักเสบจากภูมิแพ้,55-59,หญิง,1117
แพร่,โรคเยื่อจมูกอักเสบจากภูมิแพ้,60-64,ชาย,382
แพร่,โรคเยื่อจมูกอักเสบจากภูมิแพ้,60-64,หญิง,1073
แพร่,โรคเยื่อจมูกอักเสบจากภูมิแพ้,65-69,ชาย,332
แพร่,โรคเยื่อจมูกอักเสบจากภูมิแพ้,65-69,หญิง,902
แพร่,โรคเยื่อจมูกอักเสบจากภูมิแพ้,70-74,ชาย,333
แพร่,โรคเยื่อจมูกอักเสบจากภูมิแพ้,70-74,หญิง,601
แพร่,โรคเยื่อจมูกอักเสบจากภูมิแพ้,75-79,ชาย,173
แพร่,โรคเยื่อจมูกอักเสบจากภูมิแพ้,75-79,หญิง,217
แพร่,โรคเยื่อจมูกอักเสบจากภูมิแพ้,80+,ชาย,160
แพร่,โรคเยื่อจมูกอักเสบจากภูมิแพ้,80+,หญิง,168
แพร่,โรคเยื่อจมูกอักเสบจากภูมิแพ้,ไม่ทราบ,ไม่ระบุ,93
แพร่,โรคเยื่อบุตาอักเสบ,0-4,ชาย,507
แพร่,โรคเยื่อบุตาอักเสบ,0-4,หญิง,401
แพร่,โรคเยื่อบุตาอักเสบ,10-14,ชาย,597
แพร่,โรคเยื่อบุตาอักเสบ,10-14,หญิง,428
แพร่,โรคเยื่อบุตาอักเสบ,15-19,ชาย,474
แพร่,โรคเยื่อบุตาอักเสบ,15-19,หญิง,470
แพร่,โรคเยื่อบุตาอักเสบ,20-24,ชาย,306
แพร่,โรคเยื่อบุตาอักเสบ,20-24,หญิง,332
แพร่,โรคเยื่อบุตาอักเสบ,25-29,ชาย,404
แพร่,โรคเยื่อบุตาอักเสบ,25-29,หญิง,438
แพร่,โรคเยื่อบุตาอักเสบ,30-34,ชาย,455
แพร่,โรคเยื่อบุตาอักเสบ,30-34,หญิง,540
แพร่,โรคเยื่อบุตาอักเสบ,35-39,ชาย,593
แพร่,โรคเยื่อบุตาอักเสบ,35-39,หญิง,522
แพร่,โรคเยื่อบุตาอักเสบ,40-44,ชาย,720
แพร่,โรคเยื่อบุตาอักเสบ,40-44,หญิง,725
แพร่,โรคเยื่อบุตาอักเสบ,45-49,ชาย,792
แพร่,โรคเยื่อบุตาอักเสบ,45-49,หญิง,1121
แพร่,โรคเยื่อบุตาอักเสบ,5-9,ชาย,600
แพร่,โรคเยื่อบุตาอักเสบ,5-9,หญิง,434
แพร่,โรคเยื่อบุตาอักเสบ,50-54,ชาย,1004
แพร่,โรคเยื่อบุตาอักเสบ,50-54,หญิง,1503
แพร่,โรคเยื่อบุตาอักเสบ,50-54,ไม่ระบุ,1
แพร่,โรคเยื่อบุตาอักเสบ,55-59,ชาย,1311
แพร่,โรคเยื่อบุตาอักเสบ,55-59,หญิง,2125
แพร่,โรคเยื่อบุตาอักเสบ,60-64,ชาย,1420
แพร่,โรคเยื่อบุตาอักเสบ,60-64,หญิง,1997
แพร่,โรคเยื่อบุตาอักเสบ,65-69,ชาย,1404
แพร่,โรคเยื่อบุตาอักเสบ,65-69,หญิง,1726
แพร่,โรคเยื่อบุตาอักเสบ,70-74,ชาย,980
แพร่,โรคเยื่อบุตาอักเสบ,70-74,หญิง,1150
แพร่,โรคเยื่อบุตาอักเสบ,75-79,ชาย,601
แพร่,โรคเยื่อบุตาอักเสบ,75-79,หญิง,632
แพร่,โรคเยื่อบุตาอักเสบ,80+,ชาย,508
แพร่,โรคเยื่อบุตาอักเสบ,80+,หญิง,621
แพร่,โรคเยื่อบุตาอักเสบ,ไม่ทราบ,หญิง,3
แพร่,โรคเยื่อบุตาอักเสบ,ไม่ทราบ,ไม่ระบุ,263
แม่ฮ่องสอน,โรคติดเชื้อทางเดินหายใจส่วนบนเฉียบพลัน,0-4,ชาย,46790
แม่ฮ่องสอน,โรคติดเชื้อทางเดินหายใจส่วนบนเฉียบพลัน,0-4,หญิง,43436
แม่ฮ่องสอน,โรคติดเชื้อทางเดินหายใจส่วนบนเฉียบพลัน,10-14,ชาย,14418
แม่ฮ่องสอน,โรคติดเชื้อทางเดินหายใจส่วนบนเฉียบพลัน,10-14,หญิง,12982
แม่ฮ่องสอน,โรคติดเชื้อทางเดินหายใจส่วนบนเฉียบพลัน,15-19,ชาย,7654
แม่ฮ่องสอน,โรคติดเชื้อทางเดินหายใจส่วนบนเฉียบพลัน,15-19,หญิง,9070
แม่ฮ่องสอน,โรคติดเชื้อทางเดินหายใจส่วนบนเฉียบพลัน,20-24,ชาย,5501
แม่ฮ่องสอน,โรคติดเชื้อทางเดินหายใจส่วนบนเฉียบพลัน,20-24,หญิง,7514
แม่ฮ่องสอน,โรคติดเชื้อทางเดินหายใจส่วนบนเฉียบพลัน,25-29,ชาย,6066
แม่ฮ่องสอน,โรคติดเชื้อทางเดินหายใจส่วนบนเฉียบพลัน,25-29,หญิง,10290
แม่ฮ่องสอน,โรคติดเชื้อทางเดินหายใจส่วนบนเฉียบพลัน,30-34,ชาย,6253
แม่ฮ่องสอน,โรคติดเชื้อทางเดินหายใจส่วนบนเฉียบพลัน,30-34,หญิง,10767
แม่ฮ่องสอน,โรคติดเชื้อทางเดินหายใจส่วนบนเฉียบพลัน,35-39,ชาย,6307
แม่ฮ่องสอน,โรคติดเชื้อทางเดินหายใจส่วนบนเฉียบพลัน,35-39,หญิง,9729
แม่ฮ่องสอน,โรคติดเชื้อทางเดินหายใจส่วนบนเฉียบพลัน,40-44,ชาย,5656
แม่ฮ่องสอน,โรคติดเชื้อทางเดินหายใจส่วนบนเฉียบพลัน,40-44,หญิง,8424
แม่ฮ่องสอน,โรคติดเชื้อทางเดินหายใจส่วนบนเฉียบพลัน,45-49,ชาย,4977
แม่ฮ่องสอน,โรคติดเชื้อทางเดินหายใจส่วนบนเฉียบพลัน,45-49,หญิง,7792
แม่ฮ่องสอน,โรคติดเชื้อทางเดินหายใจส่วนบนเฉียบพลัน,5-9,ชาย,26249
แม่ฮ่องสอน,โรคติดเชื้อทางเดินหายใจส่วนบนเฉียบพลัน,5-9,หญิง,25269
แม่ฮ่องสอน,โรคติดเชื้อทางเดินหายใจส่วนบนเฉียบพลัน,50-54,ชาย,4740
แม่ฮ่องสอน,โรคติดเชื้อทางเดินหายใจส่วนบนเฉียบพลัน,50-54,หญิง,6998
แม่ฮ่องสอน,โรคติดเชื้อทางเดินหายใจส่วนบนเฉียบพลัน,55-59,ชาย,4928
แม่ฮ่องสอน,โรคติดเชื้อทางเดินหายใจส่วนบนเฉียบพลัน,55-59,หญิง,6714
แม่ฮ่องสอน,โรคติดเชื้อทางเดินหายใจส่วนบนเฉียบพลัน,60-64,ชาย,4198
แม่ฮ่องสอน,โรคติดเชื้อทางเดินหายใจส่วนบนเฉียบพลัน,60-64,หญิง,5530
แม่ฮ่องสอน,โรคติดเชื้อทางเดินหายใจส่วนบนเฉียบพลัน,65-69,ชาย,3383
แม่ฮ่องสอน,โรคติดเชื้อทางเดินหายใจส่วนบนเฉียบพลัน,65-69,หญิง,3861
แม่ฮ่องสอน,โรคติดเชื้อทางเดินหายใจส่วนบนเฉียบพลัน,70-74,ชาย,2534
แม่ฮ่องสอน,โรคติดเชื้อทางเดินหายใจส่วนบนเฉียบพลัน,70-74,หญิง,2616
แม่ฮ่องสอน,โรคติดเชื้อทางเดินหายใจส่วนบนเฉียบพลัน,75-79,ชาย,1560
แม่ฮ่องสอน,โรคติดเชื้อทางเดินหายใจส่วนบนเฉียบพลัน,75-79,หญิง,1573
แม่ฮ่องสอน,โรคติดเชื้อทางเดินหายใจส่วนบนเฉียบพลัน,80+,ชาย,2235
แม่ฮ่องสอน,โรคติดเชื้อทางเดินหายใจส่วนบนเฉียบพลัน,80+,หญิง,2369
แม่ฮ่องสอน,โรคติดเชื้อทางเดินหายใจส่วนบนเฉียบพลัน,ไม่ทราบ,ชาย,16
แม่ฮ่องสอน,โรคติดเชื้อทางเดินหายใจส่วนบนเฉียบพลัน,ไม่ทราบ,หญิง,14
แม่ฮ่องสอน,โรคติดเชื้อทางเดินหายใจส่วนบนเฉียบพลัน,ไม่ทราบ,ไม่ระบุ,14049
แม่ฮ่องสอน,โรคปอดอุดกั้นเรื้อรัง,0-4,ชาย,75
แม่ฮ่องสอน,โรคปอดอุดกั้นเรื้อรัง,0-4,หญิง,53
แม่ฮ่องสอน,โรคปอดอุดกั้นเรื้อรัง,10-14,ชาย,2
แม่ฮ่องสอน,โรคปอดอุดกั้นเรื้อรัง,10-14,หญิง,4
แม่ฮ่องสอน,โรคปอดอุดกั้นเรื้อรัง,15-19,ชาย,2
แม่ฮ่องสอน,โรคปอดอุดกั้นเรื้อรัง,15-19,หญิง,1
แม่ฮ่องสอน,โรคปอดอุดกั้นเรื้อรัง,20-24,ชาย,15
แม่ฮ่องสอน,โรคปอดอุดกั้นเรื้อรัง,20-24,หญิง,5
แม่ฮ่องสอน,โรคปอดอุดกั้นเรื้อรัง,25-29,ชาย,14
แม่ฮ่องสอน,โรคปอดอุดกั้นเรื้อรัง,25-29,หญิง,9
แม่ฮ่องสอน,โรคปอดอุดกั้นเรื้อรัง,30-34,ชาย,9
แม่ฮ่องสอน,โรคปอดอุดกั้นเรื้อรัง,30-34,หญิง,10
แม่ฮ่องสอน,โรคปอดอุดกั้นเรื้อรัง,35-39,ชาย,35
แม่ฮ่องสอน,โรคปอดอุดกั้นเรื้อรัง,35-39,หญิง,18
แม่ฮ่องสอน,โรคปอดอุดกั้นเรื้อรัง,40-44,ชาย,57
แม่ฮ่องสอน,โรคปอดอุดกั้นเรื้อรัง,40-44,หญิง,62
แม่ฮ่องสอน,โรคปอดอุดกั้นเรื้อรัง,45-49,ชาย,323
แม่ฮ่องสอน,โรคปอดอุดกั้นเรื้อรัง,45-49,หญิง,153
แม่ฮ่องสอน,โรคปอดอุดกั้นเรื้อรัง,5-9,ชาย,20
แม่ฮ่องสอน,โรคปอดอุดกั้นเรื้อรัง,5-9,หญิง,13
แม่ฮ่องสอน,โรคปอดอุดกั้นเรื้อรัง,50-54,ชาย,705
แม่ฮ่องสอน,โรคปอดอุดกั้นเรื้อรัง,50-54,หญิง,526
แม่ฮ่องสอน,โรคปอดอุดกั้นเรื้อรัง,55-59,ชาย,1311
แม่ฮ่องสอน,โรคปอดอุดกั้นเรื้อรัง,55-59,หญิง,891
แม่ฮ่องสอน,โรคปอดอุดกั้นเรื้อรัง,60-64,ชาย,2134
แม่ฮ่องสอน,โรคปอดอุดกั้นเรื้อรัง,60-64,หญิง,1383
แม่ฮ่องสอน,โรคปอดอุดกั้นเรื้อรัง,65-69,ชาย,2419
แม่ฮ่องสอน,โรคปอดอุดกั้นเรื้อรัง,65-69,หญิง,1625
แม่ฮ่องสอน,โรคปอดอุดกั้นเรื้อรัง,70-74,ชาย,2444
แม่ฮ่องสอน,โรคปอดอุดกั้นเรื้อรัง,70-74,หญิง,1927
แม่ฮ่องสอน,โรคปอดอุดกั้นเรื้อรัง,75-79,ชาย,1912
แม่ฮ่องสอน,โรคปอดอุดกั้นเรื้อรัง,75-79,หญิง,1545
แม่ฮ่องสอน,โรคปอดอุดกั้นเรื้อรัง,80+,ชาย,3166
แม่ฮ่องสอน,โรคปอดอุดกั้นเรื้อรัง,80+,หญิง,2088
แม่ฮ่องสอน,โรคปอดอุดกั้นเรื้อรัง,ไม่ทราบ,ไม่ระบุ,361
แม่ฮ่องสอน,โรคผิวหนังอักเสบ,0-4,ชาย,1497
แม่ฮ่องสอน,โรคผิวหนังอักเสบ,0-4,หญิง,1448
แม่ฮ่องสอน,โรคผิวหนังอักเสบ,10-14,ชาย,712
แม่ฮ่องสอน,โรคผิวหนังอักเสบ,10-14,หญิง,645
แม่ฮ่องสอน,โรคผิวหนังอักเสบ,15-19,ชาย,386
แม่ฮ่องสอน,โรคผิวหนังอักเสบ,15-19,หญิง,596
แม่ฮ่องสอน,โรคผิวหนังอักเสบ,20-24,ชาย,263
แม่ฮ่องสอน,โรคผิวหนังอักเสบ,20-24,หญิง,356
แม่ฮ่องสอน,โรคผิวหนังอักเสบ,25-29,ชาย,302
แม่ฮ่องสอน,โรคผิวหนังอักเสบ,25-29,หญิง,425
แม่ฮ่องสอน,โรคผิวหนังอักเสบ,30-34,ชาย,243
แม่ฮ่องสอน,โรคผิวหนังอักเสบ,30-34,หญิง,533
แม่ฮ่องสอน,โรคผิวหนังอักเสบ,35-39,ชาย,311
แม่ฮ่องสอน,โรคผิวหนังอักเสบ,35-39,หญิง,445
แม่ฮ่องสอน,โรคผิวหนังอักเสบ,40-44,ชาย,324
แม่ฮ่องสอน,โรคผิวหนังอักเสบ,40-44,หญิง,485
แม่ฮ่องสอน,โรคผิวหนังอักเสบ,45-49,ชาย,309
แม่ฮ่องสอน,โรคผิวหนังอักเสบ,45-49,หญิง,471
แม่ฮ่องสอน,โรคผิวหนังอักเสบ,5-9,ชาย,1065
แม่ฮ่องสอน,โรคผิวหนังอักเสบ,5-9,หญิง,912
แม่ฮ่องสอน,โรคผิวหนังอักเสบ,50-54,ชาย,347
แม่ฮ่องสอน,โรคผิวหนังอักเสบ,50-54,หญิง,503
แม่ฮ่องสอน,โรคผิวหนังอักเสบ,55-59,ชาย,425
แม่ฮ่องสอน,โรคผิวหนังอักเสบ,55-59,หญิง,427
แม่ฮ่องสอน,โรคผิวหนังอักเสบ,60-64,ชาย,390
แม่ฮ่องสอน,โรคผิวหนังอักเสบ,60-64,หญิง,413
แม่ฮ่องสอน,โรคผิวหนังอักเสบ,65-69,ชาย,296
แม่ฮ่องสอน,โรคผิวหนังอักเสบ,65-69,หญิง,300
แม่ฮ่องสอน,โรคผิวหนังอักเสบ,70-74,ชาย,267
แม่ฮ่องสอน,โรคผิวหนังอักเสบ,70-74,หญิง,189
แม่ฮ่องสอน,โรคผิวหนังอักเสบ,75-79,ชาย,191
แม่ฮ่องสอน,โรคผิวหนังอักเสบ,75-79,หญิง,137
แม่ฮ่องสอน,โรคผิวหนังอักเสบ,80+,ชาย,181
แม่ฮ่องสอน,โรคผิวหนังอักเสบ,80+,หญิง,167
แม่ฮ่องสอน,โรคผิวหนังอักเสบ,ไม่ทราบ,ไม่ระบุ,381
แม่ฮ่องสอน,โรคลมพิษ,0-4,ชาย,748
แม่ฮ่องสอน,โรคลมพิษ,0-4,หญิง,629
แม่ฮ่องสอน,โรคลมพิษ,10-14,ชาย,390
แม่ฮ่องสอน,โรคลมพิษ,10-14,หญิง,392
แม่ฮ่องสอน,โรคลมพิษ,15-19,ชาย,313
แม่ฮ่องสอน,โรคลมพิษ,15-19,หญิง,447
แม่ฮ่องสอน,โรคลมพิษ,20-24,ชาย,211
แม่ฮ่องสอน,โรคลมพิษ,20-24,หญิง,331
แม่ฮ่องสอน,โรคลมพิษ,25-29,ชาย,205
แม่ฮ่องสอน,โรคลมพิษ,25-29,หญิง,433
แม่ฮ่องสอน,โรคลมพิษ,30-34,ชาย,205
แม่ฮ่องสอน,โรคลมพิษ,30-34,หญิง,403
แม่ฮ่องสอน,โรคลมพิษ,35-39,ชาย,151
แม่ฮ่องสอน,โรคลมพิษ,35-39,หญิง,390
แม่ฮ่องสอน,โรคลมพิษ,40-44,ชาย,153
แม่ฮ่องสอน,โรคลมพิษ,40-44,หญิง,358
แม่ฮ่องสอน,โรคลมพิษ,45-49,ชาย,147
แม่ฮ่องสอน,โรคลมพิษ,45-49,หญิง,369
แม่ฮ่องสอน,โรคลมพิษ,5-9,ชาย,516
แม่ฮ่องสอน,โรคลมพิษ,5-9,หญิง,465
แม่ฮ่องสอน,โรคลมพิษ,50-54,ชาย,139
แม่ฮ่องสอน,โรคลมพิษ,50-54,หญิง,264
แม่ฮ่องสอน,โรคลมพิษ,55-59,ชาย,149
แม่ฮ่องสอน,โรคลมพิษ,55-59,หญิง,281
แม่ฮ่องสอน,โรคลมพิษ,60-64,ชาย,128
แม่ฮ่องสอน,โรคลมพิษ,60-64,หญิง,217
แม่ฮ่องสอน,โรคลมพิษ,65-69,ชาย,92
แม่ฮ่องสอน,โรคลมพิษ,65-69,หญิง,144
แม่ฮ่องสอน,โรคลมพิษ,70-74,ชาย,78
แม่ฮ่องสอน,โรคลมพิษ,70-74,หญิง,87
แม่ฮ่องสอน,โรคลมพิษ,75-79,ชาย,50
แม่ฮ่องสอน,โรคลมพิษ,75-79,หญิง,53
แม่ฮ่องสอน,โรคลมพิษ,80+,ชาย,61
แม่ฮ่องสอน,โรคลมพิษ,80+,หญิง,64
แม่ฮ่องสอน,โรคลมพิษ,ไม่ทราบ,หญิง,1
แม่ฮ่องสอน,โรคลมพิษ,ไม่ทราบ,ไม่ระบุ,225
แม่ฮ่องสอน,โรคหอบหืด,0-4,ชาย,2323
แม่ฮ่องสอน,โรคหอบหืด,0-4,หญิง,1346
แม่ฮ่องสอน,โรคหอบหืด,10-14,ชาย,1040
แม่ฮ่องสอน,โรคหอบหืด,10-14,หญิง,610
แม่ฮ่องสอน,โรคหอบหืด,15-19,ชาย,173
แม่ฮ่องสอน,โรคหอบหืด,15-19,หญิง,149
แม่ฮ่องสอน,โรคหอบหืด,20-24,ชาย,153
แม่ฮ่องสอน,โรคหอบหืด,20-24,หญิง,209
แม่ฮ่องสอน,โรคหอบหืด,25-29,ชาย,240
แม่ฮ่องสอน,โรคหอบหืด,25-29,หญิง,421
แม่ฮ่องสอน,โรคหอบหืด,30-34,ชาย,253
แม่ฮ่องสอน,โรคหอบหืด,30-34,หญิง,673
แม่ฮ่องสอน,โรคหอบหืด,35-39,ชาย,269
แม่ฮ่องสอน,โรคหอบหืด,35-39,หญิง,667
แม่ฮ่องสอน,โรคหอบหืด,40-44,ชาย,563
แม่ฮ่องสอน,โรคหอบหืด,40-44,หญิง,1070
แม่ฮ่องสอน,โรคหอบหืด,45-49,ชาย,502
แม่ฮ่องสอน,โรคหอบหืด,45-49,หญิง,1376
แม่ฮ่องสอน,โรคหอบหืด,5-9,ชาย,2488
แม่ฮ่องสอน,โรคหอบหืด,5-9,หญิง,1680
แม่ฮ่องสอน,โรคหอบหืด,50-54,ชาย,439
แม่ฮ่องสอน,โรคหอบหืด,50-54,หญิง,1310
แม่ฮ่องสอน,โรคหอบหืด,55-59,ชาย,735
แม่ฮ่องสอน,โรคหอบหืด,55-59,หญิง,1251
แม่ฮ่องสอน,โรคหอบหืด,60-64,ชาย,650
แม่ฮ่องสอน,โรคหอบหืด,60-64,หญิง,915
แม่ฮ่องสอน,โรคหอบหืด,65-69,ชาย,505
แม่ฮ่องสอน,โรคหอบหืด,65-69,หญิง,782
แม่ฮ่องสอน,โรคหอบหืด,70-74,ชาย,315
แม่ฮ่องสอน,โรคหอบหืด,70-74,หญิง,478
แม่ฮ่องสอน,โรคหอบหืด,75-79,ชาย,214
แม่ฮ่องสอน,โรคหอบหืด,75-79,หญิง,319
แม่ฮ่องสอน,โรคหอบหืด,80+,ชาย,365
แม่ฮ่องสอน,โรคหอบหืด,80+,หญิง,567
แม่ฮ่องสอน,โรคหอบหืด,ไม่ทราบ,ไม่ระบุ,413
แม่ฮ่องสอน,โรคเยื่อจมูกอักเสบจากภูมิแพ้,0-4,ชาย,613
แม่ฮ่องสอน,โรคเยื่อจมูกอักเสบจากภูมิแพ้,0-4,หญิง,526
แม่ฮ่องสอน,โรคเยื่อจมูกอักเสบจากภูมิแพ้,10-14,ชาย,966
แม่ฮ่องสอน,โรคเยื่อจมูกอักเสบจากภูมิแพ้,10-14,หญิง,824
แม่ฮ่องสอน,โรคเยื่อจมูกอักเสบจากภูมิแพ้,15-19,ชาย,310
แม่ฮ่องสอน,โรคเยื่อจมูกอักเสบจากภูมิแพ้,15-19,หญิง,617
แม่ฮ่องสอน,โรคเยื่อจมูกอักเสบจากภูมิแพ้,20-24,ชาย,278
แม่ฮ่องสอน,โรคเยื่อจมูกอักเสบจากภูมิแพ้,20-24,หญิง,460
แม่ฮ่องสอน,โรคเยื่อจมูกอักเสบจากภูมิแพ้,25-29,ชาย,284
แม่ฮ่องสอน,โรคเยื่อจมูกอักเสบจากภูมิแพ้,25-29,หญิง,842
แม่ฮ่องสอน,โรคเยื่อจมูกอักเสบจากภูมิแพ้,30-34,ชาย,293
แม่ฮ่องสอน,โรคเยื่อจมูกอักเสบจากภูมิแพ้,30-34,หญิง,993
แม่ฮ่องสอน,โรคเยื่อจมูกอักเสบจากภูมิแพ้,35-39,ชาย,286
แม่ฮ่องสอน,โรคเยื่อจมูกอักเสบจากภูมิแพ้,35-39,หญิง,1049
แม่ฮ่องสอน,โรคเยื่อจมูกอักเสบจากภูมิแพ้,40-44,ชาย,278
แม่ฮ่องสอน,โรคเยื่อจมูกอักเสบจากภูมิแพ้,40-44,หญิง,804
แม่ฮ่องสอน,โรคเยื่อจมูกอักเสบจากภูมิแพ้,45-49,ชาย,195
แม่ฮ่องสอน,โรคเยื่อจมูกอักเสบจากภูมิแพ้,45-49,หญิง,689
แม่ฮ่องสอน,โรคเยื่อจมูกอักเสบจากภูมิแพ้,5-9,ชาย,1405
แม่ฮ่องสอน,โรคเยื่อจมูกอักเสบจากภูมิแพ้,5-9,หญิง,867
แม่ฮ่องสอน,โรคเยื่อจมูกอักเสบจากภูมิแพ้,50-54,ชาย,232
แม่ฮ่องสอน,โรคเยื่อจมูกอักเสบจากภูมิแพ้,50-54,หญิง,537
แม่ฮ่องสอน,โรคเยื่อจมูกอักเสบจากภูมิแพ้,55-59,ชาย,226
แม่ฮ่องสอน,โรคเยื่อจมูกอักเสบจากภูมิแพ้,55-59,หญิง,427
แม่ฮ่องสอน,โรคเยื่อจมูกอักเสบจากภูมิแพ้,60-64,ชาย,180
แม่ฮ่องสอน,โรคเยื่อจมูกอักเสบจากภูมิแพ้,60-64,หญิง,208
แม่ฮ่องสอน,โรคเยื่อจมูกอักเสบจากภูมิแพ้,65-69,ชาย,137
แม่ฮ่องสอน,โรคเยื่อจมูกอักเสบจากภูมิแพ้,65-69,หญิง,157
แม่ฮ่องสอน,โรคเยื่อจมูกอักเสบจากภูมิแพ้,70-74,ชาย,79
แม่ฮ่องสอน,โรคเยื่อจมูกอักเสบจากภูมิแพ้,70-74,หญิง,160
แม่ฮ่องสอน,โรคเยื่อจมูกอักเสบจากภูมิแพ้,75-79,ชาย,69
แม่ฮ่องสอน,โรคเยื่อจมูกอักเสบจากภูมิแพ้,75-79,หญิง,52
แม่ฮ่องสอน,โรคเยื่อจมูกอักเสบจากภูมิแพ้,80+,ชาย,43
แม่ฮ่องสอน,โรคเยื่อจมูกอักเสบจากภูมิแพ้,80+,หญิง,108
แม่ฮ่องสอน,โรคเยื่อจมูกอักเสบจากภูมิแพ้,ไม่ทราบ,ไม่ระบุ,177
แม่ฮ่องสอน,โรคเยื่อบุตาอักเสบ,0-4,ชาย,656
แม่ฮ่องสอน,โรคเยื่อบุตาอักเสบ,0-4,หญิง,604
แม่ฮ่องสอน,โรคเยื่อบุตาอักเสบ,10-14,ชาย,470
แม่ฮ่องสอน,โรคเยื่อบุตาอักเสบ,10-14,หญิง,456
แม่ฮ่องสอน,โรคเยื่อบุตาอักเสบ,15-19,ชาย,424
แม่ฮ่องสอน,โรคเยื่อบุตาอักเสบ,15-19,หญิง,507
แม่ฮ่องสอน,โรคเยื่อบุตาอักเสบ,20-24,ชาย,378
แม่ฮ่องสอน,โรคเยื่อบุตาอักเสบ,20-24,หญิง,367
แม่ฮ่องสอน,โรคเยื่อบุตาอักเสบ,25-29,ชาย,463
แม่ฮ่องสอน,โรคเยื่อบุตาอักเสบ,25-29,หญิง,457
แม่ฮ่องสอน,โรคเยื่อบุตาอักเสบ,30-34,ชาย,526
แม่ฮ่องสอน,โรคเยื่อบุตาอักเสบ,30-34,หญิง,629
แม่ฮ่องสอน,โรคเยื่อบุตาอักเสบ,35-39,ชาย,622
แม่ฮ่องสอน,โรคเยื่อบุตาอักเสบ,35-39,หญิง,595
แม่ฮ่องสอน,โรคเยื่อบุตาอักเสบ,40-44,ชาย,606
แม่ฮ่องสอน,โรคเยื่อบุตาอักเสบ,40-44,หญิง,617
แม่ฮ่องสอน,โรคเยื่อบุตาอักเสบ,45-49,ชาย,538
แม่ฮ่องสอน,โรคเยื่อบุตาอักเสบ,45-49,หญิง,670
แม่ฮ่องสอน,โรคเยื่อบุตาอักเสบ,5-9,ชาย,542
แม่ฮ่องสอน,โรคเยื่อบุตาอักเสบ,5-9,หญิง,363
แม่ฮ่องสอน,โรคเยื่อบุตาอักเสบ,50-54,ชาย,539
แม่ฮ่องสอน,โรคเยื่อบุตาอักเสบ,50-54,หญิง,653
แม่ฮ่องสอน,โรคเยื่อบุตาอักเสบ,55-59,ชาย,565
แม่ฮ่องสอน,โรคเยื่อบุตาอักเสบ,55-59,หญิง,644
แม่ฮ่องสอน,โรคเยื่อบุตาอักเสบ,60-64,ชาย,488
แม่ฮ่องสอน,โรคเยื่อบุตาอักเสบ,60-64,หญิง,542
แม่ฮ่องสอน,โรคเยื่อบุตาอักเสบ,65-69,ชาย,352
แม่ฮ่องสอน,โรคเยื่อบุตาอักเสบ,65-69,หญิง,502
แม่ฮ่องสอน,โรคเยื่อบุตาอักเสบ,70-74,ชาย,294
แม่ฮ่องสอน,โรคเยื่อบุตาอักเสบ,70-74,หญิง,317
แม่ฮ่องสอน,โรคเยื่อบุตาอักเสบ,75-79,ชาย,147
แม่ฮ่องสอน,โรคเยื่อบุตาอักเสบ,75-79,หญิง,182
แม่ฮ่องสอน,โรคเยื่อบุตาอักเสบ,80+,ชาย,243
แม่ฮ่องสอน,โรคเยื่อบุตาอักเสบ,80+,หญิง,308
แม่ฮ่องสอน,โรคเยื่อบุตาอักเสบ,ไม่ทราบ,ไม่ระบุ,755
